experiment,file,date,position,wind_setpoint,split,source_sha256,source_rows,dropped_invalid_sensor_rows,first_mfc_on_s_audit_only,first_mfc_off_s_audit_only,calibration_seconds,valid_background_seconds,valid_monitor_seconds,pre_release_trigger,pre_release_events,pre_release_seeded_events,during_release_detected,within_60s,first_observed_s,observed_delay_s
position,WTD_upload/Methane_1000/L1/201102151141_board_setPoint_500V_fan_setPoint_000_mfc_setPoint_Methane_1000ppm_p1,20110215,L1,000,train,a974c0b6c601e267442c44d5f82c42c4c6dfe07661a1a882b4fda2139244e96c,15902,0,20.23,200.21,10,5,169,0,0,0,1,1,23,3
position,WTD_upload/Methane_1000/L1/201102151213_board_setPoint_500V_fan_setPoint_060_mfc_setPoint_Methane_1000ppm_p1,20110215,L1,060,train,c36a771ad6f1ebd367c78d5572dd6210a8b48b309c8e00d8c84f4f2421bf0a4b,21913,0,20.141,200.23,8,4,180,0,0,0,1,1,26,6
position,WTD_upload/Methane_1000/L1/201102151244_board_setPoint_500V_fan_setPoint_100_mfc_setPoint_Methane_1000ppm_p1,20110215,L1,100,train,bb7a842137d93c2faf282ba46f585f55425fdc06785ce921657dc0aef078ccd1,12938,0,20.19,200.171,10,5,175,0,0,0,1,1,24,4
position,WTD_upload/Methane_1000/L1/201102151316_board_setPoint_500V_fan_setPoint_000_mfc_setPoint_Methane_1000ppm_p1,20110215,L1,000,train,6647dff6d34bd05d52b44775aa337e106782c59196ab7a0fcda38de5db2087dc,12404,0,20.23,200.2,6,2,57,0,0,0,1,1,73,53
position,WTD_upload/Methane_1000/L1/201102151348_board_setPoint_500V_fan_setPoint_060_mfc_setPoint_Methane_1000ppm_p1,20110215,L1,060,train,9082089fe1320592f5c02b74439cb7b17d7bb65a942486146947453796e72791,12973,0,20.213,200.217,8,3,130,0,0,0,1,1,26,6
position,WTD_upload/Methane_1000/L1/201102151419_board_setPoint_500V_fan_setPoint_100_mfc_setPoint_Methane_1000ppm_p1,20110215,L1,100,train,db33875bc4ba819d8b6984ca3889eecd07cf39d131f80743e66d9e7d69a59535,14886,0,20.23,200.2,10,5,170,0,0,0,1,1,23,3
position,WTD_upload/Methane_1000/L1/201102151451_board_setPoint_500V_fan_setPoint_000_mfc_setPoint_Methane_1000ppm_p1,20110215,L1,000,train,d62f87551db194d4f3d233c6e868edf7705549fc554eb2d9501990d635e2fbd2,13701,0,20.14,200.23,9,3,181,1,1,0,1,1,32,12
position,WTD_upload/Methane_1000/L1/201102151523_board_setPoint_500V_fan_setPoint_060_mfc_setPoint_Methane_1000ppm_p1,20110215,L1,060,train,5d030a04e21e89880c1aa1d8fbed89cc9bfb2eba9ce63031d33cf86d858f2e6b,12738,0,20.14,200.69,4,3,128,0,0,0,1,1,34,14
position,WTD_upload/Methane_1000/L1/201102151554_board_setPoint_500V_fan_setPoint_100_mfc_setPoint_Methane_1000ppm_p1,20110215,L1,100,train,8e045455f181d9c4523fcced5f2a618a09b5e8028aec4598173c2f5c9a944c93,23725,0,20.19,200.16,10,5,185,0,0,0,1,1,24,4
position,WTD_upload/Methane_1000/L1/201102151626_board_setPoint_500V_fan_setPoint_000_mfc_setPoint_Methane_1000ppm_p1,20110215,L1,000,train,1d2b2e15eda1da2105116b6ffb3e6700103c1021ff45f40ecf527e430029dcca,13642,0,20.14,200.24,6,4,163,0,0,0,1,1,32,12
position,WTD_upload/Methane_1000/L1/201102151658_board_setPoint_500V_fan_setPoint_060_mfc_setPoint_Methane_1000ppm_p1,20110215,L1,060,train,6e8085121f82c06ec383945757f770fd1af830cc2cb421037ba754ce41a6577c,13062,0,20.18,200.151,10,4,139,0,0,0,1,1,27,7
position,WTD_upload/Methane_1000/L1/201102151729_board_setPoint_500V_fan_setPoint_100_mfc_setPoint_Methane_1000ppm_p1,20110215,L1,100,train,ac39b2d56d9cd270b266b513ef41d776fc3939f295c655f1519db12fa2c44a33,19370,0,20.58,200.19,10,5,173,1,1,0,1,0,117,97
position,WTD_upload/Methane_1000/L1/201102151801_board_setPoint_500V_fan_setPoint_000_mfc_setPoint_Methane_1000ppm_p1,20110215,L1,000,train,9a99de252b07d80516cb746ccc60b82f6bd9a9ff32a2178e8c8285a7a69635a2,13425,0,20.16,200.24,8,5,169,0,0,0,1,1,28,8
position,WTD_upload/Methane_1000/L1/201102151833_board_setPoint_500V_fan_setPoint_060_mfc_setPoint_Methane_1000ppm_p1,20110215,L1,060,train,a71f737dc4259ac807895064fb1f6e16aa5f9429122695ee4406b68dce45879e,25154,0,20.21,200.174,10,5,185,0,0,0,1,1,34,14
position,WTD_upload/Methane_1000/L1/201102151904_board_setPoint_500V_fan_setPoint_100_mfc_setPoint_Methane_1000ppm_p1,20110215,L1,100,train,2ce41f8d4555b18e9a759380e3aaddc5160dde9ec5489ab5b6187ac66ca8058c,15429,0,20.181,200.161,8,5,172,1,1,0,1,1,64,44
position,WTD_upload/Methane_1000/L1/201102151936_board_setPoint_500V_fan_setPoint_000_mfc_setPoint_Methane_1000ppm_p1,20110215,L1,000,train,96758f7b5b354fb1e572d134f10d52c01adb2115197039453319b376022acdcb,12744,0,20.23,200.21,6,3,163,0,0,0,1,1,23,3
position,WTD_upload/Methane_1000/L1/201102152008_board_setPoint_500V_fan_setPoint_060_mfc_setPoint_Methane_1000ppm_p1,20110215,L1,060,train,c0224ad2ff1bf93730edf0c3d1e119d9064b86a4cd1a6defcf62ee39ffdf5de7,13230,0,20.2,200.16,4,5,164,0,0,0,1,1,25,5
position,WTD_upload/Methane_1000/L1/201102152039_board_setPoint_500V_fan_setPoint_100_mfc_setPoint_Methane_1000ppm_p1,20110215,L1,100,train,d896bede7cb1c00f321715e0d017273845aa8a70a9148923616fa442bce289f6,13159,0,20.16,200.25,10,5,182,0,0,1,1,1,64,44
position,WTD_upload/Methane_1000/L1/201102152111_board_setPoint_500V_fan_setPoint_000_mfc_setPoint_Methane_1000ppm_p1,20110215,L1,000,train,5f7d566b97be5e34893a258b935d8c9bc671994be9a0d076ce89643b3110053c,12185,0,20.2,200.17,8,5,113,0,0,0,1,1,33,13
position,WTD_upload/Methane_1000/L1/201102152143_board_setPoint_500V_fan_setPoint_060_mfc_setPoint_Methane_1000ppm_p1,20110215,L1,060,train,3694a36480f6648c5720cb84a0b12cdc30473ad541c739d396469ecba85cfd4c,14601,0,20.24,200.2,10,4,167,0,0,0,1,1,24,4
position,WTD_upload/Methane_1000/L1/201102152214_board_setPoint_500V_fan_setPoint_100_mfc_setPoint_Methane_1000ppm_p1,20110215,L1,100,train,2310bbc0292b8c865a3cae94f24cc673d43f4b54fb5fb00c8799cbb5c70c6ece,23027,0,20.192,200.148,10,5,182,0,0,1,1,1,38,18
position,WTD_upload/Methane_1000/L1/201102152246_board_setPoint_500V_fan_setPoint_000_mfc_setPoint_Methane_1000ppm_p1,20110215,L1,000,train,fba1660720fc6b26a23afa4ecfadc11fbacde5fff8b7641a6a47180f3375f881,13763,0,20.24,200.211,9,5,182,0,0,0,1,1,35,15
position,WTD_upload/Methane_1000/L1/201102152318_board_setPoint_500V_fan_setPoint_060_mfc_setPoint_Methane_1000ppm_p1,20110215,L1,060,train,107de90bda30edffb85580aa29ea0149c5d7b31aa5a6b6de2c557e823bf212cd,24769,0,20.234,200.21,10,5,183,0,0,0,1,1,23,3
position,WTD_upload/Methane_1000/L1/201102152350_board_setPoint_500V_fan_setPoint_100_mfc_setPoint_Methane_1000ppm_p1,20110215,L1,100,train,bb0dab8cab77058b16bc7917441c513b3ebe1650b62c63557dd1d5df0e3448f8,16161,0,20.17,200.13,6,3,150,0,0,1,1,1,30,10
position,WTD_upload/Methane_1000/L1/201102160021_board_setPoint_500V_fan_setPoint_000_mfc_setPoint_Methane_1000ppm_p1,20110216,L1,000,train,245ab04eba6db9b01f4a65586138b3df73890cbad58ee3602683c7a2a3d876b4,12749,0,20.21,200.181,9,5,135,0,0,0,1,1,32,12
position,WTD_upload/Methane_1000/L1/201102160053_board_setPoint_500V_fan_setPoint_060_mfc_setPoint_Methane_1000ppm_p1,20110216,L1,060,train,bf5cbe84ebe4173a00072288af482a784ef6344c9ffffc08f494295b1a3aa765,14071,0,20.13,200.23,10,5,139,0,0,0,1,1,25,5
position,WTD_upload/Methane_1000/L1/201102160125_board_setPoint_500V_fan_setPoint_100_mfc_setPoint_Methane_1000ppm_p1,20110216,L1,100,train,5ed69bae8b40d3de4b290b83f6d9bb003e133f611a7d707565987a006e9d2ef7,12775,0,20.19,200.17,6,4,124,1,1,0,1,1,24,4
position,WTD_upload/Methane_1000/L1/201102160156_board_setPoint_500V_fan_setPoint_000_mfc_setPoint_Methane_1000ppm_p1,20110216,L1,000,train,6c379840807db158db2d30717c5040937b097962e3b145442e17b0ca599cd0e3,12384,0,20.19,200.17,10,3,141,0,0,0,1,1,26,6
position,WTD_upload/Methane_1000/L1/201102160228_board_setPoint_500V_fan_setPoint_060_mfc_setPoint_Methane_1000ppm_p1,20110216,L1,060,train,5c1f39c2b180b37e6840ed2d6e185c31066662f47809a6f84dda7f3d397ea4b6,22621,0,20.21,200.17,10,5,184,0,0,0,1,1,33,13
position,WTD_upload/Methane_1000/L1/201102160300_board_setPoint_500V_fan_setPoint_100_mfc_setPoint_Methane_1000ppm_p1,20110216,L1,100,train,9450b95a3211335a8219d9cfc0045e2e43c6bec6a6224092aa228444f1d55b0a,14492,0,20.14,200.25,8,5,164,0,0,1,1,1,30,10
position,WTD_upload/Methane_1000/L1/201102160331_board_setPoint_500V_fan_setPoint_000_mfc_setPoint_Methane_1000ppm_p1,20110216,L1,000,train,170a1fa33f1962e6ffbb83366583d548fb23c4ac98841566d7a613afa28ffc67,19929,0,20.191,200.17,9,5,176,0,0,1,1,1,76,56
position,WTD_upload/Methane_1000/L1/201102160403_board_setPoint_500V_fan_setPoint_060_mfc_setPoint_Methane_1000ppm_p1,20110216,L1,060,train,a507fbe1b99fdc8ebc808ce54d8e09d1c30d2fde9fa6d3d150c304ca7fb0b5bc,13860,0,20.14,200.24,10,3,173,0,0,0,1,1,27,7
position,WTD_upload/Methane_1000/L1/201102160435_board_setPoint_500V_fan_setPoint_100_mfc_setPoint_Methane_1000ppm_p1,20110216,L1,100,train,f2ade93b83aab2d0b4e151454dea2224d9ac7bbf13a146cc9bcd34b82ef40b3e,14869,0,20.44,200.21,10,3,173,0,0,0,1,1,25,5
position,WTD_upload/Methane_1000/L1/201102160506_board_setPoint_500V_fan_setPoint_000_mfc_setPoint_Methane_1000ppm_p1,20110216,L1,000,train,9096794db8bc287d66db8ac699ba18ed40d251ac5b49bd293ece68338f92ea36,15530,0,20.21,200.17,9,5,170,0,0,0,1,1,27,7
position,WTD_upload/Methane_1000/L1/201102160538_board_setPoint_500V_fan_setPoint_060_mfc_setPoint_Methane_1000ppm_p1,20110216,L1,060,train,2f86fbecabbf9084862526d8f62015c408bc46e8f7ae24c3ffe1ef95c9c2a705,19236,0,20.154,200.116,10,5,174,0,0,1,1,1,32,12
position,WTD_upload/Methane_1000/L1/201102160610_board_setPoint_500V_fan_setPoint_100_mfc_setPoint_Methane_1000ppm_p1,20110216,L1,100,train,3479596c6a8880597eda23682778b53116099ee5f5e7e227ffdb43e307c263c8,25219,0,20.24,200.2,10,5,182,1,1,0,1,1,71,51
position,WTD_upload/Methane_1000/L1/201102160641_board_setPoint_500V_fan_setPoint_000_mfc_setPoint_Methane_1000ppm_p1,20110216,L1,000,train,48959b084d29a9b1a499a5188baf7cf1209a8ed2f16a9ce96bc382b2dc14e746,13278,0,20.62,200.18,9,5,155,0,0,0,1,1,32,12
position,WTD_upload/Methane_1000/L1/201102160713_board_setPoint_500V_fan_setPoint_060_mfc_setPoint_Methane_1000ppm_p1,20110216,L1,060,train,779edb1cbe145e95bcffac5a8f54de2cf9ad752ce2e373c2fa125f50d286f5cf,13008,0,20.163,200.31,6,5,159,0,0,0,1,1,30,10
position,WTD_upload/Methane_1000/L1/201102160745_board_setPoint_500V_fan_setPoint_100_mfc_setPoint_Methane_1000ppm_p1,20110216,L1,100,train,499413f75b692bc16a9cabcbb9022477b77df8d0a54bb46bd00b0044e7852044,16117,0,20.14,200.22,10,5,176,0,0,0,1,1,25,5
position,WTD_upload/Methane_1000/L1/201102160816_board_setPoint_500V_fan_setPoint_000_mfc_setPoint_Methane_1000ppm_p1,20110216,L1,000,train,a1b92a4b1ea4709ebbed1b4166f74d05882ba8c34750b583f3728d47a281b444,22308,0,20.229,200.197,10,5,176,0,0,0,1,1,23,3
position,WTD_upload/Methane_1000/L1/201102160848_board_setPoint_500V_fan_setPoint_060_mfc_setPoint_Methane_1000ppm_p1,20110216,L1,060,train,ca72fb58d9d2268979740561f837cfc19660591ca3d892468a93505716651c4b,20432,0,20.576,200.158,10,4,178,0,0,0,1,1,24,4
position,WTD_upload/Methane_1000/L1/201102160920_board_setPoint_500V_fan_setPoint_100_mfc_setPoint_Methane_1000ppm_p1,20110216,L1,100,train,f5a9d9847612f2abd1d038a30cc696fc29702741953c61ffbcc8feda7b14c85b,21644,0,20.18,200.15,10,5,166,0,0,0,1,1,26,6
position,WTD_upload/Methane_1000/L1/201102160951_board_setPoint_500V_fan_setPoint_000_mfc_setPoint_Methane_1000ppm_p1,20110216,L1,000,train,68837022e47d66c6ae2c3c636af66c72ac3bb2357b9dafcce8dfa732aa8fb031,12862,0,20.18,200.16,9,5,178,1,1,0,1,1,48,28
position,WTD_upload/Methane_1000/L1/201102161023_board_setPoint_500V_fan_setPoint_060_mfc_setPoint_Methane_1000ppm_p1,20110216,L1,060,train,7050a89d302eab2e6629cb3ecad6b4635a0fb1bb45919f45b52641d743fd97fe,13366,0,20.15,200.235,6,4,121,0,0,0,1,1,33,13
position,WTD_upload/Methane_1000/L1/201102161055_board_setPoint_500V_fan_setPoint_100_mfc_setPoint_Methane_1000ppm_p1,20110216,L1,100,train,5efaff4bc8eced5067a6b33071355ecc08bb7ca598dec45d68803ac653b2ee9b,19095,0,20.137,200.224,9,5,171,0,0,1,1,1,35,15
position,WTD_upload/Methane_1000/L1/201102161126_board_setPoint_500V_fan_setPoint_000_mfc_setPoint_Methane_1000ppm_p1,20110216,L1,000,train,742c26547d73f44bbc550b9ad9a343db03cb685e74ca8aa05402a0228d45291e,15207,0,20.22,200.2,10,5,184,1,1,0,1,0,100,80
position,WTD_upload/Methane_1000/L1/201102161158_board_setPoint_500V_fan_setPoint_060_mfc_setPoint_Methane_1000ppm_p1,20110216,L1,060,train,82cf36540f17c83b656a65ba064e5b4b35c5ce6c7538a0867ab63bf6dd4749eb,12179,0,20.19,200.16,10,5,142,0,0,1,1,1,31,11
position,WTD_upload/Methane_1000/L1/201102161230_board_setPoint_500V_fan_setPoint_100_mfc_setPoint_Methane_1000ppm_p1,20110216,L1,100,train,6863b8884f0a15b9db260efc7490f14d34dae940711e52d02f6b07d1431d4c45,24758,0,20.225,200.2,9,5,184,0,0,0,1,1,24,4
position,WTD_upload/Methane_1000/L1/201102161301_board_setPoint_500V_fan_setPoint_000_mfc_setPoint_Methane_1000ppm_p1,20110216,L1,000,train,976e337655fc7144bbdb1e995459fa05fc2ba3c072b909cd71972b7257a985f5,20997,0,20.15,200.24,9,5,184,0,0,0,1,1,26,6
position,WTD_upload/Methane_1000/L1/201102161333_board_setPoint_500V_fan_setPoint_060_mfc_setPoint_Methane_1000ppm_p1,20110216,L1,060,train,5de1b3147a91a809081baf33fa9189e5d69c21ccd80f3dafbd3bc93b75872362,12881,0,20.24,200.201,8,5,167,0,0,0,1,1,24,4
position,WTD_upload/Methane_1000/L1/201102161405_board_setPoint_500V_fan_setPoint_100_mfc_setPoint_Methane_1000ppm_p1,20110216,L1,100,train,3d459645ebbc13d32d54ec4c0439af2c283bbe0e540443007bf2e6f3351ea3b5,15196,0,20.18,200.13,10,5,178,0,0,0,1,1,24,4
position,WTD_upload/Methane_1000/L1/201102161437_board_setPoint_500V_fan_setPoint_000_mfc_setPoint_Methane_1000ppm_p1,20110216,L1,000,train,8471ce92007920931b0426e0bf88a62187e4a2dcde5982ffbec023af57121b60,13036,0,20.22,200.202,5,5,169,0,0,0,1,1,31,11
position,WTD_upload/Methane_1000/L1/201102161508_board_setPoint_500V_fan_setPoint_060_mfc_setPoint_Methane_1000ppm_p1,20110216,L1,060,train,0edade6bc62dc20daeb2a18d083ca18e9b109ff4103feb61f5b706f24f5dab97,13625,0,20.15,200.234,10,5,160,0,0,1,1,1,32,12
position,WTD_upload/Methane_1000/L1/201102161540_board_setPoint_500V_fan_setPoint_100_mfc_setPoint_Methane_1000ppm_p1,20110216,L1,100,train,119eb41d717723aa986290ea9f2e6bc46034b3602ea791d8d45a2167b1052eae,22202,0,20.217,200.172,10,5,177,0,0,1,1,0,114,94
position,WTD_upload/Methane_1000/L1/201102161612_board_setPoint_500V_fan_setPoint_000_mfc_setPoint_Methane_1000ppm_p1,20110216,L1,000,train,b003501081fdab8a7a51b291db2b817500efebf6eb387c9f998b5659aa53989a,15827,0,20.13,200.22,10,5,152,0,0,0,1,1,23,3
position,WTD_upload/Methane_1000/L1/201102161643_board_setPoint_500V_fan_setPoint_060_mfc_setPoint_Methane_1000ppm_p1,20110216,L1,060,train,0e838ea7cd3ed7278025534748c4feb5478d2ca327dfac28e0227e5aada336d9,15844,0,20.17,200.144,10,5,182,0,0,0,1,1,35,15
position,WTD_upload/Methane_1000/L1/201102161715_board_setPoint_500V_fan_setPoint_100_mfc_setPoint_Methane_1000ppm_p1,20110216,L1,100,train,439d7118107aeec9612a773e1959d752c7e94542f17198c0acc6638e85b2633e,14547,0,20.13,200.22,9,4,170,0,0,1,1,1,61,41
position,WTD_upload/Methane_1000/L1/201102161747_board_setPoint_500V_fan_setPoint_000_mfc_setPoint_Methane_1000ppm_p1,20110216,L1,000,train,72d66d4365ea2635e430e9b2fc0c88e05d0b0bcee8e2fd6d5fd9b19dc3f0aa74,24895,0,20.19,200.167,10,5,184,0,0,0,1,1,24,4
position,WTD_upload/Methane_1000/L1/201102161818_board_setPoint_500V_fan_setPoint_060_mfc_setPoint_Methane_1000ppm_p1,20110216,L1,060,train,c28762b9df279ec320ced8531532764c121e51dceff87fcddc23eb3655ee4829,12987,0,20.151,200.12,10,4,139,0,0,0,1,1,35,15
position,WTD_upload/Methane_1000/L1/201102161850_board_setPoint_500V_fan_setPoint_100_mfc_setPoint_Methane_1000ppm_p1,20110216,L1,100,train,925f945e9ed24f3c2286fc8589340f8a6097f62f56042309c2950713b0c7e4b7,12482,0,20.17,200.15,8,3,105,0,0,1,1,1,55,35
position,WTD_upload/Methane_1000/L2/201102170926_board_setPoint_500V_fan_setPoint_000_mfc_setPoint_Methane_1000ppm_p3,20110217,L2,000,train,5a503b44b281934860f5da33f83907fcae6f1deae3619eaa4ea31afde2b87386,14075,0,20.15,200.241,8,4,158,0,0,0,1,1,25,5
position,WTD_upload/Methane_1000/L2/201102170958_board_setPoint_500V_fan_setPoint_060_mfc_setPoint_Methane_1000ppm_p3,20110217,L2,060,train,c9a7541efb416fe8bff10443d95e73328170eb830cbf1d6650829367dc14a4f0,12829,0,20.23,200.21,8,4,106,0,0,0,1,1,42,22
position,WTD_upload/Methane_1000/L2/201102171030_board_setPoint_500V_fan_setPoint_100_mfc_setPoint_Methane_1000ppm_p3,20110217,L2,100,train,1b7c504c2f194a83b8b9fa6a327792df547cc7bc530ebdd005379c3294353c02,13540,0,20.21,200.17,9,5,169,0,0,0,1,1,24,4
position,WTD_upload/Methane_1000/L2/201102171101_board_setPoint_500V_fan_setPoint_000_mfc_setPoint_Methane_1000ppm_p3,20110217,L2,000,train,f715148810aad2aee930a2306025db0ac77ebd89b0db68a548b87206401d3c35,22018,0,20.21,200.16,10,5,185,0,0,0,1,1,32,12
position,WTD_upload/Methane_1000/L2/201102171133_board_setPoint_500V_fan_setPoint_060_mfc_setPoint_Methane_1000ppm_p3,20110217,L2,060,train,d2bdec51bd90bda531d3cda5fcfbc438a2d64c9ca583ed029fcf89436849e7b1,20442,0,20.131,200.241,10,5,183,0,0,0,1,1,39,19
position,WTD_upload/Methane_1000/L2/201102171205_board_setPoint_500V_fan_setPoint_100_mfc_setPoint_Methane_1000ppm_p3,20110217,L2,100,train,46c99760b96fec52978ae176ee76c0cf961b5f67669194d8b564bd50c011c44c,16483,0,20.14,200.22,10,5,181,0,0,0,1,1,24,4
position,WTD_upload/Methane_1000/L2/201102171236_board_setPoint_500V_fan_setPoint_000_mfc_setPoint_Methane_1000ppm_p3,20110217,L2,000,train,87e61ca44603c03208e46c14917b30b2ab89f78b73e796759e752908c2f84ca7,17925,0,20.16,200.121,10,5,180,0,0,0,1,1,29,9
position,WTD_upload/Methane_1000/L2/201102171308_board_setPoint_500V_fan_setPoint_060_mfc_setPoint_Methane_1000ppm_p3,20110217,L2,060,train,e6f5826bdc9cf2c1594ccb0065d9ac5653f29019d309fe6512e8217debdf7f48,12841,0,20.24,200.21,10,5,153,0,0,0,1,1,28,8
position,WTD_upload/Methane_1000/L2/201102171340_board_setPoint_500V_fan_setPoint_100_mfc_setPoint_Methane_1000ppm_p3,20110217,L2,100,train,7746a67ce3f8a4c320a84b635ab9f04667ad0732fdfcc5d6495d22c68a4f3027,14897,0,20.18,200.15,10,5,184,0,0,0,1,1,31,11
position,WTD_upload/Methane_1000/L2/201102171411_board_setPoint_500V_fan_setPoint_000_mfc_setPoint_Methane_1000ppm_p3,20110217,L2,000,train,31fc98cca62bfe9fc41081c1eff5f6bfb30196850372600d2a5c6f77a248767b,25551,0,20.23,200.2,10,5,183,0,0,0,1,1,24,4
position,WTD_upload/Methane_1000/L2/201102171443_board_setPoint_500V_fan_setPoint_060_mfc_setPoint_Methane_1000ppm_p3,20110217,L2,060,train,c567263c205df111e65190ef395a47f46edcd1a2fb53fbd84dfa4cda0ee2b23d,12985,0,20.16,200.26,10,3,160,0,0,0,1,1,39,19
position,WTD_upload/Methane_1000/L2/201102171515_board_setPoint_500V_fan_setPoint_100_mfc_setPoint_Methane_1000ppm_p3,20110217,L2,100,train,f5a28d0688d678fca14ce2c6e6d325a5ee6deae37d85b8c36eddc7ed4c880401,15143,0,20.183,200.17,10,5,175,0,0,0,1,1,33,13
position,WTD_upload/Methane_1000/L2/201102171546_board_setPoint_500V_fan_setPoint_000_mfc_setPoint_Methane_1000ppm_p3,20110217,L2,000,train,2e9cc40e34029ab84fc223d6eeeb21bc59d2645c7aea8bdad8a090c94d066138,15586,0,20.15,200.24,10,5,179,1,1,0,1,1,69,49
position,WTD_upload/Methane_1000/L2/201102171618_board_setPoint_500V_fan_setPoint_060_mfc_setPoint_Methane_1000ppm_p3,20110217,L2,060,train,9699e2ae0ca8605585b38ae0eb8ffcb59df575099813239ee9d2069d91785763,17859,0,20.24,200.2,10,5,177,0,0,0,1,1,36,16
position,WTD_upload/Methane_1000/L2/201102171650_board_setPoint_500V_fan_setPoint_100_mfc_setPoint_Methane_1000ppm_p3,20110217,L2,100,train,539520311492b83afef62377e4db45a7c925652758bd990b30d78870fa9eed77,25249,0,20.15,200.25,10,5,185,0,0,0,1,1,24,4
position,WTD_upload/Methane_1000/L2/201102171721_board_setPoint_500V_fan_setPoint_000_mfc_setPoint_Methane_1000ppm_p3,20110217,L2,000,train,5b90d2c9f10b1c61f1dfca547a1a86d0ebd664ba80f6de0ed68c19a49ad40855,19239,0,20.23,200.2,7,4,175,0,0,0,1,1,30,10
position,WTD_upload/Methane_1000/L2/201102171753_board_setPoint_500V_fan_setPoint_060_mfc_setPoint_Methane_1000ppm_p3,20110217,L2,060,train,982b9d903df5f658e3efb5d275e064b7486753bac4297775e0f431329958603c,12615,0,20.17,200.15,10,5,164,0,0,0,1,1,30,10
position,WTD_upload/Methane_1000/L2/201102171825_board_setPoint_500V_fan_setPoint_100_mfc_setPoint_Methane_1000ppm_p3,20110217,L2,100,train,32120eb656bb385ca42feb91b72b3dca87aece3b677f4d97a9c93af7e7fb65f3,13135,0,20.14,200.23,10,3,173,0,0,0,1,1,37,17
position,WTD_upload/Methane_1000/L2/201102171856_board_setPoint_500V_fan_setPoint_000_mfc_setPoint_Methane_1000ppm_p3,20110217,L2,000,train,65ad99dd1478a40bbf104bcebfdf3f880f4e1890bbcac47c9e25f333bfd75b5e,12934,0,20.17,200.15,10,5,115,0,0,0,1,1,28,8
position,WTD_upload/Methane_1000/L2/201102171928_board_setPoint_500V_fan_setPoint_060_mfc_setPoint_Methane_1000ppm_p3,20110217,L2,060,train,abb328fa117c076c373a1089d1841568a9dc75ea57ebcba17c4edbb2147a0637,17523,0,20.231,200.21,9,5,177,0,0,0,1,1,39,19
position,WTD_upload/Methane_1000/L2/201102172000_board_setPoint_500V_fan_setPoint_100_mfc_setPoint_Methane_1000ppm_p3,20110217,L2,100,train,26b68920fab2cbd322b5aebf318eefb11391c57aa27d73d5778eded28d084ec7,13023,0,20.24,200.21,9,5,180,0,0,0,1,1,25,5
position,WTD_upload/Methane_1000/L2/201102172031_board_setPoint_500V_fan_setPoint_000_mfc_setPoint_Methane_1000ppm_p3,20110217,L2,000,train,e736931b18f9635d0606d27ed9e21f7b9a21701aede6896c9a723a3fd6c32888,13528,0,20.17,200.13,9,4,171,0,0,0,1,1,33,13
position,WTD_upload/Methane_1000/L2/201102172103_board_setPoint_500V_fan_setPoint_060_mfc_setPoint_Methane_1000ppm_p3,20110217,L2,060,train,f6adaffcc33224319f5cf4390906d0e184502959bbc6e6ad246b836ae7fa08e6,23627,0,20.199,200.165,10,4,182,0,0,0,1,1,27,7
position,WTD_upload/Methane_1000/L2/201102172135_board_setPoint_500V_fan_setPoint_100_mfc_setPoint_Methane_1000ppm_p3,20110217,L2,100,train,395dfd5e422c53eeb82abc5d5c7f8ad2df73f991596efa2d06b157c551061637,12612,0,20.17,200.13,2,4,144,0,0,0,1,1,43,23
position,WTD_upload/Methane_1000/L2/201102172206_board_setPoint_500V_fan_setPoint_000_mfc_setPoint_Methane_1000ppm_p3,20110217,L2,000,train,c8a2bd15639f365e90975a7a9b28212e5d664d2c83151b3a66b331e73036fae5,13892,0,20.24,200.21,10,5,180,0,0,0,1,1,46,26
position,WTD_upload/Methane_1000/L2/201102172238_board_setPoint_500V_fan_setPoint_060_mfc_setPoint_Methane_1000ppm_p3,20110217,L2,060,train,c4d85ed2f16a3b47f026e79c1d47a062bad493b8214aa27b9eb3cf1bbc996143,24336,0,20.167,200.138,10,5,176,0,0,0,1,1,41,21
position,WTD_upload/Methane_1000/L2/201102172310_board_setPoint_500V_fan_setPoint_100_mfc_setPoint_Methane_1000ppm_p3,20110217,L2,100,train,caf95a694c55ab3a48494e639fe48158a85cea657e3d6169ddb1f44abf9e4484,12733,0,20.13,200.23,2,2,132,0,0,0,1,1,57,37
position,WTD_upload/Methane_1000/L2/201102172341_board_setPoint_500V_fan_setPoint_000_mfc_setPoint_Methane_1000ppm_p3,20110217,L2,000,train,c2229c7a08e31d410641f69a9c90ccb7d8f9a280ad449c9855df5dd31fa615f9,17815,0,20.219,200.19,9,5,171,0,0,0,1,1,58,38
position,WTD_upload/Methane_1000/L2/201102180013_board_setPoint_500V_fan_setPoint_060_mfc_setPoint_Methane_1000ppm_p3,20110218,L2,060,train,e12432dabd1bcf7571b00c7242eb7358e0e4e5b697806979ab90d086d5b08c31,12462,0,20.21,200.17,6,2,71,0,0,0,1,1,39,19
position,WTD_upload/Methane_1000/L2/201102180045_board_setPoint_500V_fan_setPoint_100_mfc_setPoint_Methane_1000ppm_p3,20110218,L2,100,train,0c3e54e447991b6852ac143ce3329012ea0f3b9288ba9a67a6df7a358551d807,14794,0,20.19,200.271,10,5,171,0,0,0,1,1,27,7
position,WTD_upload/Methane_1000/L2/201102180116_board_setPoint_500V_fan_setPoint_000_mfc_setPoint_Methane_1000ppm_p3,20110218,L2,000,train,29632b3534d7c485d55cd9ead7f5bc859e3513a3a04afd6092505b4ef7911521,13185,0,20.15,200.251,8,3,162,0,0,0,1,1,38,18
position,WTD_upload/Methane_1000/L2/201102180148_board_setPoint_500V_fan_setPoint_060_mfc_setPoint_Methane_1000ppm_p3,20110218,L2,060,train,0aac946b90ebf8ddad2f6846b32be78e183b5bd75ab69879f4a7d28f606d89ba,22488,0,20.22,200.2,10,5,183,0,0,0,1,1,30,10
position,WTD_upload/Methane_1000/L2/201102180220_board_setPoint_500V_fan_setPoint_100_mfc_setPoint_Methane_1000ppm_p3,20110218,L2,100,train,c6e69f7141e76ce12503f25c7f0ca67d0ca24e36c2599b57cf4fb845126874f3,12965,0,20.24,200.201,10,5,177,0,0,0,1,1,25,5
position,WTD_upload/Methane_1000/L2/201102180252_board_setPoint_500V_fan_setPoint_000_mfc_setPoint_Methane_1000ppm_p3,20110218,L2,000,train,9c9dd21f06bda79f565367e4121070ee0e38fbe2e4324430fa3d1aecddc86fd6,14577,0,20.191,200.18,10,5,174,0,0,0,1,1,41,21
position,WTD_upload/Methane_1000/L2/201102180323_board_setPoint_500V_fan_setPoint_060_mfc_setPoint_Methane_1000ppm_p3,20110218,L2,060,train,16652014a3ceda30b4fef0d020f9cd9094d43102c23fdc456694c7293eb00e94,13063,0,20.16,200.141,7,4,121,0,0,0,1,1,45,25
position,WTD_upload/Methane_1000/L2/201102180355_board_setPoint_500V_fan_setPoint_100_mfc_setPoint_Methane_1000ppm_p3,20110218,L2,100,train,4925c5e8068f285a539f482fed26e4b3bffcdb014d5d1aacf4b1cf7e0dcd9d4b,17499,0,20.15,200.26,10,5,184,0,0,0,1,1,33,13
position,WTD_upload/Methane_1000/L2/201102180427_board_setPoint_500V_fan_setPoint_000_mfc_setPoint_Methane_1000ppm_p3,20110218,L2,000,train,20769e70968f0ef10f3460c588b83ab9db301a655a5908cdf2bdf1daf3c89354,13092,0,20.14,200.24,9,5,149,0,0,0,1,1,47,27
position,WTD_upload/Methane_1000/L2/201102180458_board_setPoint_500V_fan_setPoint_060_mfc_setPoint_Methane_1000ppm_p3,20110218,L2,060,train,6ed0ee7ca2d68b843428d1e5a74378fac40ee33eeac82ea1aa0364ecac8b2c0a,17630,0,20.22,200.62,10,3,164,0,0,0,1,1,26,6
position,WTD_upload/Methane_1000/L2/201102180530_board_setPoint_500V_fan_setPoint_100_mfc_setPoint_Methane_1000ppm_p3,20110218,L2,100,train,28274fc5436a9b6ef0430118127d06df96718fcf3bd704e8050d2bf8e61978c3,23337,0,20.2,200.181,10,5,180,0,0,0,1,1,31,11
position,WTD_upload/Methane_1000/L2/201102180602_board_setPoint_500V_fan_setPoint_000_mfc_setPoint_Methane_1000ppm_p3,20110218,L2,000,train,d73ebec1c88994d195c7572ff98e847c53ba41c8ae50569f58e363e9be622485,16649,0,20.2,200.17,10,5,176,0,0,0,1,1,28,8
position,WTD_upload/Methane_1000/L2/201102180633_board_setPoint_500V_fan_setPoint_060_mfc_setPoint_Methane_1000ppm_p3,20110218,L2,060,train,afde6ce83176906128f658a500bf477c3fbdfa8dfe68e65d287ea9bb2a474096,15231,0,20.19,200.15,9,3,172,0,0,0,1,1,36,16
position,WTD_upload/Methane_1000/L2/201102180705_board_setPoint_500V_fan_setPoint_100_mfc_setPoint_Methane_1000ppm_p3,20110218,L2,100,train,177c8d2418f13767c8c50ba1856b39902caa48eb01d8ff1946b490aa238aa023,18089,0,20.15,200.24,10,4,171,0,0,0,1,1,33,13
position,WTD_upload/Methane_1000/L2/201102180737_board_setPoint_500V_fan_setPoint_000_mfc_setPoint_Methane_1000ppm_p3,20110218,L2,000,train,76632aa2b7018890a1c54432edacc40ca6e4a3b9fff184b2fe657ab449cd9c45,20030,0,20.13,200.23,9,5,180,0,0,0,1,1,31,11
position,WTD_upload/Methane_1000/L2/201102180808_board_setPoint_500V_fan_setPoint_060_mfc_setPoint_Methane_1000ppm_p3,20110218,L2,060,train,4a7dac89702f228dde47bd3987c5159ec4ef7c2a260d4e196fb1c4d5bcf3f719,16278,0,20.13,200.23,5,2,170,0,0,0,1,1,30,10
position,WTD_upload/Methane_1000/L2/201102180840_board_setPoint_500V_fan_setPoint_100_mfc_setPoint_Methane_1000ppm_p3,20110218,L2,100,train,25959b178c0a931f132e7cbba101f9917f9f91fbd38e448fbe787e75fc595215,13178,0,20.24,200.21,10,5,172,0,0,0,1,1,34,14
position,WTD_upload/Methane_1000/L2/201102180912_board_setPoint_500V_fan_setPoint_000_mfc_setPoint_Methane_1000ppm_p3,20110218,L2,000,train,9ef7afe16e37b6b15fe8756d151a5b98abad1919962199d9ce7ef886ef07649b,12350,0,20.25,200.23,4,2,130,0,0,0,1,0,82,62
position,WTD_upload/Methane_1000/L2/201102180943_board_setPoint_500V_fan_setPoint_060_mfc_setPoint_Methane_1000ppm_p3,20110218,L2,060,train,37e1d63d4255bade0d9a858f7c08638267be22ec8480ba063920d6783f570a93,25636,0,20.211,200.18,10,5,184,0,0,0,1,1,30,10
position,WTD_upload/Methane_1000/L2/201102181015_board_setPoint_500V_fan_setPoint_100_mfc_setPoint_Methane_1000ppm_p3,20110218,L2,100,train,695d03df5e1a161b6eba82db8d9e9e1ff6d0844d986b175e892def53ac9d8aa5,13045,0,20.21,200.17,10,4,157,0,0,0,1,1,27,7
position,WTD_upload/Methane_1000/L2/201102181047_board_setPoint_500V_fan_setPoint_000_mfc_setPoint_Methane_1000ppm_p3,20110218,L2,000,train,a8ad6dc8d3e19d3543bf32a5d4d40d5f1b7bf99c72579ce8a5a68ba5c6916f42,19583,0,20.19,200.15,7,3,182,0,0,0,1,1,63,43
position,WTD_upload/Methane_1000/L2/201102181118_board_setPoint_500V_fan_setPoint_060_mfc_setPoint_Methane_1000ppm_p3,20110218,L2,060,train,41cde8f551e8a3478db5364f61943a625dcc1753cd96835f597b81bdb934904c,12477,0,20.24,200.2,7,5,151,0,0,0,1,1,39,19
position,WTD_upload/Methane_1000/L2/201102181150_board_setPoint_500V_fan_setPoint_100_mfc_setPoint_Methane_1000ppm_p3,20110218,L2,100,train,c01f1d9feab3f5cebea7f77f7ac14451f55180e32978e9e0e9f8547f40869d7b,17941,0,20.231,200.205,9,5,182,0,0,0,1,1,32,12
position,WTD_upload/Methane_1000/L2/201102181222_board_setPoint_500V_fan_setPoint_000_mfc_setPoint_Methane_1000ppm_p3,20110218,L2,000,train,7e4a73e85d0d634280bb9a299d124d4d1beff5134b7da3a03fe4e016dc5c28cb,13225,0,20.24,200.2,10,5,175,0,0,0,1,1,47,27
position,WTD_upload/Methane_1000/L2/201102181253_board_setPoint_500V_fan_setPoint_060_mfc_setPoint_Methane_1000ppm_p3,20110218,L2,060,train,0d0c6c8b9275b0795ed4b70f8f270f4116eebc373ca7cc8fcbd25afe2a2cd01f,13412,0,20.14,200.23,10,5,149,0,0,0,1,1,35,15
position,WTD_upload/Methane_1000/L2/201102181325_board_setPoint_500V_fan_setPoint_100_mfc_setPoint_Methane_1000ppm_p3,20110218,L2,100,train,ebdfdc27fb2166bd02c08a60b04d84c6716331b6a248ead0405eb49f142b521a,22219,0,20.18,200.15,10,5,178,0,0,0,1,1,25,5
position,WTD_upload/Methane_1000/L2/201102181357_board_setPoint_500V_fan_setPoint_000_mfc_setPoint_Methane_1000ppm_p3,20110218,L2,000,train,27417ad6881185d3887c1178a8fd38e4f8c34d624762910305e422498aa35867,20529,0,20.201,200.161,8,5,171,0,0,0,1,1,47,27
position,WTD_upload/Methane_1000/L2/201102181428_board_setPoint_500V_fan_setPoint_060_mfc_setPoint_Methane_1000ppm_p3,20110218,L2,060,train,ef7d67043847c75c304b234c06b73a0f1490c3e2816aecef6aba88365b193981,20216,0,20.25,200.196,10,5,184,0,0,0,1,1,36,16
position,WTD_upload/Methane_1000/L2/201102181500_board_setPoint_500V_fan_setPoint_100_mfc_setPoint_Methane_1000ppm_p3,20110218,L2,100,train,a5fd29a70cf21e9e0cfc571749eca020b2950fe62bd812c4ceda9ec525f71ccf,12984,0,20.161,200.24,10,5,179,0,0,0,1,1,35,15
position,WTD_upload/Methane_1000/L2/201102181532_board_setPoint_500V_fan_setPoint_000_mfc_setPoint_Methane_1000ppm_p3,20110218,L2,000,train,db34ee51688e845d860e034a9014a4764272901c177baed6bfc377d6dea6a906,17966,0,20.19,200.16,10,5,182,0,0,0,1,1,26,6
position,WTD_upload/Methane_1000/L2/201102181603_board_setPoint_500V_fan_setPoint_060_mfc_setPoint_Methane_1000ppm_p3,20110218,L2,060,train,ff1d36e6ab29edf16e65a2929b38d0721d41925ce7a2a2473e03f860f89bf926,13279,0,20.2,200.16,9,4,158,0,0,0,1,1,23,3
position,WTD_upload/Methane_1000/L2/201102181635_board_setPoint_500V_fan_setPoint_100_mfc_setPoint_Methane_1000ppm_p3,20110218,L2,100,train,0abc8f05ca41777d9705998d883cc75ef8424bf5686b6cc0916d46ef8184fdaa,20248,0,20.131,200.22,10,5,185,0,0,0,1,1,25,5
position,WTD_upload/Methane_1000/L3/201102181726_board_setPoint_500V_fan_setPoint_000_mfc_setPoint_Methane_1000ppm_p5,20110218,L3,000,train,9177c393ceee4b927c4972e23779d401d6d4bc77c12dbec1a13de63a04d0a118,12531,0,20.17,200.16,4,0,109,0,0,0,1,0,93,73
position,WTD_upload/Methane_1000/L3/201102181757_board_setPoint_500V_fan_setPoint_060_mfc_setPoint_Methane_1000ppm_p5,20110218,L3,060,train,cb258c45dcffbc787ecf728c85cde25ee2c072d9f558802ed00637ed8c29ef8a,19568,0,20.222,200.202,9,5,176,0,0,0,1,1,35,15
position,WTD_upload/Methane_1000/L3/201102181829_board_setPoint_500V_fan_setPoint_100_mfc_setPoint_Methane_1000ppm_p5,20110218,L3,100,train,aa037535d750be76390e4979f6af6942f2d6a12a20c5f61e277d9faa0157c8bc,12548,0,20.58,200.24,5,2,91,0,0,0,1,1,37,17
position,WTD_upload/Methane_1000/L3/201102181901_board_setPoint_500V_fan_setPoint_000_mfc_setPoint_Methane_1000ppm_p5,20110218,L3,000,train,ade0905461999ee326b3eb51afc2d03647ea5f9443c846aaab407fa5ad1fa4bf,13744,0,20.15,200.251,10,4,174,0,0,0,1,1,42,22
position,WTD_upload/Methane_1000/L3/201102181932_board_setPoint_500V_fan_setPoint_060_mfc_setPoint_Methane_1000ppm_p5,20110218,L3,060,train,d53b482b293f5d7e6919d8f1e27bdcc23b23de1da76f214c714cecf011392c68,12894,0,20.18,200.16,7,2,156,0,0,0,1,1,40,20
position,WTD_upload/Methane_1000/L3/201102182004_board_setPoint_500V_fan_setPoint_100_mfc_setPoint_Methane_1000ppm_p5,20110218,L3,100,train,40b540be75a2b349d25abb91c1b9c890324f0fb51f60710166683c615c14b90b,13591,0,20.15,200.251,9,5,152,0,0,0,1,1,26,6
position,WTD_upload/Methane_1000/L3/201102182036_board_setPoint_500V_fan_setPoint_000_mfc_setPoint_Methane_1000ppm_p5,20110218,L3,000,train,4c110262ddc0a3410a4b7761d66ce7cf5b3d52332fd4f8e2af89bc160f835dbf,13083,0,20.13,200.33,10,4,161,0,0,0,1,0,110,90
position,WTD_upload/Methane_1000/L3/201102182107_board_setPoint_500V_fan_setPoint_060_mfc_setPoint_Methane_1000ppm_p5,20110218,L3,060,train,415f3f33bacac68996eac19a93977be36dddd58ed8b3f91393f6d6c53352a0e5,14284,0,20.13,200.24,9,5,151,0,0,0,1,1,49,29
position,WTD_upload/Methane_1000/L3/201102182139_board_setPoint_500V_fan_setPoint_100_mfc_setPoint_Methane_1000ppm_p5,20110218,L3,100,train,5982883f92acadebd1a734f7135d7042d9d0aee8d59f844dde98cd3401a80567,13335,0,20.22,200.2,8,5,176,0,0,0,1,1,33,13
position,WTD_upload/Methane_1000/L3/201102182211_board_setPoint_500V_fan_setPoint_000_mfc_setPoint_Methane_1000ppm_p5,20110218,L3,000,train,676ee4e4a0c3ec43b9a018fd047ac3e9c90209c736c02a951a5464f5452ee574,12484,0,20.19,200.15,10,5,162,0,0,0,1,1,37,17
position,WTD_upload/Methane_1000/L3/201102182242_board_setPoint_500V_fan_setPoint_060_mfc_setPoint_Methane_1000ppm_p5,20110218,L3,060,train,32f3b3e0bc2d2144ddfc358b4c03a4beb62321530930f7daf79de6b17272d431,12953,0,20.22,200.2,3,2,115,0,0,0,1,1,44,24
position,WTD_upload/Methane_1000/L3/201102182314_board_setPoint_500V_fan_setPoint_100_mfc_setPoint_Methane_1000ppm_p5,20110218,L3,100,train,3aa4e19cfdd9c2cf18f5731029335441085712a77dad838a8e3693235cad7ec7,14245,0,20.22,200.18,8,5,173,0,0,0,1,1,31,11
position,WTD_upload/Methane_1000/L3/201102182346_board_setPoint_500V_fan_setPoint_000_mfc_setPoint_Methane_1000ppm_p5,20110218,L3,000,train,8e98efcb37dc556c10cdd5c589719b563bc68bfb93b716488e18c4a1eb993508,13706,0,20.21,200.18,10,5,157,0,0,0,1,1,39,19
position,WTD_upload/Methane_1000/L3/201102190017_board_setPoint_500V_fan_setPoint_060_mfc_setPoint_Methane_1000ppm_p5,20110219,L3,060,train,c65663687bfe3c4d6cf0e915288aeddd38b6ba6a0b406a2e238ac78bcef4bbe1,12681,0,20.19,200.17,4,3,147,0,0,0,1,1,56,36
position,WTD_upload/Methane_1000/L3/201102190049_board_setPoint_500V_fan_setPoint_100_mfc_setPoint_Methane_1000ppm_p5,20110219,L3,100,train,7415230dc805e7de4f06c45a7911744a13aa2f12407845f8bef030dac909de48,14112,0,20.15,200.25,10,5,164,0,0,0,1,1,28,8
position,WTD_upload/Methane_1000/L3/201102190121_board_setPoint_500V_fan_setPoint_000_mfc_setPoint_Methane_1000ppm_p5,20110219,L3,000,train,208fe2cfac95caa12af35fb1fa56af308ae704b81f50d4edb910c95b201341d9,20394,0,20.131,200.23,10,5,173,0,0,0,1,1,25,5
position,WTD_upload/Methane_1000/L3/201102190152_board_setPoint_500V_fan_setPoint_060_mfc_setPoint_Methane_1000ppm_p5,20110219,L3,060,train,adb83c9885c0db2788221f5c4254235d02d7eca0b96e5fedbbb6d3ba36c00896,12747,0,20.14,200.23,10,3,139,0,0,0,1,1,49,29
position,WTD_upload/Methane_1000/L3/201102190224_board_setPoint_500V_fan_setPoint_100_mfc_setPoint_Methane_1000ppm_p5,20110219,L3,100,train,bb497386ef621b30af9a63148c322d38bb25b565be57fc997b323a82790dfca5,13153,0,20.24,200.22,9,3,159,0,0,0,1,1,30,10
position,WTD_upload/Methane_1000/L3/201102190256_board_setPoint_500V_fan_setPoint_000_mfc_setPoint_Methane_1000ppm_p5,20110219,L3,000,train,d250c414fee0936a4d4064085e8c48b8101e08de1bb552052203964fc1a901ca,24379,0,20.223,200.196,10,5,184,0,0,0,1,1,41,21
position,WTD_upload/Methane_1000/L3/201102190328_board_setPoint_500V_fan_setPoint_060_mfc_setPoint_Methane_1000ppm_p5,20110219,L3,060,train,15c3e2f78fbbb0b5695b864b96f7122e35294b480fe3cdb525c0816f4f1d4ccb,20362,0,20.203,200.191,10,5,179,0,0,0,1,1,41,21
position,WTD_upload/Methane_1000/L3/201102190359_board_setPoint_500V_fan_setPoint_100_mfc_setPoint_Methane_1000ppm_p5,20110219,L3,100,train,d7446f727eba969e7616d7e6b712abc20191a0cd5229c016f5c50db25cd236df,14554,0,20.17,200.15,10,3,174,0,0,0,1,1,37,17
position,WTD_upload/Methane_1000/L3/201102190431_board_setPoint_500V_fan_setPoint_000_mfc_setPoint_Methane_1000ppm_p5,20110219,L3,000,train,559db66fc418ac63e3835acd75a292cadaf0280d268872ca09ba1c1eb5e7db58,25401,0,20.16,200.13,10,5,185,0,0,0,1,1,37,17
position,WTD_upload/Methane_1000/L3/201102190503_board_setPoint_500V_fan_setPoint_060_mfc_setPoint_Methane_1000ppm_p5,20110219,L3,060,train,4c2625fadf5385200a46278bf3553e6447a94a907dedbe79f5240b14b95ebaa7,13009,0,20.15,200.25,9,5,133,0,0,0,1,1,47,27
position,WTD_upload/Methane_1000/L3/201102190534_board_setPoint_500V_fan_setPoint_100_mfc_setPoint_Methane_1000ppm_p5,20110219,L3,100,train,002cd0a73dca39d00ef8b305b0e23a586b40856882aba1b2204dffd59a26e052,12851,0,20.17,200.15,10,5,154,0,0,0,1,1,26,6
position,WTD_upload/Methane_1000/L3/201102190606_board_setPoint_500V_fan_setPoint_000_mfc_setPoint_Methane_1000ppm_p5,20110219,L3,000,train,98eef0495e4069550a390e3068393eb0115c92c0cc6fcf5aee68e0fb0d38aa4e,24300,0,20.23,200.41,10,5,181,0,0,0,1,1,32,12
position,WTD_upload/Methane_1000/L3/201102190638_board_setPoint_500V_fan_setPoint_060_mfc_setPoint_Methane_1000ppm_p5,20110219,L3,060,train,68cdaabf37e3ae6aeae175c447aecc205d99130026d7f9c60f3891516806def7,13180,0,20.23,200.21,7,5,154,0,0,0,1,1,41,21
position,WTD_upload/Methane_1000/L3/201102190709_board_setPoint_500V_fan_setPoint_100_mfc_setPoint_Methane_1000ppm_p5,20110219,L3,100,train,2455d100a4ba4f86ddbd24e8706892db1eeb4183ab8792ea296d5e2e3c831f9e,12867,0,20.23,200.2,10,5,118,0,0,0,1,1,24,4
position,WTD_upload/Methane_1000/L3/201102190741_board_setPoint_500V_fan_setPoint_000_mfc_setPoint_Methane_1000ppm_p5,20110219,L3,000,train,9f757d28203cb2f6a1b0c86c69783c7ec4c48988e3dc5b2f155ccc2c442318f9,21164,0,20.19,200.15,9,5,176,0,0,0,1,1,28,8
position,WTD_upload/Methane_1000/L3/201102190813_board_setPoint_500V_fan_setPoint_060_mfc_setPoint_Methane_1000ppm_p5,20110219,L3,060,train,9d057f510e811ed9085bce7aa892de302866ca09174e33c9f4f367910e916565,14035,0,20.18,200.14,9,4,163,0,0,0,1,1,29,9
position,WTD_upload/Methane_1000/L3/201102190844_board_setPoint_500V_fan_setPoint_100_mfc_setPoint_Methane_1000ppm_p5,20110219,L3,100,train,6de3f7fec770130818b96d33d3cc3cde0af144dc882536b9285370faafe75a9f,12740,0,20.13,200.22,4,4,123,0,0,0,1,1,37,17
position,WTD_upload/Methane_1000/L3/201102190916_board_setPoint_500V_fan_setPoint_000_mfc_setPoint_Methane_1000ppm_p5,20110219,L3,000,train,cc8293165d2986d40478dc151bb2acbc1dd3ed77261433ec0b830ffbe37d27a2,22317,0,20.22,200.19,10,5,184,0,0,0,1,1,51,31
position,WTD_upload/Methane_1000/L3/201102190948_board_setPoint_500V_fan_setPoint_060_mfc_setPoint_Methane_1000ppm_p5,20110219,L3,060,train,e3811ff32ec2786abd505049ea80c2b69dd55b0e6b252f71a93cd9d5b2d3f155,14067,0,20.16,200.26,10,5,170,0,0,0,1,1,44,24
position,WTD_upload/Methane_1000/L3/201102191019_board_setPoint_500V_fan_setPoint_100_mfc_setPoint_Methane_1000ppm_p5,20110219,L3,100,train,d42a2d1f2b2bd178ae6c5c1b3d2c4dcc4ba098a32b772aef99dd293c30926c1e,14422,0,20.13,200.24,9,4,168,0,0,0,1,1,32,12
position,WTD_upload/Methane_1000/L3/201102191051_board_setPoint_500V_fan_setPoint_000_mfc_setPoint_Methane_1000ppm_p5,20110219,L3,000,train,c869c40635e362bd2fad1517bee0337cd2fc4b647fc17d7b5531eccd73b916fc,14733,0,20.24,200.21,10,4,180,0,0,0,1,1,33,13
position,WTD_upload/Methane_1000/L3/201102191123_board_setPoint_500V_fan_setPoint_060_mfc_setPoint_Methane_1000ppm_p5,20110219,L3,060,train,caff88d82b3b8ac05f37e6ae1ea7fc8e57c52b2b0adea35e9cb23ce137b146d8,13586,0,20.2,200.17,10,5,185,0,0,0,1,1,40,20
position,WTD_upload/Methane_1000/L3/201102191154_board_setPoint_500V_fan_setPoint_100_mfc_setPoint_Methane_1000ppm_p5,20110219,L3,100,train,aae20296dbf01a070f1974f34ae3df0fbf00999f1ef56db21a169934d1c9c63b,13050,0,20.15,200.13,8,5,172,0,0,0,1,1,26,6
position,WTD_upload/Methane_1000/L3/201102191226_board_setPoint_500V_fan_setPoint_000_mfc_setPoint_Methane_1000ppm_p5,20110219,L3,000,train,6f43f9128b3c5a462ab6257e6553285bc67dd3449dd0695d3c1ba599183de6c3,15942,0,20.23,200.2,9,5,178,0,0,0,1,1,46,26
position,WTD_upload/Methane_1000/L3/201102191258_board_setPoint_500V_fan_setPoint_060_mfc_setPoint_Methane_1000ppm_p5,20110219,L3,060,train,2d5371f4c5afc04789d5dc6f5b98db023963f6de05c7753a4310df1471e9fd84,13667,0,20.2,200.17,10,5,155,0,0,0,1,1,26,6
position,WTD_upload/Methane_1000/L3/201102191329_board_setPoint_500V_fan_setPoint_100_mfc_setPoint_Methane_1000ppm_p5,20110219,L3,100,train,7afc2e7cad76779c87a64c29fefe0b8b097a4dd96d5752868104738e5ce4c8e2,14196,0,20.191,200.16,10,5,182,0,0,0,1,1,28,8
position,WTD_upload/Methane_1000/L3/201102191401_board_setPoint_500V_fan_setPoint_000_mfc_setPoint_Methane_1000ppm_p5,20110219,L3,000,train,de7771a3806c88831abdaaba310d53b81f56034fdb32d228ce97c612ab8c3c70,19281,0,20.213,200.191,9,5,180,0,0,0,1,1,31,11
position,WTD_upload/Methane_1000/L3/201102191433_board_setPoint_500V_fan_setPoint_060_mfc_setPoint_Methane_1000ppm_p5,20110219,L3,060,train,64f14535914619d33145a516d6f2d46adb9fc640f78ff3b2d2d9b1a113ba8cf0,18754,0,20.18,200.156,10,5,179,0,0,0,1,1,26,6
position,WTD_upload/Methane_1000/L3/201102191504_board_setPoint_500V_fan_setPoint_100_mfc_setPoint_Methane_1000ppm_p5,20110219,L3,100,train,6c450b7d32546fb4b0d5923d4a126ca1d9196a355312c9eb517e33d84620f084,24950,0,20.23,200.2,10,5,184,0,0,0,1,1,30,10
position,WTD_upload/Methane_1000/L3/201102191536_board_setPoint_500V_fan_setPoint_000_mfc_setPoint_Methane_1000ppm_p5,20110219,L3,000,train,ef617312f41d0a2f04a6790168bc74121287feca80129793303355bd030ff762,25001,0,20.161,200.13,10,5,184,0,0,0,1,1,36,16
position,WTD_upload/Methane_1000/L3/201102191608_board_setPoint_500V_fan_setPoint_060_mfc_setPoint_Methane_1000ppm_p5,20110219,L3,060,train,89c694033ca11f2a73fb5ed54cf00d6a5ccc45ab9a5e23b95098920f8007cadd,20639,0,20.211,200.18,9,5,181,0,0,0,1,1,41,21
position,WTD_upload/Methane_1000/L3/201102191639_board_setPoint_500V_fan_setPoint_100_mfc_setPoint_Methane_1000ppm_p5,20110219,L3,100,train,60e59795f4314ae70cae0c76d1a3b15ee64776acbad01081072b7875200e89e8,17000,0,20.13,200.23,8,5,180,0,0,0,1,1,33,13
position,WTD_upload/Methane_1000/L3/201102191711_board_setPoint_500V_fan_setPoint_000_mfc_setPoint_Methane_1000ppm_p5,20110219,L3,000,train,c3e6e74ffb487a574762198bd34f4d7650dc27e6d5a211976d5098bc5bd2cc2c,23679,0,20.21,200.19,10,5,175,0,0,0,1,1,36,16
position,WTD_upload/Methane_1000/L3/201102191743_board_setPoint_500V_fan_setPoint_060_mfc_setPoint_Methane_1000ppm_p5,20110219,L3,060,train,ba486210212b5350b821a92c2875e4a9c9288636a1f62d4fe090a6eba1909252,13122,0,20.17,200.14,5,4,172,0,0,0,1,1,42,22
position,WTD_upload/Methane_1000/L3/201102191814_board_setPoint_500V_fan_setPoint_100_mfc_setPoint_Methane_1000ppm_p5,20110219,L3,100,train,003a7d33c2d0123a59f94bc4c678a5fe785d5a5d2f8697b8a878e1c1b72fbaf0,13939,0,20.2,200.17,10,5,148,0,0,0,1,1,26,6
position,WTD_upload/Methane_1000/L3/201102191846_board_setPoint_500V_fan_setPoint_000_mfc_setPoint_Methane_1000ppm_p5,20110219,L3,000,train,0f8d513326880de190c8043a457b5361aab01e8e59569e88ffbd49cfba4dfa11,13458,0,20.161,200.13,8,5,161,0,0,0,1,1,42,22
position,WTD_upload/Methane_1000/L3/201102191918_board_setPoint_500V_fan_setPoint_060_mfc_setPoint_Methane_1000ppm_p5,20110219,L3,060,train,d05c4b31747c82132f437a2b0c98f497a362bbc8fef5edff4565cd579350a3ce,19022,0,20.24,200.2,10,5,177,0,0,0,1,1,45,25
position,WTD_upload/Methane_1000/L3/201102191950_board_setPoint_500V_fan_setPoint_100_mfc_setPoint_Methane_1000ppm_p5,20110219,L3,100,train,a9341f9e13a3a1c36b440b959b0fa7e074721e49bd9bc479ed8a9e8de6fd3ece,16757,0,20.18,200.16,10,4,179,0,0,0,1,1,30,10
position,WTD_upload/Methane_1000/L3/201102192021_board_setPoint_500V_fan_setPoint_000_mfc_setPoint_Methane_1000ppm_p5,20110219,L3,000,train,59e9a4e6d37a33c675ebe20404adc918eed24fc92323e1cffe18ee3c3bfa6105,12563,0,20.24,200.22,7,4,143,0,0,0,1,1,29,9
position,WTD_upload/Methane_1000/L3/201102192053_board_setPoint_500V_fan_setPoint_060_mfc_setPoint_Methane_1000ppm_p5,20110219,L3,060,train,ca4082287efc162ebe0d51c6ccdc0f6a9b8592a098ed20aed1edc9a42454bbf9,14468,0,20.2,200.16,10,2,165,0,0,0,1,1,30,10
position,WTD_upload/Methane_1000/L3/201102192125_board_setPoint_500V_fan_setPoint_100_mfc_setPoint_Methane_1000ppm_p5,20110219,L3,100,train,c26ef74ac3ce78f9b9938e97117137db6dba2c1c53e0c572420b8f736ff497b1,12775,0,20.18,200.15,7,3,156,0,0,0,1,1,26,6
position,WTD_upload/Methane_1000/L3/201102192156_board_setPoint_500V_fan_setPoint_000_mfc_setPoint_Methane_1000ppm_p5,20110219,L3,000,train,e3cf5325fb32a01f06244fa7026c757956b1cce31211e9b08dffdc86c68ae2c2,12706,0,20.15,200.25,8,4,143,0,0,0,1,1,26,6
position,WTD_upload/Methane_1000/L3/201102192228_board_setPoint_500V_fan_setPoint_060_mfc_setPoint_Methane_1000ppm_p5,20110219,L3,060,train,2957cdfc75946ed86258dbe1924dae0aaf62ce1c35a76f1e6c9064b32d194b1f,13190,0,20.14,200.23,10,3,165,0,0,0,1,1,30,10
position,WTD_upload/Methane_1000/L3/201102192300_board_setPoint_500V_fan_setPoint_100_mfc_setPoint_Methane_1000ppm_p5,20110219,L3,100,train,143144ff77a953ada0f30dccf67b211c2bf61e490f3abc48d667607417a20667,16132,0,20.24,200.2,7,5,178,0,0,1,1,1,57,37
position,WTD_upload/Methane_1000/L3/201102192331_board_setPoint_500V_fan_setPoint_000_mfc_setPoint_Methane_1000ppm_p5,20110219,L3,000,train,7eef9762cff39b4b98b22322d1506b94290e990806660084173b4a7dc19b09a4,12833,0,20.17,200.15,10,5,140,0,0,0,1,1,27,7
position,WTD_upload/Methane_1000/L3/201102200003_board_setPoint_500V_fan_setPoint_060_mfc_setPoint_Methane_1000ppm_p5,20110220,L3,060,train,ec3fb575952244fa4bf147ee32c9a37b09ac5fbba99f03f4ce90d805c50d7b73,12934,0,20.17,200.15,9,3,172,0,0,0,1,1,26,6
position,WTD_upload/Methane_1000/L3/201102200035_board_setPoint_500V_fan_setPoint_100_mfc_setPoint_Methane_1000ppm_p5,20110220,L3,100,train,06f557576967837eee9ffdb605d3bc355da07bde6da86ff131a9b654aaebdb05,13551,0,20.25,200.211,8,5,173,0,0,0,1,1,24,4
position,WTD_upload/Methane_1000/L4/201102200858_board_setPoint_500V_fan_setPoint_000_mfc_setPoint_Methane_1000ppm_p7,20110220,L4,000,train,cdef8971362a25f4ba0d321e15d54eb028d16b53b095cef09fbc711203126da0,13740,0,20.19,200.16,7,5,133,0,0,0,1,1,47,27
position,WTD_upload/Methane_1000/L4/201102200930_board_setPoint_500V_fan_setPoint_060_mfc_setPoint_Methane_1000ppm_p7,20110220,L4,060,train,5224409b006d189ca4a3772f0abe0144548a105dbd5f9cefa3e6e2050342a18d,18718,0,20.18,200.15,6,5,181,0,0,0,1,1,29,9
position,WTD_upload/Methane_1000/L4/201102201001_board_setPoint_500V_fan_setPoint_100_mfc_setPoint_Methane_1000ppm_p7,20110220,L4,100,train,c94e2ef90946026ccee6e42d61bfeac81bd1191995ec63151c45c359764659ed,12199,0,20.14,200.23,10,4,108,0,0,0,1,1,28,8
position,WTD_upload/Methane_1000/L4/201102201033_board_setPoint_500V_fan_setPoint_000_mfc_setPoint_Methane_1000ppm_p7,20110220,L4,000,train,103b40b8bc7afe0c1bb9eccf69fbb6055c459ac0cbf14d9cc19e46f53983364e,14206,0,20.151,200.23,9,5,171,0,0,0,1,0,103,83
position,WTD_upload/Methane_1000/L4/201102201105_board_setPoint_500V_fan_setPoint_060_mfc_setPoint_Methane_1000ppm_p7,20110220,L4,060,train,153470cb06cf4591ea04af510089ffac1940849b60bb8b1ad9f49d2b7bd8272b,15718,0,20.15,200.25,9,5,174,0,0,0,1,1,24,4
position,WTD_upload/Methane_1000/L4/201102201136_board_setPoint_500V_fan_setPoint_100_mfc_setPoint_Methane_1000ppm_p7,20110220,L4,100,train,d2cfb1d1e6aa2a504c975ff78082fb3c35fca875c8d1a1d3ebdb3d902ee8673f,12545,0,20.221,200.18,4,3,75,0,0,0,1,1,51,31
position,WTD_upload/Methane_1000/L4/201102201208_board_setPoint_500V_fan_setPoint_000_mfc_setPoint_Methane_1000ppm_p7,20110220,L4,000,train,2e1044cabdfb252ac5f82cc2557772154a8ab6e39b6318f922353d9a63290ec0,17222,0,20.18,200.16,10,5,182,0,0,0,1,1,35,15
position,WTD_upload/Methane_1000/L4/201102201240_board_setPoint_500V_fan_setPoint_060_mfc_setPoint_Methane_1000ppm_p7,20110220,L4,060,train,b043c36ca01126835cb855e2dc7f83a033c1867ecb3b89c8cc7d77db72b30353,13205,0,20.16,200.26,10,5,179,0,0,0,1,1,39,19
position,WTD_upload/Methane_1000/L4/201102201311_board_setPoint_500V_fan_setPoint_100_mfc_setPoint_Methane_1000ppm_p7,20110220,L4,100,train,0805580f6bfe08b94ae00a7c6f6608079db911ecd8bb8c6e0f7273f4d7af383b,20234,0,20.14,200.25,10,5,180,0,0,0,1,1,29,9
position,WTD_upload/Methane_1000/L4/201102201343_board_setPoint_500V_fan_setPoint_000_mfc_setPoint_Methane_1000ppm_p7,20110220,L4,000,train,84af1b5ad0267d0f23c50938f32ff09311c4d524f27d879e4d46e5194d9b74de,14177,0,20.24,200.2,10,5,161,0,0,0,1,1,34,14
position,WTD_upload/Methane_1000/L4/201102201415_board_setPoint_500V_fan_setPoint_060_mfc_setPoint_Methane_1000ppm_p7,20110220,L4,060,train,335e2c68e1d60f21c52d4a791be6095b338c5a3137c0744962336ad4884d0aee,20133,0,20.16,200.141,10,5,179,0,0,0,1,1,47,27
position,WTD_upload/Methane_1000/L4/201102201446_board_setPoint_500V_fan_setPoint_100_mfc_setPoint_Methane_1000ppm_p7,20110220,L4,100,train,4d9563724ac4110d8dacc79b6a40be7e05ea22c86d337f522f6df111c21eb3a4,25007,0,20.13,200.217,10,5,183,0,0,0,1,1,37,17
position,WTD_upload/Methane_1000/L4/201102201518_board_setPoint_500V_fan_setPoint_000_mfc_setPoint_Methane_1000ppm_p7,20110220,L4,000,train,5d012e099828c0fb193db3c7261965f2d5f93e1a0142b6696056bb331fc37e77,12783,0,20.191,200.16,10,5,177,0,0,0,1,1,31,11
position,WTD_upload/Methane_1000/L4/201102201550_board_setPoint_500V_fan_setPoint_060_mfc_setPoint_Methane_1000ppm_p7,20110220,L4,060,train,43c86e92f685f6d4482408c59f274e14a2640c473af402209d3cf5319cc118bd,12691,0,20.21,200.17,5,3,128,0,0,0,1,1,38,18
position,WTD_upload/Methane_1000/L4/201102201621_board_setPoint_500V_fan_setPoint_100_mfc_setPoint_Methane_1000ppm_p7,20110220,L4,100,train,772a04256ff77378209a3bdb25e58ab1ae19b6f36e0b074da6c36b1528b65196,22874,0,20.23,200.205,10,5,182,0,0,0,1,1,25,5
position,WTD_upload/Methane_1000/L4/201102201653_board_setPoint_500V_fan_setPoint_000_mfc_setPoint_Methane_1000ppm_p7,20110220,L4,000,train,7a0d05a2d2d8ca37befc577156fbc1a5cc69177bf4a0bad3aa6adaaf0122e2d2,23585,0,20.19,200.16,10,5,183,0,0,0,1,1,34,14
position,WTD_upload/Methane_1000/L4/201102201725_board_setPoint_500V_fan_setPoint_060_mfc_setPoint_Methane_1000ppm_p7,20110220,L4,060,train,8a02c95edd60153d37a7ec641a27cd0d009ce704a7346949be073553b0394812,12919,0,20.24,200.22,6,2,145,0,0,0,1,1,43,23
position,WTD_upload/Methane_1000/L4/201102201756_board_setPoint_500V_fan_setPoint_100_mfc_setPoint_Methane_1000ppm_p7,20110220,L4,100,train,723e6c19763c820d1cebfc2f3b5bcba0e5e6ac7d62c833001375907d62153514,13022,0,20.3,200.14,3,3,117,0,0,0,1,1,40,20
position,WTD_upload/Methane_1000/L4/201102201828_board_setPoint_500V_fan_setPoint_000_mfc_setPoint_Methane_1000ppm_p7,20110220,L4,000,train,1d0538512db7fe8fa9c29c8f43b471cf72c2d0c6cbac6fc26d6948a20ab41237,19791,0,20.229,200.2,10,5,185,0,0,0,1,1,67,47
position,WTD_upload/Methane_1000/L4/201102201900_board_setPoint_500V_fan_setPoint_060_mfc_setPoint_Methane_1000ppm_p7,20110220,L4,060,train,8714c2844de256e11c47ab4a75a479f05befa22dc3eaf8ce1406f2ad219063f6,13883,0,20.17,200.131,10,4,145,0,0,0,1,1,32,12
position,WTD_upload/Methane_1000/L4/201102201931_board_setPoint_500V_fan_setPoint_100_mfc_setPoint_Methane_1000ppm_p7,20110220,L4,100,train,bf203bf4ba55c8686386f1448c8b9144ac91a67b550cda922ceb6db636c4b5b4,13931,0,20.24,200.2,9,4,165,0,0,0,1,1,28,8
position,WTD_upload/Methane_1000/L4/201102202003_board_setPoint_500V_fan_setPoint_000_mfc_setPoint_Methane_1000ppm_p7,20110220,L4,000,train,241e6c26a76148e8e867788b545468b0e5b4a6ecbd6c0d4ad79a8e6aa3161de5,12899,0,20.15,200.12,6,4,134,0,0,0,1,1,42,22
position,WTD_upload/Methane_1000/L4/201102202035_board_setPoint_500V_fan_setPoint_060_mfc_setPoint_Methane_1000ppm_p7,20110220,L4,060,train,5e35a52e62a19a19015ae6ec5eafb6c3b60f876966944ecbac22945c3591acd1,13997,0,20.551,200.23,10,5,182,0,0,0,1,1,27,7
position,WTD_upload/Methane_1000/L4/201102202106_board_setPoint_500V_fan_setPoint_100_mfc_setPoint_Methane_1000ppm_p7,20110220,L4,100,train,5266b30ba8b175b6248e5ba3535b4263f312f5e07a2001bdc94d736685acf422,13880,0,20.21,200.19,10,4,174,0,0,0,1,1,44,24
position,WTD_upload/Methane_1000/L4/201102202138_board_setPoint_500V_fan_setPoint_000_mfc_setPoint_Methane_1000ppm_p7,20110220,L4,000,train,a360489f8858d188a5d52034ba98ef955f5275d0bcab868af098cd8ef8d1c64e,20048,0,20.18,200.14,10,5,179,0,0,0,1,1,54,34
position,WTD_upload/Methane_1000/L4/201102202210_board_setPoint_500V_fan_setPoint_060_mfc_setPoint_Methane_1000ppm_p7,20110220,L4,060,train,f8c470e93feb876117c77c01df74e356fb33ebf30a3244a5163d16a71e559226,19864,0,20.14,200.231,10,5,174,0,0,0,1,1,27,7
position,WTD_upload/Methane_1000/L4/201102202241_board_setPoint_500V_fan_setPoint_100_mfc_setPoint_Methane_1000ppm_p7,20110220,L4,100,train,1007cece70134563aa2ae6ce26b3920a5c3d92f64f1e183ec63cf5205a9c0d86,14948,0,20.22,200.19,9,5,176,0,0,0,1,1,28,8
position,WTD_upload/Methane_1000/L4/201102202313_board_setPoint_500V_fan_setPoint_000_mfc_setPoint_Methane_1000ppm_p7,20110220,L4,000,train,a6051f1e12d218d5a555d00e3b7020a1d168350c90c68bab6a8c91b495f86b47,13915,0,20.23,200.19,10,5,161,0,0,0,1,1,42,22
position,WTD_upload/Methane_1000/L4/201102202345_board_setPoint_500V_fan_setPoint_060_mfc_setPoint_Methane_1000ppm_p7,20110220,L4,060,train,e604f57cdcd727cdd09b20c497b722b5419786180f8c42dde643e39d103c582f,18788,0,20.19,200.26,10,5,175,0,0,0,1,1,29,9
position,WTD_upload/Methane_1000/L4/201102210016_board_setPoint_500V_fan_setPoint_100_mfc_setPoint_Methane_1000ppm_p7,20110221,L4,100,train,8207012f0e32716ddc997543ee7f958982069dd74b7d8e52cd0cc8803797db29,14886,0,20.16,200.261,8,5,158,0,0,0,1,1,35,15
position,WTD_upload/Methane_1000/L4/201102210048_board_setPoint_500V_fan_setPoint_000_mfc_setPoint_Methane_1000ppm_p7,20110221,L4,000,train,6abaab748f8719a1d87593ae203e23038e971918e49beb7fa0b4d716535fba12,13144,0,20.66,200.14,10,4,172,0,0,0,1,1,59,39
position,WTD_upload/Methane_1000/L4/201102210120_board_setPoint_500V_fan_setPoint_060_mfc_setPoint_Methane_1000ppm_p7,20110221,L4,060,train,e2e6e8a519899cd5491a1405eca1ae81825d540aebe41f619f79d13c873baa11,21046,0,20.14,200.243,9,5,165,0,0,0,1,1,27,7
position,WTD_upload/Methane_1000/L4/201102210152_board_setPoint_500V_fan_setPoint_100_mfc_setPoint_Methane_1000ppm_p7,20110221,L4,100,train,00089e99e1c5d40d7f10fdf3bd0646bbfcb8ff5a1ab631a66de73fb087170941,19003,0,20.144,200.13,9,5,178,0,0,0,1,1,28,8
position,WTD_upload/Methane_1000/L4/201102210223_board_setPoint_500V_fan_setPoint_000_mfc_setPoint_Methane_1000ppm_p7,20110221,L4,000,train,baa0549d5350e972fc124e0004e8efebacd0c759e1a7bd30b16494752b9a8aef,12637,0,20.42,200.24,8,4,118,0,0,0,1,1,55,35
position,WTD_upload/Methane_1000/L4/201102210255_board_setPoint_500V_fan_setPoint_060_mfc_setPoint_Methane_1000ppm_p7,20110221,L4,060,train,78648b4d4f0ba6a6d8027fb229e044edca9a54639b65159bd3e95eb5ee022890,11688,0,20.14,200.26,10,3,118,0,0,0,1,1,23,3
position,WTD_upload/Methane_1000/L4/201102210327_board_setPoint_500V_fan_setPoint_100_mfc_setPoint_Methane_1000ppm_p7,20110221,L4,100,train,232adc64a2d0fa01b9c8072294f4fa05f9dcad0aa6fbf3ea38b9a8bb24b0a534,16964,0,20.14,200.23,10,4,175,0,0,0,1,1,29,9
position,WTD_upload/Methane_1000/L4/201102210358_board_setPoint_500V_fan_setPoint_000_mfc_setPoint_Methane_1000ppm_p7,20110221,L4,000,train,94327eb51a9992f6f4fcb3a8e5783b3ff9658def5ee4c4bbadb4cd03666eef46,17622,0,20.24,200.22,10,5,184,0,0,0,1,1,31,11
position,WTD_upload/Methane_1000/L4/201102210430_board_setPoint_500V_fan_setPoint_060_mfc_setPoint_Methane_1000ppm_p7,20110221,L4,060,train,0546e67bb0794d9035c8c51b830b53e6e73d035a79d949ca759bb3a5c6d3a5bc,20098,0,20.231,200.22,10,5,182,0,0,0,1,1,26,6
position,WTD_upload/Methane_1000/L4/201102210502_board_setPoint_500V_fan_setPoint_100_mfc_setPoint_Methane_1000ppm_p7,20110221,L4,100,train,bd27706d047cd481aa633105c6cecd0702a8f1b0a9a7f1bacfaabec457d0678d,12906,0,20.14,200.24,6,5,172,0,0,0,1,1,37,17
position,WTD_upload/Methane_1000/L4/201102210533_board_setPoint_500V_fan_setPoint_000_mfc_setPoint_Methane_1000ppm_p7,20110221,L4,000,train,dee7fca5ad80d03f65ef72d61611add59f3716b3469a40bb318fcfead7ab7f9f,16418,0,20.255,200.24,10,5,183,0,0,0,1,1,53,33
position,WTD_upload/Methane_1000/L4/201102210605_board_setPoint_500V_fan_setPoint_060_mfc_setPoint_Methane_1000ppm_p7,20110221,L4,060,train,895aea5b3cb2170d82294b9fb77dce3d71a40614e5f2567193140df11c1ea75f,16123,0,20.13,200.23,10,5,181,0,0,0,1,1,43,23
position,WTD_upload/Methane_1000/L4/201102210637_board_setPoint_500V_fan_setPoint_100_mfc_setPoint_Methane_1000ppm_p7,20110221,L4,100,train,5a881dfce69759899717707871492ed78f184345585481fb8a94b7878213e9a8,12279,0,20.241,200.21,8,3,130,0,0,0,1,1,39,19
position,WTD_upload/Methane_1000/L4/201102210708_board_setPoint_500V_fan_setPoint_000_mfc_setPoint_Methane_1000ppm_p7,20110221,L4,000,train,55e3f7d5a6a188f566ed0c4904d5012808a0874d5e078d2edc24f25da29c37fa,16637,0,20.22,200.54,8,5,172,0,0,0,1,1,58,38
position,WTD_upload/Methane_1000/L4/201102210740_board_setPoint_500V_fan_setPoint_060_mfc_setPoint_Methane_1000ppm_p7,20110221,L4,060,train,d197646e685ac8457fadb39251e68ebef8af74443b39a5e48e379af335d7a8ae,24534,0,20.17,200.152,10,5,180,0,0,0,1,1,26,6
position,WTD_upload/Methane_1000/L4/201102210812_board_setPoint_500V_fan_setPoint_100_mfc_setPoint_Methane_1000ppm_p7,20110221,L4,100,train,e93026b29606a10f7c71b0edcb74fbc0134e1adf4c48f493bb8a7848d1501078,15143,0,20.18,200.17,10,5,174,0,0,0,1,1,30,10
position,WTD_upload/Methane_1000/L4/201102210843_board_setPoint_500V_fan_setPoint_000_mfc_setPoint_Methane_1000ppm_p7,20110221,L4,000,train,c9899cd1b12eb52ef166aa03ce589f9bb25a8b3e52a3c2e09dd56f8816c57e2e,15637,0,20.2,200.17,10,5,160,0,0,0,1,1,41,21
position,WTD_upload/Methane_1000/L4/201102210915_board_setPoint_500V_fan_setPoint_060_mfc_setPoint_Methane_1000ppm_p7,20110221,L4,060,train,8508d60bf81811d3ff449144fe01b64822f3a1a503c37c428f67da1d6ad1bf8e,12324,0,20.17,200.14,5,3,117,0,0,0,1,1,28,8
position,WTD_upload/Methane_1000/L4/201102210947_board_setPoint_500V_fan_setPoint_100_mfc_setPoint_Methane_1000ppm_p7,20110221,L4,100,train,2a6b912d1104ae9820343eea4cca839bbef4a868b9736e0a8e0ba975b7ef4ce6,14461,0,20.15,200.641,6,5,142,0,0,0,1,1,29,9
position,WTD_upload/Methane_1000/L4/201102211018_board_setPoint_500V_fan_setPoint_000_mfc_setPoint_Methane_1000ppm_p7,20110221,L4,000,train,5df55469de3c5fbe0ecf1a8b5465000ed3163ea908ac240fa84d12a7f160e639,13704,0,20.13,200.23,10,5,161,0,0,0,1,1,34,14
position,WTD_upload/Methane_1000/L4/201102211050_board_setPoint_500V_fan_setPoint_060_mfc_setPoint_Methane_1000ppm_p7,20110221,L4,060,train,aeda3a0d0cde60652ff73bc4cfddb7b3e2f248eb14f0f9837a64b65261beab45,23665,0,20.226,200.213,10,5,172,0,0,0,1,1,40,20
position,WTD_upload/Methane_1000/L4/201102211122_board_setPoint_500V_fan_setPoint_100_mfc_setPoint_Methane_1000ppm_p7,20110221,L4,100,train,8a819cd7695b12147ca0732a83133cf8d9b74a03e5c0e4f5eca6c2473fd9bd8a,20563,0,20.25,200.211,10,5,177,0,0,0,1,1,25,5
position,WTD_upload/Methane_1000/L4/201102211153_board_setPoint_500V_fan_setPoint_000_mfc_setPoint_Methane_1000ppm_p7,20110221,L4,000,train,2b7e235f7ecdd363f9d7264b0b9794ea6a58272ae01f74115f4684d9eda71441,16403,0,20.19,200.16,10,5,181,0,0,0,1,1,39,19
position,WTD_upload/Methane_1000/L4/201102211225_board_setPoint_500V_fan_setPoint_060_mfc_setPoint_Methane_1000ppm_p7,20110221,L4,060,train,a81d34bac0b8d6501a78e4317e83c64d257e85a7e27d26b65fd3f9731dd31a94,12728,0,20.15,200.26,7,4,166,0,0,0,1,1,39,19
position,WTD_upload/Methane_1000/L4/201102211257_board_setPoint_500V_fan_setPoint_100_mfc_setPoint_Methane_1000ppm_p7,20110221,L4,100,train,bc0371c45f025227d2b2373157f9a9165e6946b3cf3e4a19cbfa92686bf5df3e,14629,0,20.2,200.17,9,3,173,0,0,0,1,1,35,15
position,WTD_upload/Methane_1000/L4/201102211328_board_setPoint_500V_fan_setPoint_000_mfc_setPoint_Methane_1000ppm_p7,20110221,L4,000,train,5621ef6e505b742dc50c04a484e003fa0e7c776506905961245244cd2c15492b,12684,0,20.13,200.23,10,5,157,0,0,0,1,1,51,31
position,WTD_upload/Methane_1000/L4/201102211400_board_setPoint_500V_fan_setPoint_060_mfc_setPoint_Methane_1000ppm_p7,20110221,L4,060,train,2395d1ac73fcd2b7a6fd2578c3012f8d9ca333c0b1821c0611a6d96c2d03abb4,15892,0,20.2,200.15,10,5,169,0,0,0,1,1,42,22
position,WTD_upload/Methane_1000/L4/201102211432_board_setPoint_500V_fan_setPoint_100_mfc_setPoint_Methane_1000ppm_p7,20110221,L4,100,train,000771c085c0782e9c11cd666d1e1bc475cf0e2615d276e809f1c99e0f97b1f5,12922,0,20.23,200.19,7,5,126,0,0,0,1,1,35,15
position,WTD_upload/Methane_1000/L4/201102211503_board_setPoint_500V_fan_setPoint_000_mfc_setPoint_Methane_1000ppm_p7,20110221,L4,000,train,3763164dc5cca33f2b3030dafbc3989e44816a5c8f21999cbad27e6a17be9efe,16507,0,20.16,200.14,10,4,174,0,0,0,1,1,39,19
position,WTD_upload/Methane_1000/L4/201102211535_board_setPoint_500V_fan_setPoint_060_mfc_setPoint_Methane_1000ppm_p7,20110221,L4,060,train,32edebd42ea876d319e8cbf9f1dea29b58b1ce3fc21bbc115e2885ad03e85f66,13266,0,20.24,200.19,10,4,168,0,0,0,1,1,40,20
position,WTD_upload/Methane_1000/L4/201102211607_board_setPoint_500V_fan_setPoint_100_mfc_setPoint_Methane_1000ppm_p7,20110221,L4,100,train,154415e7a86bcf3b89f6076f35e7c9aa7beb2f52e3e4c224a51930a7ad254794,22972,0,20.17,200.141,10,5,177,0,0,0,1,1,27,7
position,WTD_upload/Methane_1000/L5/201102212248_board_setPoint_500V_fan_setPoint_000_mfc_setPoint_Methane_1000ppm_p9,20110221,L5,000,validation,b883c89ef73a2e9c1affc2eaf514b8f027651b35a8dcfee5548778b593fc366c,13627,0,20.23,200.2,10,5,179,0,0,0,1,1,26,6
position,WTD_upload/Methane_1000/L5/201102212319_board_setPoint_500V_fan_setPoint_060_mfc_setPoint_Methane_1000ppm_p9,20110221,L5,060,validation,86e83b8c7f9ccd08198f12606db43ce779c14e8e5583f95e657f2e3e46cbef27,18244,0,20.19,200.17,8,4,160,0,0,0,1,1,44,24
position,WTD_upload/Methane_1000/L5/201102212351_board_setPoint_500V_fan_setPoint_100_mfc_setPoint_Methane_1000ppm_p9,20110221,L5,100,validation,8f5f92149399f0a001773a90e54660c4b27d9eeccb12f53c7cd4480d4e2f7eec,14775,4,20.18,200.161,10,3,167,0,0,0,1,1,25,5
position,WTD_upload/Methane_1000/L5/201102220023_board_setPoint_500V_fan_setPoint_000_mfc_setPoint_Methane_1000ppm_p9,20110222,L5,000,validation,81261e2e7b0ba3232cea3969d3954ece3df380c0e85d1f1b837e923ed28077de,18342,0,20.135,200.25,10,5,182,0,0,0,1,1,28,8
position,WTD_upload/Methane_1000/L5/201102220054_board_setPoint_500V_fan_setPoint_060_mfc_setPoint_Methane_1000ppm_p9,20110222,L5,060,validation,2ab86623cf9ac9fa1f0737663c2d61f502ed56c635005aa140d0fe5e1361f586,16843,0,20.14,200.241,10,5,183,0,0,0,1,1,30,10
position,WTD_upload/Methane_1000/L5/201102220126_board_setPoint_500V_fan_setPoint_100_mfc_setPoint_Methane_1000ppm_p9,20110222,L5,100,validation,0c6a58b522db4a6043894038fb53ef6683ab640ecd3623f9bf3d7bf66bbafa76,14779,0,20.24,200.2,10,5,164,0,0,0,1,1,26,6
position,WTD_upload/Methane_1000/L5/201102220158_board_setPoint_500V_fan_setPoint_000_mfc_setPoint_Methane_1000ppm_p9,20110222,L5,000,validation,014cd89d6e8b11118ebb0ec49440f021225ceaecffdc205fe96f95cc84f55ebf,24869,0,20.18,200.161,10,5,183,0,0,0,1,1,33,13
position,WTD_upload/Methane_1000/L5/201102220229_board_setPoint_500V_fan_setPoint_060_mfc_setPoint_Methane_1000ppm_p9,20110222,L5,060,validation,9641d18961aba3838a424e77d64fe839719b762cc463e1da17df457852aecafa,25316,0,20.155,200.132,10,5,185,0,0,0,1,1,43,23
position,WTD_upload/Methane_1000/L5/201102220301_board_setPoint_500V_fan_setPoint_100_mfc_setPoint_Methane_1000ppm_p9,20110222,L5,100,validation,cbfb4bbaabb5277bc6a202fe49c8419fdfcb3d62d00a6c8fc2c03d3dd39553c7,13646,0,20.14,200.24,10,4,178,0,0,0,1,1,31,11
position,WTD_upload/Methane_1000/L5/201102220333_board_setPoint_500V_fan_setPoint_000_mfc_setPoint_Methane_1000ppm_p9,20110222,L5,000,validation,28ed34f6b2f654b99f3f8671ecd9cf9014b4e63fa062ea633142ff5badcb9f08,14545,0,20.16,200.26,10,5,177,0,0,0,1,1,64,44
position,WTD_upload/Methane_1000/L5/201102220404_board_setPoint_500V_fan_setPoint_060_mfc_setPoint_Methane_1000ppm_p9,20110222,L5,060,validation,9283d3ff4a5a60ccd204834da6e61691bdb4394f4307c2cc086de339c5b9b357,20953,0,20.17,200.25,10,5,182,0,0,0,1,1,41,21
position,WTD_upload/Methane_1000/L5/201102220436_board_setPoint_500V_fan_setPoint_100_mfc_setPoint_Methane_1000ppm_p9,20110222,L5,100,validation,de810131b880865f5fd43d890083082fa94853079da0e9615ab01f5627f0c727,19997,0,20.14,200.24,10,5,181,0,0,0,1,1,27,7
position,WTD_upload/Methane_1000/L5/201102220508_board_setPoint_500V_fan_setPoint_000_mfc_setPoint_Methane_1000ppm_p9,20110222,L5,000,validation,4866eb680a138c9d46c6b9011f2d45e794cd4d4b29ab83f30bac7a980507d55d,17729,0,20.2,200.17,9,5,179,0,0,0,1,1,33,13
position,WTD_upload/Methane_1000/L5/201102220540_board_setPoint_500V_fan_setPoint_060_mfc_setPoint_Methane_1000ppm_p9,20110222,L5,060,validation,7519bbcb9468e2ffbabbeb72b1f459a4997d6759965d09063e962fa1cd5de815,13023,0,20.19,200.16,8,5,175,0,0,0,1,1,36,16
position,WTD_upload/Methane_1000/L5/201102220611_board_setPoint_500V_fan_setPoint_100_mfc_setPoint_Methane_1000ppm_p9,20110222,L5,100,validation,5ec18b5415a70789276e8a875ad9e5c4f6d6bb268e47565f8c99cad69967429e,23258,0,20.145,200.247,10,5,185,0,0,0,1,1,29,9
position,WTD_upload/Methane_1000/L5/201102220643_board_setPoint_500V_fan_setPoint_000_mfc_setPoint_Methane_1000ppm_p9,20110222,L5,000,validation,f68a901f50f9d344a6a261716a6cb7689f4a60467616ef875369531f06a02a6c,17995,0,20.14,200.24,10,5,184,0,0,0,1,1,78,58
position,WTD_upload/Methane_1000/L5/201102220715_board_setPoint_500V_fan_setPoint_060_mfc_setPoint_Methane_1000ppm_p9,20110222,L5,060,validation,679ca2d6724db5795f785b198b2d27acf1f88630faac46b57998861fb069baa1,14109,0,20.14,200.23,10,5,185,0,0,0,1,1,40,20
position,WTD_upload/Methane_1000/L5/201102220746_board_setPoint_500V_fan_setPoint_100_mfc_setPoint_Methane_1000ppm_p9,20110222,L5,100,validation,9be38f9deb5a9eac60cf32cd3acde5a2a837059b9b254ac6bd0157a88028d795,19468,0,20.13,200.23,10,5,181,0,0,0,1,1,27,7
position,WTD_upload/Methane_1000/L5/201102220818_board_setPoint_500V_fan_setPoint_000_mfc_setPoint_Methane_1000ppm_p9,20110222,L5,000,validation,fa68af14c58cfaf72d08c8f660ace65199834a10ed77ee70894efeb40d82231c,13194,0,20.211,200.181,6,1,143,0,0,0,1,1,34,14
position,WTD_upload/Methane_1000/L5/201102220850_board_setPoint_500V_fan_setPoint_060_mfc_setPoint_Methane_1000ppm_p9,20110222,L5,060,validation,6f755af91b6b33d5c78b5877855f3f9720259b330c7b38e2c5c91c92824f0d2f,14882,0,20.17,200.14,10,5,171,0,0,0,1,1,31,11
position,WTD_upload/Methane_1000/L5/201102220921_board_setPoint_500V_fan_setPoint_100_mfc_setPoint_Methane_1000ppm_p9,20110222,L5,100,validation,fd3ddf893b41f67f9e694c97b7a0f2ae1736891872c061b443d8587f366f6806,19920,0,20.239,200.215,10,5,185,0,0,0,1,1,29,9
position,WTD_upload/Methane_1000/L5/201102220953_board_setPoint_500V_fan_setPoint_000_mfc_setPoint_Methane_1000ppm_p9,20110222,L5,000,validation,0f5e17f548b1098da5d468f1a55ae10bbc86db1eaf4658c99bebc565092907fe,15043,0,20.23,200.21,9,5,178,0,0,0,1,1,48,28
position,WTD_upload/Methane_1000/L5/201102221025_board_setPoint_500V_fan_setPoint_060_mfc_setPoint_Methane_1000ppm_p9,20110222,L5,060,validation,304e4c5758f378b5a8a6c4c5d87328f138edb73412ea717b2096c723cbad798c,14109,0,20.19,200.18,9,5,163,0,0,0,1,1,41,21
position,WTD_upload/Methane_1000/L5/201102221056_board_setPoint_500V_fan_setPoint_100_mfc_setPoint_Methane_1000ppm_p9,20110222,L5,100,validation,b744dee711eb5d208cb89acb945e8c4369719390fb6b1ef0376486faf9d19f06,24584,0,20.142,200.243,10,5,185,0,0,0,1,1,28,8
position,WTD_upload/Methane_1000/L5/201102221128_board_setPoint_500V_fan_setPoint_000_mfc_setPoint_Methane_1000ppm_p9,20110222,L5,000,validation,de1f41e8df5d087b0efbb9fd8b4bcb528b20e1cd874d58f930b854c17e3924a5,13020,0,20.22,200.19,10,5,185,0,0,0,1,1,28,8
position,WTD_upload/Methane_1000/L5/201102221200_board_setPoint_500V_fan_setPoint_060_mfc_setPoint_Methane_1000ppm_p9,20110222,L5,060,validation,f63837d0b4a88edaadacce3ac85f68b57cc245ca7e9d6f8b57408da67fae97a0,17031,0,20.17,200.13,10,5,177,0,0,0,1,1,28,8
position,WTD_upload/Methane_1000/L5/201102221231_board_setPoint_500V_fan_setPoint_100_mfc_setPoint_Methane_1000ppm_p9,20110222,L5,100,validation,b96c773011feb2ef360784dd0c73a9a1c7cceb3b39feee629724d19a868ec9e8,12556,0,20.2,200.17,8,4,123,0,0,0,1,1,32,12
position,WTD_upload/Methane_1000/L5/201102221303_board_setPoint_500V_fan_setPoint_000_mfc_setPoint_Methane_1000ppm_p9,20110222,L5,000,validation,34ca69e602b966e088b89eef6e6c28c6434afeb4f848339a6b2e32bbf943d553,21114,0,20.14,200.23,10,5,185,0,0,0,1,1,74,54
position,WTD_upload/Methane_1000/L5/201102221335_board_setPoint_500V_fan_setPoint_060_mfc_setPoint_Methane_1000ppm_p9,20110222,L5,060,validation,dd71362f69002b1fe767cd2be2ce6b2ebfe926a2f90c3bfa343624408ec283e1,23914,0,20.18,200.15,10,5,183,0,0,0,1,1,44,24
position,WTD_upload/Methane_1000/L5/201102221406_board_setPoint_500V_fan_setPoint_100_mfc_setPoint_Methane_1000ppm_p9,20110222,L5,100,validation,40a1bf1342a29b128685d973da3b62f92fc9aa0da9f8d2bc66fb99b01b3cb42a,19379,0,20.201,200.178,10,5,183,0,0,0,1,1,35,15
position,WTD_upload/Methane_1000/L5/201102221438_board_setPoint_500V_fan_setPoint_000_mfc_setPoint_Methane_1000ppm_p9,20110222,L5,000,validation,bee7a2132ebd7c2d489f5da9e67fd63ea7be16e3be167d141396ec6da61564a2,23538,0,20.23,200.2,10,5,182,0,0,0,1,1,38,18
position,WTD_upload/Methane_1000/L5/201102221510_board_setPoint_500V_fan_setPoint_060_mfc_setPoint_Methane_1000ppm_p9,20110222,L5,060,validation,c8e1873eecf21dd55f85fea2ac37a5a333642434cfd7454b9a82c3eef1b9a57e,18267,0,20.149,200.134,10,5,183,0,0,0,1,1,36,16
position,WTD_upload/Methane_1000/L5/201102221541_board_setPoint_500V_fan_setPoint_100_mfc_setPoint_Methane_1000ppm_p9,20110222,L5,100,validation,95065865aae348d4c9b0eb0bea0efe59fc395b34de0f82233e28edb08b88d865,14959,0,20.174,200.14,10,5,183,0,0,0,1,1,26,6
position,WTD_upload/Methane_1000/L5/201102221613_board_setPoint_500V_fan_setPoint_000_mfc_setPoint_Methane_1000ppm_p9,20110222,L5,000,validation,a59da708d0a32df14ec4d373afc8579bfe16947510fde32e0782ee18018f3ff6,12699,0,20.19,200.161,5,5,91,0,0,0,1,1,41,21
position,WTD_upload/Methane_1000/L5/201102221645_board_setPoint_500V_fan_setPoint_060_mfc_setPoint_Methane_1000ppm_p9,20110222,L5,060,validation,2f0285b707ecd98a250e40146b8ba20ba206a021ac4656b4f09999942f72074e,14756,0,20.21,200.19,10,5,181,0,0,0,1,1,45,25
position,WTD_upload/Methane_1000/L5/201102221716_board_setPoint_500V_fan_setPoint_100_mfc_setPoint_Methane_1000ppm_p9,20110222,L5,100,validation,9bf6db62634bd6c005deeb0ae5dcf9dbfdfe5b8e21d9a65d2aec9a4065fe135a,24561,0,20.2,200.171,10,5,184,0,0,0,1,1,24,4
position,WTD_upload/Methane_1000/L5/201102221748_board_setPoint_500V_fan_setPoint_000_mfc_setPoint_Methane_1000ppm_p9,20110222,L5,000,validation,e19e9bcc1c1eeaa0867a0ced56d2887e83a0842bcf4ed7d9f9160a149232f656,12971,0,20.231,200.196,8,5,123,0,0,0,1,1,52,32
position,WTD_upload/Methane_1000/L5/201102221820_board_setPoint_500V_fan_setPoint_060_mfc_setPoint_Methane_1000ppm_p9,20110222,L5,060,validation,242f4b495bfb3988d1e30ff83f6f860095cc2d1b64712c6e35d57178ae4690b4,13221,0,20.151,200.24,6,2,150,0,0,0,1,1,30,10
position,WTD_upload/Methane_1000/L5/201102221851_board_setPoint_500V_fan_setPoint_100_mfc_setPoint_Methane_1000ppm_p9,20110222,L5,100,validation,67c8edeab53ddeedaacd632617cc940b0786442481731cb7aff5683894b7a4fd,20022,0,20.21,200.18,10,5,184,0,0,0,1,1,36,16
position,WTD_upload/Methane_1000/L5/201102221923_board_setPoint_500V_fan_setPoint_000_mfc_setPoint_Methane_1000ppm_p9,20110222,L5,000,validation,26d70d54ed5e2c44d18e58c8bf46671c9b73085f40fb9a1072be7f84347cd405,24809,0,20.15,200.238,10,5,184,0,0,0,1,1,29,9
position,WTD_upload/Methane_1000/L5/201102221955_board_setPoint_500V_fan_setPoint_060_mfc_setPoint_Methane_1000ppm_p9,20110222,L5,060,validation,c8e4fadaf394daf92719e93955614b71f683de865a5e1c8c5e752f97a02ccaac,14020,0,20.24,200.2,7,3,166,0,0,0,1,1,30,10
position,WTD_upload/Methane_1000/L5/201102222026_board_setPoint_500V_fan_setPoint_100_mfc_setPoint_Methane_1000ppm_p9,20110222,L5,100,validation,9944bf0608767f09bec3685a4af1949f866ad79cd5d3a83197e3fdb3fcf7b07e,14459,0,20.14,200.25,5,3,144,0,0,0,1,1,25,5
position,WTD_upload/Methane_1000/L5/201102222058_board_setPoint_500V_fan_setPoint_000_mfc_setPoint_Methane_1000ppm_p9,20110222,L5,000,validation,c273444153f1aa8cf232edf64e6efbe69d03504ec6818c5ee5c991f1f88999ae,25218,0,20.184,200.161,10,5,183,0,0,0,1,1,26,6
position,WTD_upload/Methane_1000/L5/201102222130_board_setPoint_500V_fan_setPoint_060_mfc_setPoint_Methane_1000ppm_p9,20110222,L5,060,validation,6bbb07e46f6a60826a215b21f0dac1c669e9147a7ed2f1cb8fd3897b2a4048ee,21145,0,20.236,200.21,10,5,184,0,0,0,1,1,75,55
position,WTD_upload/Methane_1000/L5/201102222202_board_setPoint_500V_fan_setPoint_100_mfc_setPoint_Methane_1000ppm_p9,20110222,L5,100,validation,263d9b65ebaefb2a2050b2c9ac3bc9584c3a68133cc4b4ce46842fe650444190,12862,0,20.23,200.21,9,4,132,0,0,0,1,1,31,11
position,WTD_upload/Methane_1000/L5/201102222233_board_setPoint_500V_fan_setPoint_000_mfc_setPoint_Methane_1000ppm_p9,20110222,L5,000,validation,14f1bc4bc02631af3a6c480667b57257cd14a31b9027eac43d5e92525cf0eb61,15760,0,20.18,200.16,10,4,179,0,0,0,1,1,30,10
position,WTD_upload/Methane_1000/L5/201102222305_board_setPoint_500V_fan_setPoint_060_mfc_setPoint_Methane_1000ppm_p9,20110222,L5,060,validation,5dc7ef3a5656f2165be6ad3fc5f06934025648e478c9a902e6ddda080c4eca7e,18459,0,20.23,200.2,9,5,178,0,0,0,1,1,28,8
position,WTD_upload/Methane_1000/L5/201102222337_board_setPoint_500V_fan_setPoint_100_mfc_setPoint_Methane_1000ppm_p9,20110222,L5,100,validation,196d81790c0220132c8dee8a9ab0d5e957f280171a02dd72ed3a92eba04fdfa5,13918,0,20.14,200.25,10,5,165,0,0,0,1,1,25,5
position,WTD_upload/Methane_1000/L5/201102230008_board_setPoint_500V_fan_setPoint_000_mfc_setPoint_Methane_1000ppm_p9,20110223,L5,000,validation,188e0d4ea87c7fba09acb953dfe762d7e0dff1f54a54ca21034447951fbe06ae,14340,0,20.22,200.2,10,5,178,0,0,0,1,1,49,29
position,WTD_upload/Methane_1000/L5/201102230040_board_setPoint_500V_fan_setPoint_060_mfc_setPoint_Methane_1000ppm_p9,20110223,L5,060,validation,0d78b15a9005cfc5051f96c9376e3678717b4a6126d8dd5ae9e06c392f040a6b,20099,0,20.15,200.24,10,5,185,0,0,0,1,1,44,24
position,WTD_upload/Methane_1000/L5/201102230112_board_setPoint_500V_fan_setPoint_100_mfc_setPoint_Methane_1000ppm_p9,20110223,L5,100,validation,4ecadb7a7f976be901166cdbc39d80728c56b81d82d6d837b5f674fe716a87e3,25581,0,20.21,200.19,10,5,185,0,0,0,1,1,23,3
position,WTD_upload/Methane_1000/L5/201102230143_board_setPoint_500V_fan_setPoint_000_mfc_setPoint_Methane_1000ppm_p9,20110223,L5,000,validation,233cadb29a3eab1796cde33f5407ddccc788c9f0e24d40474ef0273d92db2e88,13019,0,20.17,200.15,7,2,121,0,0,0,1,1,34,14
position,WTD_upload/Methane_1000/L5/201102230215_board_setPoint_500V_fan_setPoint_060_mfc_setPoint_Methane_1000ppm_p9,20110223,L5,060,validation,6200e8f8fdf5c39fe8111f1ced93615d64371e33c33bccd1dc993f6f5e0b57f6,23015,0,20.234,200.201,10,5,183,0,0,0,1,1,41,21
position,WTD_upload/Methane_1000/L5/201102230247_board_setPoint_500V_fan_setPoint_100_mfc_setPoint_Methane_1000ppm_p9,20110223,L5,100,validation,02d2d062d645cf75f1faaeff7f0c1a72d404f9ecdc6626dd81649e07e4311c20,25209,0,20.21,200.179,10,5,185,0,0,0,1,1,29,9
position,WTD_upload/Methane_1000/L5/201102230318_board_setPoint_500V_fan_setPoint_000_mfc_setPoint_Methane_1000ppm_p9,20110223,L5,000,validation,04967fdc9d5fa07e22b337b8626c40588b10d3d4092597d43e508fa09d2b9e25,13228,0,20.2,200.17,8,2,115,0,0,0,1,1,50,30
position,WTD_upload/Methane_1000/L5/201102230350_board_setPoint_500V_fan_setPoint_060_mfc_setPoint_Methane_1000ppm_p9,20110223,L5,060,validation,1debe490fd2d2a7f94d71dff193ae63ffa4754cd68f897794693b55246f88350,14488,0,20.19,200.17,9,5,181,0,0,0,1,1,35,15
position,WTD_upload/Methane_1000/L5/201102230422_board_setPoint_500V_fan_setPoint_100_mfc_setPoint_Methane_1000ppm_p9,20110223,L5,100,validation,964b2c5201d0d4c9452340608a1e4309a7b03eddd10b56fcd8ecaaa793955910,25152,0,20.15,200.13,10,5,185,0,0,0,1,1,35,15
position,WTD_upload/Methane_1000/L5/201102230453_board_setPoint_500V_fan_setPoint_000_mfc_setPoint_Methane_1000ppm_p9,20110223,L5,000,validation,46b6b66d76cdb84d0d7eefd6fcbbfb2f88289a4106b6f585ea7cec402e16e086,22511,0,20.23,200.21,9,5,182,0,0,0,1,1,28,8
position,WTD_upload/Methane_1000/L5/201102230525_board_setPoint_500V_fan_setPoint_060_mfc_setPoint_Methane_1000ppm_p9,20110223,L5,060,validation,5022e8d4d17fd23de0eb0bf6dcd37275e7b452732f94863bcf13dbea77dc93d5,11553,0,20.21,200.2,7,4,98,0,0,0,1,1,48,28
position,WTD_upload/Methane_1000/L5/201102230557_board_setPoint_500V_fan_setPoint_100_mfc_setPoint_Methane_1000ppm_p9,20110223,L5,100,validation,2f5722809253413cac0cde053fb8c04e92b99b62a8dfe348315ab6f89ad4c389,21993,0,20.17,200.121,10,4,171,0,0,0,1,1,38,18
position,WTD_upload/Methane_1000/L6/201102230817_board_setPoint_500V_fan_setPoint_000_mfc_setPoint_Methane_1000ppm_p11,20110223,L6,000,test,9c14c22022c1ab93df1bd0e89d92d626b88bc0d5b73977b9af315de3f3955e33,12925,0,20.18,200.15,10,4,164,0,0,0,1,1,26,6
position,WTD_upload/Methane_1000/L6/201102230849_board_setPoint_500V_fan_setPoint_060_mfc_setPoint_Methane_1000ppm_p11,20110223,L6,060,test,565f9fc07b63284786c55e6fb035e358578c37fab30a02d1c6405680b360ac32,25198,0,20.226,200.203,10,5,185,0,0,0,1,1,31,11
position,WTD_upload/Methane_1000/L6/201102230920_board_setPoint_500V_fan_setPoint_100_mfc_setPoint_Methane_1000ppm_p11,20110223,L6,100,test,722a48137aa050abc564e89712bde3d972d5ba1357cc005bf4173d8360732541,12781,0,20.18,200.16,8,5,92,0,0,0,1,1,28,8
position,WTD_upload/Methane_1000/L6/201102230952_board_setPoint_500V_fan_setPoint_000_mfc_setPoint_Methane_1000ppm_p11,20110223,L6,000,test,a8a61546f247c13960f0bc45ccc3fc9bcd057f2e4bc66b6e2e8abd8e5ea2cb83,23613,0,20.23,200.2,10,5,185,0,0,0,1,1,32,12
position,WTD_upload/Methane_1000/L6/201102231024_board_setPoint_500V_fan_setPoint_060_mfc_setPoint_Methane_1000ppm_p11,20110223,L6,060,test,2d8fefe8c305d064bbd0e9d415f73d30efe39fdb908838874fbc7a1a204abb59,25687,0,20.16,200.13,10,5,185,0,0,0,1,1,62,42
position,WTD_upload/Methane_1000/L6/201102231056_board_setPoint_500V_fan_setPoint_100_mfc_setPoint_Methane_1000ppm_p11,20110223,L6,100,test,4725f8632e4ef25a76949bec87be9fe3874988c3de664e78984e22ecd2acaf9e,14663,0,20.21,200.17,9,5,181,0,0,0,1,1,28,8
position,WTD_upload/Methane_1000/L6/201102231127_board_setPoint_500V_fan_setPoint_000_mfc_setPoint_Methane_1000ppm_p11,20110223,L6,000,test,253109a7948f1aa798597ac51a7da7d8a7ab9b03eac4291beb35522925325275,14508,0,20.21,200.19,10,5,181,0,0,0,1,1,25,5
position,WTD_upload/Methane_1000/L6/201102231159_board_setPoint_500V_fan_setPoint_060_mfc_setPoint_Methane_1000ppm_p11,20110223,L6,060,test,b1fe727570ca2023b8d5e3cc0f3cf491b9c486af7fb7415032c2fadcdf371d8c,13014,0,20.15,200.26,8,5,136,0,0,0,1,1,53,33
position,WTD_upload/Methane_1000/L6/201102231231_board_setPoint_500V_fan_setPoint_100_mfc_setPoint_Methane_1000ppm_p11,20110223,L6,100,test,10122e4d0dc5969a6308da0149d4eb944f5d8932c331e129457f5469abddd006,13177,0,20.19,200.16,10,4,184,0,0,0,1,1,23,3
position,WTD_upload/Methane_1000/L6/201102231302_board_setPoint_500V_fan_setPoint_000_mfc_setPoint_Methane_1000ppm_p11,20110223,L6,000,test,695183e8bdf59d096e9009caf0e1b45ed5f998d034040701364016b4ac4fad6c,12495,0,20.2,200.17,2,1,66,0,0,0,1,1,42,22
position,WTD_upload/Methane_1000/L6/201102231334_board_setPoint_500V_fan_setPoint_060_mfc_setPoint_Methane_1000ppm_p11,20110223,L6,060,test,bf24f02bbbae6fd9d6b76730a40736653dbd3862cc2793a2c37fdebd1e485459,25101,0,20.22,200.188,10,5,183,0,0,0,1,1,26,6
position,WTD_upload/Methane_1000/L6/201102231406_board_setPoint_500V_fan_setPoint_100_mfc_setPoint_Methane_1000ppm_p11,20110223,L6,100,test,71b2bf2fcbbe8e5be8010f52a44a7fa117c520c7a4f68d1a480f3b430cc06471,20844,0,20.13,200.22,10,5,183,0,0,0,1,1,26,6
position,WTD_upload/Methane_1000/L6/201102231437_board_setPoint_500V_fan_setPoint_000_mfc_setPoint_Methane_1000ppm_p11,20110223,L6,000,test,32164350d1612e452427be0aecb64d173d907c6e26cfa7d5ff5e2089c51bf7bc,13598,0,20.15,200.24,10,4,140,0,0,0,1,1,23,3
position,WTD_upload/Methane_1000/L6/201102231509_board_setPoint_500V_fan_setPoint_060_mfc_setPoint_Methane_1000ppm_p11,20110223,L6,060,test,88310b0055329c440b74fcd3d84e9f20cd62487170267da1bdc946d8c422a7d6,13231,0,20.161,200.14,7,5,169,0,0,0,1,1,25,5
position,WTD_upload/Methane_1000/L6/201102231541_board_setPoint_500V_fan_setPoint_100_mfc_setPoint_Methane_1000ppm_p11,20110223,L6,100,test,d90d986b4ba9f37eac5260b32f3c954cdb49e195f747a1f29876e56f62f7ac69,14724,0,20.18,200.16,9,5,180,0,0,1,1,1,38,18
position,WTD_upload/Methane_1000/L6/201102231612_board_setPoint_500V_fan_setPoint_000_mfc_setPoint_Methane_1000ppm_p11,20110223,L6,000,test,ad74a0773b78d2052400447f41b46f6ca6d70913ac5dc64f0ec388463ded0d34,17919,0,20.201,200.17,10,5,179,0,0,0,1,1,27,7
position,WTD_upload/Methane_1000/L6/201102231644_board_setPoint_500V_fan_setPoint_060_mfc_setPoint_Methane_1000ppm_p11,20110223,L6,060,test,ddb700302e40a597feccf05667aa3f2df86ea0688d48b3c33229e1de3179d047,14828,0,20.23,200.2,10,5,179,0,0,0,1,1,42,22
position,WTD_upload/Methane_1000/L6/201102231716_board_setPoint_500V_fan_setPoint_100_mfc_setPoint_Methane_1000ppm_p11,20110223,L6,100,test,15cc09f6ccb84bcee5b77e9252d9726753667419663951632ac94b04e9d114ef,22480,0,20.228,200.196,10,5,183,0,0,0,1,1,26,6
position,WTD_upload/Methane_1000/L6/201102231747_board_setPoint_500V_fan_setPoint_000_mfc_setPoint_Methane_1000ppm_p11,20110223,L6,000,test,14f1c509387e25930f6401a2d9eaf1e05de9444df45f6d5fae082c8728fd287b,14299,0,20.15,200.25,10,5,170,0,0,0,1,1,23,3
position,WTD_upload/Methane_1000/L6/201102231819_board_setPoint_500V_fan_setPoint_060_mfc_setPoint_Methane_1000ppm_p11,20110223,L6,060,test,3bd5f771d58f6cf746c687a26a78cdcddce9b3eff886773a26188389bddd3652,13910,0,20.17,200.25,9,4,173,0,0,0,1,1,53,33
position,WTD_upload/Methane_1000/L6/201102231851_board_setPoint_500V_fan_setPoint_100_mfc_setPoint_Methane_1000ppm_p11,20110223,L6,100,test,2dea3f69031b5c0851b673839708e519226670a762fd2fab568b5740f9f576fa,13521,0,20.2,200.17,7,2,129,0,0,0,1,1,23,3
position,WTD_upload/Methane_1000/L6/201102231922_board_setPoint_500V_fan_setPoint_000_mfc_setPoint_Methane_1000ppm_p11,20110223,L6,000,test,a5166c0a29a862a54831f5159015ad76c4d7420714d65a72ff81840dc12451a7,24062,0,20.23,200.2,10,5,185,0,0,0,1,1,23,3
position,WTD_upload/Methane_1000/L6/201102231954_board_setPoint_500V_fan_setPoint_060_mfc_setPoint_Methane_1000ppm_p11,20110223,L6,060,test,2011f11d89bd008440ce0c376e90001f2aa8f7c2362c440c616d47d56e1d73a6,18119,0,20.15,200.24,10,5,184,0,0,0,1,1,55,35
position,WTD_upload/Methane_1000/L6/201102232026_board_setPoint_500V_fan_setPoint_100_mfc_setPoint_Methane_1000ppm_p11,20110223,L6,100,test,c49e12cdfc0242e10b6397d805ec4edcf7e37b83f9b32d788cb7bc08cb9d64dc,13765,0,20.19,200.15,8,5,172,0,0,0,1,1,28,8
position,WTD_upload/Methane_1000/L6/201102232057_board_setPoint_500V_fan_setPoint_000_mfc_setPoint_Methane_1000ppm_p11,20110223,L6,000,test,50349d2e5fee866614aa1f01b5f832de96ac35bf03ee8b4f9ffb9e2ea1908955,15677,0,20.23,200.191,10,5,181,0,0,0,1,1,24,4
position,WTD_upload/Methane_1000/L6/201102232129_board_setPoint_500V_fan_setPoint_060_mfc_setPoint_Methane_1000ppm_p11,20110223,L6,060,test,b3fb88dcd9e8f1c86292e5fdbafe39e23131adb08fdc3225cfd12bf132fa6ea6,13450,0,20.151,200.13,10,5,183,0,0,0,1,1,68,48
position,WTD_upload/Methane_1000/L6/201102232201_board_setPoint_500V_fan_setPoint_100_mfc_setPoint_Methane_1000ppm_p11,20110223,L6,100,test,066f09c2f49aef4d65683cabf7f11c1271103010d644424749cabe6890e63d08,13860,0,20.2,200.17,9,5,175,0,0,0,1,1,25,5
position,WTD_upload/Methane_1000/L6/201102232232_board_setPoint_500V_fan_setPoint_000_mfc_setPoint_Methane_1000ppm_p11,20110223,L6,000,test,c5b137e923bc7ada2bdf3c1431d7ff9d4640e3e2b6cb8368288f60eea4559d83,16582,0,20.24,200.2,9,5,181,0,0,0,1,1,32,12
position,WTD_upload/Methane_1000/L6/201102232304_board_setPoint_500V_fan_setPoint_060_mfc_setPoint_Methane_1000ppm_p11,20110223,L6,060,test,be083d2468bca1faea93762622ba8beb4d82266ad72f1f1d2949641047450d16,20479,0,20.237,200.206,10,5,183,0,0,0,1,1,44,24
position,WTD_upload/Methane_1000/L6/201102232336_board_setPoint_500V_fan_setPoint_100_mfc_setPoint_Methane_1000ppm_p11,20110223,L6,100,test,5200d379190151eef25f571590fbaafbd6e374fdd79cbf779943f087407067ab,14188,0,20.16,200.24,10,3,180,0,0,0,1,1,26,6
position,WTD_upload/Methane_1000/L6/201102240007_board_setPoint_500V_fan_setPoint_000_mfc_setPoint_Methane_1000ppm_p11,20110224,L6,000,test,18496fd574c30a4523a75d22ae7c25ae79720f0c3bd58a84d0ec5c60da17be5f,13575,0,20.15,200.27,7,5,150,1,1,0,1,1,25,5
position,WTD_upload/Methane_1000/L6/201102240039_board_setPoint_500V_fan_setPoint_060_mfc_setPoint_Methane_1000ppm_p11,20110224,L6,060,test,86795d151f21ec3d98e976aba4814c0f489aae43a8d31fd6da6bbaf9c0473f7b,15398,0,20.24,200.2,6,5,159,0,0,0,1,1,28,8
position,WTD_upload/Methane_1000/L6/201102240111_board_setPoint_500V_fan_setPoint_100_mfc_setPoint_Methane_1000ppm_p11,20110224,L6,100,test,6fcf3b954da97b4cf00eb27fadb2a5bc930050662aeabd13d3350058367d5962,18803,0,20.142,200.241,10,5,168,0,0,0,1,1,28,8
position,WTD_upload/Methane_1000/L6/201102240142_board_setPoint_500V_fan_setPoint_000_mfc_setPoint_Methane_1000ppm_p11,20110224,L6,000,test,30bcdff8cfe4828f26fbf84ac4d618581dd8cb1ce025873769c10f84b53de2c8,25203,0,20.202,200.176,10,5,185,0,0,0,1,1,34,14
position,WTD_upload/Methane_1000/L6/201102240214_board_setPoint_500V_fan_setPoint_060_mfc_setPoint_Methane_1000ppm_p11,20110224,L6,060,test,b9317dca4cd098c40c8f340e12811f6f882ae3ac11c743b1b9588d21674a31f3,12936,0,20.15,200.24,9,4,140,0,0,0,1,1,47,27
position,WTD_upload/Methane_1000/L6/201102240246_board_setPoint_500V_fan_setPoint_100_mfc_setPoint_Methane_1000ppm_p11,20110224,L6,100,test,219b736d74eb31ca17127affca1fd75cedaabeb3311af01f5f3420998484130c,14107,0,20.21,200.18,10,5,160,0,0,0,1,1,24,4
position,WTD_upload/Methane_1000/L6/201102240318_board_setPoint_500V_fan_setPoint_000_mfc_setPoint_Methane_1000ppm_p11,20110224,L6,000,test,09752ce4633f4a01093ab867316a8e7af94c05eab900c95558532dd7d5af0a2a,25392,0,20.132,200.235,10,5,185,0,0,0,1,1,40,20
position,WTD_upload/Methane_1000/L6/201102240349_board_setPoint_500V_fan_setPoint_060_mfc_setPoint_Methane_1000ppm_p11,20110224,L6,060,test,a2a594fd3500fd980065d6813fc3bdeac77241bcc2de8bfbe46f9af4e1b3d0d3,13514,0,20.2,200.17,10,5,156,0,0,0,1,1,40,20
position,WTD_upload/Methane_1000/L6/201102240421_board_setPoint_500V_fan_setPoint_100_mfc_setPoint_Methane_1000ppm_p11,20110224,L6,100,test,9c2eb610a4a98abe7e575e3aafcf197f086cc3f88c998d8e7c52a473fff15ac1,12964,0,20.25,200.23,4,3,115,0,0,0,1,1,56,36
position,WTD_upload/Methane_1000/L6/201102240453_board_setPoint_500V_fan_setPoint_000_mfc_setPoint_Methane_1000ppm_p11,20110224,L6,000,test,fde905e899c3a94c671cce31f16c21cc99ee262e7171c3538f1575c658257bf8,23039,0,20.15,200.24,10,5,184,0,0,0,1,1,37,17
position,WTD_upload/Methane_1000/L6/201102240524_board_setPoint_500V_fan_setPoint_060_mfc_setPoint_Methane_1000ppm_p11,20110224,L6,060,test,dc278490c5484a633e526340fb6e4f45b6bb44104d01b33bc0777e4bf5243316,22508,0,20.153,200.134,10,5,181,0,0,0,1,1,49,29
position,WTD_upload/Methane_1000/L6/201102240556_board_setPoint_500V_fan_setPoint_100_mfc_setPoint_Methane_1000ppm_p11,20110224,L6,100,test,1dd82d6536c8f9515cefea7165e3c38015e2d3fd71a9e5cf34b2bb89b8fd6b6c,12962,0,20.19,200.16,10,5,150,0,0,0,1,1,26,6
position,WTD_upload/Methane_1000/L6/201102240628_board_setPoint_500V_fan_setPoint_000_mfc_setPoint_Methane_1000ppm_p11,20110224,L6,000,test,32a57189646a6189293c11088dac875f43c30a4de538198d60f5d272db266ad0,20837,0,20.131,200.219,10,5,185,0,0,0,1,1,32,12
position,WTD_upload/Methane_1000/L6/201102240659_board_setPoint_500V_fan_setPoint_060_mfc_setPoint_Methane_1000ppm_p11,20110224,L6,060,test,639fe7f82ceadb93c2cf724c57212bfdebe589195669b7f5a0db8a0e0f4f3bf6,15636,0,20.19,200.15,10,5,180,0,0,0,1,1,42,22
position,WTD_upload/Methane_1000/L6/201102240731_board_setPoint_500V_fan_setPoint_100_mfc_setPoint_Methane_1000ppm_p11,20110224,L6,100,test,157430c3dde0eb373b0ffe079017319851f2e2343ba693ddfe9eafc99dd5a596,25100,0,20.231,200.204,10,5,184,0,0,0,1,1,26,6
position,WTD_upload/Methane_1000/L6/201102240803_board_setPoint_500V_fan_setPoint_000_mfc_setPoint_Methane_1000ppm_p11,20110224,L6,000,test,6529a08d70831ea13286c001d61f15ad44ee12a88a467f53a66df349c3acb971,13478,0,20.14,200.24,10,5,181,0,0,0,1,1,24,4
position,WTD_upload/Methane_1000/L6/201102240834_board_setPoint_500V_fan_setPoint_060_mfc_setPoint_Methane_1000ppm_p11,20110224,L6,060,test,d5066e01718c87dce7b6f78372cd048284545a940157f5a373a139a9c28b6d75,13041,0,20.17,200.15,8,5,167,0,0,0,1,0,90,70
position,WTD_upload/Methane_1000/L6/201102240906_board_setPoint_500V_fan_setPoint_100_mfc_setPoint_Methane_1000ppm_p11,20110224,L6,100,test,91ad030f31a6453431ca17d75f31c61750fe88ae7bcaae2c4bbf42c4699f1611,25516,0,20.15,200.25,10,5,185,0,0,0,1,1,27,7
position,WTD_upload/Methane_1000/L6/201102240938_board_setPoint_500V_fan_setPoint_000_mfc_setPoint_Methane_1000ppm_p11,20110224,L6,000,test,5dbccd72421ab034ddf57807e5157f475dadbd899bdc6cd8d149b65fe971d751,13019,0,20.21,200.18,9,5,140,0,0,0,1,1,65,45
position,WTD_upload/Methane_1000/L6/201102241009_board_setPoint_500V_fan_setPoint_060_mfc_setPoint_Methane_1000ppm_p11,20110224,L6,060,test,c89d11723ec76b27ffcf29271fc7effe60d23fc516f3af3364d08711d8c5f9c8,15955,0,20.231,200.21,10,5,164,0,0,0,1,1,41,21
position,WTD_upload/Methane_1000/L6/201102241041_board_setPoint_500V_fan_setPoint_100_mfc_setPoint_Methane_1000ppm_p11,20110224,L6,100,test,c3f48de5fbf9a9cb60356843e85d7e415f4cd4054bc4b7d0fe7db059a16e2f1d,13929,0,20.18,200.15,10,5,182,0,0,0,1,1,23,3
position,WTD_upload/Methane_1000/L6/201102241113_board_setPoint_500V_fan_setPoint_000_mfc_setPoint_Methane_1000ppm_p11,20110224,L6,000,test,e79159acab9765d26c0315224685b494348c8c342e8c554a321d0ac401f4590d,25274,0,20.215,200.189,10,5,184,0,0,0,1,1,34,14
position,WTD_upload/Methane_1000/L6/201102241144_board_setPoint_500V_fan_setPoint_060_mfc_setPoint_Methane_1000ppm_p11,20110224,L6,060,test,220a6487519cd0a126dd634fc7f7ce5895cd0f3280cdb4f881cf357a629ee09e,19546,0,20.16,200.12,8,5,184,0,0,0,1,1,35,15
position,WTD_upload/Methane_1000/L6/201102241216_board_setPoint_500V_fan_setPoint_100_mfc_setPoint_Methane_1000ppm_p11,20110224,L6,100,test,90c15a246e74478d68bbf4a88345bc06af0d5536b284c2aba2fede6d0f37aa22,12695,0,20.19,200.16,4,5,96,0,0,0,1,1,44,24
position,WTD_upload/Methane_1000/L6/201102241248_board_setPoint_500V_fan_setPoint_000_mfc_setPoint_Methane_1000ppm_p11,20110224,L6,000,test,9a092e3b2a34badd9e6dbf875d84e952dcabe74abd311ac24dc09b69729f2e84,19025,0,20.213,200.181,9,4,179,0,0,0,1,1,33,13
position,WTD_upload/Methane_1000/L6/201102241319_board_setPoint_500V_fan_setPoint_060_mfc_setPoint_Methane_1000ppm_p11,20110224,L6,060,test,e86d30d9b8bec00fcdcd40ab799e51f4313713d1d3283747be31c310dacddc52,12830,0,20.24,200.21,7,1,104,0,0,0,1,1,36,16
position,WTD_upload/Methane_1000/L6/201102241351_board_setPoint_500V_fan_setPoint_100_mfc_setPoint_Methane_1000ppm_p11,20110224,L6,100,test,03abf7df016e6e422fc6e6e12e0279c0f0c7c09551806e26461e77a9b3572a2d,14087,0,20.19,200.17,10,5,182,0,0,1,1,0,88,68
position,WTD_upload/Methane_1000/L6/201102241423_board_setPoint_500V_fan_setPoint_000_mfc_setPoint_Methane_1000ppm_p11,20110224,L6,000,test,e60180f757feaa3de5a025a18b641f2c877587dbd9b5d045d375f29b32492095,15219,0,20.24,200.2,10,5,163,0,0,0,1,1,33,13
position,WTD_upload/Methane_1000/L6/201102241454_board_setPoint_500V_fan_setPoint_060_mfc_setPoint_Methane_1000ppm_p11,20110224,L6,060,test,e71b1e4f635e415aa9e1f7c491fec740d7b7cd29057248f2cd9d78332e52454e,21102,0,20.13,200.23,10,5,185,0,0,0,1,1,33,13
position,WTD_upload/Methane_1000/L6/201102241526_board_setPoint_500V_fan_setPoint_100_mfc_setPoint_Methane_1000ppm_p11,20110224,L6,100,test,45f2b5a8d469553ee07d07889171b25738d9ccf53918c2dd3469fba5e9c6acf8,25324,0,20.17,200.14,10,5,185,0,0,0,1,1,28,8
wind,WTD_upload/Methane_1000/L1/201102151141_board_setPoint_500V_fan_setPoint_000_mfc_setPoint_Methane_1000ppm_p1,20110215,L1,000,train,a974c0b6c601e267442c44d5f82c42c4c6dfe07661a1a882b4fda2139244e96c,15902,0,20.23,200.21,10,5,169,0,0,0,1,1,28,8
wind,WTD_upload/Methane_1000/L1/201102151213_board_setPoint_500V_fan_setPoint_060_mfc_setPoint_Methane_1000ppm_p1,20110215,L1,060,validation,c36a771ad6f1ebd367c78d5572dd6210a8b48b309c8e00d8c84f4f2421bf0a4b,21913,0,20.141,200.23,8,4,180,0,0,0,1,1,26,6
wind,WTD_upload/Methane_1000/L1/201102151244_board_setPoint_500V_fan_setPoint_100_mfc_setPoint_Methane_1000ppm_p1,20110215,L1,100,test,bb7a842137d93c2faf282ba46f585f55425fdc06785ce921657dc0aef078ccd1,12938,0,20.19,200.171,10,5,175,0,0,0,1,1,25,5
wind,WTD_upload/Methane_1000/L1/201102151316_board_setPoint_500V_fan_setPoint_000_mfc_setPoint_Methane_1000ppm_p1,20110215,L1,000,train,6647dff6d34bd05d52b44775aa337e106782c59196ab7a0fcda38de5db2087dc,12404,0,20.23,200.2,6,2,57,0,0,0,1,1,73,53
wind,WTD_upload/Methane_1000/L1/201102151348_board_setPoint_500V_fan_setPoint_060_mfc_setPoint_Methane_1000ppm_p1,20110215,L1,060,validation,9082089fe1320592f5c02b74439cb7b17d7bb65a942486146947453796e72791,12973,0,20.213,200.217,8,3,130,0,0,0,1,1,27,7
wind,WTD_upload/Methane_1000/L1/201102151419_board_setPoint_500V_fan_setPoint_100_mfc_setPoint_Methane_1000ppm_p1,20110215,L1,100,test,db33875bc4ba819d8b6984ca3889eecd07cf39d131f80743e66d9e7d69a59535,14886,0,20.23,200.2,10,5,170,0,0,0,1,1,23,3
wind,WTD_upload/Methane_1000/L1/201102151451_board_setPoint_500V_fan_setPoint_000_mfc_setPoint_Methane_1000ppm_p1,20110215,L1,000,train,d62f87551db194d4f3d233c6e868edf7705549fc554eb2d9501990d635e2fbd2,13701,0,20.14,200.23,9,3,181,0,0,0,1,1,25,5
wind,WTD_upload/Methane_1000/L1/201102151523_board_setPoint_500V_fan_setPoint_060_mfc_setPoint_Methane_1000ppm_p1,20110215,L1,060,validation,5d030a04e21e89880c1aa1d8fbed89cc9bfb2eba9ce63031d33cf86d858f2e6b,12738,0,20.14,200.69,4,3,128,0,0,0,1,1,34,14
wind,WTD_upload/Methane_1000/L1/201102151554_board_setPoint_500V_fan_setPoint_100_mfc_setPoint_Methane_1000ppm_p1,20110215,L1,100,test,8e045455f181d9c4523fcced5f2a618a09b5e8028aec4598173c2f5c9a944c93,23725,0,20.19,200.16,10,5,185,0,0,0,1,1,24,4
wind,WTD_upload/Methane_1000/L1/201102151626_board_setPoint_500V_fan_setPoint_000_mfc_setPoint_Methane_1000ppm_p1,20110215,L1,000,train,1d2b2e15eda1da2105116b6ffb3e6700103c1021ff45f40ecf527e430029dcca,13642,0,20.14,200.24,6,4,163,0,0,0,1,1,42,22
wind,WTD_upload/Methane_1000/L1/201102151658_board_setPoint_500V_fan_setPoint_060_mfc_setPoint_Methane_1000ppm_p1,20110215,L1,060,validation,6e8085121f82c06ec383945757f770fd1af830cc2cb421037ba754ce41a6577c,13062,0,20.18,200.151,10,4,139,0,0,0,1,1,27,7
wind,WTD_upload/Methane_1000/L1/201102151729_board_setPoint_500V_fan_setPoint_100_mfc_setPoint_Methane_1000ppm_p1,20110215,L1,100,test,ac39b2d56d9cd270b266b513ef41d776fc3939f295c655f1519db12fa2c44a33,19370,0,20.58,200.19,10,5,173,0,0,0,1,1,24,4
wind,WTD_upload/Methane_1000/L1/201102151801_board_setPoint_500V_fan_setPoint_000_mfc_setPoint_Methane_1000ppm_p1,20110215,L1,000,train,9a99de252b07d80516cb746ccc60b82f6bd9a9ff32a2178e8c8285a7a69635a2,13425,0,20.16,200.24,8,5,169,0,0,0,1,1,32,12
wind,WTD_upload/Methane_1000/L1/201102151833_board_setPoint_500V_fan_setPoint_060_mfc_setPoint_Methane_1000ppm_p1,20110215,L1,060,validation,a71f737dc4259ac807895064fb1f6e16aa5f9429122695ee4406b68dce45879e,25154,0,20.21,200.174,10,5,185,0,0,0,1,1,34,14
wind,WTD_upload/Methane_1000/L1/201102151904_board_setPoint_500V_fan_setPoint_100_mfc_setPoint_Methane_1000ppm_p1,20110215,L1,100,test,2ce41f8d4555b18e9a759380e3aaddc5160dde9ec5489ab5b6187ac66ca8058c,15429,0,20.181,200.161,8,5,172,0,0,0,1,1,23,3
wind,WTD_upload/Methane_1000/L1/201102151936_board_setPoint_500V_fan_setPoint_000_mfc_setPoint_Methane_1000ppm_p1,20110215,L1,000,train,96758f7b5b354fb1e572d134f10d52c01adb2115197039453319b376022acdcb,12744,0,20.23,200.21,6,3,163,0,0,0,1,1,28,8
wind,WTD_upload/Methane_1000/L1/201102152008_board_setPoint_500V_fan_setPoint_060_mfc_setPoint_Methane_1000ppm_p1,20110215,L1,060,validation,c0224ad2ff1bf93730edf0c3d1e119d9064b86a4cd1a6defcf62ee39ffdf5de7,13230,0,20.2,200.16,4,5,164,0,0,0,1,1,46,26
wind,WTD_upload/Methane_1000/L1/201102152039_board_setPoint_500V_fan_setPoint_100_mfc_setPoint_Methane_1000ppm_p1,20110215,L1,100,test,d896bede7cb1c00f321715e0d017273845aa8a70a9148923616fa442bce289f6,13159,0,20.16,200.25,10,5,182,0,0,0,1,1,23,3
wind,WTD_upload/Methane_1000/L1/201102152111_board_setPoint_500V_fan_setPoint_000_mfc_setPoint_Methane_1000ppm_p1,20110215,L1,000,train,5f7d566b97be5e34893a258b935d8c9bc671994be9a0d076ce89643b3110053c,12185,0,20.2,200.17,8,5,113,0,0,0,1,1,34,14
wind,WTD_upload/Methane_1000/L1/201102152143_board_setPoint_500V_fan_setPoint_060_mfc_setPoint_Methane_1000ppm_p1,20110215,L1,060,validation,3694a36480f6648c5720cb84a0b12cdc30473ad541c739d396469ecba85cfd4c,14601,0,20.24,200.2,10,4,167,0,0,0,1,1,36,16
wind,WTD_upload/Methane_1000/L1/201102152214_board_setPoint_500V_fan_setPoint_100_mfc_setPoint_Methane_1000ppm_p1,20110215,L1,100,test,2310bbc0292b8c865a3cae94f24cc673d43f4b54fb5fb00c8799cbb5c70c6ece,23027,0,20.192,200.148,10,5,182,0,0,1,1,1,32,12
wind,WTD_upload/Methane_1000/L1/201102152246_board_setPoint_500V_fan_setPoint_000_mfc_setPoint_Methane_1000ppm_p1,20110215,L1,000,train,fba1660720fc6b26a23afa4ecfadc11fbacde5fff8b7641a6a47180f3375f881,13763,0,20.24,200.211,9,5,182,0,0,0,1,1,35,15
wind,WTD_upload/Methane_1000/L1/201102152318_board_setPoint_500V_fan_setPoint_060_mfc_setPoint_Methane_1000ppm_p1,20110215,L1,060,validation,107de90bda30edffb85580aa29ea0149c5d7b31aa5a6b6de2c557e823bf212cd,24769,0,20.234,200.21,10,5,183,0,0,0,1,1,24,4
wind,WTD_upload/Methane_1000/L1/201102152350_board_setPoint_500V_fan_setPoint_100_mfc_setPoint_Methane_1000ppm_p1,20110215,L1,100,test,bb0dab8cab77058b16bc7917441c513b3ebe1650b62c63557dd1d5df0e3448f8,16161,0,20.17,200.13,6,3,150,0,0,0,1,1,24,4
wind,WTD_upload/Methane_1000/L1/201102160021_board_setPoint_500V_fan_setPoint_000_mfc_setPoint_Methane_1000ppm_p1,20110216,L1,000,train,245ab04eba6db9b01f4a65586138b3df73890cbad58ee3602683c7a2a3d876b4,12749,0,20.21,200.181,9,5,135,0,0,0,1,1,33,13
wind,WTD_upload/Methane_1000/L1/201102160053_board_setPoint_500V_fan_setPoint_060_mfc_setPoint_Methane_1000ppm_p1,20110216,L1,060,validation,bf5cbe84ebe4173a00072288af482a784ef6344c9ffffc08f494295b1a3aa765,14071,0,20.13,200.23,10,5,139,0,0,0,1,1,26,6
wind,WTD_upload/Methane_1000/L1/201102160125_board_setPoint_500V_fan_setPoint_100_mfc_setPoint_Methane_1000ppm_p1,20110216,L1,100,test,5ed69bae8b40d3de4b290b83f6d9bb003e133f611a7d707565987a006e9d2ef7,12775,0,20.19,200.17,6,4,124,0,0,0,1,1,24,4
wind,WTD_upload/Methane_1000/L1/201102160156_board_setPoint_500V_fan_setPoint_000_mfc_setPoint_Methane_1000ppm_p1,20110216,L1,000,train,6c379840807db158db2d30717c5040937b097962e3b145442e17b0ca599cd0e3,12384,0,20.19,200.17,10,3,141,0,0,0,1,1,27,7
wind,WTD_upload/Methane_1000/L1/201102160228_board_setPoint_500V_fan_setPoint_060_mfc_setPoint_Methane_1000ppm_p1,20110216,L1,060,validation,5c1f39c2b180b37e6840ed2d6e185c31066662f47809a6f84dda7f3d397ea4b6,22621,0,20.21,200.17,10,5,184,0,0,0,1,1,34,14
wind,WTD_upload/Methane_1000/L1/201102160300_board_setPoint_500V_fan_setPoint_100_mfc_setPoint_Methane_1000ppm_p1,20110216,L1,100,test,9450b95a3211335a8219d9cfc0045e2e43c6bec6a6224092aa228444f1d55b0a,14492,0,20.14,200.25,8,5,164,0,0,0,1,1,23,3
wind,WTD_upload/Methane_1000/L1/201102160331_board_setPoint_500V_fan_setPoint_000_mfc_setPoint_Methane_1000ppm_p1,20110216,L1,000,train,170a1fa33f1962e6ffbb83366583d548fb23c4ac98841566d7a613afa28ffc67,19929,0,20.191,200.17,9,5,176,0,0,0,1,1,24,4
wind,WTD_upload/Methane_1000/L1/201102160403_board_setPoint_500V_fan_setPoint_060_mfc_setPoint_Methane_1000ppm_p1,20110216,L1,060,validation,a507fbe1b99fdc8ebc808ce54d8e09d1c30d2fde9fa6d3d150c304ca7fb0b5bc,13860,0,20.14,200.24,10,3,173,0,0,0,1,1,27,7
wind,WTD_upload/Methane_1000/L1/201102160435_board_setPoint_500V_fan_setPoint_100_mfc_setPoint_Methane_1000ppm_p1,20110216,L1,100,test,f2ade93b83aab2d0b4e151454dea2224d9ac7bbf13a146cc9bcd34b82ef40b3e,14869,0,20.44,200.21,10,3,173,0,0,0,1,1,25,5
wind,WTD_upload/Methane_1000/L1/201102160506_board_setPoint_500V_fan_setPoint_000_mfc_setPoint_Methane_1000ppm_p1,20110216,L1,000,train,9096794db8bc287d66db8ac699ba18ed40d251ac5b49bd293ece68338f92ea36,15530,0,20.21,200.17,9,5,170,0,0,0,1,1,27,7
wind,WTD_upload/Methane_1000/L1/201102160538_board_setPoint_500V_fan_setPoint_060_mfc_setPoint_Methane_1000ppm_p1,20110216,L1,060,validation,2f86fbecabbf9084862526d8f62015c408bc46e8f7ae24c3ffe1ef95c9c2a705,19236,0,20.154,200.116,10,5,174,0,0,0,1,1,34,14
wind,WTD_upload/Methane_1000/L1/201102160610_board_setPoint_500V_fan_setPoint_100_mfc_setPoint_Methane_1000ppm_p1,20110216,L1,100,test,3479596c6a8880597eda23682778b53116099ee5f5e7e227ffdb43e307c263c8,25219,0,20.24,200.2,10,5,182,0,0,0,1,1,24,4
wind,WTD_upload/Methane_1000/L1/201102160641_board_setPoint_500V_fan_setPoint_000_mfc_setPoint_Methane_1000ppm_p1,20110216,L1,000,train,48959b084d29a9b1a499a5188baf7cf1209a8ed2f16a9ce96bc382b2dc14e746,13278,0,20.62,200.18,9,5,155,0,0,0,1,1,35,15
wind,WTD_upload/Methane_1000/L1/201102160713_board_setPoint_500V_fan_setPoint_060_mfc_setPoint_Methane_1000ppm_p1,20110216,L1,060,validation,779edb1cbe145e95bcffac5a8f54de2cf9ad752ce2e373c2fa125f50d286f5cf,13008,0,20.163,200.31,6,5,159,0,0,0,1,1,32,12
wind,WTD_upload/Methane_1000/L1/201102160745_board_setPoint_500V_fan_setPoint_100_mfc_setPoint_Methane_1000ppm_p1,20110216,L1,100,test,499413f75b692bc16a9cabcbb9022477b77df8d0a54bb46bd00b0044e7852044,16117,0,20.14,200.22,10,5,176,0,0,0,1,1,30,10
wind,WTD_upload/Methane_1000/L1/201102160816_board_setPoint_500V_fan_setPoint_000_mfc_setPoint_Methane_1000ppm_p1,20110216,L1,000,train,a1b92a4b1ea4709ebbed1b4166f74d05882ba8c34750b583f3728d47a281b444,22308,0,20.229,200.197,10,5,176,0,0,0,1,1,27,7
wind,WTD_upload/Methane_1000/L1/201102160848_board_setPoint_500V_fan_setPoint_060_mfc_setPoint_Methane_1000ppm_p1,20110216,L1,060,validation,ca72fb58d9d2268979740561f837cfc19660591ca3d892468a93505716651c4b,20432,0,20.576,200.158,10,4,178,0,0,0,1,1,24,4
wind,WTD_upload/Methane_1000/L1/201102160920_board_setPoint_500V_fan_setPoint_100_mfc_setPoint_Methane_1000ppm_p1,20110216,L1,100,test,f5a9d9847612f2abd1d038a30cc696fc29702741953c61ffbcc8feda7b14c85b,21644,0,20.18,200.15,10,5,166,0,0,0,1,1,29,9
wind,WTD_upload/Methane_1000/L1/201102160951_board_setPoint_500V_fan_setPoint_000_mfc_setPoint_Methane_1000ppm_p1,20110216,L1,000,train,68837022e47d66c6ae2c3c636af66c72ac3bb2357b9dafcce8dfa732aa8fb031,12862,0,20.18,200.16,9,5,178,0,0,0,1,1,23,3
wind,WTD_upload/Methane_1000/L1/201102161023_board_setPoint_500V_fan_setPoint_060_mfc_setPoint_Methane_1000ppm_p1,20110216,L1,060,validation,7050a89d302eab2e6629cb3ecad6b4635a0fb1bb45919f45b52641d743fd97fe,13366,0,20.15,200.235,6,4,121,0,0,0,1,1,33,13
wind,WTD_upload/Methane_1000/L1/201102161055_board_setPoint_500V_fan_setPoint_100_mfc_setPoint_Methane_1000ppm_p1,20110216,L1,100,test,5efaff4bc8eced5067a6b33071355ecc08bb7ca598dec45d68803ac653b2ee9b,19095,0,20.137,200.224,9,5,171,0,0,0,1,1,24,4
wind,WTD_upload/Methane_1000/L1/201102161126_board_setPoint_500V_fan_setPoint_000_mfc_setPoint_Methane_1000ppm_p1,20110216,L1,000,train,742c26547d73f44bbc550b9ad9a343db03cb685e74ca8aa05402a0228d45291e,15207,0,20.22,200.2,10,5,184,0,0,0,1,1,23,3
wind,WTD_upload/Methane_1000/L1/201102161158_board_setPoint_500V_fan_setPoint_060_mfc_setPoint_Methane_1000ppm_p1,20110216,L1,060,validation,82cf36540f17c83b656a65ba064e5b4b35c5ce6c7538a0867ab63bf6dd4749eb,12179,0,20.19,200.16,10,5,142,0,0,0,1,1,33,13
wind,WTD_upload/Methane_1000/L1/201102161230_board_setPoint_500V_fan_setPoint_100_mfc_setPoint_Methane_1000ppm_p1,20110216,L1,100,test,6863b8884f0a15b9db260efc7490f14d34dae940711e52d02f6b07d1431d4c45,24758,0,20.225,200.2,9,5,184,0,0,0,1,1,24,4
wind,WTD_upload/Methane_1000/L1/201102161301_board_setPoint_500V_fan_setPoint_000_mfc_setPoint_Methane_1000ppm_p1,20110216,L1,000,train,976e337655fc7144bbdb1e995459fa05fc2ba3c072b909cd71972b7257a985f5,20997,0,20.15,200.24,9,5,184,0,0,0,1,1,35,15
wind,WTD_upload/Methane_1000/L1/201102161333_board_setPoint_500V_fan_setPoint_060_mfc_setPoint_Methane_1000ppm_p1,20110216,L1,060,validation,5de1b3147a91a809081baf33fa9189e5d69c21ccd80f3dafbd3bc93b75872362,12881,0,20.24,200.201,8,5,167,0,0,0,1,1,24,4
wind,WTD_upload/Methane_1000/L1/201102161405_board_setPoint_500V_fan_setPoint_100_mfc_setPoint_Methane_1000ppm_p1,20110216,L1,100,test,3d459645ebbc13d32d54ec4c0439af2c283bbe0e540443007bf2e6f3351ea3b5,15196,0,20.18,200.13,10,5,178,0,0,0,1,1,24,4
wind,WTD_upload/Methane_1000/L1/201102161437_board_setPoint_500V_fan_setPoint_000_mfc_setPoint_Methane_1000ppm_p1,20110216,L1,000,train,8471ce92007920931b0426e0bf88a62187e4a2dcde5982ffbec023af57121b60,13036,0,20.22,200.202,5,5,169,0,0,0,1,1,32,12
wind,WTD_upload/Methane_1000/L1/201102161508_board_setPoint_500V_fan_setPoint_060_mfc_setPoint_Methane_1000ppm_p1,20110216,L1,060,validation,0edade6bc62dc20daeb2a18d083ca18e9b109ff4103feb61f5b706f24f5dab97,13625,0,20.15,200.234,10,5,160,0,0,0,1,1,24,4
wind,WTD_upload/Methane_1000/L1/201102161540_board_setPoint_500V_fan_setPoint_100_mfc_setPoint_Methane_1000ppm_p1,20110216,L1,100,test,119eb41d717723aa986290ea9f2e6bc46034b3602ea791d8d45a2167b1052eae,22202,0,20.217,200.172,10,5,177,0,0,0,1,1,23,3
wind,WTD_upload/Methane_1000/L1/201102161612_board_setPoint_500V_fan_setPoint_000_mfc_setPoint_Methane_1000ppm_p1,20110216,L1,000,train,b003501081fdab8a7a51b291db2b817500efebf6eb387c9f998b5659aa53989a,15827,0,20.13,200.22,10,5,152,0,0,0,1,1,23,3
wind,WTD_upload/Methane_1000/L1/201102161643_board_setPoint_500V_fan_setPoint_060_mfc_setPoint_Methane_1000ppm_p1,20110216,L1,060,validation,0e838ea7cd3ed7278025534748c4feb5478d2ca327dfac28e0227e5aada336d9,15844,0,20.17,200.144,10,5,182,0,0,0,1,1,35,15
wind,WTD_upload/Methane_1000/L1/201102161715_board_setPoint_500V_fan_setPoint_100_mfc_setPoint_Methane_1000ppm_p1,20110216,L1,100,test,439d7118107aeec9612a773e1959d752c7e94542f17198c0acc6638e85b2633e,14547,0,20.13,200.22,9,4,170,0,0,0,1,1,23,3
wind,WTD_upload/Methane_1000/L1/201102161747_board_setPoint_500V_fan_setPoint_000_mfc_setPoint_Methane_1000ppm_p1,20110216,L1,000,train,72d66d4365ea2635e430e9b2fc0c88e05d0b0bcee8e2fd6d5fd9b19dc3f0aa74,24895,0,20.19,200.167,10,5,184,0,0,0,1,1,27,7
wind,WTD_upload/Methane_1000/L1/201102161818_board_setPoint_500V_fan_setPoint_060_mfc_setPoint_Methane_1000ppm_p1,20110216,L1,060,validation,c28762b9df279ec320ced8531532764c121e51dceff87fcddc23eb3655ee4829,12987,0,20.151,200.12,10,4,139,0,0,0,1,1,35,15
wind,WTD_upload/Methane_1000/L1/201102161850_board_setPoint_500V_fan_setPoint_100_mfc_setPoint_Methane_1000ppm_p1,20110216,L1,100,test,925f945e9ed24f3c2286fc8589340f8a6097f62f56042309c2950713b0c7e4b7,12482,0,20.17,200.15,8,3,105,0,0,1,1,1,55,35
wind,WTD_upload/Methane_1000/L2/201102170926_board_setPoint_500V_fan_setPoint_000_mfc_setPoint_Methane_1000ppm_p3,20110217,L2,000,train,5a503b44b281934860f5da33f83907fcae6f1deae3619eaa4ea31afde2b87386,14075,0,20.15,200.241,8,4,158,0,0,0,1,1,33,13
wind,WTD_upload/Methane_1000/L2/201102170958_board_setPoint_500V_fan_setPoint_060_mfc_setPoint_Methane_1000ppm_p3,20110217,L2,060,validation,c9a7541efb416fe8bff10443d95e73328170eb830cbf1d6650829367dc14a4f0,12829,0,20.23,200.21,8,4,106,0,0,0,1,1,42,22
wind,WTD_upload/Methane_1000/L2/201102171030_board_setPoint_500V_fan_setPoint_100_mfc_setPoint_Methane_1000ppm_p3,20110217,L2,100,test,1b7c504c2f194a83b8b9fa6a327792df547cc7bc530ebdd005379c3294353c02,13540,0,20.21,200.17,9,5,169,0,0,0,1,1,24,4
wind,WTD_upload/Methane_1000/L2/201102171101_board_setPoint_500V_fan_setPoint_000_mfc_setPoint_Methane_1000ppm_p3,20110217,L2,000,train,f715148810aad2aee930a2306025db0ac77ebd89b0db68a548b87206401d3c35,22018,0,20.21,200.16,10,5,185,0,0,0,1,1,41,21
wind,WTD_upload/Methane_1000/L2/201102171133_board_setPoint_500V_fan_setPoint_060_mfc_setPoint_Methane_1000ppm_p3,20110217,L2,060,validation,d2bdec51bd90bda531d3cda5fcfbc438a2d64c9ca583ed029fcf89436849e7b1,20442,0,20.131,200.241,10,5,183,0,0,0,1,1,40,20
wind,WTD_upload/Methane_1000/L2/201102171205_board_setPoint_500V_fan_setPoint_100_mfc_setPoint_Methane_1000ppm_p3,20110217,L2,100,test,46c99760b96fec52978ae176ee76c0cf961b5f67669194d8b564bd50c011c44c,16483,0,20.14,200.22,10,5,181,0,0,0,1,1,34,14
wind,WTD_upload/Methane_1000/L2/201102171236_board_setPoint_500V_fan_setPoint_000_mfc_setPoint_Methane_1000ppm_p3,20110217,L2,000,train,87e61ca44603c03208e46c14917b30b2ab89f78b73e796759e752908c2f84ca7,17925,0,20.16,200.121,10,5,180,0,0,0,1,1,38,18
wind,WTD_upload/Methane_1000/L2/201102171308_board_setPoint_500V_fan_setPoint_060_mfc_setPoint_Methane_1000ppm_p3,20110217,L2,060,validation,e6f5826bdc9cf2c1594ccb0065d9ac5653f29019d309fe6512e8217debdf7f48,12841,0,20.24,200.21,10,5,153,0,0,0,1,1,40,20
wind,WTD_upload/Methane_1000/L2/201102171340_board_setPoint_500V_fan_setPoint_100_mfc_setPoint_Methane_1000ppm_p3,20110217,L2,100,test,7746a67ce3f8a4c320a84b635ab9f04667ad0732fdfcc5d6495d22c68a4f3027,14897,0,20.18,200.15,10,5,184,0,0,0,1,1,33,13
wind,WTD_upload/Methane_1000/L2/201102171411_board_setPoint_500V_fan_setPoint_000_mfc_setPoint_Methane_1000ppm_p3,20110217,L2,000,train,31fc98cca62bfe9fc41081c1eff5f6bfb30196850372600d2a5c6f77a248767b,25551,0,20.23,200.2,10,5,183,0,0,0,1,1,29,9
wind,WTD_upload/Methane_1000/L2/201102171443_board_setPoint_500V_fan_setPoint_060_mfc_setPoint_Methane_1000ppm_p3,20110217,L2,060,validation,c567263c205df111e65190ef395a47f46edcd1a2fb53fbd84dfa4cda0ee2b23d,12985,0,20.16,200.26,10,3,160,0,0,0,1,1,39,19
wind,WTD_upload/Methane_1000/L2/201102171515_board_setPoint_500V_fan_setPoint_100_mfc_setPoint_Methane_1000ppm_p3,20110217,L2,100,test,f5a28d0688d678fca14ce2c6e6d325a5ee6deae37d85b8c36eddc7ed4c880401,15143,0,20.183,200.17,10,5,175,0,0,0,1,1,33,13
wind,WTD_upload/Methane_1000/L2/201102171546_board_setPoint_500V_fan_setPoint_000_mfc_setPoint_Methane_1000ppm_p3,20110217,L2,000,train,2e9cc40e34029ab84fc223d6eeeb21bc59d2645c7aea8bdad8a090c94d066138,15586,0,20.15,200.24,10,5,179,1,1,0,1,1,69,49
wind,WTD_upload/Methane_1000/L2/201102171618_board_setPoint_500V_fan_setPoint_060_mfc_setPoint_Methane_1000ppm_p3,20110217,L2,060,validation,9699e2ae0ca8605585b38ae0eb8ffcb59df575099813239ee9d2069d91785763,17859,0,20.24,200.2,10,5,177,0,0,0,1,1,39,19
wind,WTD_upload/Methane_1000/L2/201102171650_board_setPoint_500V_fan_setPoint_100_mfc_setPoint_Methane_1000ppm_p3,20110217,L2,100,test,539520311492b83afef62377e4db45a7c925652758bd990b30d78870fa9eed77,25249,0,20.15,200.25,10,5,185,0,0,0,1,1,25,5
wind,WTD_upload/Methane_1000/L2/201102171721_board_setPoint_500V_fan_setPoint_000_mfc_setPoint_Methane_1000ppm_p3,20110217,L2,000,train,5b90d2c9f10b1c61f1dfca547a1a86d0ebd664ba80f6de0ed68c19a49ad40855,19239,0,20.23,200.2,7,4,175,0,0,0,1,1,45,25
wind,WTD_upload/Methane_1000/L2/201102171753_board_setPoint_500V_fan_setPoint_060_mfc_setPoint_Methane_1000ppm_p3,20110217,L2,060,validation,982b9d903df5f658e3efb5d275e064b7486753bac4297775e0f431329958603c,12615,0,20.17,200.15,10,5,164,0,0,0,1,1,30,10
wind,WTD_upload/Methane_1000/L2/201102171825_board_setPoint_500V_fan_setPoint_100_mfc_setPoint_Methane_1000ppm_p3,20110217,L2,100,test,32120eb656bb385ca42feb91b72b3dca87aece3b677f4d97a9c93af7e7fb65f3,13135,0,20.14,200.23,10,3,173,0,0,0,1,1,39,19
wind,WTD_upload/Methane_1000/L2/201102171856_board_setPoint_500V_fan_setPoint_000_mfc_setPoint_Methane_1000ppm_p3,20110217,L2,000,train,65ad99dd1478a40bbf104bcebfdf3f880f4e1890bbcac47c9e25f333bfd75b5e,12934,0,20.17,200.15,10,5,115,0,0,0,1,1,32,12
wind,WTD_upload/Methane_1000/L2/201102171928_board_setPoint_500V_fan_setPoint_060_mfc_setPoint_Methane_1000ppm_p3,20110217,L2,060,validation,abb328fa117c076c373a1089d1841568a9dc75ea57ebcba17c4edbb2147a0637,17523,0,20.231,200.21,9,5,177,0,0,0,1,1,40,20
wind,WTD_upload/Methane_1000/L2/201102172000_board_setPoint_500V_fan_setPoint_100_mfc_setPoint_Methane_1000ppm_p3,20110217,L2,100,test,26b68920fab2cbd322b5aebf318eefb11391c57aa27d73d5778eded28d084ec7,13023,0,20.24,200.21,9,5,180,0,0,0,1,1,26,6
wind,WTD_upload/Methane_1000/L2/201102172031_board_setPoint_500V_fan_setPoint_000_mfc_setPoint_Methane_1000ppm_p3,20110217,L2,000,train,e736931b18f9635d0606d27ed9e21f7b9a21701aede6896c9a723a3fd6c32888,13528,0,20.17,200.13,9,4,171,0,0,0,1,1,35,15
wind,WTD_upload/Methane_1000/L2/201102172103_board_setPoint_500V_fan_setPoint_060_mfc_setPoint_Methane_1000ppm_p3,20110217,L2,060,validation,f6adaffcc33224319f5cf4390906d0e184502959bbc6e6ad246b836ae7fa08e6,23627,0,20.199,200.165,10,4,182,0,0,0,1,1,41,21
wind,WTD_upload/Methane_1000/L2/201102172135_board_setPoint_500V_fan_setPoint_100_mfc_setPoint_Methane_1000ppm_p3,20110217,L2,100,test,395dfd5e422c53eeb82abc5d5c7f8ad2df73f991596efa2d06b157c551061637,12612,0,20.17,200.13,2,4,144,0,0,0,1,1,43,23
wind,WTD_upload/Methane_1000/L2/201102172206_board_setPoint_500V_fan_setPoint_000_mfc_setPoint_Methane_1000ppm_p3,20110217,L2,000,train,c8a2bd15639f365e90975a7a9b28212e5d664d2c83151b3a66b331e73036fae5,13892,0,20.24,200.21,10,5,180,0,0,0,1,1,47,27
wind,WTD_upload/Methane_1000/L2/201102172238_board_setPoint_500V_fan_setPoint_060_mfc_setPoint_Methane_1000ppm_p3,20110217,L2,060,validation,c4d85ed2f16a3b47f026e79c1d47a062bad493b8214aa27b9eb3cf1bbc996143,24336,0,20.167,200.138,10,5,176,0,0,0,1,1,41,21
wind,WTD_upload/Methane_1000/L2/201102172310_board_setPoint_500V_fan_setPoint_100_mfc_setPoint_Methane_1000ppm_p3,20110217,L2,100,test,caf95a694c55ab3a48494e639fe48158a85cea657e3d6169ddb1f44abf9e4484,12733,0,20.13,200.23,2,2,132,0,0,0,1,1,57,37
wind,WTD_upload/Methane_1000/L2/201102172341_board_setPoint_500V_fan_setPoint_000_mfc_setPoint_Methane_1000ppm_p3,20110217,L2,000,train,c2229c7a08e31d410641f69a9c90ccb7d8f9a280ad449c9855df5dd31fa615f9,17815,0,20.219,200.19,9,5,171,0,0,0,1,1,73,53
wind,WTD_upload/Methane_1000/L2/201102180013_board_setPoint_500V_fan_setPoint_060_mfc_setPoint_Methane_1000ppm_p3,20110218,L2,060,validation,e12432dabd1bcf7571b00c7242eb7358e0e4e5b697806979ab90d086d5b08c31,12462,0,20.21,200.17,6,2,71,0,0,0,1,1,39,19
wind,WTD_upload/Methane_1000/L2/201102180045_board_setPoint_500V_fan_setPoint_100_mfc_setPoint_Methane_1000ppm_p3,20110218,L2,100,test,0c3e54e447991b6852ac143ce3329012ea0f3b9288ba9a67a6df7a358551d807,14794,0,20.19,200.271,10,5,171,0,0,0,1,1,33,13
wind,WTD_upload/Methane_1000/L2/201102180116_board_setPoint_500V_fan_setPoint_000_mfc_setPoint_Methane_1000ppm_p3,20110218,L2,000,train,29632b3534d7c485d55cd9ead7f5bc859e3513a3a04afd6092505b4ef7911521,13185,0,20.15,200.251,8,3,162,0,0,0,1,0,83,63
wind,WTD_upload/Methane_1000/L2/201102180148_board_setPoint_500V_fan_setPoint_060_mfc_setPoint_Methane_1000ppm_p3,20110218,L2,060,validation,0aac946b90ebf8ddad2f6846b32be78e183b5bd75ab69879f4a7d28f606d89ba,22488,0,20.22,200.2,10,5,183,0,0,0,1,1,38,18
wind,WTD_upload/Methane_1000/L2/201102180220_board_setPoint_500V_fan_setPoint_100_mfc_setPoint_Methane_1000ppm_p3,20110218,L2,100,test,c6e69f7141e76ce12503f25c7f0ca67d0ca24e36c2599b57cf4fb845126874f3,12965,0,20.24,200.201,10,5,177,0,0,0,1,1,27,7
wind,WTD_upload/Methane_1000/L2/201102180252_board_setPoint_500V_fan_setPoint_000_mfc_setPoint_Methane_1000ppm_p3,20110218,L2,000,train,9c9dd21f06bda79f565367e4121070ee0e38fbe2e4324430fa3d1aecddc86fd6,14577,0,20.191,200.18,10,5,174,0,0,0,1,1,44,24
wind,WTD_upload/Methane_1000/L2/201102180323_board_setPoint_500V_fan_setPoint_060_mfc_setPoint_Methane_1000ppm_p3,20110218,L2,060,validation,16652014a3ceda30b4fef0d020f9cd9094d43102c23fdc456694c7293eb00e94,13063,0,20.16,200.141,7,4,121,0,0,0,1,1,45,25
wind,WTD_upload/Methane_1000/L2/201102180355_board_setPoint_500V_fan_setPoint_100_mfc_setPoint_Methane_1000ppm_p3,20110218,L2,100,test,4925c5e8068f285a539f482fed26e4b3bffcdb014d5d1aacf4b1cf7e0dcd9d4b,17499,0,20.15,200.26,10,5,184,0,0,0,1,1,34,14
wind,WTD_upload/Methane_1000/L2/201102180427_board_setPoint_500V_fan_setPoint_000_mfc_setPoint_Methane_1000ppm_p3,20110218,L2,000,train,20769e70968f0ef10f3460c588b83ab9db301a655a5908cdf2bdf1daf3c89354,13092,0,20.14,200.24,9,5,149,0,0,0,1,1,64,44
wind,WTD_upload/Methane_1000/L2/201102180458_board_setPoint_500V_fan_setPoint_060_mfc_setPoint_Methane_1000ppm_p3,20110218,L2,060,validation,6ed0ee7ca2d68b843428d1e5a74378fac40ee33eeac82ea1aa0364ecac8b2c0a,17630,0,20.22,200.62,10,3,164,0,0,0,1,1,42,22
wind,WTD_upload/Methane_1000/L2/201102180530_board_setPoint_500V_fan_setPoint_100_mfc_setPoint_Methane_1000ppm_p3,20110218,L2,100,test,28274fc5436a9b6ef0430118127d06df96718fcf3bd704e8050d2bf8e61978c3,23337,0,20.2,200.181,10,5,180,0,0,0,1,1,31,11
wind,WTD_upload/Methane_1000/L2/201102180602_board_setPoint_500V_fan_setPoint_000_mfc_setPoint_Methane_1000ppm_p3,20110218,L2,000,train,d73ebec1c88994d195c7572ff98e847c53ba41c8ae50569f58e363e9be622485,16649,0,20.2,200.17,10,5,176,0,0,0,1,1,35,15
wind,WTD_upload/Methane_1000/L2/201102180633_board_setPoint_500V_fan_setPoint_060_mfc_setPoint_Methane_1000ppm_p3,20110218,L2,060,validation,afde6ce83176906128f658a500bf477c3fbdfa8dfe68e65d287ea9bb2a474096,15231,0,20.19,200.15,9,3,172,0,0,0,1,1,38,18
wind,WTD_upload/Methane_1000/L2/201102180705_board_setPoint_500V_fan_setPoint_100_mfc_setPoint_Methane_1000ppm_p3,20110218,L2,100,test,177c8d2418f13767c8c50ba1856b39902caa48eb01d8ff1946b490aa238aa023,18089,0,20.15,200.24,10,4,171,0,0,0,1,1,34,14
wind,WTD_upload/Methane_1000/L2/201102180737_board_setPoint_500V_fan_setPoint_000_mfc_setPoint_Methane_1000ppm_p3,20110218,L2,000,train,76632aa2b7018890a1c54432edacc40ca6e4a3b9fff184b2fe657ab449cd9c45,20030,0,20.13,200.23,9,5,180,0,0,0,1,1,33,13
wind,WTD_upload/Methane_1000/L2/201102180808_board_setPoint_500V_fan_setPoint_060_mfc_setPoint_Methane_1000ppm_p3,20110218,L2,060,validation,4a7dac89702f228dde47bd3987c5159ec4ef7c2a260d4e196fb1c4d5bcf3f719,16278,0,20.13,200.23,5,2,170,0,0,0,1,1,30,10
wind,WTD_upload/Methane_1000/L2/201102180840_board_setPoint_500V_fan_setPoint_100_mfc_setPoint_Methane_1000ppm_p3,20110218,L2,100,test,25959b178c0a931f132e7cbba101f9917f9f91fbd38e448fbe787e75fc595215,13178,0,20.24,200.21,10,5,172,0,0,0,1,1,34,14
wind,WTD_upload/Methane_1000/L2/201102180912_board_setPoint_500V_fan_setPoint_000_mfc_setPoint_Methane_1000ppm_p3,20110218,L2,000,train,9ef7afe16e37b6b15fe8756d151a5b98abad1919962199d9ce7ef886ef07649b,12350,0,20.25,200.23,4,2,130,0,0,0,1,0,82,62
wind,WTD_upload/Methane_1000/L2/201102180943_board_setPoint_500V_fan_setPoint_060_mfc_setPoint_Methane_1000ppm_p3,20110218,L2,060,validation,37e1d63d4255bade0d9a858f7c08638267be22ec8480ba063920d6783f570a93,25636,0,20.211,200.18,10,5,184,0,0,0,1,1,30,10
wind,WTD_upload/Methane_1000/L2/201102181015_board_setPoint_500V_fan_setPoint_100_mfc_setPoint_Methane_1000ppm_p3,20110218,L2,100,test,695d03df5e1a161b6eba82db8d9e9e1ff6d0844d986b175e892def53ac9d8aa5,13045,0,20.21,200.17,10,4,157,0,0,0,1,1,38,18
wind,WTD_upload/Methane_1000/L2/201102181047_board_setPoint_500V_fan_setPoint_000_mfc_setPoint_Methane_1000ppm_p3,20110218,L2,000,train,a8ad6dc8d3e19d3543bf32a5d4d40d5f1b7bf99c72579ce8a5a68ba5c6916f42,19583,0,20.19,200.15,7,3,182,0,0,0,1,1,77,57
wind,WTD_upload/Methane_1000/L2/201102181118_board_setPoint_500V_fan_setPoint_060_mfc_setPoint_Methane_1000ppm_p3,20110218,L2,060,validation,41cde8f551e8a3478db5364f61943a625dcc1753cd96835f597b81bdb934904c,12477,0,20.24,200.2,7,5,151,0,0,0,1,1,40,20
wind,WTD_upload/Methane_1000/L2/201102181150_board_setPoint_500V_fan_setPoint_100_mfc_setPoint_Methane_1000ppm_p3,20110218,L2,100,test,c01f1d9feab3f5cebea7f77f7ac14451f55180e32978e9e0e9f8547f40869d7b,17941,0,20.231,200.205,9,5,182,0,0,0,1,1,32,12
wind,WTD_upload/Methane_1000/L2/201102181222_board_setPoint_500V_fan_setPoint_000_mfc_setPoint_Methane_1000ppm_p3,20110218,L2,000,train,7e4a73e85d0d634280bb9a299d124d4d1beff5134b7da3a03fe4e016dc5c28cb,13225,0,20.24,200.2,10,5,175,0,0,0,1,1,47,27
wind,WTD_upload/Methane_1000/L2/201102181253_board_setPoint_500V_fan_setPoint_060_mfc_setPoint_Methane_1000ppm_p3,20110218,L2,060,validation,0d0c6c8b9275b0795ed4b70f8f270f4116eebc373ca7cc8fcbd25afe2a2cd01f,13412,0,20.14,200.23,10,5,149,0,0,0,1,1,38,18
wind,WTD_upload/Methane_1000/L2/201102181325_board_setPoint_500V_fan_setPoint_100_mfc_setPoint_Methane_1000ppm_p3,20110218,L2,100,test,ebdfdc27fb2166bd02c08a60b04d84c6716331b6a248ead0405eb49f142b521a,22219,0,20.18,200.15,10,5,178,0,0,0,1,1,25,5
wind,WTD_upload/Methane_1000/L2/201102181357_board_setPoint_500V_fan_setPoint_000_mfc_setPoint_Methane_1000ppm_p3,20110218,L2,000,train,27417ad6881185d3887c1178a8fd38e4f8c34d624762910305e422498aa35867,20529,0,20.201,200.161,8,5,171,0,0,0,1,1,47,27
wind,WTD_upload/Methane_1000/L2/201102181428_board_setPoint_500V_fan_setPoint_060_mfc_setPoint_Methane_1000ppm_p3,20110218,L2,060,validation,ef7d67043847c75c304b234c06b73a0f1490c3e2816aecef6aba88365b193981,20216,0,20.25,200.196,10,5,184,0,0,0,1,1,39,19
wind,WTD_upload/Methane_1000/L2/201102181500_board_setPoint_500V_fan_setPoint_100_mfc_setPoint_Methane_1000ppm_p3,20110218,L2,100,test,a5fd29a70cf21e9e0cfc571749eca020b2950fe62bd812c4ceda9ec525f71ccf,12984,0,20.161,200.24,10,5,179,0,0,0,1,1,35,15
wind,WTD_upload/Methane_1000/L2/201102181532_board_setPoint_500V_fan_setPoint_000_mfc_setPoint_Methane_1000ppm_p3,20110218,L2,000,train,db34ee51688e845d860e034a9014a4764272901c177baed6bfc377d6dea6a906,17966,0,20.19,200.16,10,5,182,0,0,0,1,1,41,21
wind,WTD_upload/Methane_1000/L2/201102181603_board_setPoint_500V_fan_setPoint_060_mfc_setPoint_Methane_1000ppm_p3,20110218,L2,060,validation,ff1d36e6ab29edf16e65a2929b38d0721d41925ce7a2a2473e03f860f89bf926,13279,0,20.2,200.16,9,4,158,0,0,0,1,1,28,8
wind,WTD_upload/Methane_1000/L2/201102181635_board_setPoint_500V_fan_setPoint_100_mfc_setPoint_Methane_1000ppm_p3,20110218,L2,100,test,0abc8f05ca41777d9705998d883cc75ef8424bf5686b6cc0916d46ef8184fdaa,20248,0,20.131,200.22,10,5,185,0,0,0,1,1,32,12
wind,WTD_upload/Methane_1000/L3/201102181726_board_setPoint_500V_fan_setPoint_000_mfc_setPoint_Methane_1000ppm_p5,20110218,L3,000,train,9177c393ceee4b927c4972e23779d401d6d4bc77c12dbec1a13de63a04d0a118,12531,0,20.17,200.16,4,0,109,0,0,0,1,0,93,73
wind,WTD_upload/Methane_1000/L3/201102181757_board_setPoint_500V_fan_setPoint_060_mfc_setPoint_Methane_1000ppm_p5,20110218,L3,060,validation,cb258c45dcffbc787ecf728c85cde25ee2c072d9f558802ed00637ed8c29ef8a,19568,0,20.222,200.202,9,5,176,0,0,0,1,1,38,18
wind,WTD_upload/Methane_1000/L3/201102181829_board_setPoint_500V_fan_setPoint_100_mfc_setPoint_Methane_1000ppm_p5,20110218,L3,100,test,aa037535d750be76390e4979f6af6942f2d6a12a20c5f61e277d9faa0157c8bc,12548,0,20.58,200.24,5,2,91,0,0,0,1,1,37,17
wind,WTD_upload/Methane_1000/L3/201102181901_board_setPoint_500V_fan_setPoint_000_mfc_setPoint_Methane_1000ppm_p5,20110218,L3,000,train,ade0905461999ee326b3eb51afc2d03647ea5f9443c846aaab407fa5ad1fa4bf,13744,0,20.15,200.251,10,4,174,0,0,0,1,1,44,24
wind,WTD_upload/Methane_1000/L3/201102181932_board_setPoint_500V_fan_setPoint_060_mfc_setPoint_Methane_1000ppm_p5,20110218,L3,060,validation,d53b482b293f5d7e6919d8f1e27bdcc23b23de1da76f214c714cecf011392c68,12894,0,20.18,200.16,7,2,156,0,0,0,1,1,41,21
wind,WTD_upload/Methane_1000/L3/201102182004_board_setPoint_500V_fan_setPoint_100_mfc_setPoint_Methane_1000ppm_p5,20110218,L3,100,test,40b540be75a2b349d25abb91c1b9c890324f0fb51f60710166683c615c14b90b,13591,0,20.15,200.251,9,5,152,0,0,0,1,1,26,6
wind,WTD_upload/Methane_1000/L3/201102182036_board_setPoint_500V_fan_setPoint_000_mfc_setPoint_Methane_1000ppm_p5,20110218,L3,000,train,4c110262ddc0a3410a4b7761d66ce7cf5b3d52332fd4f8e2af89bc160f835dbf,13083,0,20.13,200.33,10,4,161,0,0,0,1,0,126,106
wind,WTD_upload/Methane_1000/L3/201102182107_board_setPoint_500V_fan_setPoint_060_mfc_setPoint_Methane_1000ppm_p5,20110218,L3,060,validation,415f3f33bacac68996eac19a93977be36dddd58ed8b3f91393f6d6c53352a0e5,14284,0,20.13,200.24,9,5,151,0,0,0,1,1,51,31
wind,WTD_upload/Methane_1000/L3/201102182139_board_setPoint_500V_fan_setPoint_100_mfc_setPoint_Methane_1000ppm_p5,20110218,L3,100,test,5982883f92acadebd1a734f7135d7042d9d0aee8d59f844dde98cd3401a80567,13335,0,20.22,200.2,8,5,176,0,0,0,1,1,33,13
wind,WTD_upload/Methane_1000/L3/201102182211_board_setPoint_500V_fan_setPoint_000_mfc_setPoint_Methane_1000ppm_p5,20110218,L3,000,train,676ee4e4a0c3ec43b9a018fd047ac3e9c90209c736c02a951a5464f5452ee574,12484,0,20.19,200.15,10,5,162,0,0,0,1,1,56,36
wind,WTD_upload/Methane_1000/L3/201102182242_board_setPoint_500V_fan_setPoint_060_mfc_setPoint_Methane_1000ppm_p5,20110218,L3,060,validation,32f3b3e0bc2d2144ddfc358b4c03a4beb62321530930f7daf79de6b17272d431,12953,0,20.22,200.2,3,2,115,0,0,0,1,1,44,24
wind,WTD_upload/Methane_1000/L3/201102182314_board_setPoint_500V_fan_setPoint_100_mfc_setPoint_Methane_1000ppm_p5,20110218,L3,100,test,3aa4e19cfdd9c2cf18f5731029335441085712a77dad838a8e3693235cad7ec7,14245,0,20.22,200.18,8,5,173,0,0,0,1,1,33,13
wind,WTD_upload/Methane_1000/L3/201102182346_board_setPoint_500V_fan_setPoint_000_mfc_setPoint_Methane_1000ppm_p5,20110218,L3,000,train,8e98efcb37dc556c10cdd5c589719b563bc68bfb93b716488e18c4a1eb993508,13706,0,20.21,200.18,10,5,157,0,0,0,1,1,42,22
wind,WTD_upload/Methane_1000/L3/201102190017_board_setPoint_500V_fan_setPoint_060_mfc_setPoint_Methane_1000ppm_p5,20110219,L3,060,validation,c65663687bfe3c4d6cf0e915288aeddd38b6ba6a0b406a2e238ac78bcef4bbe1,12681,0,20.19,200.17,4,3,147,0,0,0,1,1,56,36
wind,WTD_upload/Methane_1000/L3/201102190049_board_setPoint_500V_fan_setPoint_100_mfc_setPoint_Methane_1000ppm_p5,20110219,L3,100,test,7415230dc805e7de4f06c45a7911744a13aa2f12407845f8bef030dac909de48,14112,0,20.15,200.25,10,5,164,0,0,0,1,1,34,14
wind,WTD_upload/Methane_1000/L3/201102190121_board_setPoint_500V_fan_setPoint_000_mfc_setPoint_Methane_1000ppm_p5,20110219,L3,000,train,208fe2cfac95caa12af35fb1fa56af308ae704b81f50d4edb910c95b201341d9,20394,0,20.131,200.23,10,5,173,0,0,0,1,1,43,23
wind,WTD_upload/Methane_1000/L3/201102190152_board_setPoint_500V_fan_setPoint_060_mfc_setPoint_Methane_1000ppm_p5,20110219,L3,060,validation,adb83c9885c0db2788221f5c4254235d02d7eca0b96e5fedbbb6d3ba36c00896,12747,0,20.14,200.23,10,3,139,0,0,0,1,1,49,29
wind,WTD_upload/Methane_1000/L3/201102190224_board_setPoint_500V_fan_setPoint_100_mfc_setPoint_Methane_1000ppm_p5,20110219,L3,100,test,bb497386ef621b30af9a63148c322d38bb25b565be57fc997b323a82790dfca5,13153,0,20.24,200.22,9,3,159,0,0,0,1,1,32,12
wind,WTD_upload/Methane_1000/L3/201102190256_board_setPoint_500V_fan_setPoint_000_mfc_setPoint_Methane_1000ppm_p5,20110219,L3,000,train,d250c414fee0936a4d4064085e8c48b8101e08de1bb552052203964fc1a901ca,24379,0,20.223,200.196,10,5,184,0,0,0,1,1,46,26
wind,WTD_upload/Methane_1000/L3/201102190328_board_setPoint_500V_fan_setPoint_060_mfc_setPoint_Methane_1000ppm_p5,20110219,L3,060,validation,15c3e2f78fbbb0b5695b864b96f7122e35294b480fe3cdb525c0816f4f1d4ccb,20362,0,20.203,200.191,10,5,179,0,0,0,1,1,50,30
wind,WTD_upload/Methane_1000/L3/201102190359_board_setPoint_500V_fan_setPoint_100_mfc_setPoint_Methane_1000ppm_p5,20110219,L3,100,test,d7446f727eba969e7616d7e6b712abc20191a0cd5229c016f5c50db25cd236df,14554,0,20.17,200.15,10,3,174,0,0,0,1,1,42,22
wind,WTD_upload/Methane_1000/L3/201102190431_board_setPoint_500V_fan_setPoint_000_mfc_setPoint_Methane_1000ppm_p5,20110219,L3,000,train,559db66fc418ac63e3835acd75a292cadaf0280d268872ca09ba1c1eb5e7db58,25401,0,20.16,200.13,10,5,185,0,0,0,1,0,97,77
wind,WTD_upload/Methane_1000/L3/201102190503_board_setPoint_500V_fan_setPoint_060_mfc_setPoint_Methane_1000ppm_p5,20110219,L3,060,validation,4c2625fadf5385200a46278bf3553e6447a94a907dedbe79f5240b14b95ebaa7,13009,0,20.15,200.25,9,5,133,0,0,0,1,1,47,27
wind,WTD_upload/Methane_1000/L3/201102190534_board_setPoint_500V_fan_setPoint_100_mfc_setPoint_Methane_1000ppm_p5,20110219,L3,100,test,002cd0a73dca39d00ef8b305b0e23a586b40856882aba1b2204dffd59a26e052,12851,0,20.17,200.15,10,5,154,0,0,0,1,1,35,15
wind,WTD_upload/Methane_1000/L3/201102190606_board_setPoint_500V_fan_setPoint_000_mfc_setPoint_Methane_1000ppm_p5,20110219,L3,000,train,98eef0495e4069550a390e3068393eb0115c92c0cc6fcf5aee68e0fb0d38aa4e,24300,0,20.23,200.41,10,5,181,0,0,0,1,1,38,18
wind,WTD_upload/Methane_1000/L3/201102190638_board_setPoint_500V_fan_setPoint_060_mfc_setPoint_Methane_1000ppm_p5,20110219,L3,060,validation,68cdaabf37e3ae6aeae175c447aecc205d99130026d7f9c60f3891516806def7,13180,0,20.23,200.21,7,5,154,0,0,0,1,1,46,26
wind,WTD_upload/Methane_1000/L3/201102190709_board_setPoint_500V_fan_setPoint_100_mfc_setPoint_Methane_1000ppm_p5,20110219,L3,100,test,2455d100a4ba4f86ddbd24e8706892db1eeb4183ab8792ea296d5e2e3c831f9e,12867,0,20.23,200.2,10,5,118,0,0,0,1,1,30,10
wind,WTD_upload/Methane_1000/L3/201102190741_board_setPoint_500V_fan_setPoint_000_mfc_setPoint_Methane_1000ppm_p5,20110219,L3,000,train,9f757d28203cb2f6a1b0c86c69783c7ec4c48988e3dc5b2f155ccc2c442318f9,21164,0,20.19,200.15,9,5,176,0,0,0,1,1,47,27
wind,WTD_upload/Methane_1000/L3/201102190813_board_setPoint_500V_fan_setPoint_060_mfc_setPoint_Methane_1000ppm_p5,20110219,L3,060,validation,9d057f510e811ed9085bce7aa892de302866ca09174e33c9f4f367910e916565,14035,0,20.18,200.14,9,4,163,0,0,0,1,1,47,27
wind,WTD_upload/Methane_1000/L3/201102190844_board_setPoint_500V_fan_setPoint_100_mfc_setPoint_Methane_1000ppm_p5,20110219,L3,100,test,6de3f7fec770130818b96d33d3cc3cde0af144dc882536b9285370faafe75a9f,12740,0,20.13,200.22,4,4,123,0,0,0,1,1,37,17
wind,WTD_upload/Methane_1000/L3/201102190916_board_setPoint_500V_fan_setPoint_000_mfc_setPoint_Methane_1000ppm_p5,20110219,L3,000,train,cc8293165d2986d40478dc151bb2acbc1dd3ed77261433ec0b830ffbe37d27a2,22317,0,20.22,200.19,10,5,184,0,0,0,1,1,53,33
wind,WTD_upload/Methane_1000/L3/201102190948_board_setPoint_500V_fan_setPoint_060_mfc_setPoint_Methane_1000ppm_p5,20110219,L3,060,validation,e3811ff32ec2786abd505049ea80c2b69dd55b0e6b252f71a93cd9d5b2d3f155,14067,0,20.16,200.26,10,5,170,0,0,0,1,1,50,30
wind,WTD_upload/Methane_1000/L3/201102191019_board_setPoint_500V_fan_setPoint_100_mfc_setPoint_Methane_1000ppm_p5,20110219,L3,100,test,d42a2d1f2b2bd178ae6c5c1b3d2c4dcc4ba098a32b772aef99dd293c30926c1e,14422,0,20.13,200.24,9,4,168,0,0,0,1,1,35,15
wind,WTD_upload/Methane_1000/L3/201102191051_board_setPoint_500V_fan_setPoint_000_mfc_setPoint_Methane_1000ppm_p5,20110219,L3,000,train,c869c40635e362bd2fad1517bee0337cd2fc4b647fc17d7b5531eccd73b916fc,14733,0,20.24,200.21,10,4,180,0,0,0,1,1,48,28
wind,WTD_upload/Methane_1000/L3/201102191123_board_setPoint_500V_fan_setPoint_060_mfc_setPoint_Methane_1000ppm_p5,20110219,L3,060,validation,caff88d82b3b8ac05f37e6ae1ea7fc8e57c52b2b0adea35e9cb23ce137b146d8,13586,0,20.2,200.17,10,5,185,0,0,0,1,1,42,22
wind,WTD_upload/Methane_1000/L3/201102191154_board_setPoint_500V_fan_setPoint_100_mfc_setPoint_Methane_1000ppm_p5,20110219,L3,100,test,aae20296dbf01a070f1974f34ae3df0fbf00999f1ef56db21a169934d1c9c63b,13050,0,20.15,200.13,8,5,172,0,0,0,1,1,27,7
wind,WTD_upload/Methane_1000/L3/201102191226_board_setPoint_500V_fan_setPoint_000_mfc_setPoint_Methane_1000ppm_p5,20110219,L3,000,train,6f43f9128b3c5a462ab6257e6553285bc67dd3449dd0695d3c1ba599183de6c3,15942,0,20.23,200.2,9,5,178,0,0,0,1,1,48,28
wind,WTD_upload/Methane_1000/L3/201102191258_board_setPoint_500V_fan_setPoint_060_mfc_setPoint_Methane_1000ppm_p5,20110219,L3,060,validation,2d5371f4c5afc04789d5dc6f5b98db023963f6de05c7753a4310df1471e9fd84,13667,0,20.2,200.17,10,5,155,0,0,0,1,1,39,19
wind,WTD_upload/Methane_1000/L3/201102191329_board_setPoint_500V_fan_setPoint_100_mfc_setPoint_Methane_1000ppm_p5,20110219,L3,100,test,7afc2e7cad76779c87a64c29fefe0b8b097a4dd96d5752868104738e5ce4c8e2,14196,0,20.191,200.16,10,5,182,0,0,0,1,1,30,10
wind,WTD_upload/Methane_1000/L3/201102191401_board_setPoint_500V_fan_setPoint_000_mfc_setPoint_Methane_1000ppm_p5,20110219,L3,000,train,de7771a3806c88831abdaaba310d53b81f56034fdb32d228ce97c612ab8c3c70,19281,0,20.213,200.191,9,5,180,0,0,0,1,1,50,30
wind,WTD_upload/Methane_1000/L3/201102191433_board_setPoint_500V_fan_setPoint_060_mfc_setPoint_Methane_1000ppm_p5,20110219,L3,060,validation,64f14535914619d33145a516d6f2d46adb9fc640f78ff3b2d2d9b1a113ba8cf0,18754,0,20.18,200.156,10,5,179,0,0,0,1,1,28,8
wind,WTD_upload/Methane_1000/L3/201102191504_board_setPoint_500V_fan_setPoint_100_mfc_setPoint_Methane_1000ppm_p5,20110219,L3,100,test,6c450b7d32546fb4b0d5923d4a126ca1d9196a355312c9eb517e33d84620f084,24950,0,20.23,200.2,10,5,184,0,0,0,1,1,32,12
wind,WTD_upload/Methane_1000/L3/201102191536_board_setPoint_500V_fan_setPoint_000_mfc_setPoint_Methane_1000ppm_p5,20110219,L3,000,train,ef617312f41d0a2f04a6790168bc74121287feca80129793303355bd030ff762,25001,0,20.161,200.13,10,5,184,0,0,0,1,1,42,22
wind,WTD_upload/Methane_1000/L3/201102191608_board_setPoint_500V_fan_setPoint_060_mfc_setPoint_Methane_1000ppm_p5,20110219,L3,060,validation,89c694033ca11f2a73fb5ed54cf00d6a5ccc45ab9a5e23b95098920f8007cadd,20639,0,20.211,200.18,9,5,181,0,0,0,1,1,41,21
wind,WTD_upload/Methane_1000/L3/201102191639_board_setPoint_500V_fan_setPoint_100_mfc_setPoint_Methane_1000ppm_p5,20110219,L3,100,test,60e59795f4314ae70cae0c76d1a3b15ee64776acbad01081072b7875200e89e8,17000,0,20.13,200.23,8,5,180,0,0,0,1,1,33,13
wind,WTD_upload/Methane_1000/L3/201102191711_board_setPoint_500V_fan_setPoint_000_mfc_setPoint_Methane_1000ppm_p5,20110219,L3,000,train,c3e6e74ffb487a574762198bd34f4d7650dc27e6d5a211976d5098bc5bd2cc2c,23679,0,20.21,200.19,10,5,175,0,0,0,1,1,79,59
wind,WTD_upload/Methane_1000/L3/201102191743_board_setPoint_500V_fan_setPoint_060_mfc_setPoint_Methane_1000ppm_p5,20110219,L3,060,validation,ba486210212b5350b821a92c2875e4a9c9288636a1f62d4fe090a6eba1909252,13122,0,20.17,200.14,5,4,172,0,0,0,1,1,43,23
wind,WTD_upload/Methane_1000/L3/201102191814_board_setPoint_500V_fan_setPoint_100_mfc_setPoint_Methane_1000ppm_p5,20110219,L3,100,test,003a7d33c2d0123a59f94bc4c678a5fe785d5a5d2f8697b8a878e1c1b72fbaf0,13939,0,20.2,200.17,10,5,148,0,0,0,1,1,27,7
wind,WTD_upload/Methane_1000/L3/201102191846_board_setPoint_500V_fan_setPoint_000_mfc_setPoint_Methane_1000ppm_p5,20110219,L3,000,train,0f8d513326880de190c8043a457b5361aab01e8e59569e88ffbd49cfba4dfa11,13458,0,20.161,200.13,8,5,161,0,0,0,1,1,46,26
wind,WTD_upload/Methane_1000/L3/201102191918_board_setPoint_500V_fan_setPoint_060_mfc_setPoint_Methane_1000ppm_p5,20110219,L3,060,validation,d05c4b31747c82132f437a2b0c98f497a362bbc8fef5edff4565cd579350a3ce,19022,0,20.24,200.2,10,5,177,0,0,0,1,1,49,29
wind,WTD_upload/Methane_1000/L3/201102191950_board_setPoint_500V_fan_setPoint_100_mfc_setPoint_Methane_1000ppm_p5,20110219,L3,100,test,a9341f9e13a3a1c36b440b959b0fa7e074721e49bd9bc479ed8a9e8de6fd3ece,16757,0,20.18,200.16,10,4,179,0,0,0,1,1,35,15
wind,WTD_upload/Methane_1000/L3/201102192021_board_setPoint_500V_fan_setPoint_000_mfc_setPoint_Methane_1000ppm_p5,20110219,L3,000,train,59e9a4e6d37a33c675ebe20404adc918eed24fc92323e1cffe18ee3c3bfa6105,12563,0,20.24,200.22,7,4,143,0,0,0,1,1,41,21
wind,WTD_upload/Methane_1000/L3/201102192053_board_setPoint_500V_fan_setPoint_060_mfc_setPoint_Methane_1000ppm_p5,20110219,L3,060,validation,ca4082287efc162ebe0d51c6ccdc0f6a9b8592a098ed20aed1edc9a42454bbf9,14468,0,20.2,200.16,10,2,165,0,0,0,1,1,30,10
wind,WTD_upload/Methane_1000/L3/201102192125_board_setPoint_500V_fan_setPoint_100_mfc_setPoint_Methane_1000ppm_p5,20110219,L3,100,test,c26ef74ac3ce78f9b9938e97117137db6dba2c1c53e0c572420b8f736ff497b1,12775,0,20.18,200.15,7,3,156,0,0,0,1,1,26,6
wind,WTD_upload/Methane_1000/L3/201102192156_board_setPoint_500V_fan_setPoint_000_mfc_setPoint_Methane_1000ppm_p5,20110219,L3,000,train,e3cf5325fb32a01f06244fa7026c757956b1cce31211e9b08dffdc86c68ae2c2,12706,0,20.15,200.25,8,4,143,0,0,0,1,1,36,16
wind,WTD_upload/Methane_1000/L3/201102192228_board_setPoint_500V_fan_setPoint_060_mfc_setPoint_Methane_1000ppm_p5,20110219,L3,060,validation,2957cdfc75946ed86258dbe1924dae0aaf62ce1c35a76f1e6c9064b32d194b1f,13190,0,20.14,200.23,10,3,165,0,0,0,1,1,31,11
wind,WTD_upload/Methane_1000/L3/201102192300_board_setPoint_500V_fan_setPoint_100_mfc_setPoint_Methane_1000ppm_p5,20110219,L3,100,test,143144ff77a953ada0f30dccf67b211c2bf61e490f3abc48d667607417a20667,16132,0,20.24,200.2,7,5,178,0,0,1,1,1,57,37
wind,WTD_upload/Methane_1000/L3/201102192331_board_setPoint_500V_fan_setPoint_000_mfc_setPoint_Methane_1000ppm_p5,20110219,L3,000,train,7eef9762cff39b4b98b22322d1506b94290e990806660084173b4a7dc19b09a4,12833,0,20.17,200.15,10,5,140,0,0,0,1,1,36,16
wind,WTD_upload/Methane_1000/L3/201102200003_board_setPoint_500V_fan_setPoint_060_mfc_setPoint_Methane_1000ppm_p5,20110220,L3,060,validation,ec3fb575952244fa4bf147ee32c9a37b09ac5fbba99f03f4ce90d805c50d7b73,12934,0,20.17,200.15,9,3,172,0,0,0,1,1,27,7
wind,WTD_upload/Methane_1000/L3/201102200035_board_setPoint_500V_fan_setPoint_100_mfc_setPoint_Methane_1000ppm_p5,20110220,L3,100,test,06f557576967837eee9ffdb605d3bc355da07bde6da86ff131a9b654aaebdb05,13551,0,20.25,200.211,8,5,173,0,0,0,1,1,25,5
wind,WTD_upload/Methane_1000/L4/201102200858_board_setPoint_500V_fan_setPoint_000_mfc_setPoint_Methane_1000ppm_p7,20110220,L4,000,train,cdef8971362a25f4ba0d321e15d54eb028d16b53b095cef09fbc711203126da0,13740,0,20.19,200.16,7,5,133,0,0,0,1,1,58,38
wind,WTD_upload/Methane_1000/L4/201102200930_board_setPoint_500V_fan_setPoint_060_mfc_setPoint_Methane_1000ppm_p7,20110220,L4,060,validation,5224409b006d189ca4a3772f0abe0144548a105dbd5f9cefa3e6e2050342a18d,18718,0,20.18,200.15,6,5,181,0,0,0,1,1,36,16
wind,WTD_upload/Methane_1000/L4/201102201001_board_setPoint_500V_fan_setPoint_100_mfc_setPoint_Methane_1000ppm_p7,20110220,L4,100,test,c94e2ef90946026ccee6e42d61bfeac81bd1191995ec63151c45c359764659ed,12199,0,20.14,200.23,10,4,108,0,0,0,1,1,29,9
wind,WTD_upload/Methane_1000/L4/201102201033_board_setPoint_500V_fan_setPoint_000_mfc_setPoint_Methane_1000ppm_p7,20110220,L4,000,train,103b40b8bc7afe0c1bb9eccf69fbb6055c459ac0cbf14d9cc19e46f53983364e,14206,0,20.151,200.23,9,5,171,0,0,0,1,0,127,107
wind,WTD_upload/Methane_1000/L4/201102201105_board_setPoint_500V_fan_setPoint_060_mfc_setPoint_Methane_1000ppm_p7,20110220,L4,060,validation,153470cb06cf4591ea04af510089ffac1940849b60bb8b1ad9f49d2b7bd8272b,15718,0,20.15,200.25,9,5,174,0,0,0,1,1,27,7
wind,WTD_upload/Methane_1000/L4/201102201136_board_setPoint_500V_fan_setPoint_100_mfc_setPoint_Methane_1000ppm_p7,20110220,L4,100,test,d2cfb1d1e6aa2a504c975ff78082fb3c35fca875c8d1a1d3ebdb3d902ee8673f,12545,0,20.221,200.18,4,3,75,0,0,0,1,1,51,31
wind,WTD_upload/Methane_1000/L4/201102201208_board_setPoint_500V_fan_setPoint_000_mfc_setPoint_Methane_1000ppm_p7,20110220,L4,000,train,2e1044cabdfb252ac5f82cc2557772154a8ab6e39b6318f922353d9a63290ec0,17222,0,20.18,200.16,10,5,182,0,0,0,1,1,53,33
wind,WTD_upload/Methane_1000/L4/201102201240_board_setPoint_500V_fan_setPoint_060_mfc_setPoint_Methane_1000ppm_p7,20110220,L4,060,validation,b043c36ca01126835cb855e2dc7f83a033c1867ecb3b89c8cc7d77db72b30353,13205,0,20.16,200.26,10,5,179,0,0,0,1,1,46,26
wind,WTD_upload/Methane_1000/L4/201102201311_board_setPoint_500V_fan_setPoint_100_mfc_setPoint_Methane_1000ppm_p7,20110220,L4,100,test,0805580f6bfe08b94ae00a7c6f6608079db911ecd8bb8c6e0f7273f4d7af383b,20234,0,20.14,200.25,10,5,180,0,0,0,1,1,33,13
wind,WTD_upload/Methane_1000/L4/201102201343_board_setPoint_500V_fan_setPoint_000_mfc_setPoint_Methane_1000ppm_p7,20110220,L4,000,train,84af1b5ad0267d0f23c50938f32ff09311c4d524f27d879e4d46e5194d9b74de,14177,0,20.24,200.2,10,5,161,0,0,0,1,1,44,24
wind,WTD_upload/Methane_1000/L4/201102201415_board_setPoint_500V_fan_setPoint_060_mfc_setPoint_Methane_1000ppm_p7,20110220,L4,060,validation,335e2c68e1d60f21c52d4a791be6095b338c5a3137c0744962336ad4884d0aee,20133,0,20.16,200.141,10,5,179,0,0,0,1,1,48,28
wind,WTD_upload/Methane_1000/L4/201102201446_board_setPoint_500V_fan_setPoint_100_mfc_setPoint_Methane_1000ppm_p7,20110220,L4,100,test,4d9563724ac4110d8dacc79b6a40be7e05ea22c86d337f522f6df111c21eb3a4,25007,0,20.13,200.217,10,5,183,0,0,0,1,1,38,18
wind,WTD_upload/Methane_1000/L4/201102201518_board_setPoint_500V_fan_setPoint_000_mfc_setPoint_Methane_1000ppm_p7,20110220,L4,000,train,5d012e099828c0fb193db3c7261965f2d5f93e1a0142b6696056bb331fc37e77,12783,0,20.191,200.16,10,5,177,0,0,0,1,1,35,15
wind,WTD_upload/Methane_1000/L4/201102201550_board_setPoint_500V_fan_setPoint_060_mfc_setPoint_Methane_1000ppm_p7,20110220,L4,060,validation,43c86e92f685f6d4482408c59f274e14a2640c473af402209d3cf5319cc118bd,12691,0,20.21,200.17,5,3,128,0,0,0,1,1,38,18
wind,WTD_upload/Methane_1000/L4/201102201621_board_setPoint_500V_fan_setPoint_100_mfc_setPoint_Methane_1000ppm_p7,20110220,L4,100,test,772a04256ff77378209a3bdb25e58ab1ae19b6f36e0b074da6c36b1528b65196,22874,0,20.23,200.205,10,5,182,0,0,0,1,1,38,18
wind,WTD_upload/Methane_1000/L4/201102201653_board_setPoint_500V_fan_setPoint_000_mfc_setPoint_Methane_1000ppm_p7,20110220,L4,000,train,7a0d05a2d2d8ca37befc577156fbc1a5cc69177bf4a0bad3aa6adaaf0122e2d2,23585,0,20.19,200.16,10,5,183,0,0,0,1,1,42,22
wind,WTD_upload/Methane_1000/L4/201102201725_board_setPoint_500V_fan_setPoint_060_mfc_setPoint_Methane_1000ppm_p7,20110220,L4,060,validation,8a02c95edd60153d37a7ec641a27cd0d009ce704a7346949be073553b0394812,12919,0,20.24,200.22,6,2,145,0,0,0,1,1,43,23
wind,WTD_upload/Methane_1000/L4/201102201756_board_setPoint_500V_fan_setPoint_100_mfc_setPoint_Methane_1000ppm_p7,20110220,L4,100,test,723e6c19763c820d1cebfc2f3b5bcba0e5e6ac7d62c833001375907d62153514,13022,0,20.3,200.14,3,3,117,0,0,0,1,1,45,25
wind,WTD_upload/Methane_1000/L4/201102201828_board_setPoint_500V_fan_setPoint_000_mfc_setPoint_Methane_1000ppm_p7,20110220,L4,000,train,1d0538512db7fe8fa9c29c8f43b471cf72c2d0c6cbac6fc26d6948a20ab41237,19791,0,20.229,200.2,10,5,185,0,0,0,1,0,88,68
wind,WTD_upload/Methane_1000/L4/201102201900_board_setPoint_500V_fan_setPoint_060_mfc_setPoint_Methane_1000ppm_p7,20110220,L4,060,validation,8714c2844de256e11c47ab4a75a479f05befa22dc3eaf8ce1406f2ad219063f6,13883,0,20.17,200.131,10,4,145,0,0,0,1,1,33,13
wind,WTD_upload/Methane_1000/L4/201102201931_board_setPoint_500V_fan_setPoint_100_mfc_setPoint_Methane_1000ppm_p7,20110220,L4,100,test,bf203bf4ba55c8686386f1448c8b9144ac91a67b550cda922ceb6db636c4b5b4,13931,0,20.24,200.2,9,4,165,0,0,0,1,1,30,10
wind,WTD_upload/Methane_1000/L4/201102202003_board_setPoint_500V_fan_setPoint_000_mfc_setPoint_Methane_1000ppm_p7,20110220,L4,000,train,241e6c26a76148e8e867788b545468b0e5b4a6ecbd6c0d4ad79a8e6aa3161de5,12899,0,20.15,200.12,6,4,134,0,0,0,1,1,60,40
wind,WTD_upload/Methane_1000/L4/201102202035_board_setPoint_500V_fan_setPoint_060_mfc_setPoint_Methane_1000ppm_p7,20110220,L4,060,validation,5e35a52e62a19a19015ae6ec5eafb6c3b60f876966944ecbac22945c3591acd1,13997,0,20.551,200.23,10,5,182,0,0,0,1,1,45,25
wind,WTD_upload/Methane_1000/L4/201102202106_board_setPoint_500V_fan_setPoint_100_mfc_setPoint_Methane_1000ppm_p7,20110220,L4,100,test,5266b30ba8b175b6248e5ba3535b4263f312f5e07a2001bdc94d736685acf422,13880,0,20.21,200.19,10,4,174,0,0,0,1,1,45,25
wind,WTD_upload/Methane_1000/L4/201102202138_board_setPoint_500V_fan_setPoint_000_mfc_setPoint_Methane_1000ppm_p7,20110220,L4,000,train,a360489f8858d188a5d52034ba98ef955f5275d0bcab868af098cd8ef8d1c64e,20048,0,20.18,200.14,10,5,179,0,0,0,1,1,48,28
wind,WTD_upload/Methane_1000/L4/201102202210_board_setPoint_500V_fan_setPoint_060_mfc_setPoint_Methane_1000ppm_p7,20110220,L4,060,validation,f8c470e93feb876117c77c01df74e356fb33ebf30a3244a5163d16a71e559226,19864,0,20.14,200.231,10,5,174,0,0,0,1,1,28,8
wind,WTD_upload/Methane_1000/L4/201102202241_board_setPoint_500V_fan_setPoint_100_mfc_setPoint_Methane_1000ppm_p7,20110220,L4,100,test,1007cece70134563aa2ae6ce26b3920a5c3d92f64f1e183ec63cf5205a9c0d86,14948,0,20.22,200.19,9,5,176,0,0,0,1,1,36,16
wind,WTD_upload/Methane_1000/L4/201102202313_board_setPoint_500V_fan_setPoint_000_mfc_setPoint_Methane_1000ppm_p7,20110220,L4,000,train,a6051f1e12d218d5a555d00e3b7020a1d168350c90c68bab6a8c91b495f86b47,13915,0,20.23,200.19,10,5,161,0,0,0,1,1,64,44
wind,WTD_upload/Methane_1000/L4/201102202345_board_setPoint_500V_fan_setPoint_060_mfc_setPoint_Methane_1000ppm_p7,20110220,L4,060,validation,e604f57cdcd727cdd09b20c497b722b5419786180f8c42dde643e39d103c582f,18788,0,20.19,200.26,10,5,175,0,0,0,1,1,38,18
wind,WTD_upload/Methane_1000/L4/201102210016_board_setPoint_500V_fan_setPoint_100_mfc_setPoint_Methane_1000ppm_p7,20110221,L4,100,test,8207012f0e32716ddc997543ee7f958982069dd74b7d8e52cd0cc8803797db29,14886,0,20.16,200.261,8,5,158,0,0,0,1,1,36,16
wind,WTD_upload/Methane_1000/L4/201102210048_board_setPoint_500V_fan_setPoint_000_mfc_setPoint_Methane_1000ppm_p7,20110221,L4,000,train,6abaab748f8719a1d87593ae203e23038e971918e49beb7fa0b4d716535fba12,13144,0,20.66,200.14,10,4,172,0,0,0,1,1,67,47
wind,WTD_upload/Methane_1000/L4/201102210120_board_setPoint_500V_fan_setPoint_060_mfc_setPoint_Methane_1000ppm_p7,20110221,L4,060,validation,e2e6e8a519899cd5491a1405eca1ae81825d540aebe41f619f79d13c873baa11,21046,0,20.14,200.243,9,5,165,0,0,0,1,1,40,20
wind,WTD_upload/Methane_1000/L4/201102210152_board_setPoint_500V_fan_setPoint_100_mfc_setPoint_Methane_1000ppm_p7,20110221,L4,100,test,00089e99e1c5d40d7f10fdf3bd0646bbfcb8ff5a1ab631a66de73fb087170941,19003,0,20.144,200.13,9,5,178,0,0,0,1,1,28,8
wind,WTD_upload/Methane_1000/L4/201102210223_board_setPoint_500V_fan_setPoint_000_mfc_setPoint_Methane_1000ppm_p7,20110221,L4,000,train,baa0549d5350e972fc124e0004e8efebacd0c759e1a7bd30b16494752b9a8aef,12637,0,20.42,200.24,8,4,118,0,0,0,1,0,115,95
wind,WTD_upload/Methane_1000/L4/201102210255_board_setPoint_500V_fan_setPoint_060_mfc_setPoint_Methane_1000ppm_p7,20110221,L4,060,validation,78648b4d4f0ba6a6d8027fb229e044edca9a54639b65159bd3e95eb5ee022890,11688,0,20.14,200.26,10,3,118,0,0,0,1,1,29,9
wind,WTD_upload/Methane_1000/L4/201102210327_board_setPoint_500V_fan_setPoint_100_mfc_setPoint_Methane_1000ppm_p7,20110221,L4,100,test,232adc64a2d0fa01b9c8072294f4fa05f9dcad0aa6fbf3ea38b9a8bb24b0a534,16964,0,20.14,200.23,10,4,175,0,0,0,1,1,37,17
wind,WTD_upload/Methane_1000/L4/201102210358_board_setPoint_500V_fan_setPoint_000_mfc_setPoint_Methane_1000ppm_p7,20110221,L4,000,train,94327eb51a9992f6f4fcb3a8e5783b3ff9658def5ee4c4bbadb4cd03666eef46,17622,0,20.24,200.22,10,5,184,0,0,0,1,1,32,12
wind,WTD_upload/Methane_1000/L4/201102210430_board_setPoint_500V_fan_setPoint_060_mfc_setPoint_Methane_1000ppm_p7,20110221,L4,060,validation,0546e67bb0794d9035c8c51b830b53e6e73d035a79d949ca759bb3a5c6d3a5bc,20098,0,20.231,200.22,10,5,182,0,0,0,1,1,30,10
wind,WTD_upload/Methane_1000/L4/201102210502_board_setPoint_500V_fan_setPoint_100_mfc_setPoint_Methane_1000ppm_p7,20110221,L4,100,test,bd27706d047cd481aa633105c6cecd0702a8f1b0a9a7f1bacfaabec457d0678d,12906,0,20.14,200.24,6,5,172,0,0,0,1,1,40,20
wind,WTD_upload/Methane_1000/L4/201102210533_board_setPoint_500V_fan_setPoint_000_mfc_setPoint_Methane_1000ppm_p7,20110221,L4,000,train,dee7fca5ad80d03f65ef72d61611add59f3716b3469a40bb318fcfead7ab7f9f,16418,0,20.255,200.24,10,5,183,0,0,0,1,1,56,36
wind,WTD_upload/Methane_1000/L4/201102210605_board_setPoint_500V_fan_setPoint_060_mfc_setPoint_Methane_1000ppm_p7,20110221,L4,060,validation,895aea5b3cb2170d82294b9fb77dce3d71a40614e5f2567193140df11c1ea75f,16123,0,20.13,200.23,10,5,181,0,0,0,1,1,43,23
wind,WTD_upload/Methane_1000/L4/201102210637_board_setPoint_500V_fan_setPoint_100_mfc_setPoint_Methane_1000ppm_p7,20110221,L4,100,test,5a881dfce69759899717707871492ed78f184345585481fb8a94b7878213e9a8,12279,0,20.241,200.21,8,3,130,0,0,0,1,1,39,19
wind,WTD_upload/Methane_1000/L4/201102210708_board_setPoint_500V_fan_setPoint_000_mfc_setPoint_Methane_1000ppm_p7,20110221,L4,000,train,55e3f7d5a6a188f566ed0c4904d5012808a0874d5e078d2edc24f25da29c37fa,16637,0,20.22,200.54,8,5,172,0,0,0,1,0,81,61
wind,WTD_upload/Methane_1000/L4/201102210740_board_setPoint_500V_fan_setPoint_060_mfc_setPoint_Methane_1000ppm_p7,20110221,L4,060,validation,d197646e685ac8457fadb39251e68ebef8af74443b39a5e48e379af335d7a8ae,24534,0,20.17,200.152,10,5,180,0,0,0,1,1,33,13
wind,WTD_upload/Methane_1000/L4/201102210812_board_setPoint_500V_fan_setPoint_100_mfc_setPoint_Methane_1000ppm_p7,20110221,L4,100,test,e93026b29606a10f7c71b0edcb74fbc0134e1adf4c48f493bb8a7848d1501078,15143,0,20.18,200.17,10,5,174,0,0,0,1,1,30,10
wind,WTD_upload/Methane_1000/L4/201102210843_board_setPoint_500V_fan_setPoint_000_mfc_setPoint_Methane_1000ppm_p7,20110221,L4,000,train,c9899cd1b12eb52ef166aa03ce589f9bb25a8b3e52a3c2e09dd56f8816c57e2e,15637,0,20.2,200.17,10,5,160,0,0,0,1,1,41,21
wind,WTD_upload/Methane_1000/L4/201102210915_board_setPoint_500V_fan_setPoint_060_mfc_setPoint_Methane_1000ppm_p7,20110221,L4,060,validation,8508d60bf81811d3ff449144fe01b64822f3a1a503c37c428f67da1d6ad1bf8e,12324,0,20.17,200.14,5,3,117,0,0,0,1,1,32,12
wind,WTD_upload/Methane_1000/L4/201102210947_board_setPoint_500V_fan_setPoint_100_mfc_setPoint_Methane_1000ppm_p7,20110221,L4,100,test,2a6b912d1104ae9820343eea4cca839bbef4a868b9736e0a8e0ba975b7ef4ce6,14461,0,20.15,200.641,6,5,142,0,0,0,1,1,29,9
wind,WTD_upload/Methane_1000/L4/201102211018_board_setPoint_500V_fan_setPoint_000_mfc_setPoint_Methane_1000ppm_p7,20110221,L4,000,train,5df55469de3c5fbe0ecf1a8b5465000ed3163ea908ac240fa84d12a7f160e639,13704,0,20.13,200.23,10,5,161,0,0,0,1,1,36,16
wind,WTD_upload/Methane_1000/L4/201102211050_board_setPoint_500V_fan_setPoint_060_mfc_setPoint_Methane_1000ppm_p7,20110221,L4,060,validation,aeda3a0d0cde60652ff73bc4cfddb7b3e2f248eb14f0f9837a64b65261beab45,23665,0,20.226,200.213,10,5,172,0,0,0,1,1,43,23
wind,WTD_upload/Methane_1000/L4/201102211122_board_setPoint_500V_fan_setPoint_100_mfc_setPoint_Methane_1000ppm_p7,20110221,L4,100,test,8a819cd7695b12147ca0732a83133cf8d9b74a03e5c0e4f5eca6c2473fd9bd8a,20563,0,20.25,200.211,10,5,177,0,0,0,1,1,25,5
wind,WTD_upload/Methane_1000/L4/201102211153_board_setPoint_500V_fan_setPoint_000_mfc_setPoint_Methane_1000ppm_p7,20110221,L4,000,train,2b7e235f7ecdd363f9d7264b0b9794ea6a58272ae01f74115f4684d9eda71441,16403,0,20.19,200.16,10,5,181,0,0,0,1,1,65,45
wind,WTD_upload/Methane_1000/L4/201102211225_board_setPoint_500V_fan_setPoint_060_mfc_setPoint_Methane_1000ppm_p7,20110221,L4,060,validation,a81d34bac0b8d6501a78e4317e83c64d257e85a7e27d26b65fd3f9731dd31a94,12728,0,20.15,200.26,7,4,166,0,0,0,1,1,41,21
wind,WTD_upload/Methane_1000/L4/201102211257_board_setPoint_500V_fan_setPoint_100_mfc_setPoint_Methane_1000ppm_p7,20110221,L4,100,test,bc0371c45f025227d2b2373157f9a9165e6946b3cf3e4a19cbfa92686bf5df3e,14629,0,20.2,200.17,9,3,173,0,0,0,1,1,36,16
wind,WTD_upload/Methane_1000/L4/201102211328_board_setPoint_500V_fan_setPoint_000_mfc_setPoint_Methane_1000ppm_p7,20110221,L4,000,train,5621ef6e505b742dc50c04a484e003fa0e7c776506905961245244cd2c15492b,12684,0,20.13,200.23,10,5,157,0,0,0,1,1,57,37
wind,WTD_upload/Methane_1000/L4/201102211400_board_setPoint_500V_fan_setPoint_060_mfc_setPoint_Methane_1000ppm_p7,20110221,L4,060,validation,2395d1ac73fcd2b7a6fd2578c3012f8d9ca333c0b1821c0611a6d96c2d03abb4,15892,0,20.2,200.15,10,5,169,0,0,0,1,1,42,22
wind,WTD_upload/Methane_1000/L4/201102211432_board_setPoint_500V_fan_setPoint_100_mfc_setPoint_Methane_1000ppm_p7,20110221,L4,100,test,000771c085c0782e9c11cd666d1e1bc475cf0e2615d276e809f1c99e0f97b1f5,12922,0,20.23,200.19,7,5,126,0,0,0,1,1,35,15
wind,WTD_upload/Methane_1000/L4/201102211503_board_setPoint_500V_fan_setPoint_000_mfc_setPoint_Methane_1000ppm_p7,20110221,L4,000,train,3763164dc5cca33f2b3030dafbc3989e44816a5c8f21999cbad27e6a17be9efe,16507,0,20.16,200.14,10,4,174,0,0,0,1,1,40,20
wind,WTD_upload/Methane_1000/L4/201102211535_board_setPoint_500V_fan_setPoint_060_mfc_setPoint_Methane_1000ppm_p7,20110221,L4,060,validation,32edebd42ea876d319e8cbf9f1dea29b58b1ce3fc21bbc115e2885ad03e85f66,13266,0,20.24,200.19,10,4,168,0,0,0,1,1,47,27
wind,WTD_upload/Methane_1000/L4/201102211607_board_setPoint_500V_fan_setPoint_100_mfc_setPoint_Methane_1000ppm_p7,20110221,L4,100,test,154415e7a86bcf3b89f6076f35e7c9aa7beb2f52e3e4c224a51930a7ad254794,22972,0,20.17,200.141,10,5,177,0,0,0,1,1,29,9
wind,WTD_upload/Methane_1000/L5/201102212248_board_setPoint_500V_fan_setPoint_000_mfc_setPoint_Methane_1000ppm_p9,20110221,L5,000,train,b883c89ef73a2e9c1affc2eaf514b8f027651b35a8dcfee5548778b593fc366c,13627,0,20.23,200.2,10,5,179,0,0,0,1,1,31,11
wind,WTD_upload/Methane_1000/L5/201102212319_board_setPoint_500V_fan_setPoint_060_mfc_setPoint_Methane_1000ppm_p9,20110221,L5,060,validation,86e83b8c7f9ccd08198f12606db43ce779c14e8e5583f95e657f2e3e46cbef27,18244,0,20.19,200.17,8,4,160,0,0,0,1,1,44,24
wind,WTD_upload/Methane_1000/L5/201102212351_board_setPoint_500V_fan_setPoint_100_mfc_setPoint_Methane_1000ppm_p9,20110221,L5,100,test,8f5f92149399f0a001773a90e54660c4b27d9eeccb12f53c7cd4480d4e2f7eec,14775,4,20.18,200.161,10,3,167,0,0,0,1,1,30,10
wind,WTD_upload/Methane_1000/L5/201102220023_board_setPoint_500V_fan_setPoint_000_mfc_setPoint_Methane_1000ppm_p9,20110222,L5,000,train,81261e2e7b0ba3232cea3969d3954ece3df380c0e85d1f1b837e923ed28077de,18342,0,20.135,200.25,10,5,182,0,0,0,1,1,51,31
wind,WTD_upload/Methane_1000/L5/201102220054_board_setPoint_500V_fan_setPoint_060_mfc_setPoint_Methane_1000ppm_p9,20110222,L5,060,validation,2ab86623cf9ac9fa1f0737663c2d61f502ed56c635005aa140d0fe5e1361f586,16843,0,20.14,200.241,10,5,183,0,0,0,1,1,30,10
wind,WTD_upload/Methane_1000/L5/201102220126_board_setPoint_500V_fan_setPoint_100_mfc_setPoint_Methane_1000ppm_p9,20110222,L5,100,test,0c6a58b522db4a6043894038fb53ef6683ab640ecd3623f9bf3d7bf66bbafa76,14779,0,20.24,200.2,10,5,164,0,0,0,1,1,40,20
wind,WTD_upload/Methane_1000/L5/201102220158_board_setPoint_500V_fan_setPoint_000_mfc_setPoint_Methane_1000ppm_p9,20110222,L5,000,train,014cd89d6e8b11118ebb0ec49440f021225ceaecffdc205fe96f95cc84f55ebf,24869,0,20.18,200.161,10,5,183,0,0,0,1,1,42,22
wind,WTD_upload/Methane_1000/L5/201102220229_board_setPoint_500V_fan_setPoint_060_mfc_setPoint_Methane_1000ppm_p9,20110222,L5,060,validation,9641d18961aba3838a424e77d64fe839719b762cc463e1da17df457852aecafa,25316,0,20.155,200.132,10,5,185,0,0,0,1,1,44,24
wind,WTD_upload/Methane_1000/L5/201102220301_board_setPoint_500V_fan_setPoint_100_mfc_setPoint_Methane_1000ppm_p9,20110222,L5,100,test,cbfb4bbaabb5277bc6a202fe49c8419fdfcb3d62d00a6c8fc2c03d3dd39553c7,13646,0,20.14,200.24,10,4,178,0,0,0,1,1,31,11
wind,WTD_upload/Methane_1000/L5/201102220333_board_setPoint_500V_fan_setPoint_000_mfc_setPoint_Methane_1000ppm_p9,20110222,L5,000,train,28ed34f6b2f654b99f3f8671ecd9cf9014b4e63fa062ea633142ff5badcb9f08,14545,0,20.16,200.26,10,5,177,0,0,0,1,1,67,47
wind,WTD_upload/Methane_1000/L5/201102220404_board_setPoint_500V_fan_setPoint_060_mfc_setPoint_Methane_1000ppm_p9,20110222,L5,060,validation,9283d3ff4a5a60ccd204834da6e61691bdb4394f4307c2cc086de339c5b9b357,20953,0,20.17,200.25,10,5,182,0,0,0,1,1,43,23
wind,WTD_upload/Methane_1000/L5/201102220436_board_setPoint_500V_fan_setPoint_100_mfc_setPoint_Methane_1000ppm_p9,20110222,L5,100,test,de810131b880865f5fd43d890083082fa94853079da0e9615ab01f5627f0c727,19997,0,20.14,200.24,10,5,181,0,0,0,1,1,30,10
wind,WTD_upload/Methane_1000/L5/201102220508_board_setPoint_500V_fan_setPoint_000_mfc_setPoint_Methane_1000ppm_p9,20110222,L5,000,train,4866eb680a138c9d46c6b9011f2d45e794cd4d4b29ab83f30bac7a980507d55d,17729,0,20.2,200.17,9,5,179,0,0,0,1,1,37,17
wind,WTD_upload/Methane_1000/L5/201102220540_board_setPoint_500V_fan_setPoint_060_mfc_setPoint_Methane_1000ppm_p9,20110222,L5,060,validation,7519bbcb9468e2ffbabbeb72b1f459a4997d6759965d09063e962fa1cd5de815,13023,0,20.19,200.16,8,5,175,0,0,0,1,1,47,27
wind,WTD_upload/Methane_1000/L5/201102220611_board_setPoint_500V_fan_setPoint_100_mfc_setPoint_Methane_1000ppm_p9,20110222,L5,100,test,5ec18b5415a70789276e8a875ad9e5c4f6d6bb268e47565f8c99cad69967429e,23258,0,20.145,200.247,10,5,185,0,0,0,1,1,29,9
wind,WTD_upload/Methane_1000/L5/201102220643_board_setPoint_500V_fan_setPoint_000_mfc_setPoint_Methane_1000ppm_p9,20110222,L5,000,train,f68a901f50f9d344a6a261716a6cb7689f4a60467616ef875369531f06a02a6c,17995,0,20.14,200.24,10,5,184,0,0,0,1,0,88,68
wind,WTD_upload/Methane_1000/L5/201102220715_board_setPoint_500V_fan_setPoint_060_mfc_setPoint_Methane_1000ppm_p9,20110222,L5,060,validation,679ca2d6724db5795f785b198b2d27acf1f88630faac46b57998861fb069baa1,14109,0,20.14,200.23,10,5,185,0,0,0,1,1,43,23
wind,WTD_upload/Methane_1000/L5/201102220746_board_setPoint_500V_fan_setPoint_100_mfc_setPoint_Methane_1000ppm_p9,20110222,L5,100,test,9be38f9deb5a9eac60cf32cd3acde5a2a837059b9b254ac6bd0157a88028d795,19468,0,20.13,200.23,10,5,181,0,0,0,1,1,38,18
wind,WTD_upload/Methane_1000/L5/201102220818_board_setPoint_500V_fan_setPoint_000_mfc_setPoint_Methane_1000ppm_p9,20110222,L5,000,train,fa68af14c58cfaf72d08c8f660ace65199834a10ed77ee70894efeb40d82231c,13194,0,20.211,200.181,6,1,143,0,0,0,1,1,57,37
wind,WTD_upload/Methane_1000/L5/201102220850_board_setPoint_500V_fan_setPoint_060_mfc_setPoint_Methane_1000ppm_p9,20110222,L5,060,validation,6f755af91b6b33d5c78b5877855f3f9720259b330c7b38e2c5c91c92824f0d2f,14882,0,20.17,200.14,10,5,171,0,0,0,1,1,35,15
wind,WTD_upload/Methane_1000/L5/201102220921_board_setPoint_500V_fan_setPoint_100_mfc_setPoint_Methane_1000ppm_p9,20110222,L5,100,test,fd3ddf893b41f67f9e694c97b7a0f2ae1736891872c061b443d8587f366f6806,19920,0,20.239,200.215,10,5,185,0,0,0,1,1,40,20
wind,WTD_upload/Methane_1000/L5/201102220953_board_setPoint_500V_fan_setPoint_000_mfc_setPoint_Methane_1000ppm_p9,20110222,L5,000,train,0f5e17f548b1098da5d468f1a55ae10bbc86db1eaf4658c99bebc565092907fe,15043,0,20.23,200.21,9,5,178,0,0,0,1,0,112,92
wind,WTD_upload/Methane_1000/L5/201102221025_board_setPoint_500V_fan_setPoint_060_mfc_setPoint_Methane_1000ppm_p9,20110222,L5,060,validation,304e4c5758f378b5a8a6c4c5d87328f138edb73412ea717b2096c723cbad798c,14109,0,20.19,200.18,9,5,163,0,0,0,1,1,41,21
wind,WTD_upload/Methane_1000/L5/201102221056_board_setPoint_500V_fan_setPoint_100_mfc_setPoint_Methane_1000ppm_p9,20110222,L5,100,test,b744dee711eb5d208cb89acb945e8c4369719390fb6b1ef0376486faf9d19f06,24584,0,20.142,200.243,10,5,185,0,0,0,1,1,29,9
wind,WTD_upload/Methane_1000/L5/201102221128_board_setPoint_500V_fan_setPoint_000_mfc_setPoint_Methane_1000ppm_p9,20110222,L5,000,train,de1f41e8df5d087b0efbb9fd8b4bcb528b20e1cd874d58f930b854c17e3924a5,13020,0,20.22,200.19,10,5,185,0,0,0,1,1,31,11
wind,WTD_upload/Methane_1000/L5/201102221200_board_setPoint_500V_fan_setPoint_060_mfc_setPoint_Methane_1000ppm_p9,20110222,L5,060,validation,f63837d0b4a88edaadacce3ac85f68b57cc245ca7e9d6f8b57408da67fae97a0,17031,0,20.17,200.13,10,5,177,0,0,0,1,1,29,9
wind,WTD_upload/Methane_1000/L5/201102221231_board_setPoint_500V_fan_setPoint_100_mfc_setPoint_Methane_1000ppm_p9,20110222,L5,100,test,b96c773011feb2ef360784dd0c73a9a1c7cceb3b39feee629724d19a868ec9e8,12556,0,20.2,200.17,8,4,123,0,0,0,1,1,40,20
wind,WTD_upload/Methane_1000/L5/201102221303_board_setPoint_500V_fan_setPoint_000_mfc_setPoint_Methane_1000ppm_p9,20110222,L5,000,train,34ca69e602b966e088b89eef6e6c28c6434afeb4f848339a6b2e32bbf943d553,21114,0,20.14,200.23,10,5,185,0,0,0,1,0,121,101
wind,WTD_upload/Methane_1000/L5/201102221335_board_setPoint_500V_fan_setPoint_060_mfc_setPoint_Methane_1000ppm_p9,20110222,L5,060,validation,dd71362f69002b1fe767cd2be2ce6b2ebfe926a2f90c3bfa343624408ec283e1,23914,0,20.18,200.15,10,5,183,0,0,0,1,1,44,24
wind,WTD_upload/Methane_1000/L5/201102221406_board_setPoint_500V_fan_setPoint_100_mfc_setPoint_Methane_1000ppm_p9,20110222,L5,100,test,40a1bf1342a29b128685d973da3b62f92fc9aa0da9f8d2bc66fb99b01b3cb42a,19379,0,20.201,200.178,10,5,183,0,0,0,1,1,37,17
wind,WTD_upload/Methane_1000/L5/201102221438_board_setPoint_500V_fan_setPoint_000_mfc_setPoint_Methane_1000ppm_p9,20110222,L5,000,train,bee7a2132ebd7c2d489f5da9e67fd63ea7be16e3be167d141396ec6da61564a2,23538,0,20.23,200.2,10,5,182,0,0,0,1,1,49,29
wind,WTD_upload/Methane_1000/L5/201102221510_board_setPoint_500V_fan_setPoint_060_mfc_setPoint_Methane_1000ppm_p9,20110222,L5,060,validation,c8e1873eecf21dd55f85fea2ac37a5a333642434cfd7454b9a82c3eef1b9a57e,18267,0,20.149,200.134,10,5,183,0,0,0,1,1,44,24
wind,WTD_upload/Methane_1000/L5/201102221541_board_setPoint_500V_fan_setPoint_100_mfc_setPoint_Methane_1000ppm_p9,20110222,L5,100,test,95065865aae348d4c9b0eb0bea0efe59fc395b34de0f82233e28edb08b88d865,14959,0,20.174,200.14,10,5,183,0,0,0,1,1,38,18
wind,WTD_upload/Methane_1000/L5/201102221613_board_setPoint_500V_fan_setPoint_000_mfc_setPoint_Methane_1000ppm_p9,20110222,L5,000,train,a59da708d0a32df14ec4d373afc8579bfe16947510fde32e0782ee18018f3ff6,12699,0,20.19,200.161,5,5,91,0,0,0,1,1,41,21
wind,WTD_upload/Methane_1000/L5/201102221645_board_setPoint_500V_fan_setPoint_060_mfc_setPoint_Methane_1000ppm_p9,20110222,L5,060,validation,2f0285b707ecd98a250e40146b8ba20ba206a021ac4656b4f09999942f72074e,14756,0,20.21,200.19,10,5,181,0,0,0,1,1,45,25
wind,WTD_upload/Methane_1000/L5/201102221716_board_setPoint_500V_fan_setPoint_100_mfc_setPoint_Methane_1000ppm_p9,20110222,L5,100,test,9bf6db62634bd6c005deeb0ae5dcf9dbfdfe5b8e21d9a65d2aec9a4065fe135a,24561,0,20.2,200.171,10,5,184,0,0,0,1,1,38,18
wind,WTD_upload/Methane_1000/L5/201102221748_board_setPoint_500V_fan_setPoint_000_mfc_setPoint_Methane_1000ppm_p9,20110222,L5,000,train,e19e9bcc1c1eeaa0867a0ced56d2887e83a0842bcf4ed7d9f9160a149232f656,12971,0,20.231,200.196,8,5,123,0,0,0,1,1,55,35
wind,WTD_upload/Methane_1000/L5/201102221820_board_setPoint_500V_fan_setPoint_060_mfc_setPoint_Methane_1000ppm_p9,20110222,L5,060,validation,242f4b495bfb3988d1e30ff83f6f860095cc2d1b64712c6e35d57178ae4690b4,13221,0,20.151,200.24,6,2,150,0,0,0,1,1,54,34
wind,WTD_upload/Methane_1000/L5/201102221851_board_setPoint_500V_fan_setPoint_100_mfc_setPoint_Methane_1000ppm_p9,20110222,L5,100,test,67c8edeab53ddeedaacd632617cc940b0786442481731cb7aff5683894b7a4fd,20022,0,20.21,200.18,10,5,184,0,0,0,1,1,38,18
wind,WTD_upload/Methane_1000/L5/201102221923_board_setPoint_500V_fan_setPoint_000_mfc_setPoint_Methane_1000ppm_p9,20110222,L5,000,train,26d70d54ed5e2c44d18e58c8bf46671c9b73085f40fb9a1072be7f84347cd405,24809,0,20.15,200.238,10,5,184,0,0,0,1,1,40,20
wind,WTD_upload/Methane_1000/L5/201102221955_board_setPoint_500V_fan_setPoint_060_mfc_setPoint_Methane_1000ppm_p9,20110222,L5,060,validation,c8e4fadaf394daf92719e93955614b71f683de865a5e1c8c5e752f97a02ccaac,14020,0,20.24,200.2,7,3,166,0,0,0,1,1,35,15
wind,WTD_upload/Methane_1000/L5/201102222026_board_setPoint_500V_fan_setPoint_100_mfc_setPoint_Methane_1000ppm_p9,20110222,L5,100,test,9944bf0608767f09bec3685a4af1949f866ad79cd5d3a83197e3fdb3fcf7b07e,14459,0,20.14,200.25,5,3,144,0,0,0,1,1,28,8
wind,WTD_upload/Methane_1000/L5/201102222058_board_setPoint_500V_fan_setPoint_000_mfc_setPoint_Methane_1000ppm_p9,20110222,L5,000,train,c273444153f1aa8cf232edf64e6efbe69d03504ec6818c5ee5c991f1f88999ae,25218,0,20.184,200.161,10,5,183,0,0,0,1,1,35,15
wind,WTD_upload/Methane_1000/L5/201102222130_board_setPoint_500V_fan_setPoint_060_mfc_setPoint_Methane_1000ppm_p9,20110222,L5,060,validation,6bbb07e46f6a60826a215b21f0dac1c669e9147a7ed2f1cb8fd3897b2a4048ee,21145,0,20.236,200.21,10,5,184,0,0,0,1,1,74,54
wind,WTD_upload/Methane_1000/L5/201102222202_board_setPoint_500V_fan_setPoint_100_mfc_setPoint_Methane_1000ppm_p9,20110222,L5,100,test,263d9b65ebaefb2a2050b2c9ac3bc9584c3a68133cc4b4ce46842fe650444190,12862,0,20.23,200.21,9,4,132,0,0,0,1,1,31,11
wind,WTD_upload/Methane_1000/L5/201102222233_board_setPoint_500V_fan_setPoint_000_mfc_setPoint_Methane_1000ppm_p9,20110222,L5,000,train,14f1bc4bc02631af3a6c480667b57257cd14a31b9027eac43d5e92525cf0eb61,15760,0,20.18,200.16,10,4,179,0,0,0,1,1,34,14
wind,WTD_upload/Methane_1000/L5/201102222305_board_setPoint_500V_fan_setPoint_060_mfc_setPoint_Methane_1000ppm_p9,20110222,L5,060,validation,5dc7ef3a5656f2165be6ad3fc5f06934025648e478c9a902e6ddda080c4eca7e,18459,0,20.23,200.2,9,5,178,0,0,0,1,1,28,8
wind,WTD_upload/Methane_1000/L5/201102222337_board_setPoint_500V_fan_setPoint_100_mfc_setPoint_Methane_1000ppm_p9,20110222,L5,100,test,196d81790c0220132c8dee8a9ab0d5e957f280171a02dd72ed3a92eba04fdfa5,13918,0,20.14,200.25,10,5,165,0,0,0,1,1,25,5
wind,WTD_upload/Methane_1000/L5/201102230008_board_setPoint_500V_fan_setPoint_000_mfc_setPoint_Methane_1000ppm_p9,20110223,L5,000,train,188e0d4ea87c7fba09acb953dfe762d7e0dff1f54a54ca21034447951fbe06ae,14340,0,20.22,200.2,10,5,178,0,0,0,1,1,60,40
wind,WTD_upload/Methane_1000/L5/201102230040_board_setPoint_500V_fan_setPoint_060_mfc_setPoint_Methane_1000ppm_p9,20110223,L5,060,validation,0d78b15a9005cfc5051f96c9376e3678717b4a6126d8dd5ae9e06c392f040a6b,20099,0,20.15,200.24,10,5,185,0,0,0,1,1,55,35
wind,WTD_upload/Methane_1000/L5/201102230112_board_setPoint_500V_fan_setPoint_100_mfc_setPoint_Methane_1000ppm_p9,20110223,L5,100,test,4ecadb7a7f976be901166cdbc39d80728c56b81d82d6d837b5f674fe716a87e3,25581,0,20.21,200.19,10,5,185,0,0,0,1,1,24,4
wind,WTD_upload/Methane_1000/L5/201102230143_board_setPoint_500V_fan_setPoint_000_mfc_setPoint_Methane_1000ppm_p9,20110223,L5,000,train,233cadb29a3eab1796cde33f5407ddccc788c9f0e24d40474ef0273d92db2e88,13019,0,20.17,200.15,7,2,121,0,0,0,1,1,35,15
wind,WTD_upload/Methane_1000/L5/201102230215_board_setPoint_500V_fan_setPoint_060_mfc_setPoint_Methane_1000ppm_p9,20110223,L5,060,validation,6200e8f8fdf5c39fe8111f1ced93615d64371e33c33bccd1dc993f6f5e0b57f6,23015,0,20.234,200.201,10,5,183,0,0,0,1,1,46,26
wind,WTD_upload/Methane_1000/L5/201102230247_board_setPoint_500V_fan_setPoint_100_mfc_setPoint_Methane_1000ppm_p9,20110223,L5,100,test,02d2d062d645cf75f1faaeff7f0c1a72d404f9ecdc6626dd81649e07e4311c20,25209,0,20.21,200.179,10,5,185,0,0,0,1,1,29,9
wind,WTD_upload/Methane_1000/L5/201102230318_board_setPoint_500V_fan_setPoint_000_mfc_setPoint_Methane_1000ppm_p9,20110223,L5,000,train,04967fdc9d5fa07e22b337b8626c40588b10d3d4092597d43e508fa09d2b9e25,13228,0,20.2,200.17,8,2,115,0,0,0,1,1,52,32
wind,WTD_upload/Methane_1000/L5/201102230350_board_setPoint_500V_fan_setPoint_060_mfc_setPoint_Methane_1000ppm_p9,20110223,L5,060,validation,1debe490fd2d2a7f94d71dff193ae63ffa4754cd68f897794693b55246f88350,14488,0,20.19,200.17,9,5,181,0,0,0,1,1,42,22
wind,WTD_upload/Methane_1000/L5/201102230422_board_setPoint_500V_fan_setPoint_100_mfc_setPoint_Methane_1000ppm_p9,20110223,L5,100,test,964b2c5201d0d4c9452340608a1e4309a7b03eddd10b56fcd8ecaaa793955910,25152,0,20.15,200.13,10,5,185,0,0,0,1,1,37,17
wind,WTD_upload/Methane_1000/L5/201102230453_board_setPoint_500V_fan_setPoint_000_mfc_setPoint_Methane_1000ppm_p9,20110223,L5,000,train,46b6b66d76cdb84d0d7eefd6fcbbfb2f88289a4106b6f585ea7cec402e16e086,22511,0,20.23,200.21,9,5,182,0,0,0,1,1,61,41
wind,WTD_upload/Methane_1000/L5/201102230525_board_setPoint_500V_fan_setPoint_060_mfc_setPoint_Methane_1000ppm_p9,20110223,L5,060,validation,5022e8d4d17fd23de0eb0bf6dcd37275e7b452732f94863bcf13dbea77dc93d5,11553,0,20.21,200.2,7,4,98,0,0,0,1,1,48,28
wind,WTD_upload/Methane_1000/L5/201102230557_board_setPoint_500V_fan_setPoint_100_mfc_setPoint_Methane_1000ppm_p9,20110223,L5,100,test,2f5722809253413cac0cde053fb8c04e92b99b62a8dfe348315ab6f89ad4c389,21993,0,20.17,200.121,10,4,171,0,0,0,1,1,38,18
wind,WTD_upload/Methane_1000/L6/201102230817_board_setPoint_500V_fan_setPoint_000_mfc_setPoint_Methane_1000ppm_p11,20110223,L6,000,train,9c14c22022c1ab93df1bd0e89d92d626b88bc0d5b73977b9af315de3f3955e33,12925,0,20.18,200.15,10,4,164,0,0,0,1,1,29,9
wind,WTD_upload/Methane_1000/L6/201102230849_board_setPoint_500V_fan_setPoint_060_mfc_setPoint_Methane_1000ppm_p11,20110223,L6,060,validation,565f9fc07b63284786c55e6fb035e358578c37fab30a02d1c6405680b360ac32,25198,0,20.226,200.203,10,5,185,0,0,0,1,1,31,11
wind,WTD_upload/Methane_1000/L6/201102230920_board_setPoint_500V_fan_setPoint_100_mfc_setPoint_Methane_1000ppm_p11,20110223,L6,100,test,722a48137aa050abc564e89712bde3d972d5ba1357cc005bf4173d8360732541,12781,0,20.18,200.16,8,5,92,0,0,0,1,1,51,31
wind,WTD_upload/Methane_1000/L6/201102230952_board_setPoint_500V_fan_setPoint_000_mfc_setPoint_Methane_1000ppm_p11,20110223,L6,000,train,a8a61546f247c13960f0bc45ccc3fc9bcd057f2e4bc66b6e2e8abd8e5ea2cb83,23613,0,20.23,200.2,10,5,185,0,0,0,1,1,35,15
wind,WTD_upload/Methane_1000/L6/201102231024_board_setPoint_500V_fan_setPoint_060_mfc_setPoint_Methane_1000ppm_p11,20110223,L6,060,validation,2d8fefe8c305d064bbd0e9d415f73d30efe39fdb908838874fbc7a1a204abb59,25687,0,20.16,200.13,10,5,185,0,0,0,1,1,64,44
wind,WTD_upload/Methane_1000/L6/201102231056_board_setPoint_500V_fan_setPoint_100_mfc_setPoint_Methane_1000ppm_p11,20110223,L6,100,test,4725f8632e4ef25a76949bec87be9fe3874988c3de664e78984e22ecd2acaf9e,14663,0,20.21,200.17,9,5,181,0,0,0,1,1,29,9
wind,WTD_upload/Methane_1000/L6/201102231127_board_setPoint_500V_fan_setPoint_000_mfc_setPoint_Methane_1000ppm_p11,20110223,L6,000,train,253109a7948f1aa798597ac51a7da7d8a7ab9b03eac4291beb35522925325275,14508,0,20.21,200.19,10,5,181,0,0,0,1,1,27,7
wind,WTD_upload/Methane_1000/L6/201102231159_board_setPoint_500V_fan_setPoint_060_mfc_setPoint_Methane_1000ppm_p11,20110223,L6,060,validation,b1fe727570ca2023b8d5e3cc0f3cf491b9c486af7fb7415032c2fadcdf371d8c,13014,0,20.15,200.26,8,5,136,0,0,0,1,1,55,35
wind,WTD_upload/Methane_1000/L6/201102231231_board_setPoint_500V_fan_setPoint_100_mfc_setPoint_Methane_1000ppm_p11,20110223,L6,100,test,10122e4d0dc5969a6308da0149d4eb944f5d8932c331e129457f5469abddd006,13177,0,20.19,200.16,10,4,184,0,0,0,1,1,28,8
wind,WTD_upload/Methane_1000/L6/201102231302_board_setPoint_500V_fan_setPoint_000_mfc_setPoint_Methane_1000ppm_p11,20110223,L6,000,train,695183e8bdf59d096e9009caf0e1b45ed5f998d034040701364016b4ac4fad6c,12495,0,20.2,200.17,2,1,66,0,0,0,1,1,52,32
wind,WTD_upload/Methane_1000/L6/201102231334_board_setPoint_500V_fan_setPoint_060_mfc_setPoint_Methane_1000ppm_p11,20110223,L6,060,validation,bf24f02bbbae6fd9d6b76730a40736653dbd3862cc2793a2c37fdebd1e485459,25101,0,20.22,200.188,10,5,183,0,0,0,1,1,28,8
wind,WTD_upload/Methane_1000/L6/201102231406_board_setPoint_500V_fan_setPoint_100_mfc_setPoint_Methane_1000ppm_p11,20110223,L6,100,test,71b2bf2fcbbe8e5be8010f52a44a7fa117c520c7a4f68d1a480f3b430cc06471,20844,0,20.13,200.22,10,5,183,0,0,0,1,1,38,18
wind,WTD_upload/Methane_1000/L6/201102231437_board_setPoint_500V_fan_setPoint_000_mfc_setPoint_Methane_1000ppm_p11,20110223,L6,000,train,32164350d1612e452427be0aecb64d173d907c6e26cfa7d5ff5e2089c51bf7bc,13598,0,20.15,200.24,10,4,140,0,0,0,1,1,31,11
wind,WTD_upload/Methane_1000/L6/201102231509_board_setPoint_500V_fan_setPoint_060_mfc_setPoint_Methane_1000ppm_p11,20110223,L6,060,validation,88310b0055329c440b74fcd3d84e9f20cd62487170267da1bdc946d8c422a7d6,13231,0,20.161,200.14,7,5,169,0,0,0,1,1,27,7
wind,WTD_upload/Methane_1000/L6/201102231541_board_setPoint_500V_fan_setPoint_100_mfc_setPoint_Methane_1000ppm_p11,20110223,L6,100,test,d90d986b4ba9f37eac5260b32f3c954cdb49e195f747a1f29876e56f62f7ac69,14724,0,20.18,200.16,9,5,180,0,0,0,1,1,28,8
wind,WTD_upload/Methane_1000/L6/201102231612_board_setPoint_500V_fan_setPoint_000_mfc_setPoint_Methane_1000ppm_p11,20110223,L6,000,train,ad74a0773b78d2052400447f41b46f6ca6d70913ac5dc64f0ec388463ded0d34,17919,0,20.201,200.17,10,5,179,0,0,0,1,1,30,10
wind,WTD_upload/Methane_1000/L6/201102231644_board_setPoint_500V_fan_setPoint_060_mfc_setPoint_Methane_1000ppm_p11,20110223,L6,060,validation,ddb700302e40a597feccf05667aa3f2df86ea0688d48b3c33229e1de3179d047,14828,0,20.23,200.2,10,5,179,0,0,0,1,1,49,29
wind,WTD_upload/Methane_1000/L6/201102231716_board_setPoint_500V_fan_setPoint_100_mfc_setPoint_Methane_1000ppm_p11,20110223,L6,100,test,15cc09f6ccb84bcee5b77e9252d9726753667419663951632ac94b04e9d114ef,22480,0,20.228,200.196,10,5,183,0,0,0,1,1,26,6
wind,WTD_upload/Methane_1000/L6/201102231747_board_setPoint_500V_fan_setPoint_000_mfc_setPoint_Methane_1000ppm_p11,20110223,L6,000,train,14f1c509387e25930f6401a2d9eaf1e05de9444df45f6d5fae082c8728fd287b,14299,0,20.15,200.25,10,5,170,0,0,0,1,1,24,4
wind,WTD_upload/Methane_1000/L6/201102231819_board_setPoint_500V_fan_setPoint_060_mfc_setPoint_Methane_1000ppm_p11,20110223,L6,060,validation,3bd5f771d58f6cf746c687a26a78cdcddce9b3eff886773a26188389bddd3652,13910,0,20.17,200.25,9,4,173,0,0,0,1,1,58,38
wind,WTD_upload/Methane_1000/L6/201102231851_board_setPoint_500V_fan_setPoint_100_mfc_setPoint_Methane_1000ppm_p11,20110223,L6,100,test,2dea3f69031b5c0851b673839708e519226670a762fd2fab568b5740f9f576fa,13521,0,20.2,200.17,7,2,129,0,0,0,1,1,23,3
wind,WTD_upload/Methane_1000/L6/201102231922_board_setPoint_500V_fan_setPoint_000_mfc_setPoint_Methane_1000ppm_p11,20110223,L6,000,train,a5166c0a29a862a54831f5159015ad76c4d7420714d65a72ff81840dc12451a7,24062,0,20.23,200.2,10,5,185,0,0,0,1,1,30,10
wind,WTD_upload/Methane_1000/L6/201102231954_board_setPoint_500V_fan_setPoint_060_mfc_setPoint_Methane_1000ppm_p11,20110223,L6,060,validation,2011f11d89bd008440ce0c376e90001f2aa8f7c2362c440c616d47d56e1d73a6,18119,0,20.15,200.24,10,5,184,0,0,0,1,1,55,35
wind,WTD_upload/Methane_1000/L6/201102232026_board_setPoint_500V_fan_setPoint_100_mfc_setPoint_Methane_1000ppm_p11,20110223,L6,100,test,c49e12cdfc0242e10b6397d805ec4edcf7e37b83f9b32d788cb7bc08cb9d64dc,13765,0,20.19,200.15,8,5,172,0,0,0,1,1,28,8
wind,WTD_upload/Methane_1000/L6/201102232057_board_setPoint_500V_fan_setPoint_000_mfc_setPoint_Methane_1000ppm_p11,20110223,L6,000,train,50349d2e5fee866614aa1f01b5f832de96ac35bf03ee8b4f9ffb9e2ea1908955,15677,0,20.23,200.191,10,5,181,0,0,0,1,1,28,8
wind,WTD_upload/Methane_1000/L6/201102232129_board_setPoint_500V_fan_setPoint_060_mfc_setPoint_Methane_1000ppm_p11,20110223,L6,060,validation,b3fb88dcd9e8f1c86292e5fdbafe39e23131adb08fdc3225cfd12bf132fa6ea6,13450,0,20.151,200.13,10,5,183,0,0,0,1,1,70,50
wind,WTD_upload/Methane_1000/L6/201102232201_board_setPoint_500V_fan_setPoint_100_mfc_setPoint_Methane_1000ppm_p11,20110223,L6,100,test,066f09c2f49aef4d65683cabf7f11c1271103010d644424749cabe6890e63d08,13860,0,20.2,200.17,9,5,175,0,0,0,1,1,31,11
wind,WTD_upload/Methane_1000/L6/201102232232_board_setPoint_500V_fan_setPoint_000_mfc_setPoint_Methane_1000ppm_p11,20110223,L6,000,train,c5b137e923bc7ada2bdf3c1431d7ff9d4640e3e2b6cb8368288f60eea4559d83,16582,0,20.24,200.2,9,5,181,0,0,0,1,1,49,29
wind,WTD_upload/Methane_1000/L6/201102232304_board_setPoint_500V_fan_setPoint_060_mfc_setPoint_Methane_1000ppm_p11,20110223,L6,060,validation,be083d2468bca1faea93762622ba8beb4d82266ad72f1f1d2949641047450d16,20479,0,20.237,200.206,10,5,183,0,0,0,1,1,61,41
wind,WTD_upload/Methane_1000/L6/201102232336_board_setPoint_500V_fan_setPoint_100_mfc_setPoint_Methane_1000ppm_p11,20110223,L6,100,test,5200d379190151eef25f571590fbaafbd6e374fdd79cbf779943f087407067ab,14188,0,20.16,200.24,10,3,180,0,0,0,1,1,26,6
wind,WTD_upload/Methane_1000/L6/201102240007_board_setPoint_500V_fan_setPoint_000_mfc_setPoint_Methane_1000ppm_p11,20110224,L6,000,train,18496fd574c30a4523a75d22ae7c25ae79720f0c3bd58a84d0ec5c60da17be5f,13575,0,20.15,200.27,7,5,150,0,0,0,1,1,25,5
wind,WTD_upload/Methane_1000/L6/201102240039_board_setPoint_500V_fan_setPoint_060_mfc_setPoint_Methane_1000ppm_p11,20110224,L6,060,validation,86795d151f21ec3d98e976aba4814c0f489aae43a8d31fd6da6bbaf9c0473f7b,15398,0,20.24,200.2,6,5,159,0,0,0,1,1,28,8
wind,WTD_upload/Methane_1000/L6/201102240111_board_setPoint_500V_fan_setPoint_100_mfc_setPoint_Methane_1000ppm_p11,20110224,L6,100,test,6fcf3b954da97b4cf00eb27fadb2a5bc930050662aeabd13d3350058367d5962,18803,0,20.142,200.241,10,5,168,0,0,0,1,1,35,15
wind,WTD_upload/Methane_1000/L6/201102240142_board_setPoint_500V_fan_setPoint_000_mfc_setPoint_Methane_1000ppm_p11,20110224,L6,000,train,30bcdff8cfe4828f26fbf84ac4d618581dd8cb1ce025873769c10f84b53de2c8,25203,0,20.202,200.176,10,5,185,0,0,0,1,1,49,29
wind,WTD_upload/Methane_1000/L6/201102240214_board_setPoint_500V_fan_setPoint_060_mfc_setPoint_Methane_1000ppm_p11,20110224,L6,060,validation,b9317dca4cd098c40c8f340e12811f6f882ae3ac11c743b1b9588d21674a31f3,12936,0,20.15,200.24,9,4,140,0,0,0,1,1,48,28
wind,WTD_upload/Methane_1000/L6/201102240246_board_setPoint_500V_fan_setPoint_100_mfc_setPoint_Methane_1000ppm_p11,20110224,L6,100,test,219b736d74eb31ca17127affca1fd75cedaabeb3311af01f5f3420998484130c,14107,0,20.21,200.18,10,5,160,0,0,0,1,1,24,4
wind,WTD_upload/Methane_1000/L6/201102240318_board_setPoint_500V_fan_setPoint_000_mfc_setPoint_Methane_1000ppm_p11,20110224,L6,000,train,09752ce4633f4a01093ab867316a8e7af94c05eab900c95558532dd7d5af0a2a,25392,0,20.132,200.235,10,5,185,0,0,0,1,1,65,45
wind,WTD_upload/Methane_1000/L6/201102240349_board_setPoint_500V_fan_setPoint_060_mfc_setPoint_Methane_1000ppm_p11,20110224,L6,060,validation,a2a594fd3500fd980065d6813fc3bdeac77241bcc2de8bfbe46f9af4e1b3d0d3,13514,0,20.2,200.17,10,5,156,0,0,0,1,1,40,20
wind,WTD_upload/Methane_1000/L6/201102240421_board_setPoint_500V_fan_setPoint_100_mfc_setPoint_Methane_1000ppm_p11,20110224,L6,100,test,9c2eb610a4a98abe7e575e3aafcf197f086cc3f88c998d8e7c52a473fff15ac1,12964,0,20.25,200.23,4,3,115,0,0,0,1,1,56,36
wind,WTD_upload/Methane_1000/L6/201102240453_board_setPoint_500V_fan_setPoint_000_mfc_setPoint_Methane_1000ppm_p11,20110224,L6,000,train,fde905e899c3a94c671cce31f16c21cc99ee262e7171c3538f1575c658257bf8,23039,0,20.15,200.24,10,5,184,0,0,0,1,1,46,26
wind,WTD_upload/Methane_1000/L6/201102240524_board_setPoint_500V_fan_setPoint_060_mfc_setPoint_Methane_1000ppm_p11,20110224,L6,060,validation,dc278490c5484a633e526340fb6e4f45b6bb44104d01b33bc0777e4bf5243316,22508,0,20.153,200.134,10,5,181,0,0,0,1,1,49,29
wind,WTD_upload/Methane_1000/L6/201102240556_board_setPoint_500V_fan_setPoint_100_mfc_setPoint_Methane_1000ppm_p11,20110224,L6,100,test,1dd82d6536c8f9515cefea7165e3c38015e2d3fd71a9e5cf34b2bb89b8fd6b6c,12962,0,20.19,200.16,10,5,150,0,0,0,1,1,26,6
wind,WTD_upload/Methane_1000/L6/201102240628_board_setPoint_500V_fan_setPoint_000_mfc_setPoint_Methane_1000ppm_p11,20110224,L6,000,train,32a57189646a6189293c11088dac875f43c30a4de538198d60f5d272db266ad0,20837,0,20.131,200.219,10,5,185,0,0,0,1,1,38,18
wind,WTD_upload/Methane_1000/L6/201102240659_board_setPoint_500V_fan_setPoint_060_mfc_setPoint_Methane_1000ppm_p11,20110224,L6,060,validation,639fe7f82ceadb93c2cf724c57212bfdebe589195669b7f5a0db8a0e0f4f3bf6,15636,0,20.19,200.15,10,5,180,0,0,0,1,1,68,48
wind,WTD_upload/Methane_1000/L6/201102240731_board_setPoint_500V_fan_setPoint_100_mfc_setPoint_Methane_1000ppm_p11,20110224,L6,100,test,157430c3dde0eb373b0ffe079017319851f2e2343ba693ddfe9eafc99dd5a596,25100,0,20.231,200.204,10,5,184,0,0,0,1,1,29,9
wind,WTD_upload/Methane_1000/L6/201102240803_board_setPoint_500V_fan_setPoint_000_mfc_setPoint_Methane_1000ppm_p11,20110224,L6,000,train,6529a08d70831ea13286c001d61f15ad44ee12a88a467f53a66df349c3acb971,13478,0,20.14,200.24,10,5,181,0,0,0,1,1,26,6
wind,WTD_upload/Methane_1000/L6/201102240834_board_setPoint_500V_fan_setPoint_060_mfc_setPoint_Methane_1000ppm_p11,20110224,L6,060,validation,d5066e01718c87dce7b6f78372cd048284545a940157f5a373a139a9c28b6d75,13041,0,20.17,200.15,8,5,167,0,0,0,1,0,90,70
wind,WTD_upload/Methane_1000/L6/201102240906_board_setPoint_500V_fan_setPoint_100_mfc_setPoint_Methane_1000ppm_p11,20110224,L6,100,test,91ad030f31a6453431ca17d75f31c61750fe88ae7bcaae2c4bbf42c4699f1611,25516,0,20.15,200.25,10,5,185,0,0,0,1,1,28,8
wind,WTD_upload/Methane_1000/L6/201102240938_board_setPoint_500V_fan_setPoint_000_mfc_setPoint_Methane_1000ppm_p11,20110224,L6,000,train,5dbccd72421ab034ddf57807e5157f475dadbd899bdc6cd8d149b65fe971d751,13019,0,20.21,200.18,9,5,140,0,0,0,1,1,77,57
wind,WTD_upload/Methane_1000/L6/201102241009_board_setPoint_500V_fan_setPoint_060_mfc_setPoint_Methane_1000ppm_p11,20110224,L6,060,validation,c89d11723ec76b27ffcf29271fc7effe60d23fc516f3af3364d08711d8c5f9c8,15955,0,20.231,200.21,10,5,164,0,0,0,1,0,89,69
wind,WTD_upload/Methane_1000/L6/201102241041_board_setPoint_500V_fan_setPoint_100_mfc_setPoint_Methane_1000ppm_p11,20110224,L6,100,test,c3f48de5fbf9a9cb60356843e85d7e415f4cd4054bc4b7d0fe7db059a16e2f1d,13929,0,20.18,200.15,10,5,182,0,0,0,1,1,25,5
wind,WTD_upload/Methane_1000/L6/201102241113_board_setPoint_500V_fan_setPoint_000_mfc_setPoint_Methane_1000ppm_p11,20110224,L6,000,train,e79159acab9765d26c0315224685b494348c8c342e8c554a321d0ac401f4590d,25274,0,20.215,200.189,10,5,184,0,0,0,1,1,35,15
wind,WTD_upload/Methane_1000/L6/201102241144_board_setPoint_500V_fan_setPoint_060_mfc_setPoint_Methane_1000ppm_p11,20110224,L6,060,validation,220a6487519cd0a126dd634fc7f7ce5895cd0f3280cdb4f881cf357a629ee09e,19546,0,20.16,200.12,8,5,184,0,0,0,1,1,48,28
wind,WTD_upload/Methane_1000/L6/201102241216_board_setPoint_500V_fan_setPoint_100_mfc_setPoint_Methane_1000ppm_p11,20110224,L6,100,test,90c15a246e74478d68bbf4a88345bc06af0d5536b284c2aba2fede6d0f37aa22,12695,0,20.19,200.16,4,5,96,0,0,0,1,1,44,24
wind,WTD_upload/Methane_1000/L6/201102241248_board_setPoint_500V_fan_setPoint_000_mfc_setPoint_Methane_1000ppm_p11,20110224,L6,000,train,9a092e3b2a34badd9e6dbf875d84e952dcabe74abd311ac24dc09b69729f2e84,19025,0,20.213,200.181,9,4,179,0,0,0,1,1,43,23
wind,WTD_upload/Methane_1000/L6/201102241319_board_setPoint_500V_fan_setPoint_060_mfc_setPoint_Methane_1000ppm_p11,20110224,L6,060,validation,e86d30d9b8bec00fcdcd40ab799e51f4313713d1d3283747be31c310dacddc52,12830,0,20.24,200.21,7,1,104,0,0,0,1,1,37,17
wind,WTD_upload/Methane_1000/L6/201102241351_board_setPoint_500V_fan_setPoint_100_mfc_setPoint_Methane_1000ppm_p11,20110224,L6,100,test,03abf7df016e6e422fc6e6e12e0279c0f0c7c09551806e26461e77a9b3572a2d,14087,0,20.19,200.17,10,5,182,0,0,0,1,1,25,5
wind,WTD_upload/Methane_1000/L6/201102241423_board_setPoint_500V_fan_setPoint_000_mfc_setPoint_Methane_1000ppm_p11,20110224,L6,000,train,e60180f757feaa3de5a025a18b641f2c877587dbd9b5d045d375f29b32492095,15219,0,20.24,200.2,10,5,163,0,0,0,1,1,33,13
wind,WTD_upload/Methane_1000/L6/201102241454_board_setPoint_500V_fan_setPoint_060_mfc_setPoint_Methane_1000ppm_p11,20110224,L6,060,validation,e71b1e4f635e415aa9e1f7c491fec740d7b7cd29057248f2cd9d78332e52454e,21102,0,20.13,200.23,10,5,185,0,0,0,1,1,52,32
wind,WTD_upload/Methane_1000/L6/201102241526_board_setPoint_500V_fan_setPoint_100_mfc_setPoint_Methane_1000ppm_p11,20110224,L6,100,test,45f2b5a8d469553ee07d07889171b25738d9ccf53918c2dd3469fba5e9c6acf8,25324,0,20.17,200.14,10,5,185,0,0,0,1,1,30,10
