trial,scenario,completed_time_s,gas_source,person_source,sim_true_x_m,sim_true_y_m,sim_observed_x_m,sim_observed_y_m,sim_observed_signed_distance_m,position_error_bound_m,gas_score_from_lab,gas_evidence,person_relation,Qg,Qp,person_zone_id,coverage_zone_id_assumption,same_zone,gas_age_s,joint_level,gas_level,person_level,known_lower_bound,unknown,paired_under_assumption,uncertainty_reason
002_Et_H_CO_H,S0_outside,26,UCI309_laboratory,simulation,-3.0,1.0,-3.0,1.0,3.0,0.0,1.1846824877986353,G0,P0,valid,valid,zone_A,zone_A,True,0,0.0,0.0,0.0,0,False,True,
002_Et_H_CO_H,S0_outside,27,UCI309_laboratory,simulation,-3.0,1.0,-3.0,1.0,3.0,0.0,0.9598522346397701,G0,P0,valid,valid,zone_A,zone_A,True,0,0.0,0.0,0.0,0,False,True,
002_Et_H_CO_H,S0_outside,28,UCI309_laboratory,simulation,-3.0,1.0,-3.0,1.0,3.0,0.0,1.011736139214893,G0,P0,valid,valid,zone_A,zone_A,True,0,0.0,0.0,0.0,0,False,True,
002_Et_H_CO_H,S0_outside,29,UCI309_laboratory,simulation,-3.0,1.0,-3.0,1.0,3.0,0.0,1.011736139214893,G0,P0,valid,valid,zone_A,zone_A,True,0,0.0,0.0,0.0,0,False,True,
002_Et_H_CO_H,S0_outside,30,UCI309_laboratory,simulation,-3.0,1.0,-3.0,1.0,3.0,0.0,1.1241512657943253,G0,P0,valid,valid,zone_A,zone_A,True,0,0.0,0.0,0.0,0,False,True,
002_Et_H_CO_H,S0_outside,31,UCI309_laboratory,simulation,-3.0,1.0,-3.0,1.0,3.0,0.0,1.1241512657943253,G0,P0,valid,valid,zone_A,zone_A,True,0,0.0,0.0,0.0,0,False,True,
002_Et_H_CO_H,S0_outside,32,UCI309_laboratory,simulation,-3.0,1.0,-3.0,1.0,3.0,0.0,0.9555285759251766,G0,P0,valid,valid,zone_A,zone_A,True,0,0.0,0.0,0.0,0,False,True,
002_Et_H_CO_H,S0_outside,33,UCI309_laboratory,simulation,-3.0,1.0,-3.0,1.0,3.0,0.0,0.9555285759251766,G0,P0,valid,valid,zone_A,zone_A,True,0,0.0,0.0,0.0,0,False,True,
002_Et_H_CO_H,S0_outside,34,UCI309_laboratory,simulation,-3.0,1.0,-3.0,1.0,3.0,0.0,0.7869058860560277,G0,P0,valid,valid,zone_A,zone_A,True,0,0.0,0.0,0.0,0,False,True,
002_Et_H_CO_H,S0_outside,35,UCI309_laboratory,simulation,-3.0,1.0,-3.0,1.0,3.0,0.0,0.9555285759251766,G0,P0,valid,valid,zone_A,zone_A,True,0,0.0,0.0,0.0,0,False,True,
002_Et_H_CO_H,S0_outside,36,UCI309_laboratory,simulation,-3.0,1.0,-3.0,1.0,3.0,0.0,1.011736139214893,G0,P0,valid,valid,zone_A,zone_A,True,0,0.0,0.0,0.0,0,False,True,
002_Et_H_CO_H,S0_outside,37,UCI309_laboratory,simulation,-3.0,1.0,-3.0,1.0,3.0,0.0,0.7869058860560277,G0,P0,valid,valid,zone_A,zone_A,True,0,0.0,0.0,0.0,0,False,True,
002_Et_H_CO_H,S0_outside,38,UCI309_laboratory,simulation,-3.0,1.0,-3.0,1.0,3.0,0.0,0.7869058860560277,G0,P0,valid,valid,zone_A,zone_A,True,0,0.0,0.0,0.0,0,False,True,
002_Et_H_CO_H,S0_outside,39,UCI309_laboratory,simulation,-3.0,1.0,-3.0,1.0,3.0,0.0,1.011736139214893,G0,P0,valid,valid,zone_A,zone_A,True,0,0.0,0.0,0.0,0,False,True,
002_Et_H_CO_H,S0_outside,40,UCI309_laboratory,simulation,-3.0,1.0,-3.0,1.0,3.0,0.0,1.011736139214893,G0,P0,valid,valid,zone_A,zone_A,True,0,0.0,0.0,0.0,0,False,True,
002_Et_H_CO_H,S0_outside,41,UCI309_laboratory,simulation,-3.0,1.0,-3.0,1.0,3.0,0.0,1.1241512657943253,G0,P0,valid,valid,zone_A,zone_A,True,0,0.0,0.0,0.0,0,False,True,
002_Et_H_CO_H,S0_outside,42,UCI309_laboratory,simulation,-3.0,1.0,-3.0,1.0,3.0,0.0,1.0679437025046092,G0,P0,valid,valid,zone_A,zone_A,True,0,0.0,0.0,0.0,0,False,True,
002_Et_H_CO_H,S0_outside,43,UCI309_laboratory,simulation,-3.0,1.0,-3.0,1.0,3.0,0.0,1.1241512657943253,G0,P0,valid,valid,zone_A,zone_A,True,0,0.0,0.0,0.0,0,False,True,
002_Et_H_CO_H,S0_outside,44,UCI309_laboratory,simulation,-3.0,1.0,-3.0,1.0,3.0,0.0,0.8993210126354603,G0,P0,valid,valid,zone_A,zone_A,True,0,0.0,0.0,0.0,0,False,True,
002_Et_H_CO_H,S0_outside,45,UCI309_laboratory,simulation,-3.0,1.0,-3.0,1.0,3.0,0.0,1.0960474841494672,G0,P0,valid,valid,zone_A,zone_A,True,0,0.0,0.0,0.0,0,False,True,
002_Et_H_CO_H,S0_outside,46,UCI309_laboratory,simulation,-3.0,1.0,-3.0,1.0,3.0,0.0,1.0960474841494672,G0,P0,valid,valid,zone_A,zone_A,True,0,0.0,0.0,0.0,0,False,True,
002_Et_H_CO_H,S0_outside,47,UCI309_laboratory,simulation,-3.0,1.0,-3.0,1.0,3.0,0.0,1.0960474841494672,G0,P0,valid,valid,zone_A,zone_A,True,0,0.0,0.0,0.0,0,False,True,
002_Et_H_CO_H,S0_outside,48,UCI309_laboratory,simulation,-3.0,1.0,-3.0,1.0,3.0,0.0,0.8431134493457441,G0,P0,valid,valid,zone_A,zone_A,True,0,0.0,0.0,0.0,0,False,True,
002_Et_H_CO_H,S0_outside,49,UCI309_laboratory,simulation,-3.0,1.0,-3.0,1.0,3.0,0.0,0.8431134493457441,G0,P0,valid,valid,zone_A,zone_A,True,0,0.0,0.0,0.0,0,False,True,
002_Et_H_CO_H,S0_outside,50,UCI309_laboratory,simulation,-3.0,1.0,-3.0,1.0,3.0,0.0,1.0960474841494672,G0,P0,valid,valid,zone_A,zone_A,True,0,0.0,0.0,0.0,0,False,True,
002_Et_H_CO_H,S0_outside,51,UCI309_laboratory,simulation,-3.0,1.0,-3.0,1.0,3.0,0.0,0.7869058860560277,G0,P0,valid,valid,zone_A,zone_A,True,0,0.0,0.0,0.0,0,False,True,
002_Et_H_CO_H,S0_outside,52,UCI309_laboratory,simulation,-3.0,1.0,-3.0,1.0,3.0,0.0,1.0960474841494672,G0,P0,valid,valid,zone_A,zone_A,True,0,0.0,0.0,0.0,0,False,True,
002_Et_H_CO_H,S0_outside,53,UCI309_laboratory,simulation,-3.0,1.0,-3.0,1.0,3.0,0.0,0.8712172309906021,G0,P0,valid,valid,zone_A,zone_A,True,0,0.0,0.0,0.0,0,False,True,
002_Et_H_CO_H,S0_outside,54,UCI309_laboratory,simulation,-3.0,1.0,-3.0,1.0,3.0,0.0,1.011736139214893,G0,P0,valid,valid,zone_A,zone_A,True,0,0.0,0.0,0.0,0,False,True,
002_Et_H_CO_H,S0_outside,55,UCI309_laboratory,simulation,-3.0,1.0,-3.0,1.0,3.0,0.0,0.7588021044111697,G0,P0,valid,valid,zone_A,zone_A,True,0,0.0,0.0,0.0,0,False,True,
002_Et_H_CO_H,S0_outside,56,UCI309_laboratory,simulation,-3.0,1.0,-3.0,1.0,3.0,0.0,0.6744907594765952,G0,P0,valid,valid,zone_A,zone_A,True,0,0.0,0.0,0.0,0,False,True,
002_Et_H_CO_H,S0_outside,57,UCI309_laboratory,simulation,-3.0,1.0,-3.0,1.0,3.0,0.0,0.8712172309906021,G0,P0,valid,valid,zone_A,zone_A,True,0,0.0,0.0,0.0,0,False,True,
002_Et_H_CO_H,S0_outside,58,UCI309_laboratory,simulation,-3.0,1.0,-3.0,1.0,3.0,0.0,0.7588021044111697,G0,P0,valid,valid,zone_A,zone_A,True,0,0.0,0.0,0.0,0,False,True,
002_Et_H_CO_H,S0_outside,59,UCI309_laboratory,simulation,-3.0,1.0,-3.0,1.0,3.0,0.0,0.8712172309906021,G0,P0,valid,valid,zone_A,zone_A,True,0,0.0,0.0,0.0,0,False,True,
002_Et_H_CO_H,S0_outside,60,UCI309_laboratory,simulation,-3.0,1.0,-3.0,1.0,3.0,0.0,0.9555285759251766,G0,P0,valid,valid,zone_A,zone_A,True,0,0.0,0.0,0.0,0,False,True,
002_Et_H_CO_H,S0_outside,61,UCI309_laboratory,simulation,-3.0,1.0,-3.0,1.0,3.0,0.0,0.7869058860560277,G0,P0,valid,valid,zone_A,zone_A,True,0,0.0,0.0,0.0,0,False,True,
002_Et_H_CO_H,S0_outside,62,UCI309_laboratory,simulation,-3.0,1.0,-3.0,1.0,3.0,0.0,0.8712172309906021,G0,P0,valid,valid,zone_A,zone_A,True,0,0.0,0.0,0.0,0,False,True,
002_Et_H_CO_H,S0_outside,63,UCI309_laboratory,simulation,-3.0,1.0,-3.0,1.0,3.0,0.0,0.8712172309906021,G0,P0,valid,valid,zone_A,zone_A,True,0,0.0,0.0,0.0,0,False,True,
002_Et_H_CO_H,S0_outside,64,UCI309_laboratory,simulation,-3.0,1.0,-3.0,1.0,3.0,0.0,1.4332928638877647,G0,P0,valid,valid,zone_A,zone_A,True,0,0.0,0.0,0.0,0,False,True,
002_Et_H_CO_H,S0_outside,65,UCI309_laboratory,simulation,-3.0,1.0,-3.0,1.0,3.0,0.0,1.011736139214893,G0,P0,valid,valid,zone_A,zone_A,True,0,0.0,0.0,0.0,0,False,True,
002_Et_H_CO_H,S0_outside,66,UCI309_laboratory,simulation,-3.0,1.0,-3.0,1.0,3.0,0.0,1.3208777373083322,G0,P0,valid,valid,zone_A,zone_A,True,0,0.0,0.0,0.0,0,False,True,
002_Et_H_CO_H,S0_outside,67,UCI309_laboratory,simulation,-3.0,1.0,-3.0,1.0,3.0,0.0,0.7869058860560277,G0,P0,valid,valid,zone_A,zone_A,True,0,0.0,0.0,0.0,0,False,True,
002_Et_H_CO_H,S0_outside,68,UCI309_laboratory,simulation,-3.0,1.0,-3.0,1.0,3.0,0.0,1.011736139214893,G0,P0,valid,valid,zone_A,zone_A,True,0,0.0,0.0,0.0,0,False,True,
002_Et_H_CO_H,S0_outside,69,UCI309_laboratory,simulation,-3.0,1.0,-3.0,1.0,3.0,0.0,1.011736139214893,G0,P0,valid,valid,zone_A,zone_A,True,0,0.0,0.0,0.0,0,False,True,
002_Et_H_CO_H,S0_outside,70,UCI309_laboratory,simulation,-3.0,1.0,-3.0,1.0,3.0,0.0,1.4332928638877647,G0,P0,valid,valid,zone_A,zone_A,True,0,0.0,0.0,0.0,0,False,True,
002_Et_H_CO_H,S0_outside,71,UCI309_laboratory,simulation,-3.0,1.0,-3.0,1.0,3.0,0.0,1.011736139214893,G0,P0,valid,valid,zone_A,zone_A,True,0,0.0,0.0,0.0,0,False,True,
002_Et_H_CO_H,S0_outside,72,UCI309_laboratory,simulation,-3.0,1.0,-3.0,1.0,3.0,0.0,1.0960474841494672,G0,P0,valid,valid,zone_A,zone_A,True,0,0.0,0.0,0.0,0,False,True,
002_Et_H_CO_H,S0_outside,73,UCI309_laboratory,simulation,-3.0,1.0,-3.0,1.0,3.0,0.0,1.3489815189531904,G0,P0,valid,valid,zone_A,zone_A,True,0,0.0,0.0,0.0,0,False,True,
002_Et_H_CO_H,S0_outside,74,UCI309_laboratory,simulation,-3.0,1.0,-3.0,1.0,3.0,0.0,1.5738117721120555,G0,P0,valid,valid,zone_A,zone_A,True,0,0.0,0.0,0.0,0,False,True,
002_Et_H_CO_H,S0_outside,75,UCI309_laboratory,simulation,-3.0,1.0,-3.0,1.0,3.0,0.0,1.2365663923737578,G0,P0,valid,valid,zone_A,zone_A,True,0,0.0,0.0,0.0,0,False,True,
002_Et_H_CO_H,S0_outside,76,UCI309_laboratory,simulation,-3.0,1.0,-3.0,1.0,3.0,0.0,3.260038670803543,G0,P0,valid,valid,zone_A,zone_A,True,0,0.0,0.0,0.0,0,False,True,
002_Et_H_CO_H,S0_outside,77,UCI309_laboratory,simulation,-3.0,1.0,-3.0,1.0,3.0,0.0,4.695493364048605,G0,P0,valid,valid,zone_A,zone_A,True,0,0.0,0.0,0.0,0,False,True,
002_Et_H_CO_H,S0_outside,78,UCI309_laboratory,simulation,-3.0,1.0,-3.0,1.0,3.0,0.0,6.4076622150276545,G1,P0,valid,valid,zone_A,zone_A,True,0,1.0,1.0,0.0,1,False,True,
002_Et_H_CO_H,S0_outside,79,UCI309_laboratory,simulation,-3.0,1.0,-3.0,1.0,3.0,0.0,8.768379873195737,G1,P0,valid,valid,zone_A,zone_A,True,0,1.0,1.0,0.0,1,False,True,
002_Et_H_CO_H,S0_outside,80,UCI309_laboratory,simulation,-3.0,1.0,-3.0,1.0,3.0,0.0,11.916003417419848,G2,P0,valid,valid,zone_A,zone_A,True,0,2.0,2.0,0.0,2,False,True,
002_Et_H_CO_H,S0_outside,81,UCI309_laboratory,simulation,-3.0,1.0,-3.0,1.0,3.0,0.0,15.007419398354243,G2,P0,valid,valid,zone_A,zone_A,True,0,2.0,2.0,0.0,2,False,True,
002_Et_H_CO_H,S0_outside,82,UCI309_laboratory,simulation,-3.0,1.0,-3.0,1.0,3.0,0.0,18.098835379288637,G2,P0,valid,valid,zone_A,zone_A,True,0,2.0,2.0,0.0,2,False,True,
002_Et_H_CO_H,S0_outside,83,UCI309_laboratory,simulation,-3.0,1.0,-3.0,1.0,3.0,0.0,20.290930347587572,G2,P0,valid,valid,zone_A,zone_A,True,0,2.0,2.0,0.0,2,False,True,
002_Et_H_CO_H,S0_outside,84,UCI309_laboratory,simulation,-3.0,1.0,-3.0,1.0,3.0,0.0,22.932685822204235,G2,P0,valid,valid,zone_A,zone_A,True,0,2.0,2.0,0.0,2,False,True,
002_Et_H_CO_H,S0_outside,85,UCI309_laboratory,simulation,-3.0,1.0,-3.0,1.0,3.0,0.0,26.024101803138635,G2,P0,valid,valid,zone_A,zone_A,True,0,2.0,2.0,0.0,2,False,True,
002_Et_H_CO_H,S0_outside,86,UCI309_laboratory,simulation,-3.0,1.0,-3.0,1.0,3.0,0.0,30.68932955618508,G2,P0,valid,valid,zone_A,zone_A,True,0,2.0,2.0,0.0,2,False,True,
002_Et_H_CO_H,S0_outside,87,UCI309_laboratory,simulation,-3.0,1.0,-3.0,1.0,3.0,0.0,35.29834974594181,G2,P0,valid,valid,zone_A,zone_A,True,0,2.0,2.0,0.0,2,False,True,
002_Et_H_CO_H,S0_outside,88,UCI309_laboratory,simulation,-3.0,1.0,-3.0,1.0,3.0,0.0,40.919106074913444,G2,P0,valid,valid,zone_A,zone_A,True,0,2.0,2.0,0.0,2,False,True,
002_Et_H_CO_H,S0_outside,89,UCI309_laboratory,simulation,-3.0,1.0,-3.0,1.0,3.0,0.0,47.55159854309996,G2,P0,valid,valid,zone_A,zone_A,True,0,2.0,2.0,0.0,2,False,True,
002_Et_H_CO_H,S0_outside,90,UCI309_laboratory,simulation,-3.0,1.0,-3.0,1.0,3.0,0.0,52.497864112594996,G2,P0,valid,valid,zone_A,zone_A,True,0,2.0,2.0,0.0,2,False,True,
002_Et_H_CO_H,S0_outside,91,UCI309_laboratory,simulation,-3.0,1.0,-3.0,1.0,3.0,0.0,56.657223796033996,G2,P0,valid,valid,zone_A,zone_A,True,0,2.0,2.0,0.0,2,False,True,
002_Et_H_CO_H,S0_outside,92,UCI309_laboratory,simulation,-3.0,1.0,-3.0,1.0,3.0,0.0,62.390395251585055,G2,P0,valid,valid,zone_A,zone_A,True,0,2.0,2.0,0.0,2,False,True,
002_Et_H_CO_H,S0_outside,93,UCI309_laboratory,simulation,-3.0,1.0,-3.0,1.0,3.0,0.0,67.22424569450065,G2,P0,valid,valid,zone_A,zone_A,True,0,2.0,2.0,0.0,2,False,True,
002_Et_H_CO_H,S0_outside,94,UCI309_laboratory,simulation,-3.0,1.0,-3.0,1.0,3.0,0.0,72.28292639057511,G2,P0,valid,valid,zone_A,zone_A,True,0,2.0,2.0,0.0,2,False,True,
002_Et_H_CO_H,S0_outside,95,UCI309_laboratory,simulation,-3.0,1.0,-3.0,1.0,3.0,0.0,75.65538018795809,G2,P0,valid,valid,zone_A,zone_A,True,0,2.0,2.0,0.0,2,False,True,
002_Et_H_CO_H,S0_outside,96,UCI309_laboratory,simulation,-3.0,1.0,-3.0,1.0,3.0,0.0,79.36507936507937,G2,P0,valid,valid,zone_A,zone_A,True,0,2.0,2.0,0.0,2,False,True,
002_Et_H_CO_H,S0_outside,97,UCI309_laboratory,simulation,-3.0,1.0,-3.0,1.0,3.0,0.0,83.2996087953595,G2,P0,valid,valid,zone_A,zone_A,True,0,2.0,2.0,0.0,2,False,True,
002_Et_H_CO_H,S0_outside,98,UCI309_laboratory,simulation,-3.0,1.0,-3.0,1.0,3.0,0.0,87.57138360537795,G2,P0,valid,valid,zone_A,zone_A,True,0,2.0,2.0,0.0,2,False,True,
002_Et_H_CO_H,S0_outside,99,UCI309_laboratory,simulation,-3.0,1.0,-3.0,1.0,3.0,0.0,92.06798866855524,G2,P0,valid,valid,zone_A,zone_A,True,0,2.0,2.0,0.0,2,False,True,
002_Et_H_CO_H,S0_outside,100,UCI309_laboratory,simulation,-3.0,1.0,-3.0,1.0,3.0,0.0,97.01425423805027,G2,P0,valid,valid,zone_A,zone_A,True,0,2.0,2.0,0.0,2,False,True,
002_Et_H_CO_H,S0_outside,101,UCI309_laboratory,simulation,-3.0,1.0,-3.0,1.0,3.0,0.0,101.51085930122757,G2,P0,valid,valid,zone_A,zone_A,True,0,2.0,2.0,0.0,2,False,True,
002_Et_H_CO_H,S0_outside,102,UCI309_laboratory,simulation,-3.0,1.0,-3.0,1.0,3.0,0.0,105.4453887315077,G2,P0,valid,valid,zone_A,zone_A,True,0,2.0,2.0,0.0,2,False,True,
002_Et_H_CO_H,S0_outside,103,UCI309_laboratory,simulation,-3.0,1.0,-3.0,1.0,3.0,0.0,108.36818202257295,G2,P0,valid,valid,zone_A,zone_A,True,0,2.0,2.0,0.0,2,False,True,
002_Et_H_CO_H,S0_outside,104,UCI309_laboratory,simulation,-3.0,1.0,-3.0,1.0,3.0,0.0,111.6282206933765,G2,P0,valid,valid,zone_A,zone_A,True,0,2.0,2.0,0.0,2,False,True,
002_Et_H_CO_H,S0_outside,105,UCI309_laboratory,simulation,-3.0,1.0,-3.0,1.0,3.0,0.0,114.43859885786232,G2,P0,valid,valid,zone_A,zone_A,True,0,2.0,2.0,0.0,2,False,True,
002_Et_H_CO_H,S0_outside,106,UCI309_laboratory,simulation,-3.0,1.0,-3.0,1.0,3.0,0.0,118.82278879446018,G2,P0,valid,valid,zone_A,zone_A,True,0,2.0,2.0,0.0,2,False,True,
002_Et_H_CO_H,S0_outside,107,UCI309_laboratory,simulation,-3.0,1.0,-3.0,1.0,3.0,0.0,123.31939385763748,G2,P0,valid,valid,zone_A,zone_A,True,0,2.0,2.0,0.0,2,False,True,
002_Et_H_CO_H,S0_outside,108,UCI309_laboratory,simulation,-3.0,1.0,-3.0,1.0,3.0,0.0,126.69184765502045,G2,P0,valid,valid,zone_A,zone_A,True,0,2.0,2.0,0.0,2,False,True,
002_Et_H_CO_H,S0_outside,109,UCI309_laboratory,simulation,-3.0,1.0,-3.0,1.0,3.0,0.0,128.94015018660912,G2,P0,valid,valid,zone_A,zone_A,True,0,2.0,2.0,0.0,2,False,True,
002_Et_H_CO_H,S0_outside,110,UCI309_laboratory,simulation,-3.0,1.0,-3.0,1.0,3.0,0.0,130.17671657898285,G2,P0,valid,valid,zone_A,zone_A,True,0,2.0,2.0,0.0,2,False,True,
002_Et_H_CO_H,S0_outside,111,UCI309_laboratory,simulation,-3.0,1.0,-3.0,1.0,3.0,0.0,131.3008678447772,G2,P0,valid,valid,zone_A,zone_A,True,0,2.0,2.0,0.0,2,False,True,
002_Et_H_CO_H,S0_outside,112,UCI309_laboratory,simulation,-3.0,1.0,-3.0,1.0,3.0,0.0,133.21192499662754,G2,P0,valid,valid,zone_A,zone_A,True,0,2.0,2.0,0.0,2,False,True,
002_Et_H_CO_H,S0_outside,113,UCI309_laboratory,simulation,-3.0,1.0,-3.0,1.0,3.0,0.0,134.78573676873958,G2,P0,valid,valid,zone_A,zone_A,True,0,2.0,2.0,0.0,2,False,True,
002_Et_H_CO_H,S0_outside,114,UCI309_laboratory,simulation,-3.0,1.0,-3.0,1.0,3.0,0.0,136.69679392058995,G2,P0,valid,valid,zone_A,zone_A,True,0,2.0,2.0,0.0,2,False,True,
002_Et_H_CO_H,S0_outside,115,UCI309_laboratory,simulation,-3.0,1.0,-3.0,1.0,3.0,0.0,138.4954359458609,G2,P0,valid,valid,zone_A,zone_A,True,0,2.0,2.0,0.0,2,False,True,
002_Et_H_CO_H,S0_outside,116,UCI309_laboratory,simulation,-3.0,1.0,-3.0,1.0,3.0,0.0,139.9568325913935,G2,P0,valid,valid,zone_A,zone_A,True,0,2.0,2.0,0.0,2,False,True,
002_Et_H_CO_H,S0_outside,117,UCI309_laboratory,simulation,-3.0,1.0,-3.0,1.0,3.0,0.0,141.19339898376728,G2,P0,valid,valid,zone_A,zone_A,True,0,2.0,2.0,0.0,2,False,True,
002_Et_H_CO_H,S0_outside,118,UCI309_laboratory,simulation,-3.0,1.0,-3.0,1.0,3.0,0.0,141.75547461666443,G2,P0,valid,valid,zone_A,zone_A,True,0,2.0,2.0,0.0,2,False,True,
002_Et_H_CO_H,S0_outside,119,UCI309_laboratory,simulation,-3.0,1.0,-3.0,1.0,3.0,0.0,142.429965376141,G2,P0,valid,valid,zone_A,zone_A,True,0,2.0,2.0,0.0,2,False,True,
002_Et_H_CO_H,S0_outside,120,UCI309_laboratory,simulation,-3.0,1.0,-3.0,1.0,3.0,0.0,144.34102252799136,G2,P0,valid,valid,zone_A,zone_A,True,0,2.0,2.0,0.0,2,False,True,
002_Et_H_CO_H,S0_outside,121,UCI309_laboratory,simulation,-3.0,1.0,-3.0,1.0,3.0,0.0,147.26381581905662,G2,P0,valid,valid,zone_A,zone_A,True,0,2.0,2.0,0.0,2,False,True,
002_Et_H_CO_H,S0_outside,122,UCI309_laboratory,simulation,-3.0,1.0,-3.0,1.0,3.0,0.0,149.73694860380414,G2,P0,valid,valid,zone_A,zone_A,True,0,2.0,2.0,0.0,2,False,True,
002_Et_H_CO_H,S0_outside,123,UCI309_laboratory,simulation,-3.0,1.0,-3.0,1.0,3.0,0.0,150.97351499617787,G2,P0,valid,valid,zone_A,zone_A,True,0,2.0,2.0,0.0,2,False,True,
002_Et_H_CO_H,S0_outside,124,UCI309_laboratory,simulation,-3.0,1.0,-3.0,1.0,3.0,0.0,151.4231755024956,G2,P0,valid,valid,zone_A,zone_A,True,0,2.0,2.0,0.0,2,False,True,
002_Et_H_CO_H,S0_outside,125,UCI309_laboratory,simulation,-3.0,1.0,-3.0,1.0,3.0,0.0,150.86109986959846,G2,P0,valid,valid,zone_A,zone_A,True,0,2.0,2.0,0.0,2,False,True,
002_Et_H_CO_H,S0_outside,126,UCI309_laboratory,simulation,-3.0,1.0,-3.0,1.0,3.0,0.0,150.86109986959846,G2,P0,valid,valid,zone_A,zone_A,True,0,2.0,2.0,0.0,2,False,True,
002_Et_H_CO_H,S0_outside,127,UCI309_laboratory,simulation,-3.0,1.0,-3.0,1.0,3.0,0.0,150.18660911012188,G2,P0,valid,valid,zone_A,zone_A,True,0,2.0,2.0,0.0,2,False,True,
002_Et_H_CO_H,S0_outside,128,UCI309_laboratory,simulation,-3.0,1.0,-3.0,1.0,3.0,0.0,149.6245334772247,G2,P0,valid,valid,zone_A,zone_A,True,0,2.0,2.0,0.0,2,False,True,
002_Et_H_CO_H,S0_outside,129,UCI309_laboratory,simulation,-3.0,1.0,-3.0,1.0,3.0,0.0,149.06245784432753,G2,P0,valid,valid,zone_A,zone_A,True,0,2.0,2.0,0.0,2,False,True,
002_Et_H_CO_H,S0_outside,130,UCI309_laboratory,simulation,-3.0,1.0,-3.0,1.0,3.0,0.0,149.6245334772247,G2,P0,valid,valid,zone_A,zone_A,True,0,2.0,2.0,0.0,2,False,True,
002_Et_H_CO_H,S0_outside,131,UCI309_laboratory,simulation,-3.0,1.0,-3.0,1.0,3.0,0.0,151.31076037591617,G2,P0,valid,valid,zone_A,zone_A,True,0,2.0,2.0,0.0,2,False,True,
002_Et_H_CO_H,S0_outside,132,UCI309_laboratory,simulation,-3.0,1.0,-3.0,1.0,3.0,0.0,155.1328746796169,G2,P0,valid,valid,zone_A,zone_A,True,0,2.0,2.0,0.0,2,False,True,
002_Et_H_CO_H,S0_outside,133,UCI309_laboratory,simulation,-3.0,1.0,-3.0,1.0,3.0,0.0,159.17981923647648,G2,P0,valid,valid,zone_A,zone_A,True,0,2.0,2.0,0.0,2,False,True,
002_Et_H_CO_H,S0_outside,134,UCI309_laboratory,simulation,-3.0,1.0,-3.0,1.0,3.0,0.0,160.95035748010253,G2,P0,valid,valid,zone_A,zone_A,True,0,2.0,2.0,0.0,2,False,True,
002_Et_H_CO_H,S0_outside,135,UCI309_laboratory,simulation,-3.0,1.0,-3.0,1.0,3.0,0.0,162.243131435766,G2,P0,valid,valid,zone_A,zone_A,True,0,2.0,2.0,0.0,2,False,True,
002_Et_H_CO_H,S0_outside,136,UCI309_laboratory,simulation,-3.0,1.0,-3.0,1.0,3.0,0.0,162.07450874589685,G2,P0,valid,valid,zone_A,zone_A,True,0,2.0,2.0,0.0,2,False,True,
002_Et_H_CO_H,S0_outside,137,UCI309_laboratory,simulation,-3.0,1.0,-3.0,1.0,3.0,0.0,161.06277260668196,G2,P0,valid,valid,zone_A,zone_A,True,0,2.0,2.0,0.0,2,False,True,
002_Et_H_CO_H,S0_outside,138,UCI309_laboratory,simulation,-3.0,1.0,-3.0,1.0,3.0,0.0,159.7137910877288,G2,P0,valid,valid,zone_A,zone_A,True,0,2.0,2.0,0.0,2,False,True,
002_Et_H_CO_H,S0_outside,139,UCI309_laboratory,simulation,-3.0,1.0,-3.0,1.0,3.0,0.0,158.92688520167275,G2,P0,valid,valid,zone_A,zone_A,True,0,2.0,2.0,0.0,2,False,True,
002_Et_H_CO_H,S0_outside,140,UCI309_laboratory,simulation,-3.0,1.0,-3.0,1.0,3.0,0.0,158.1399793156167,G2,P0,valid,valid,zone_A,zone_A,True,0,2.0,2.0,0.0,2,False,True,
002_Et_H_CO_H,S0_outside,141,UCI309_laboratory,simulation,-3.0,1.0,-3.0,1.0,3.0,0.0,158.36480956877557,G2,P0,valid,valid,zone_A,zone_A,True,0,2.0,2.0,0.0,2,False,True,
002_Et_H_CO_H,S0_outside,142,UCI309_laboratory,simulation,-3.0,1.0,-3.0,1.0,3.0,0.0,158.8144700750933,G2,P0,valid,valid,zone_A,zone_A,True,0,2.0,2.0,0.0,2,False,True,
002_Et_H_CO_H,S0_outside,143,UCI309_laboratory,simulation,-3.0,1.0,-3.0,1.0,3.0,0.0,159.3765457079905,G2,P0,valid,valid,zone_A,zone_A,True,0,2.0,2.0,0.0,2,False,True,
002_Et_H_CO_H,S0_outside,144,UCI309_laboratory,simulation,-3.0,1.0,-3.0,1.0,3.0,0.0,159.8262062143082,G2,P0,valid,valid,zone_A,zone_A,True,0,2.0,2.0,0.0,2,False,True,
002_Et_H_CO_H,S0_outside,145,UCI309_laboratory,simulation,-3.0,1.0,-3.0,1.0,3.0,0.0,159.26413058141105,G2,P0,valid,valid,zone_A,zone_A,True,0,2.0,2.0,0.0,2,False,True,
002_Et_H_CO_H,S0_outside,146,UCI309_laboratory,simulation,-3.0,1.0,-3.0,1.0,3.0,0.0,158.92688520167275,G2,P0,valid,valid,zone_A,zone_A,True,0,2.0,2.0,0.0,2,False,True,
002_Et_H_CO_H,S0_outside,147,UCI309_laboratory,simulation,-3.0,1.0,-3.0,1.0,3.0,0.0,158.9549889833176,G2,P0,valid,valid,zone_A,zone_A,True,0,2.0,2.0,0.0,2,False,True,
002_Et_H_CO_H,S0_outside,148,UCI309_laboratory,simulation,-3.0,1.0,-3.0,1.0,3.0,0.0,157.9432528441027,G2,P0,valid,valid,zone_A,zone_A,True,0,2.0,2.0,0.0,2,False,True,
002_Et_H_CO_H,S0_outside,149,UCI309_laboratory,simulation,-3.0,1.0,-3.0,1.0,3.0,0.0,157.49359233778497,G2,P0,valid,valid,zone_A,zone_A,True,0,2.0,2.0,0.0,2,False,True,
002_Et_H_CO_H,S0_outside,150,UCI309_laboratory,simulation,-3.0,1.0,-3.0,1.0,3.0,0.0,156.59427132514952,G2,P0,valid,valid,zone_A,zone_A,True,0,2.0,2.0,0.0,2,False,True,
002_Et_H_CO_H,S0_outside,151,UCI309_laboratory,simulation,-3.0,1.0,-3.0,1.0,3.0,0.0,157.38117721120554,G2,P0,valid,valid,zone_A,zone_A,True,0,2.0,2.0,0.0,2,False,True,
002_Et_H_CO_H,S0_outside,152,UCI309_laboratory,simulation,-3.0,1.0,-3.0,1.0,3.0,0.0,159.40464948963535,G2,P0,valid,valid,zone_A,zone_A,True,0,2.0,2.0,0.0,2,False,True,
002_Et_H_CO_H,S0_outside,153,UCI309_laboratory,simulation,-3.0,1.0,-3.0,1.0,3.0,0.0,162.41175412563516,G2,P0,valid,valid,zone_A,zone_A,True,0,2.0,2.0,0.0,2,False,True,
002_Et_H_CO_H,S0_outside,154,UCI309_laboratory,simulation,-3.0,1.0,-3.0,1.0,3.0,0.0,163.42349026485005,G2,P0,valid,valid,zone_A,zone_A,True,0,2.0,2.0,0.0,2,False,True,
002_Et_H_CO_H,S0_outside,155,UCI309_laboratory,simulation,-3.0,1.0,-3.0,1.0,3.0,0.0,163.47969782813976,G2,P0,valid,valid,zone_A,zone_A,True,0,2.0,2.0,0.0,2,False,True,
002_Et_H_CO_H,S0_outside,156,UCI309_laboratory,simulation,-3.0,1.0,-3.0,1.0,3.0,0.0,163.03003732182202,G2,P0,valid,valid,zone_A,zone_A,True,0,2.0,2.0,0.0,2,False,True,
002_Et_H_CO_H,S0_outside,157,UCI309_laboratory,simulation,-3.0,1.0,-3.0,1.0,3.0,0.0,161.09087638832682,G2,P0,valid,valid,zone_A,zone_A,True,0,2.0,2.0,0.0,2,False,True,
002_Et_H_CO_H,S0_outside,158,UCI309_laboratory,simulation,-3.0,1.0,-3.0,1.0,3.0,0.0,158.39291335042043,G2,P0,valid,valid,zone_A,zone_A,True,0,2.0,2.0,0.0,2,False,True,
002_Et_H_CO_H,S0_outside,159,UCI309_laboratory,simulation,-3.0,1.0,-3.0,1.0,3.0,0.0,156.03219569225234,G2,P0,valid,valid,zone_A,zone_A,True,0,2.0,2.0,0.0,2,False,True,
002_Et_H_CO_H,S0_outside,160,UCI309_laboratory,simulation,-3.0,1.0,-3.0,1.0,3.0,0.0,153.67147803408426,G2,P0,valid,valid,zone_A,zone_A,True,0,2.0,2.0,0.0,2,False,True,
002_Et_H_CO_H,S0_outside,161,UCI309_laboratory,simulation,-3.0,1.0,-3.0,1.0,3.0,0.0,151.9852511353928,G2,P0,valid,valid,zone_A,zone_A,True,0,2.0,2.0,0.0,2,False,True,
002_Et_H_CO_H,S0_outside,162,UCI309_laboratory,simulation,-3.0,1.0,-3.0,1.0,3.0,0.0,151.0859301227573,G2,P0,valid,valid,zone_A,zone_A,True,0,2.0,2.0,0.0,2,False,True,
002_Et_H_CO_H,S0_outside,163,UCI309_laboratory,simulation,-3.0,1.0,-3.0,1.0,3.0,0.0,149.73694860380414,G2,P0,valid,valid,zone_A,zone_A,True,0,2.0,2.0,0.0,2,False,True,
002_Et_H_CO_H,S0_outside,164,UCI309_laboratory,simulation,-3.0,1.0,-3.0,1.0,3.0,0.0,147.71347632537436,G2,P0,valid,valid,zone_A,zone_A,True,0,2.0,2.0,0.0,2,False,True,
002_Et_H_CO_H,S0_outside,165,UCI309_laboratory,simulation,-3.0,1.0,-3.0,1.0,3.0,0.0,145.69000404694455,G2,P0,valid,valid,zone_A,zone_A,True,0,2.0,2.0,0.0,2,False,True,
002_Et_H_CO_H,S0_outside,166,UCI309_laboratory,simulation,-3.0,1.0,-3.0,1.0,3.0,0.0,144.34102252799136,G2,P0,valid,valid,zone_A,zone_A,True,0,2.0,2.0,0.0,2,False,True,
002_Et_H_CO_H,S0_outside,167,UCI309_laboratory,simulation,-3.0,1.0,-3.0,1.0,3.0,0.0,143.44170151535593,G2,P0,valid,valid,zone_A,zone_A,True,0,2.0,2.0,0.0,2,False,True,
002_Et_H_CO_H,S0_outside,168,UCI309_laboratory,simulation,-3.0,1.0,-3.0,1.0,3.0,0.0,143.10445613561762,G2,P0,valid,valid,zone_A,zone_A,True,0,2.0,2.0,0.0,2,False,True,
002_Et_H_CO_H,S0_outside,169,UCI309_laboratory,simulation,-3.0,1.0,-3.0,1.0,3.0,0.0,143.55411664193534,G2,P0,valid,valid,zone_A,zone_A,True,0,2.0,2.0,0.0,2,False,True,
002_Et_H_CO_H,S0_outside,170,UCI309_laboratory,simulation,-3.0,1.0,-3.0,1.0,3.0,0.0,144.22860740141192,G2,P0,valid,valid,zone_A,zone_A,True,0,2.0,2.0,0.0,2,False,True,
002_Et_H_CO_H,S0_outside,171,UCI309_laboratory,simulation,-3.0,1.0,-3.0,1.0,3.0,0.0,145.57758892036514,G2,P0,valid,valid,zone_A,zone_A,True,0,2.0,2.0,0.0,2,False,True,
002_Et_H_CO_H,S0_outside,172,UCI309_laboratory,simulation,-3.0,1.0,-3.0,1.0,3.0,0.0,146.81415531273888,G2,P0,valid,valid,zone_A,zone_A,True,0,2.0,2.0,0.0,2,False,True,
002_Et_H_CO_H,S0_outside,173,UCI309_laboratory,simulation,-3.0,1.0,-3.0,1.0,3.0,0.0,147.26381581905662,G2,P0,valid,valid,zone_A,zone_A,True,0,2.0,2.0,0.0,2,False,True,
002_Et_H_CO_H,S0_outside,174,UCI309_laboratory,simulation,-3.0,1.0,-3.0,1.0,3.0,0.0,148.05072170511266,G2,P0,valid,valid,zone_A,zone_A,True,0,2.0,2.0,0.0,2,False,True,
002_Et_H_CO_H,S0_outside,175,UCI309_laboratory,simulation,-3.0,1.0,-3.0,1.0,3.0,0.0,148.3879670848509,G2,P0,valid,valid,zone_A,zone_A,True,0,2.0,2.0,0.0,2,False,True,
002_Et_H_CO_H,S0_outside,176,UCI309_laboratory,simulation,-3.0,1.0,-3.0,1.0,3.0,0.0,149.51211835064527,G2,P0,valid,valid,zone_A,zone_A,True,0,2.0,2.0,0.0,2,False,True,
002_Et_H_CO_H,S0_outside,177,UCI309_laboratory,simulation,-3.0,1.0,-3.0,1.0,3.0,0.0,150.63626961643956,G2,P0,valid,valid,zone_A,zone_A,True,0,2.0,2.0,0.0,2,False,True,
002_Et_H_CO_H,S0_outside,178,UCI309_laboratory,simulation,-3.0,1.0,-3.0,1.0,3.0,0.0,151.87283600881335,G2,P0,valid,valid,zone_A,zone_A,True,0,2.0,2.0,0.0,2,False,True,
002_Et_H_CO_H,S0_outside,179,UCI309_laboratory,simulation,-3.0,1.0,-3.0,1.0,3.0,0.0,153.33423265434595,G2,P0,valid,valid,zone_A,zone_A,True,0,2.0,2.0,0.0,2,False,True,
002_Et_H_CO_H,S0_outside,180,UCI309_laboratory,simulation,-3.0,1.0,-3.0,1.0,3.0,0.0,154.4583839201403,G2,P0,valid,valid,zone_A,zone_A,True,0,2.0,2.0,0.0,2,False,True,
002_Et_H_CO_H,S0_outside,181,UCI309_laboratory,simulation,-3.0,1.0,-3.0,1.0,3.0,0.0,153.55906290750482,G2,P0,valid,valid,zone_A,zone_A,True,0,2.0,2.0,0.0,2,False,True,
002_Et_H_CO_H,S0_outside,182,UCI309_laboratory,simulation,-3.0,1.0,-3.0,1.0,3.0,0.0,151.19834524933674,G2,P0,valid,valid,zone_A,zone_A,True,0,2.0,2.0,0.0,2,False,True,
002_Et_H_CO_H,S0_outside,183,UCI309_laboratory,simulation,-3.0,1.0,-3.0,1.0,3.0,0.0,150.18660911012188,G2,P0,valid,valid,zone_A,zone_A,True,0,2.0,2.0,0.0,2,False,True,
002_Et_H_CO_H,S0_outside,184,UCI309_laboratory,simulation,-3.0,1.0,-3.0,1.0,3.0,0.0,148.61279733800978,G2,P0,valid,valid,zone_A,zone_A,True,0,2.0,2.0,0.0,2,False,True,
002_Et_H_CO_H,S0_outside,185,UCI309_laboratory,simulation,-3.0,1.0,-3.0,1.0,3.0,0.0,148.05072170511266,G2,P0,valid,valid,zone_A,zone_A,True,0,2.0,2.0,0.0,2,False,True,
002_Et_H_CO_H,S0_outside,186,UCI309_laboratory,simulation,-3.0,1.0,-3.0,1.0,3.0,0.0,149.06245784432753,G2,P0,valid,valid,zone_A,zone_A,True,0,2.0,2.0,0.0,2,False,True,
002_Et_H_CO_H,S0_outside,187,UCI309_laboratory,simulation,-3.0,1.0,-3.0,1.0,3.0,0.0,151.4231755024956,G2,P0,valid,valid,zone_A,zone_A,True,0,2.0,2.0,0.0,2,False,True,
002_Et_H_CO_H,S0_outside,188,UCI309_laboratory,simulation,-3.0,1.0,-3.0,1.0,3.0,0.0,153.89630828724313,G2,P0,valid,valid,zone_A,zone_A,True,0,2.0,2.0,0.0,2,False,True,
002_Et_H_CO_H,S0_outside,189,UCI309_laboratory,simulation,-3.0,1.0,-3.0,1.0,3.0,0.0,156.03219569225234,G2,P0,valid,valid,zone_A,zone_A,True,0,2.0,2.0,0.0,2,False,True,
002_Et_H_CO_H,S0_outside,190,UCI309_laboratory,simulation,-3.0,1.0,-3.0,1.0,3.0,0.0,158.39291335042043,G2,P0,valid,valid,zone_A,zone_A,True,0,2.0,2.0,0.0,2,False,True,
002_Et_H_CO_H,S0_outside,191,UCI309_laboratory,simulation,-3.0,1.0,-3.0,1.0,3.0,0.0,162.1026125275417,G2,P0,valid,valid,zone_A,zone_A,True,0,2.0,2.0,0.0,2,False,True,
002_Et_H_CO_H,S0_outside,192,UCI309_laboratory,simulation,-3.0,1.0,-3.0,1.0,3.0,0.0,163.36728270156033,G2,P0,valid,valid,zone_A,zone_A,True,0,2.0,2.0,0.0,2,False,True,
002_Et_H_CO_H,S0_outside,193,UCI309_laboratory,simulation,-3.0,1.0,-3.0,1.0,3.0,0.0,164.88488691038268,G2,P0,valid,valid,zone_A,zone_A,True,0,2.0,2.0,0.0,2,False,True,
002_Et_H_CO_H,S0_outside,194,UCI309_laboratory,simulation,-3.0,1.0,-3.0,1.0,3.0,0.0,165.3345474167004,G2,P0,valid,valid,zone_A,zone_A,True,0,2.0,2.0,0.0,2,False,True,
002_Et_H_CO_H,S0_outside,195,UCI309_laboratory,simulation,-3.0,1.0,-3.0,1.0,3.0,0.0,165.3907549799901,G2,P0,valid,valid,zone_A,zone_A,True,0,2.0,2.0,0.0,2,False,True,
002_Et_H_CO_H,S0_outside,196,UCI309_laboratory,simulation,-3.0,1.0,-3.0,1.0,3.0,0.0,165.3345474167004,G2,P0,valid,valid,zone_A,zone_A,True,0,2.0,2.0,0.0,2,False,True,
002_Et_H_CO_H,S0_outside,197,UCI309_laboratory,simulation,-3.0,1.0,-3.0,1.0,3.0,0.0,165.3345474167004,G2,P0,valid,valid,zone_A,zone_A,True,0,2.0,2.0,0.0,2,False,True,
002_Et_H_CO_H,S0_outside,198,UCI309_laboratory,simulation,-3.0,1.0,-3.0,1.0,3.0,0.0,165.6717927964387,G2,P0,valid,valid,zone_A,zone_A,True,0,2.0,2.0,0.0,2,False,True,
002_Et_H_CO_H,S0_outside,199,UCI309_laboratory,simulation,-3.0,1.0,-3.0,1.0,3.0,0.0,165.3345474167004,G2,P0,valid,valid,zone_A,zone_A,True,0,2.0,2.0,0.0,2,False,True,
002_Et_H_CO_H,S0_outside,200,UCI309_laboratory,simulation,-3.0,1.0,-3.0,1.0,3.0,0.0,165.22213229012095,G2,P0,valid,valid,zone_A,zone_A,True,0,2.0,2.0,0.0,2,False,True,
002_Et_H_CO_H,S0_outside,201,UCI309_laboratory,simulation,-3.0,1.0,-3.0,1.0,3.0,0.0,165.22213229012095,G2,P0,valid,valid,zone_A,zone_A,True,0,2.0,2.0,0.0,2,False,True,
002_Et_H_CO_H,S0_outside,202,UCI309_laboratory,simulation,-3.0,1.0,-3.0,1.0,3.0,0.0,164.66005665722378,G2,P0,valid,valid,zone_A,zone_A,True,0,2.0,2.0,0.0,2,False,True,
002_Et_H_CO_H,S0_outside,203,UCI309_laboratory,simulation,-3.0,1.0,-3.0,1.0,3.0,0.0,164.15418858761637,G2,P0,valid,valid,zone_A,zone_A,True,0,2.0,2.0,0.0,2,False,True,
002_Et_H_CO_H,S0_outside,204,UCI309_laboratory,simulation,-3.0,1.0,-3.0,1.0,3.0,0.0,163.3110751382706,G2,P0,valid,valid,zone_A,zone_A,True,0,2.0,2.0,0.0,2,False,True,
002_Et_H_CO_H,S0_outside,205,UCI309_laboratory,simulation,-3.0,1.0,-3.0,1.0,3.0,0.0,163.3110751382706,G2,P0,valid,valid,zone_A,zone_A,True,0,2.0,2.0,0.0,2,False,True,
002_Et_H_CO_H,S0_outside,206,UCI309_laboratory,simulation,-3.0,1.0,-3.0,1.0,3.0,0.0,163.53590539142948,G2,P0,valid,valid,zone_A,zone_A,True,0,2.0,2.0,0.0,2,False,True,
002_Et_H_CO_H,S0_outside,207,UCI309_laboratory,simulation,-3.0,1.0,-3.0,1.0,3.0,0.0,164.32281127748553,G2,P0,valid,valid,zone_A,zone_A,True,0,2.0,2.0,0.0,2,False,True,
002_Et_H_CO_H,S0_outside,208,UCI309_laboratory,simulation,-3.0,1.0,-3.0,1.0,3.0,0.0,165.22213229012095,G2,P0,valid,valid,zone_A,zone_A,True,0,2.0,2.0,0.0,2,False,True,
002_Et_H_CO_H,S0_outside,209,UCI309_laboratory,simulation,-3.0,1.0,-3.0,1.0,3.0,0.0,166.68352893565358,G2,P0,valid,valid,zone_A,zone_A,True,0,2.0,2.0,0.0,2,False,True,
002_Et_H_CO_H,S0_outside,210,UCI309_laboratory,simulation,-3.0,1.0,-3.0,1.0,3.0,0.0,166.009038176177,G2,P0,valid,valid,zone_A,zone_A,True,0,2.0,2.0,0.0,2,False,True,
002_Et_H_CO_H,S0_outside,211,UCI309_laboratory,simulation,-3.0,1.0,-3.0,1.0,3.0,0.0,165.10971716354152,G2,P0,valid,valid,zone_A,zone_A,True,0,2.0,2.0,0.0,2,False,True,
002_Et_H_CO_H,S0_outside,212,UCI309_laboratory,simulation,-3.0,1.0,-3.0,1.0,3.0,0.0,163.64832051800892,G2,P0,valid,valid,zone_A,zone_A,True,0,2.0,2.0,0.0,2,False,True,
002_Et_H_CO_H,S0_outside,213,UCI309_laboratory,simulation,-3.0,1.0,-3.0,1.0,3.0,0.0,161.62484823957914,G2,P0,valid,valid,zone_A,zone_A,True,0,2.0,2.0,0.0,2,False,True,
002_Et_H_CO_H,S0_outside,214,UCI309_laboratory,simulation,-3.0,1.0,-3.0,1.0,3.0,0.0,160.27586672062594,G2,P0,valid,valid,zone_A,zone_A,True,0,2.0,2.0,0.0,2,False,True,
002_Et_H_CO_H,S0_outside,215,UCI309_laboratory,simulation,-3.0,1.0,-3.0,1.0,3.0,0.0,159.32033814470077,G2,P0,valid,valid,zone_A,zone_A,True,0,2.0,2.0,0.0,2,False,True,
002_Et_H_CO_H,S0_outside,216,UCI309_laboratory,simulation,-3.0,1.0,-3.0,1.0,3.0,0.0,158.1399793156167,G2,P0,valid,valid,zone_A,zone_A,True,0,2.0,2.0,0.0,2,False,True,
002_Et_H_CO_H,S0_outside,217,UCI309_laboratory,simulation,-3.0,1.0,-3.0,1.0,3.0,0.0,157.07203561311212,G2,P0,valid,valid,zone_A,zone_A,True,0,2.0,2.0,0.0,2,False,True,
002_Et_H_CO_H,S0_outside,218,UCI309_laboratory,simulation,-3.0,1.0,-3.0,1.0,3.0,0.0,157.07203561311212,G2,P0,valid,valid,zone_A,zone_A,True,0,2.0,2.0,0.0,2,False,True,
002_Et_H_CO_H,S0_outside,219,UCI309_laboratory,simulation,-3.0,1.0,-3.0,1.0,3.0,0.0,157.63411124600927,G2,P0,valid,valid,zone_A,zone_A,True,0,2.0,2.0,0.0,2,False,True,
002_Et_H_CO_H,S0_outside,220,UCI309_laboratory,simulation,-3.0,1.0,-3.0,1.0,3.0,0.0,158.58963982193444,G2,P0,valid,valid,zone_A,zone_A,True,0,2.0,2.0,0.0,2,False,True,
002_Et_H_CO_H,S0_outside,221,UCI309_laboratory,simulation,-3.0,1.0,-3.0,1.0,3.0,0.0,160.1072440307568,G2,P0,valid,valid,zone_A,zone_A,True,0,2.0,2.0,0.0,2,False,True,
002_Et_H_CO_H,S0_outside,222,UCI309_laboratory,simulation,-3.0,1.0,-3.0,1.0,3.0,0.0,160.72552722694365,G2,P0,valid,valid,zone_A,zone_A,True,0,2.0,2.0,0.0,2,False,True,
002_Et_H_CO_H,S0_outside,223,UCI309_laboratory,simulation,-3.0,1.0,-3.0,1.0,3.0,0.0,160.38828184720535,G2,P0,valid,valid,zone_A,zone_A,True,0,2.0,2.0,0.0,2,False,True,
002_Et_H_CO_H,S0_outside,224,UCI309_laboratory,simulation,-3.0,1.0,-3.0,1.0,3.0,0.0,159.71379108772877,G2,P0,valid,valid,zone_A,zone_A,True,0,2.0,2.0,0.0,2,False,True,
002_Et_H_CO_H,S0_outside,225,UCI309_laboratory,simulation,-3.0,1.0,-3.0,1.0,3.0,0.0,159.71379108772877,G2,P0,valid,valid,zone_A,zone_A,True,0,2.0,2.0,0.0,2,False,True,
002_Et_H_CO_H,S0_outside,226,UCI309_laboratory,simulation,-3.0,1.0,-3.0,1.0,3.0,0.0,160.5569045370745,G2,P0,valid,valid,zone_A,zone_A,True,0,2.0,2.0,0.0,2,False,True,
002_Et_H_CO_H,S0_outside,227,UCI309_laboratory,simulation,-3.0,1.0,-3.0,1.0,3.0,0.0,160.8379423535231,G2,P0,valid,valid,zone_A,zone_A,True,0,2.0,2.0,0.0,2,False,True,
002_Et_H_CO_H,S0_outside,228,UCI309_laboratory,simulation,-3.0,1.0,-3.0,1.0,3.0,0.0,161.28760285984083,G2,P0,valid,valid,zone_A,zone_A,True,0,2.0,2.0,0.0,2,False,True,
002_Et_H_CO_H,S0_outside,229,UCI309_laboratory,simulation,-3.0,1.0,-3.0,1.0,3.0,0.0,161.2313952965511,G2,P0,valid,valid,zone_A,zone_A,True,0,2.0,2.0,0.0,2,False,True,
002_Et_H_CO_H,S0_outside,230,UCI309_laboratory,simulation,-3.0,1.0,-3.0,1.0,3.0,0.0,160.8379423535231,G2,P0,valid,valid,zone_A,zone_A,True,0,2.0,2.0,0.0,2,False,True,
002_Et_H_CO_H,S0_outside,231,UCI309_laboratory,simulation,-3.0,1.0,-3.0,1.0,3.0,0.0,160.38828184720535,G2,P0,valid,valid,zone_A,zone_A,True,0,2.0,2.0,0.0,2,False,True,
002_Et_H_CO_H,S0_outside,232,UCI309_laboratory,simulation,-3.0,1.0,-3.0,1.0,3.0,0.0,160.5569045370745,G2,P0,valid,valid,zone_A,zone_A,True,0,2.0,2.0,0.0,2,False,True,
002_Et_H_CO_H,S0_outside,233,UCI309_laboratory,simulation,-3.0,1.0,-3.0,1.0,3.0,0.0,161.2313952965511,G2,P0,valid,valid,zone_A,zone_A,True,0,2.0,2.0,0.0,2,False,True,
002_Et_H_CO_H,S0_outside,234,UCI309_laboratory,simulation,-3.0,1.0,-3.0,1.0,3.0,0.0,162.01830118260713,G2,P0,valid,valid,zone_A,zone_A,True,0,2.0,2.0,0.0,2,False,True,
002_Et_H_CO_H,S0_outside,235,UCI309_laboratory,simulation,-3.0,1.0,-3.0,1.0,3.0,0.0,163.42349026485005,G2,P0,valid,valid,zone_A,zone_A,True,0,2.0,2.0,0.0,2,False,True,
002_Et_H_CO_H,S0_outside,236,UCI309_laboratory,simulation,-3.0,1.0,-3.0,1.0,3.0,0.0,163.76073564458835,G2,P0,valid,valid,zone_A,zone_A,True,0,2.0,2.0,0.0,2,False,True,
002_Et_H_CO_H,S0_outside,237,UCI309_laboratory,simulation,-3.0,1.0,-3.0,1.0,3.0,0.0,162.9738297585323,G2,P0,valid,valid,zone_A,zone_A,True,0,2.0,2.0,0.0,2,False,True,
002_Et_H_CO_H,S0_outside,238,UCI309_laboratory,simulation,-3.0,1.0,-3.0,1.0,3.0,0.0,161.96209361931741,G2,P0,valid,valid,zone_A,zone_A,True,0,2.0,2.0,0.0,2,False,True,
002_Et_H_CO_H,S0_outside,239,UCI309_laboratory,simulation,-3.0,1.0,-3.0,1.0,3.0,0.0,161.1751877332614,G2,P0,valid,valid,zone_A,zone_A,True,0,2.0,2.0,0.0,2,False,True,
002_Et_H_CO_H,S0_outside,240,UCI309_laboratory,simulation,-3.0,1.0,-3.0,1.0,3.0,0.0,161.40001798642027,G2,P0,valid,valid,zone_A,zone_A,True,0,2.0,2.0,0.0,2,False,True,
002_Et_H_CO_H,S1_early_background,26,UCI309_laboratory,simulation,-3.0,1.0,-3.0,1.0,3.0,0.0,1.1846824877986353,G0,P0,valid,valid,zone_A,zone_A,True,0,0.0,0.0,0.0,0,False,True,
002_Et_H_CO_H,S1_early_background,27,UCI309_laboratory,simulation,-2.5833333333333335,1.0,-2.5833333333333335,1.0,2.5833333333333335,0.0,0.9598522346397701,G0,P0,valid,valid,zone_A,zone_A,True,0,0.0,0.0,0.0,0,False,True,
002_Et_H_CO_H,S1_early_background,28,UCI309_laboratory,simulation,-2.166666666666667,1.0,-2.166666666666667,1.0,2.166666666666667,0.0,1.011736139214893,G0,P0,valid,valid,zone_A,zone_A,True,0,0.0,0.0,0.0,0,False,True,
002_Et_H_CO_H,S1_early_background,29,UCI309_laboratory,simulation,-1.75,1.0,-1.75,1.0,1.75,0.0,1.011736139214893,G0,P0,valid,valid,zone_A,zone_A,True,0,0.0,0.0,0.0,0,False,True,
002_Et_H_CO_H,S1_early_background,30,UCI309_laboratory,simulation,-1.3333333333333335,1.0,-1.3333333333333335,1.0,1.3333333333333335,0.0,1.1241512657943253,G0,P0,valid,valid,zone_A,zone_A,True,0,0.0,0.0,0.0,0,False,True,
002_Et_H_CO_H,S1_early_background,31,UCI309_laboratory,simulation,-0.9166666666666665,1.0,-0.9166666666666665,1.0,0.9166666666666665,0.0,1.1241512657943253,G0,P1,valid,valid,zone_A,zone_A,True,0,1.0,0.0,1.0,1,False,True,
002_Et_H_CO_H,S1_early_background,32,UCI309_laboratory,simulation,-0.5,1.0,-0.5,1.0,0.5,0.0,0.9555285759251766,G0,P1,valid,valid,zone_A,zone_A,True,0,1.0,0.0,1.0,1,False,True,
002_Et_H_CO_H,S1_early_background,33,UCI309_laboratory,simulation,-0.375,1.0,-0.375,1.0,0.375,0.0,0.9555285759251766,G0,P1,valid,valid,zone_A,zone_A,True,0,1.0,0.0,1.0,1,False,True,
002_Et_H_CO_H,S1_early_background,34,UCI309_laboratory,simulation,-0.25,1.0,-0.25,1.0,0.25,0.0,0.7869058860560277,G0,P1,valid,valid,zone_A,zone_A,True,0,1.0,0.0,1.0,1,False,True,
002_Et_H_CO_H,S1_early_background,35,UCI309_laboratory,simulation,-0.125,1.0,-0.125,1.0,0.125,0.0,0.9555285759251766,G0,P1,valid,valid,zone_A,zone_A,True,0,1.0,0.0,1.0,1,False,True,
002_Et_H_CO_H,S1_early_background,36,UCI309_laboratory,simulation,0.0,1.0,0.0,1.0,-0.0,0.0,1.011736139214893,G0,P2,valid,valid,zone_A,zone_A,True,0,2.0,0.0,2.0,2,False,True,
002_Et_H_CO_H,S1_early_background,37,UCI309_laboratory,simulation,0.125,1.0,0.125,1.0,-0.125,0.0,0.7869058860560277,G0,P2,valid,valid,zone_A,zone_A,True,0,2.0,0.0,2.0,2,False,True,
002_Et_H_CO_H,S1_early_background,38,UCI309_laboratory,simulation,0.25,1.0,0.25,1.0,-0.25,0.0,0.7869058860560277,G0,P2,valid,valid,zone_A,zone_A,True,0,2.0,0.0,2.0,2,False,True,
002_Et_H_CO_H,S1_early_background,39,UCI309_laboratory,simulation,0.375,1.0,0.375,1.0,-0.375,0.0,1.011736139214893,G0,P2,valid,valid,zone_A,zone_A,True,0,2.0,0.0,2.0,2,False,True,
002_Et_H_CO_H,S1_early_background,40,UCI309_laboratory,simulation,0.5,1.0,0.5,1.0,-0.5,0.0,1.011736139214893,G0,P2,valid,valid,zone_A,zone_A,True,0,2.0,0.0,2.0,2,False,True,
002_Et_H_CO_H,S1_early_background,41,UCI309_laboratory,simulation,0.5,1.0,0.5,1.0,-0.5,0.0,1.1241512657943253,G0,P2,valid,valid,zone_A,zone_A,True,0,2.0,0.0,2.0,2,False,True,
002_Et_H_CO_H,S1_early_background,42,UCI309_laboratory,simulation,0.5,1.0,0.5,1.0,-0.5,0.0,1.0679437025046092,G0,P2,valid,valid,zone_A,zone_A,True,0,2.0,0.0,2.0,2,False,True,
002_Et_H_CO_H,S1_early_background,43,UCI309_laboratory,simulation,0.5,1.0,0.5,1.0,-0.5,0.0,1.1241512657943253,G0,P2,valid,valid,zone_A,zone_A,True,0,2.0,0.0,2.0,2,False,True,
002_Et_H_CO_H,S1_early_background,44,UCI309_laboratory,simulation,0.5,1.0,0.5,1.0,-0.5,0.0,0.8993210126354603,G0,P2,valid,valid,zone_A,zone_A,True,0,2.0,0.0,2.0,2,False,True,
002_Et_H_CO_H,S1_early_background,45,UCI309_laboratory,simulation,0.5,1.0,0.5,1.0,-0.5,0.0,1.0960474841494672,G0,P2,valid,valid,zone_A,zone_A,True,0,2.0,0.0,2.0,2,False,True,
002_Et_H_CO_H,S1_early_background,46,UCI309_laboratory,simulation,0.5,1.0,0.5,1.0,-0.5,0.0,1.0960474841494672,G0,P2,valid,valid,zone_A,zone_A,True,0,2.0,0.0,2.0,2,False,True,
002_Et_H_CO_H,S1_early_background,47,UCI309_laboratory,simulation,0.11111111111111116,1.0,0.11111111111111116,1.0,-0.11111111111111116,0.0,1.0960474841494672,G0,P2,valid,valid,zone_A,zone_A,True,0,2.0,0.0,2.0,2,False,True,
002_Et_H_CO_H,S1_early_background,48,UCI309_laboratory,simulation,-0.2777777777777777,1.0,-0.2777777777777777,1.0,0.2777777777777777,0.0,0.8431134493457441,G0,P1,valid,valid,zone_A,zone_A,True,0,1.0,0.0,1.0,1,False,True,
002_Et_H_CO_H,S1_early_background,49,UCI309_laboratory,simulation,-0.6666666666666665,1.0,-0.6666666666666665,1.0,0.6666666666666665,0.0,0.8431134493457441,G0,P1,valid,valid,zone_A,zone_A,True,0,1.0,0.0,1.0,1,False,True,
002_Et_H_CO_H,S1_early_background,50,UCI309_laboratory,simulation,-1.0555555555555554,1.0,-1.0555555555555554,1.0,1.0555555555555554,0.0,1.0960474841494672,G0,P0,valid,valid,zone_A,zone_A,True,0,0.0,0.0,0.0,0,False,True,
002_Et_H_CO_H,S1_early_background,51,UCI309_laboratory,simulation,-1.4444444444444446,1.0,-1.4444444444444446,1.0,1.4444444444444446,0.0,0.7869058860560277,G0,P0,valid,valid,zone_A,zone_A,True,0,0.0,0.0,0.0,0,False,True,
002_Et_H_CO_H,S1_early_background,52,UCI309_laboratory,simulation,-1.833333333333333,1.0,-1.833333333333333,1.0,1.833333333333333,0.0,1.0960474841494672,G0,P0,valid,valid,zone_A,zone_A,True,0,0.0,0.0,0.0,0,False,True,
002_Et_H_CO_H,S1_early_background,53,UCI309_laboratory,simulation,-2.2222222222222223,1.0,-2.2222222222222223,1.0,2.2222222222222223,0.0,0.8712172309906021,G0,P0,valid,valid,zone_A,zone_A,True,0,0.0,0.0,0.0,0,False,True,
002_Et_H_CO_H,S1_early_background,54,UCI309_laboratory,simulation,-2.6111111111111107,1.0,-2.6111111111111107,1.0,2.6111111111111107,0.0,1.011736139214893,G0,P0,valid,valid,zone_A,zone_A,True,0,0.0,0.0,0.0,0,False,True,
002_Et_H_CO_H,S1_early_background,55,UCI309_laboratory,simulation,-3.0,1.0,-3.0,1.0,3.0,0.0,0.7588021044111697,G0,P0,valid,valid,zone_A,zone_A,True,0,0.0,0.0,0.0,0,False,True,
002_Et_H_CO_H,S1_early_background,56,UCI309_laboratory,simulation,-3.0,1.0,-3.0,1.0,3.0,0.0,0.6744907594765952,G0,P0,valid,valid,zone_A,zone_A,True,0,0.0,0.0,0.0,0,False,True,
002_Et_H_CO_H,S1_early_background,57,UCI309_laboratory,simulation,-3.0,1.0,-3.0,1.0,3.0,0.0,0.8712172309906021,G0,P0,valid,valid,zone_A,zone_A,True,0,0.0,0.0,0.0,0,False,True,
002_Et_H_CO_H,S1_early_background,58,UCI309_laboratory,simulation,-3.0,1.0,-3.0,1.0,3.0,0.0,0.7588021044111697,G0,P0,valid,valid,zone_A,zone_A,True,0,0.0,0.0,0.0,0,False,True,
002_Et_H_CO_H,S1_early_background,59,UCI309_laboratory,simulation,-3.0,1.0,-3.0,1.0,3.0,0.0,0.8712172309906021,G0,P0,valid,valid,zone_A,zone_A,True,0,0.0,0.0,0.0,0,False,True,
002_Et_H_CO_H,S1_early_background,60,UCI309_laboratory,simulation,-3.0,1.0,-3.0,1.0,3.0,0.0,0.9555285759251766,G0,P0,valid,valid,zone_A,zone_A,True,0,0.0,0.0,0.0,0,False,True,
002_Et_H_CO_H,S2_possible_overlap,26,UCI309_laboratory,simulation,-3.0,1.0,-3.0,1.0,3.0,0.0,1.1846824877986353,G0,P0,valid,valid,zone_A,zone_A,True,0,0.0,0.0,0.0,0,False,True,
002_Et_H_CO_H,S2_possible_overlap,27,UCI309_laboratory,simulation,-3.0,1.0,-3.0,1.0,3.0,0.0,0.9598522346397701,G0,P0,valid,valid,zone_A,zone_A,True,0,0.0,0.0,0.0,0,False,True,
002_Et_H_CO_H,S2_possible_overlap,28,UCI309_laboratory,simulation,-3.0,1.0,-3.0,1.0,3.0,0.0,1.011736139214893,G0,P0,valid,valid,zone_A,zone_A,True,0,0.0,0.0,0.0,0,False,True,
002_Et_H_CO_H,S2_possible_overlap,29,UCI309_laboratory,simulation,-3.0,1.0,-3.0,1.0,3.0,0.0,1.011736139214893,G0,P0,valid,valid,zone_A,zone_A,True,0,0.0,0.0,0.0,0,False,True,
002_Et_H_CO_H,S2_possible_overlap,30,UCI309_laboratory,simulation,-3.0,1.0,-3.0,1.0,3.0,0.0,1.1241512657943253,G0,P0,valid,valid,zone_A,zone_A,True,0,0.0,0.0,0.0,0,False,True,
002_Et_H_CO_H,S2_possible_overlap,31,UCI309_laboratory,simulation,-3.0,1.0,-3.0,1.0,3.0,0.0,1.1241512657943253,G0,P0,valid,valid,zone_A,zone_A,True,0,0.0,0.0,0.0,0,False,True,
002_Et_H_CO_H,S2_possible_overlap,32,UCI309_laboratory,simulation,-3.0,1.0,-3.0,1.0,3.0,0.0,0.9555285759251766,G0,P0,valid,valid,zone_A,zone_A,True,0,0.0,0.0,0.0,0,False,True,
002_Et_H_CO_H,S2_possible_overlap,33,UCI309_laboratory,simulation,-3.0,1.0,-3.0,1.0,3.0,0.0,0.9555285759251766,G0,P0,valid,valid,zone_A,zone_A,True,0,0.0,0.0,0.0,0,False,True,
002_Et_H_CO_H,S2_possible_overlap,34,UCI309_laboratory,simulation,-3.0,1.0,-3.0,1.0,3.0,0.0,0.7869058860560277,G0,P0,valid,valid,zone_A,zone_A,True,0,0.0,0.0,0.0,0,False,True,
002_Et_H_CO_H,S2_possible_overlap,35,UCI309_laboratory,simulation,-3.0,1.0,-3.0,1.0,3.0,0.0,0.9555285759251766,G0,P0,valid,valid,zone_A,zone_A,True,0,0.0,0.0,0.0,0,False,True,
002_Et_H_CO_H,S2_possible_overlap,36,UCI309_laboratory,simulation,-3.0,1.0,-3.0,1.0,3.0,0.0,1.011736139214893,G0,P0,valid,valid,zone_A,zone_A,True,0,0.0,0.0,0.0,0,False,True,
002_Et_H_CO_H,S2_possible_overlap,37,UCI309_laboratory,simulation,-3.0,1.0,-3.0,1.0,3.0,0.0,0.7869058860560277,G0,P0,valid,valid,zone_A,zone_A,True,0,0.0,0.0,0.0,0,False,True,
002_Et_H_CO_H,S2_possible_overlap,38,UCI309_laboratory,simulation,-3.0,1.0,-3.0,1.0,3.0,0.0,0.7869058860560277,G0,P0,valid,valid,zone_A,zone_A,True,0,0.0,0.0,0.0,0,False,True,
002_Et_H_CO_H,S2_possible_overlap,39,UCI309_laboratory,simulation,-3.0,1.0,-3.0,1.0,3.0,0.0,1.011736139214893,G0,P0,valid,valid,zone_A,zone_A,True,0,0.0,0.0,0.0,0,False,True,
002_Et_H_CO_H,S2_possible_overlap,40,UCI309_laboratory,simulation,-3.0,1.0,-3.0,1.0,3.0,0.0,1.011736139214893,G0,P0,valid,valid,zone_A,zone_A,True,0,0.0,0.0,0.0,0,False,True,
002_Et_H_CO_H,S2_possible_overlap,41,UCI309_laboratory,simulation,-3.0,1.0,-3.0,1.0,3.0,0.0,1.1241512657943253,G0,P0,valid,valid,zone_A,zone_A,True,0,0.0,0.0,0.0,0,False,True,
002_Et_H_CO_H,S2_possible_overlap,42,UCI309_laboratory,simulation,-3.0,1.0,-3.0,1.0,3.0,0.0,1.0679437025046092,G0,P0,valid,valid,zone_A,zone_A,True,0,0.0,0.0,0.0,0,False,True,
002_Et_H_CO_H,S2_possible_overlap,43,UCI309_laboratory,simulation,-3.0,1.0,-3.0,1.0,3.0,0.0,1.1241512657943253,G0,P0,valid,valid,zone_A,zone_A,True,0,0.0,0.0,0.0,0,False,True,
002_Et_H_CO_H,S2_possible_overlap,44,UCI309_laboratory,simulation,-3.0,1.0,-3.0,1.0,3.0,0.0,0.8993210126354603,G0,P0,valid,valid,zone_A,zone_A,True,0,0.0,0.0,0.0,0,False,True,
002_Et_H_CO_H,S2_possible_overlap,45,UCI309_laboratory,simulation,-3.0,1.0,-3.0,1.0,3.0,0.0,1.0960474841494672,G0,P0,valid,valid,zone_A,zone_A,True,0,0.0,0.0,0.0,0,False,True,
002_Et_H_CO_H,S2_possible_overlap,46,UCI309_laboratory,simulation,-3.0,1.0,-3.0,1.0,3.0,0.0,1.0960474841494672,G0,P0,valid,valid,zone_A,zone_A,True,0,0.0,0.0,0.0,0,False,True,
002_Et_H_CO_H,S2_possible_overlap,47,UCI309_laboratory,simulation,-3.0,1.0,-3.0,1.0,3.0,0.0,1.0960474841494672,G0,P0,valid,valid,zone_A,zone_A,True,0,0.0,0.0,0.0,0,False,True,
002_Et_H_CO_H,S2_possible_overlap,48,UCI309_laboratory,simulation,-3.0,1.0,-3.0,1.0,3.0,0.0,0.8431134493457441,G0,P0,valid,valid,zone_A,zone_A,True,0,0.0,0.0,0.0,0,False,True,
002_Et_H_CO_H,S2_possible_overlap,49,UCI309_laboratory,simulation,-3.0,1.0,-3.0,1.0,3.0,0.0,0.8431134493457441,G0,P0,valid,valid,zone_A,zone_A,True,0,0.0,0.0,0.0,0,False,True,
002_Et_H_CO_H,S2_possible_overlap,50,UCI309_laboratory,simulation,-3.0,1.0,-3.0,1.0,3.0,0.0,1.0960474841494672,G0,P0,valid,valid,zone_A,zone_A,True,0,0.0,0.0,0.0,0,False,True,
002_Et_H_CO_H,S2_possible_overlap,51,UCI309_laboratory,simulation,-3.0,1.0,-3.0,1.0,3.0,0.0,0.7869058860560277,G0,P0,valid,valid,zone_A,zone_A,True,0,0.0,0.0,0.0,0,False,True,
002_Et_H_CO_H,S2_possible_overlap,52,UCI309_laboratory,simulation,-3.0,1.0,-3.0,1.0,3.0,0.0,1.0960474841494672,G0,P0,valid,valid,zone_A,zone_A,True,0,0.0,0.0,0.0,0,False,True,
002_Et_H_CO_H,S2_possible_overlap,53,UCI309_laboratory,simulation,-3.0,1.0,-3.0,1.0,3.0,0.0,0.8712172309906021,G0,P0,valid,valid,zone_A,zone_A,True,0,0.0,0.0,0.0,0,False,True,
002_Et_H_CO_H,S2_possible_overlap,54,UCI309_laboratory,simulation,-3.0,1.0,-3.0,1.0,3.0,0.0,1.011736139214893,G0,P0,valid,valid,zone_A,zone_A,True,0,0.0,0.0,0.0,0,False,True,
002_Et_H_CO_H,S2_possible_overlap,55,UCI309_laboratory,simulation,-3.0,1.0,-3.0,1.0,3.0,0.0,0.7588021044111697,G0,P0,valid,valid,zone_A,zone_A,True,0,0.0,0.0,0.0,0,False,True,
002_Et_H_CO_H,S2_possible_overlap,56,UCI309_laboratory,simulation,-3.0,1.0,-3.0,1.0,3.0,0.0,0.6744907594765952,G0,P0,valid,valid,zone_A,zone_A,True,0,0.0,0.0,0.0,0,False,True,
002_Et_H_CO_H,S2_possible_overlap,57,UCI309_laboratory,simulation,-3.0,1.0,-3.0,1.0,3.0,0.0,0.8712172309906021,G0,P0,valid,valid,zone_A,zone_A,True,0,0.0,0.0,0.0,0,False,True,
002_Et_H_CO_H,S2_possible_overlap,58,UCI309_laboratory,simulation,-3.0,1.0,-3.0,1.0,3.0,0.0,0.7588021044111697,G0,P0,valid,valid,zone_A,zone_A,True,0,0.0,0.0,0.0,0,False,True,
002_Et_H_CO_H,S2_possible_overlap,59,UCI309_laboratory,simulation,-3.0,1.0,-3.0,1.0,3.0,0.0,0.8712172309906021,G0,P0,valid,valid,zone_A,zone_A,True,0,0.0,0.0,0.0,0,False,True,
002_Et_H_CO_H,S2_possible_overlap,60,UCI309_laboratory,simulation,-3.0,1.0,-3.0,1.0,3.0,0.0,0.9555285759251766,G0,P0,valid,valid,zone_A,zone_A,True,0,0.0,0.0,0.0,0,False,True,
002_Et_H_CO_H,S2_possible_overlap,61,UCI309_laboratory,simulation,-3.0,1.0,-3.0,1.0,3.0,0.0,0.7869058860560277,G0,P0,valid,valid,zone_A,zone_A,True,0,0.0,0.0,0.0,0,False,True,
002_Et_H_CO_H,S2_possible_overlap,62,UCI309_laboratory,simulation,-3.0,1.0,-3.0,1.0,3.0,0.0,0.8712172309906021,G0,P0,valid,valid,zone_A,zone_A,True,0,0.0,0.0,0.0,0,False,True,
002_Et_H_CO_H,S2_possible_overlap,63,UCI309_laboratory,simulation,-3.0,1.0,-3.0,1.0,3.0,0.0,0.8712172309906021,G0,P0,valid,valid,zone_A,zone_A,True,0,0.0,0.0,0.0,0,False,True,
002_Et_H_CO_H,S2_possible_overlap,64,UCI309_laboratory,simulation,-3.0,1.0,-3.0,1.0,3.0,0.0,1.4332928638877647,G0,P0,valid,valid,zone_A,zone_A,True,0,0.0,0.0,0.0,0,False,True,
002_Et_H_CO_H,S2_possible_overlap,65,UCI309_laboratory,simulation,-3.0,1.0,-3.0,1.0,3.0,0.0,1.011736139214893,G0,P0,valid,valid,zone_A,zone_A,True,0,0.0,0.0,0.0,0,False,True,
002_Et_H_CO_H,S2_possible_overlap,66,UCI309_laboratory,simulation,-3.0,1.0,-3.0,1.0,3.0,0.0,1.3208777373083322,G0,P0,valid,valid,zone_A,zone_A,True,0,0.0,0.0,0.0,0,False,True,
002_Et_H_CO_H,S2_possible_overlap,67,UCI309_laboratory,simulation,-3.0,1.0,-3.0,1.0,3.0,0.0,0.7869058860560277,G0,P0,valid,valid,zone_A,zone_A,True,0,0.0,0.0,0.0,0,False,True,
002_Et_H_CO_H,S2_possible_overlap,68,UCI309_laboratory,simulation,-3.0,1.0,-3.0,1.0,3.0,0.0,1.011736139214893,G0,P0,valid,valid,zone_A,zone_A,True,0,0.0,0.0,0.0,0,False,True,
002_Et_H_CO_H,S2_possible_overlap,69,UCI309_laboratory,simulation,-3.0,1.0,-3.0,1.0,3.0,0.0,1.011736139214893,G0,P0,valid,valid,zone_A,zone_A,True,0,0.0,0.0,0.0,0,False,True,
002_Et_H_CO_H,S2_possible_overlap,70,UCI309_laboratory,simulation,-3.0,1.0,-3.0,1.0,3.0,0.0,1.4332928638877647,G0,P0,valid,valid,zone_A,zone_A,True,0,0.0,0.0,0.0,0,False,True,
002_Et_H_CO_H,S2_possible_overlap,71,UCI309_laboratory,simulation,-2.861111111111111,1.0,-2.861111111111111,1.0,2.861111111111111,0.0,1.011736139214893,G0,P0,valid,valid,zone_A,zone_A,True,0,0.0,0.0,0.0,0,False,True,
002_Et_H_CO_H,S2_possible_overlap,72,UCI309_laboratory,simulation,-2.7222222222222223,1.0,-2.7222222222222223,1.0,2.7222222222222223,0.0,1.0960474841494672,G0,P0,valid,valid,zone_A,zone_A,True,0,0.0,0.0,0.0,0,False,True,
002_Et_H_CO_H,S2_possible_overlap,73,UCI309_laboratory,simulation,-2.5833333333333335,1.0,-2.5833333333333335,1.0,2.5833333333333335,0.0,1.3489815189531904,G0,P0,valid,valid,zone_A,zone_A,True,0,0.0,0.0,0.0,0,False,True,
002_Et_H_CO_H,S2_possible_overlap,74,UCI309_laboratory,simulation,-2.4444444444444446,1.0,-2.4444444444444446,1.0,2.4444444444444446,0.0,1.5738117721120555,G0,P0,valid,valid,zone_A,zone_A,True,0,0.0,0.0,0.0,0,False,True,
002_Et_H_CO_H,S2_possible_overlap,75,UCI309_laboratory,simulation,-2.3055555555555554,1.0,-2.3055555555555554,1.0,2.3055555555555554,0.0,1.2365663923737578,G0,P0,valid,valid,zone_A,zone_A,True,0,0.0,0.0,0.0,0,False,True,
002_Et_H_CO_H,S2_possible_overlap,76,UCI309_laboratory,simulation,-2.166666666666667,1.0,-2.166666666666667,1.0,2.166666666666667,0.0,3.260038670803543,G0,P0,valid,valid,zone_A,zone_A,True,0,0.0,0.0,0.0,0,False,True,
002_Et_H_CO_H,S2_possible_overlap,77,UCI309_laboratory,simulation,-2.0277777777777777,1.0,-2.0277777777777777,1.0,2.0277777777777777,0.0,4.695493364048605,G0,P0,valid,valid,zone_A,zone_A,True,0,0.0,0.0,0.0,0,False,True,
002_Et_H_CO_H,S2_possible_overlap,78,UCI309_laboratory,simulation,-1.8888888888888888,1.0,-1.8888888888888888,1.0,1.8888888888888888,0.0,6.4076622150276545,G1,P0,valid,valid,zone_A,zone_A,True,0,1.0,1.0,0.0,1,False,True,
002_Et_H_CO_H,S2_possible_overlap,79,UCI309_laboratory,simulation,-1.75,1.0,-1.75,1.0,1.75,0.0,8.768379873195737,G1,P0,valid,valid,zone_A,zone_A,True,0,1.0,1.0,0.0,1,False,True,
002_Et_H_CO_H,S2_possible_overlap,80,UCI309_laboratory,simulation,-1.6111111111111112,1.0,-1.6111111111111112,1.0,1.6111111111111112,0.0,11.916003417419848,G2,P0,valid,valid,zone_A,zone_A,True,0,2.0,2.0,0.0,2,False,True,
002_Et_H_CO_H,S2_possible_overlap,81,UCI309_laboratory,simulation,-1.472222222222222,1.0,-1.472222222222222,1.0,1.472222222222222,0.0,15.007419398354243,G2,P0,valid,valid,zone_A,zone_A,True,0,2.0,2.0,0.0,2,False,True,
002_Et_H_CO_H,S2_possible_overlap,82,UCI309_laboratory,simulation,-1.3333333333333335,1.0,-1.3333333333333335,1.0,1.3333333333333335,0.0,18.098835379288637,G2,P0,valid,valid,zone_A,zone_A,True,0,2.0,2.0,0.0,2,False,True,
002_Et_H_CO_H,S2_possible_overlap,83,UCI309_laboratory,simulation,-1.1944444444444444,1.0,-1.1944444444444444,1.0,1.1944444444444444,0.0,20.290930347587572,G2,P0,valid,valid,zone_A,zone_A,True,0,2.0,2.0,0.0,2,False,True,
002_Et_H_CO_H,S2_possible_overlap,84,UCI309_laboratory,simulation,-1.0555555555555556,1.0,-1.0555555555555556,1.0,1.0555555555555556,0.0,22.932685822204235,G2,P0,valid,valid,zone_A,zone_A,True,0,2.0,2.0,0.0,2,False,True,
002_Et_H_CO_H,S2_possible_overlap,85,UCI309_laboratory,simulation,-0.9166666666666665,1.0,-0.9166666666666665,1.0,0.9166666666666665,0.0,26.024101803138635,G2,P1,valid,valid,zone_A,zone_A,True,0,3.0,2.0,1.0,2,False,True,
002_Et_H_CO_H,S2_possible_overlap,86,UCI309_laboratory,simulation,-0.7777777777777777,1.0,-0.7777777777777777,1.0,0.7777777777777777,0.0,30.68932955618508,G2,P1,valid,valid,zone_A,zone_A,True,0,3.0,2.0,1.0,2,False,True,
002_Et_H_CO_H,S2_possible_overlap,87,UCI309_laboratory,simulation,-0.6388888888888888,1.0,-0.6388888888888888,1.0,0.6388888888888888,0.0,35.29834974594181,G2,P1,valid,valid,zone_A,zone_A,True,0,3.0,2.0,1.0,2,False,True,
002_Et_H_CO_H,S2_possible_overlap,88,UCI309_laboratory,simulation,-0.5,1.0,-0.5,1.0,0.5,0.0,40.919106074913444,G2,P1,valid,valid,zone_A,zone_A,True,0,3.0,2.0,1.0,2,False,True,
002_Et_H_CO_H,S2_possible_overlap,89,UCI309_laboratory,simulation,-0.4,1.0,-0.4,1.0,0.4,0.0,47.55159854309996,G2,P1,valid,valid,zone_A,zone_A,True,0,3.0,2.0,1.0,2,False,True,
002_Et_H_CO_H,S2_possible_overlap,90,UCI309_laboratory,simulation,-0.3,1.0,-0.3,1.0,0.3,0.0,52.497864112594996,G2,P1,valid,valid,zone_A,zone_A,True,0,3.0,2.0,1.0,2,False,True,
002_Et_H_CO_H,S2_possible_overlap,91,UCI309_laboratory,simulation,-0.2,1.0,-0.2,1.0,0.2,0.0,56.657223796033996,G2,P1,valid,valid,zone_A,zone_A,True,0,3.0,2.0,1.0,2,False,True,
002_Et_H_CO_H,S2_possible_overlap,92,UCI309_laboratory,simulation,-0.09999999999999998,1.0,-0.09999999999999998,1.0,0.09999999999999998,0.0,62.390395251585055,G2,P1,valid,valid,zone_A,zone_A,True,0,3.0,2.0,1.0,2,False,True,
002_Et_H_CO_H,S2_possible_overlap,93,UCI309_laboratory,simulation,0.0,1.0,0.0,1.0,-0.0,0.0,67.22424569450065,G2,P2,valid,valid,zone_A,zone_A,True,0,3.0,2.0,2.0,2,False,True,
002_Et_H_CO_H,S2_possible_overlap,94,UCI309_laboratory,simulation,0.09999999999999998,1.0,0.09999999999999998,1.0,-0.09999999999999998,0.0,72.28292639057511,G2,P2,valid,valid,zone_A,zone_A,True,0,3.0,2.0,2.0,2,False,True,
002_Et_H_CO_H,S2_possible_overlap,95,UCI309_laboratory,simulation,0.19999999999999996,1.0,0.19999999999999996,1.0,-0.19999999999999996,0.0,75.65538018795809,G2,P2,valid,valid,zone_A,zone_A,True,0,3.0,2.0,2.0,2,False,True,
002_Et_H_CO_H,S2_possible_overlap,96,UCI309_laboratory,simulation,0.30000000000000004,1.0,0.30000000000000004,1.0,-0.30000000000000004,0.0,79.36507936507937,G2,P2,valid,valid,zone_A,zone_A,True,0,3.0,2.0,2.0,2,False,True,
002_Et_H_CO_H,S2_possible_overlap,97,UCI309_laboratory,simulation,0.4,1.0,0.4,1.0,-0.4,0.0,83.2996087953595,G2,P2,valid,valid,zone_A,zone_A,True,0,3.0,2.0,2.0,2,False,True,
002_Et_H_CO_H,S2_possible_overlap,98,UCI309_laboratory,simulation,0.5,1.0,0.5,1.0,-0.5,0.0,87.57138360537795,G2,P2,valid,valid,zone_A,zone_A,True,0,3.0,2.0,2.0,2,False,True,
002_Et_H_CO_H,S2_possible_overlap,99,UCI309_laboratory,simulation,0.5,1.0,0.5,1.0,-0.5,0.0,92.06798866855524,G2,P2,valid,valid,zone_A,zone_A,True,0,3.0,2.0,2.0,2,False,True,
002_Et_H_CO_H,S2_possible_overlap,100,UCI309_laboratory,simulation,0.5,1.0,0.5,1.0,-0.5,0.0,97.01425423805027,G2,P2,valid,valid,zone_A,zone_A,True,0,3.0,2.0,2.0,2,False,True,
002_Et_H_CO_H,S2_possible_overlap,101,UCI309_laboratory,simulation,0.5,1.0,0.5,1.0,-0.5,0.0,101.51085930122757,G2,P2,valid,valid,zone_A,zone_A,True,0,3.0,2.0,2.0,2,False,True,
002_Et_H_CO_H,S2_possible_overlap,102,UCI309_laboratory,simulation,0.5,1.0,0.5,1.0,-0.5,0.0,105.4453887315077,G2,P2,valid,valid,zone_A,zone_A,True,0,3.0,2.0,2.0,2,False,True,
002_Et_H_CO_H,S2_possible_overlap,103,UCI309_laboratory,simulation,0.5,1.0,0.5,1.0,-0.5,0.0,108.36818202257295,G2,P2,valid,valid,zone_A,zone_A,True,0,3.0,2.0,2.0,2,False,True,
002_Et_H_CO_H,S2_possible_overlap,104,UCI309_laboratory,simulation,0.5,1.0,0.5,1.0,-0.5,0.0,111.6282206933765,G2,P2,valid,valid,zone_A,zone_A,True,0,3.0,2.0,2.0,2,False,True,
002_Et_H_CO_H,S2_possible_overlap,105,UCI309_laboratory,simulation,0.5,1.0,0.5,1.0,-0.5,0.0,114.43859885786232,G2,P2,valid,valid,zone_A,zone_A,True,0,3.0,2.0,2.0,2,False,True,
002_Et_H_CO_H,S2_possible_overlap,106,UCI309_laboratory,simulation,0.5,1.0,0.5,1.0,-0.5,0.0,118.82278879446018,G2,P2,valid,valid,zone_A,zone_A,True,0,3.0,2.0,2.0,2,False,True,
002_Et_H_CO_H,S2_possible_overlap,107,UCI309_laboratory,simulation,0.5,1.0,0.5,1.0,-0.5,0.0,123.31939385763748,G2,P2,valid,valid,zone_A,zone_A,True,0,3.0,2.0,2.0,2,False,True,
002_Et_H_CO_H,S2_possible_overlap,108,UCI309_laboratory,simulation,0.5,1.0,0.5,1.0,-0.5,0.0,126.69184765502045,G2,P2,valid,valid,zone_A,zone_A,True,0,3.0,2.0,2.0,2,False,True,
002_Et_H_CO_H,S2_possible_overlap,109,UCI309_laboratory,simulation,0.5,1.0,0.5,1.0,-0.5,0.0,128.94015018660912,G2,P2,valid,valid,zone_A,zone_A,True,0,3.0,2.0,2.0,2,False,True,
002_Et_H_CO_H,S2_possible_overlap,110,UCI309_laboratory,simulation,0.5,1.0,0.5,1.0,-0.5,0.0,130.17671657898285,G2,P2,valid,valid,zone_A,zone_A,True,0,3.0,2.0,2.0,2,False,True,
002_Et_H_CO_H,S2_possible_overlap,111,UCI309_laboratory,simulation,0.5,1.0,0.5,1.0,-0.5,0.0,131.3008678447772,G2,P2,valid,valid,zone_A,zone_A,True,0,3.0,2.0,2.0,2,False,True,
002_Et_H_CO_H,S2_possible_overlap,112,UCI309_laboratory,simulation,0.5,1.0,0.5,1.0,-0.5,0.0,133.21192499662754,G2,P2,valid,valid,zone_A,zone_A,True,0,3.0,2.0,2.0,2,False,True,
002_Et_H_CO_H,S2_possible_overlap,113,UCI309_laboratory,simulation,0.5,1.0,0.5,1.0,-0.5,0.0,134.78573676873958,G2,P2,valid,valid,zone_A,zone_A,True,0,3.0,2.0,2.0,2,False,True,
002_Et_H_CO_H,S2_possible_overlap,114,UCI309_laboratory,simulation,0.5,1.0,0.5,1.0,-0.5,0.0,136.69679392058995,G2,P2,valid,valid,zone_A,zone_A,True,0,3.0,2.0,2.0,2,False,True,
002_Et_H_CO_H,S2_possible_overlap,115,UCI309_laboratory,simulation,0.5,1.0,0.5,1.0,-0.5,0.0,138.4954359458609,G2,P2,valid,valid,zone_A,zone_A,True,0,3.0,2.0,2.0,2,False,True,
002_Et_H_CO_H,S2_possible_overlap,116,UCI309_laboratory,simulation,0.5,1.0,0.5,1.0,-0.5,0.0,139.9568325913935,G2,P2,valid,valid,zone_A,zone_A,True,0,3.0,2.0,2.0,2,False,True,
002_Et_H_CO_H,S2_possible_overlap,117,UCI309_laboratory,simulation,0.5,1.0,0.5,1.0,-0.5,0.0,141.19339898376728,G2,P2,valid,valid,zone_A,zone_A,True,0,3.0,2.0,2.0,2,False,True,
002_Et_H_CO_H,S2_possible_overlap,118,UCI309_laboratory,simulation,0.5,1.0,0.5,1.0,-0.5,0.0,141.75547461666443,G2,P2,valid,valid,zone_A,zone_A,True,0,3.0,2.0,2.0,2,False,True,
002_Et_H_CO_H,S2_possible_overlap,119,UCI309_laboratory,simulation,0.5,1.0,0.5,1.0,-0.5,0.0,142.429965376141,G2,P2,valid,valid,zone_A,zone_A,True,0,3.0,2.0,2.0,2,False,True,
002_Et_H_CO_H,S2_possible_overlap,120,UCI309_laboratory,simulation,0.5,1.0,0.5,1.0,-0.5,0.0,144.34102252799136,G2,P2,valid,valid,zone_A,zone_A,True,0,3.0,2.0,2.0,2,False,True,
002_Et_H_CO_H,S2_possible_overlap,121,UCI309_laboratory,simulation,0.5,1.0,0.5,1.0,-0.5,0.0,147.26381581905662,G2,P2,valid,valid,zone_A,zone_A,True,0,3.0,2.0,2.0,2,False,True,
002_Et_H_CO_H,S2_possible_overlap,122,UCI309_laboratory,simulation,0.5,1.0,0.5,1.0,-0.5,0.0,149.73694860380414,G2,P2,valid,valid,zone_A,zone_A,True,0,3.0,2.0,2.0,2,False,True,
002_Et_H_CO_H,S2_possible_overlap,123,UCI309_laboratory,simulation,0.5,1.0,0.5,1.0,-0.5,0.0,150.97351499617787,G2,P2,valid,valid,zone_A,zone_A,True,0,3.0,2.0,2.0,2,False,True,
002_Et_H_CO_H,S2_possible_overlap,124,UCI309_laboratory,simulation,0.5,1.0,0.5,1.0,-0.5,0.0,151.4231755024956,G2,P2,valid,valid,zone_A,zone_A,True,0,3.0,2.0,2.0,2,False,True,
002_Et_H_CO_H,S2_possible_overlap,125,UCI309_laboratory,simulation,0.5,1.0,0.5,1.0,-0.5,0.0,150.86109986959846,G2,P2,valid,valid,zone_A,zone_A,True,0,3.0,2.0,2.0,2,False,True,
002_Et_H_CO_H,S2_possible_overlap,126,UCI309_laboratory,simulation,0.32499999999999996,1.0,0.32499999999999996,1.0,-0.32499999999999996,0.0,150.86109986959846,G2,P2,valid,valid,zone_A,zone_A,True,0,3.0,2.0,2.0,2,False,True,
002_Et_H_CO_H,S2_possible_overlap,127,UCI309_laboratory,simulation,0.14999999999999997,1.0,0.14999999999999997,1.0,-0.14999999999999997,0.0,150.18660911012188,G2,P2,valid,valid,zone_A,zone_A,True,0,3.0,2.0,2.0,2,False,True,
002_Et_H_CO_H,S2_possible_overlap,128,UCI309_laboratory,simulation,-0.025000000000000022,1.0,-0.025000000000000022,1.0,0.025000000000000022,0.0,149.6245334772247,G2,P1,valid,valid,zone_A,zone_A,True,0,3.0,2.0,1.0,2,False,True,
002_Et_H_CO_H,S2_possible_overlap,129,UCI309_laboratory,simulation,-0.20000000000000007,1.0,-0.20000000000000007,1.0,0.20000000000000007,0.0,149.06245784432753,G2,P1,valid,valid,zone_A,zone_A,True,0,3.0,2.0,1.0,2,False,True,
002_Et_H_CO_H,S2_possible_overlap,130,UCI309_laboratory,simulation,-0.375,1.0,-0.375,1.0,0.375,0.0,149.6245334772247,G2,P1,valid,valid,zone_A,zone_A,True,0,3.0,2.0,1.0,2,False,True,
002_Et_H_CO_H,S2_possible_overlap,131,UCI309_laboratory,simulation,-0.55,1.0,-0.55,1.0,0.55,0.0,151.31076037591617,G2,P1,valid,valid,zone_A,zone_A,True,0,3.0,2.0,1.0,2,False,True,
002_Et_H_CO_H,S2_possible_overlap,132,UCI309_laboratory,simulation,-0.7249999999999999,1.0,-0.7249999999999999,1.0,0.7249999999999999,0.0,155.1328746796169,G2,P1,valid,valid,zone_A,zone_A,True,0,3.0,2.0,1.0,2,False,True,
002_Et_H_CO_H,S2_possible_overlap,133,UCI309_laboratory,simulation,-0.9000000000000001,1.0,-0.9000000000000001,1.0,0.9000000000000001,0.0,159.17981923647648,G2,P1,valid,valid,zone_A,zone_A,True,0,3.0,2.0,1.0,2,False,True,
002_Et_H_CO_H,S2_possible_overlap,134,UCI309_laboratory,simulation,-1.075,1.0,-1.075,1.0,1.075,0.0,160.95035748010253,G2,P0,valid,valid,zone_A,zone_A,True,0,2.0,2.0,0.0,2,False,True,
002_Et_H_CO_H,S2_possible_overlap,135,UCI309_laboratory,simulation,-1.25,1.0,-1.25,1.0,1.25,0.0,162.243131435766,G2,P0,valid,valid,zone_A,zone_A,True,0,2.0,2.0,0.0,2,False,True,
002_Et_H_CO_H,S2_possible_overlap,136,UCI309_laboratory,simulation,-1.4250000000000003,1.0,-1.4250000000000003,1.0,1.4250000000000003,0.0,162.07450874589685,G2,P0,valid,valid,zone_A,zone_A,True,0,2.0,2.0,0.0,2,False,True,
002_Et_H_CO_H,S2_possible_overlap,137,UCI309_laboratory,simulation,-1.6,1.0,-1.6,1.0,1.6,0.0,161.06277260668196,G2,P0,valid,valid,zone_A,zone_A,True,0,2.0,2.0,0.0,2,False,True,
002_Et_H_CO_H,S2_possible_overlap,138,UCI309_laboratory,simulation,-1.775,1.0,-1.775,1.0,1.775,0.0,159.7137910877288,G2,P0,valid,valid,zone_A,zone_A,True,0,2.0,2.0,0.0,2,False,True,
002_Et_H_CO_H,S2_possible_overlap,139,UCI309_laboratory,simulation,-1.9499999999999997,1.0,-1.9499999999999997,1.0,1.9499999999999997,0.0,158.92688520167275,G2,P0,valid,valid,zone_A,zone_A,True,0,2.0,2.0,0.0,2,False,True,
002_Et_H_CO_H,S2_possible_overlap,140,UCI309_laboratory,simulation,-2.125,1.0,-2.125,1.0,2.125,0.0,158.1399793156167,G2,P0,valid,valid,zone_A,zone_A,True,0,2.0,2.0,0.0,2,False,True,
002_Et_H_CO_H,S2_possible_overlap,141,UCI309_laboratory,simulation,-2.3000000000000003,1.0,-2.3000000000000003,1.0,2.3000000000000003,0.0,158.36480956877557,G2,P0,valid,valid,zone_A,zone_A,True,0,2.0,2.0,0.0,2,False,True,
002_Et_H_CO_H,S2_possible_overlap,142,UCI309_laboratory,simulation,-2.475,1.0,-2.475,1.0,2.475,0.0,158.8144700750933,G2,P0,valid,valid,zone_A,zone_A,True,0,2.0,2.0,0.0,2,False,True,
002_Et_H_CO_H,S2_possible_overlap,143,UCI309_laboratory,simulation,-2.65,1.0,-2.65,1.0,2.65,0.0,159.3765457079905,G2,P0,valid,valid,zone_A,zone_A,True,0,2.0,2.0,0.0,2,False,True,
002_Et_H_CO_H,S2_possible_overlap,144,UCI309_laboratory,simulation,-2.8249999999999997,1.0,-2.8249999999999997,1.0,2.8249999999999997,0.0,159.8262062143082,G2,P0,valid,valid,zone_A,zone_A,True,0,2.0,2.0,0.0,2,False,True,
002_Et_H_CO_H,S2_possible_overlap,145,UCI309_laboratory,simulation,-3.0,1.0,-3.0,1.0,3.0,0.0,159.26413058141105,G2,P0,valid,valid,zone_A,zone_A,True,0,2.0,2.0,0.0,2,False,True,
002_Et_H_CO_H,S2_possible_overlap,146,UCI309_laboratory,simulation,-3.0,1.0,-3.0,1.0,3.0,0.0,158.92688520167275,G2,P0,valid,valid,zone_A,zone_A,True,0,2.0,2.0,0.0,2,False,True,
002_Et_H_CO_H,S2_possible_overlap,147,UCI309_laboratory,simulation,-3.0,1.0,-3.0,1.0,3.0,0.0,158.9549889833176,G2,P0,valid,valid,zone_A,zone_A,True,0,2.0,2.0,0.0,2,False,True,
002_Et_H_CO_H,S2_possible_overlap,148,UCI309_laboratory,simulation,-3.0,1.0,-3.0,1.0,3.0,0.0,157.9432528441027,G2,P0,valid,valid,zone_A,zone_A,True,0,2.0,2.0,0.0,2,False,True,
002_Et_H_CO_H,S2_possible_overlap,149,UCI309_laboratory,simulation,-3.0,1.0,-3.0,1.0,3.0,0.0,157.49359233778497,G2,P0,valid,valid,zone_A,zone_A,True,0,2.0,2.0,0.0,2,False,True,
002_Et_H_CO_H,S2_possible_overlap,150,UCI309_laboratory,simulation,-3.0,1.0,-3.0,1.0,3.0,0.0,156.59427132514952,G2,P0,valid,valid,zone_A,zone_A,True,0,2.0,2.0,0.0,2,False,True,
002_Et_H_CO_H,S2_possible_overlap,151,UCI309_laboratory,simulation,-3.0,1.0,-3.0,1.0,3.0,0.0,157.38117721120554,G2,P0,valid,valid,zone_A,zone_A,True,0,2.0,2.0,0.0,2,False,True,
002_Et_H_CO_H,S2_possible_overlap,152,UCI309_laboratory,simulation,-3.0,1.0,-3.0,1.0,3.0,0.0,159.40464948963535,G2,P0,valid,valid,zone_A,zone_A,True,0,2.0,2.0,0.0,2,False,True,
002_Et_H_CO_H,S2_possible_overlap,153,UCI309_laboratory,simulation,-3.0,1.0,-3.0,1.0,3.0,0.0,162.41175412563516,G2,P0,valid,valid,zone_A,zone_A,True,0,2.0,2.0,0.0,2,False,True,
002_Et_H_CO_H,S2_possible_overlap,154,UCI309_laboratory,simulation,-3.0,1.0,-3.0,1.0,3.0,0.0,163.42349026485005,G2,P0,valid,valid,zone_A,zone_A,True,0,2.0,2.0,0.0,2,False,True,
002_Et_H_CO_H,S2_possible_overlap,155,UCI309_laboratory,simulation,-3.0,1.0,-3.0,1.0,3.0,0.0,163.47969782813976,G2,P0,valid,valid,zone_A,zone_A,True,0,2.0,2.0,0.0,2,False,True,
002_Et_H_CO_H,S2_possible_overlap,156,UCI309_laboratory,simulation,-3.0,1.0,-3.0,1.0,3.0,0.0,163.03003732182202,G2,P0,valid,valid,zone_A,zone_A,True,0,2.0,2.0,0.0,2,False,True,
002_Et_H_CO_H,S2_possible_overlap,157,UCI309_laboratory,simulation,-3.0,1.0,-3.0,1.0,3.0,0.0,161.09087638832682,G2,P0,valid,valid,zone_A,zone_A,True,0,2.0,2.0,0.0,2,False,True,
002_Et_H_CO_H,S2_possible_overlap,158,UCI309_laboratory,simulation,-3.0,1.0,-3.0,1.0,3.0,0.0,158.39291335042043,G2,P0,valid,valid,zone_A,zone_A,True,0,2.0,2.0,0.0,2,False,True,
002_Et_H_CO_H,S2_possible_overlap,159,UCI309_laboratory,simulation,-3.0,1.0,-3.0,1.0,3.0,0.0,156.03219569225234,G2,P0,valid,valid,zone_A,zone_A,True,0,2.0,2.0,0.0,2,False,True,
002_Et_H_CO_H,S2_possible_overlap,160,UCI309_laboratory,simulation,-3.0,1.0,-3.0,1.0,3.0,0.0,153.67147803408426,G2,P0,valid,valid,zone_A,zone_A,True,0,2.0,2.0,0.0,2,False,True,
002_Et_H_CO_H,S2_possible_overlap,161,UCI309_laboratory,simulation,-3.0,1.0,-3.0,1.0,3.0,0.0,151.9852511353928,G2,P0,valid,valid,zone_A,zone_A,True,0,2.0,2.0,0.0,2,False,True,
002_Et_H_CO_H,S2_possible_overlap,162,UCI309_laboratory,simulation,-3.0,1.0,-3.0,1.0,3.0,0.0,151.0859301227573,G2,P0,valid,valid,zone_A,zone_A,True,0,2.0,2.0,0.0,2,False,True,
002_Et_H_CO_H,S2_possible_overlap,163,UCI309_laboratory,simulation,-3.0,1.0,-3.0,1.0,3.0,0.0,149.73694860380414,G2,P0,valid,valid,zone_A,zone_A,True,0,2.0,2.0,0.0,2,False,True,
002_Et_H_CO_H,S2_possible_overlap,164,UCI309_laboratory,simulation,-3.0,1.0,-3.0,1.0,3.0,0.0,147.71347632537436,G2,P0,valid,valid,zone_A,zone_A,True,0,2.0,2.0,0.0,2,False,True,
002_Et_H_CO_H,S2_possible_overlap,165,UCI309_laboratory,simulation,-3.0,1.0,-3.0,1.0,3.0,0.0,145.69000404694455,G2,P0,valid,valid,zone_A,zone_A,True,0,2.0,2.0,0.0,2,False,True,
002_Et_H_CO_H,S2_possible_overlap,166,UCI309_laboratory,simulation,-3.0,1.0,-3.0,1.0,3.0,0.0,144.34102252799136,G2,P0,valid,valid,zone_A,zone_A,True,0,2.0,2.0,0.0,2,False,True,
002_Et_H_CO_H,S2_possible_overlap,167,UCI309_laboratory,simulation,-3.0,1.0,-3.0,1.0,3.0,0.0,143.44170151535593,G2,P0,valid,valid,zone_A,zone_A,True,0,2.0,2.0,0.0,2,False,True,
002_Et_H_CO_H,S2_possible_overlap,168,UCI309_laboratory,simulation,-3.0,1.0,-3.0,1.0,3.0,0.0,143.10445613561762,G2,P0,valid,valid,zone_A,zone_A,True,0,2.0,2.0,0.0,2,False,True,
002_Et_H_CO_H,S2_possible_overlap,169,UCI309_laboratory,simulation,-3.0,1.0,-3.0,1.0,3.0,0.0,143.55411664193534,G2,P0,valid,valid,zone_A,zone_A,True,0,2.0,2.0,0.0,2,False,True,
002_Et_H_CO_H,S2_possible_overlap,170,UCI309_laboratory,simulation,-3.0,1.0,-3.0,1.0,3.0,0.0,144.22860740141192,G2,P0,valid,valid,zone_A,zone_A,True,0,2.0,2.0,0.0,2,False,True,
002_Et_H_CO_H,S2_possible_overlap,171,UCI309_laboratory,simulation,-3.0,1.0,-3.0,1.0,3.0,0.0,145.57758892036514,G2,P0,valid,valid,zone_A,zone_A,True,0,2.0,2.0,0.0,2,False,True,
002_Et_H_CO_H,S2_possible_overlap,172,UCI309_laboratory,simulation,-3.0,1.0,-3.0,1.0,3.0,0.0,146.81415531273888,G2,P0,valid,valid,zone_A,zone_A,True,0,2.0,2.0,0.0,2,False,True,
002_Et_H_CO_H,S2_possible_overlap,173,UCI309_laboratory,simulation,-3.0,1.0,-3.0,1.0,3.0,0.0,147.26381581905662,G2,P0,valid,valid,zone_A,zone_A,True,0,2.0,2.0,0.0,2,False,True,
002_Et_H_CO_H,S2_possible_overlap,174,UCI309_laboratory,simulation,-3.0,1.0,-3.0,1.0,3.0,0.0,148.05072170511266,G2,P0,valid,valid,zone_A,zone_A,True,0,2.0,2.0,0.0,2,False,True,
002_Et_H_CO_H,S2_possible_overlap,175,UCI309_laboratory,simulation,-3.0,1.0,-3.0,1.0,3.0,0.0,148.3879670848509,G2,P0,valid,valid,zone_A,zone_A,True,0,2.0,2.0,0.0,2,False,True,
002_Et_H_CO_H,S2_possible_overlap,176,UCI309_laboratory,simulation,-3.0,1.0,-3.0,1.0,3.0,0.0,149.51211835064527,G2,P0,valid,valid,zone_A,zone_A,True,0,2.0,2.0,0.0,2,False,True,
002_Et_H_CO_H,S2_possible_overlap,177,UCI309_laboratory,simulation,-3.0,1.0,-3.0,1.0,3.0,0.0,150.63626961643956,G2,P0,valid,valid,zone_A,zone_A,True,0,2.0,2.0,0.0,2,False,True,
002_Et_H_CO_H,S2_possible_overlap,178,UCI309_laboratory,simulation,-3.0,1.0,-3.0,1.0,3.0,0.0,151.87283600881335,G2,P0,valid,valid,zone_A,zone_A,True,0,2.0,2.0,0.0,2,False,True,
002_Et_H_CO_H,S2_possible_overlap,179,UCI309_laboratory,simulation,-3.0,1.0,-3.0,1.0,3.0,0.0,153.33423265434595,G2,P0,valid,valid,zone_A,zone_A,True,0,2.0,2.0,0.0,2,False,True,
002_Et_H_CO_H,S2_possible_overlap,180,UCI309_laboratory,simulation,-3.0,1.0,-3.0,1.0,3.0,0.0,154.4583839201403,G2,P0,valid,valid,zone_A,zone_A,True,0,2.0,2.0,0.0,2,False,True,
002_Et_H_CO_H,S2_possible_overlap,181,UCI309_laboratory,simulation,-3.0,1.0,-3.0,1.0,3.0,0.0,153.55906290750482,G2,P0,valid,valid,zone_A,zone_A,True,0,2.0,2.0,0.0,2,False,True,
002_Et_H_CO_H,S2_possible_overlap,182,UCI309_laboratory,simulation,-3.0,1.0,-3.0,1.0,3.0,0.0,151.19834524933674,G2,P0,valid,valid,zone_A,zone_A,True,0,2.0,2.0,0.0,2,False,True,
002_Et_H_CO_H,S2_possible_overlap,183,UCI309_laboratory,simulation,-3.0,1.0,-3.0,1.0,3.0,0.0,150.18660911012188,G2,P0,valid,valid,zone_A,zone_A,True,0,2.0,2.0,0.0,2,False,True,
002_Et_H_CO_H,S2_possible_overlap,184,UCI309_laboratory,simulation,-3.0,1.0,-3.0,1.0,3.0,0.0,148.61279733800978,G2,P0,valid,valid,zone_A,zone_A,True,0,2.0,2.0,0.0,2,False,True,
002_Et_H_CO_H,S2_possible_overlap,185,UCI309_laboratory,simulation,-3.0,1.0,-3.0,1.0,3.0,0.0,148.05072170511266,G2,P0,valid,valid,zone_A,zone_A,True,0,2.0,2.0,0.0,2,False,True,
002_Et_H_CO_H,S2_possible_overlap,186,UCI309_laboratory,simulation,-3.0,1.0,-3.0,1.0,3.0,0.0,149.06245784432753,G2,P0,valid,valid,zone_A,zone_A,True,0,2.0,2.0,0.0,2,False,True,
002_Et_H_CO_H,S2_possible_overlap,187,UCI309_laboratory,simulation,-3.0,1.0,-3.0,1.0,3.0,0.0,151.4231755024956,G2,P0,valid,valid,zone_A,zone_A,True,0,2.0,2.0,0.0,2,False,True,
002_Et_H_CO_H,S2_possible_overlap,188,UCI309_laboratory,simulation,-3.0,1.0,-3.0,1.0,3.0,0.0,153.89630828724313,G2,P0,valid,valid,zone_A,zone_A,True,0,2.0,2.0,0.0,2,False,True,
002_Et_H_CO_H,S2_possible_overlap,189,UCI309_laboratory,simulation,-3.0,1.0,-3.0,1.0,3.0,0.0,156.03219569225234,G2,P0,valid,valid,zone_A,zone_A,True,0,2.0,2.0,0.0,2,False,True,
002_Et_H_CO_H,S2_possible_overlap,190,UCI309_laboratory,simulation,-3.0,1.0,-3.0,1.0,3.0,0.0,158.39291335042043,G2,P0,valid,valid,zone_A,zone_A,True,0,2.0,2.0,0.0,2,False,True,
002_Et_H_CO_H,S2_possible_overlap,191,UCI309_laboratory,simulation,-3.0,1.0,-3.0,1.0,3.0,0.0,162.1026125275417,G2,P0,valid,valid,zone_A,zone_A,True,0,2.0,2.0,0.0,2,False,True,
002_Et_H_CO_H,S2_possible_overlap,192,UCI309_laboratory,simulation,-3.0,1.0,-3.0,1.0,3.0,0.0,163.36728270156033,G2,P0,valid,valid,zone_A,zone_A,True,0,2.0,2.0,0.0,2,False,True,
002_Et_H_CO_H,S2_possible_overlap,193,UCI309_laboratory,simulation,-3.0,1.0,-3.0,1.0,3.0,0.0,164.88488691038268,G2,P0,valid,valid,zone_A,zone_A,True,0,2.0,2.0,0.0,2,False,True,
002_Et_H_CO_H,S2_possible_overlap,194,UCI309_laboratory,simulation,-3.0,1.0,-3.0,1.0,3.0,0.0,165.3345474167004,G2,P0,valid,valid,zone_A,zone_A,True,0,2.0,2.0,0.0,2,False,True,
002_Et_H_CO_H,S2_possible_overlap,195,UCI309_laboratory,simulation,-3.0,1.0,-3.0,1.0,3.0,0.0,165.3907549799901,G2,P0,valid,valid,zone_A,zone_A,True,0,2.0,2.0,0.0,2,False,True,
002_Et_H_CO_H,S2_possible_overlap,196,UCI309_laboratory,simulation,-3.0,1.0,-3.0,1.0,3.0,0.0,165.3345474167004,G2,P0,valid,valid,zone_A,zone_A,True,0,2.0,2.0,0.0,2,False,True,
002_Et_H_CO_H,S2_possible_overlap,197,UCI309_laboratory,simulation,-3.0,1.0,-3.0,1.0,3.0,0.0,165.3345474167004,G2,P0,valid,valid,zone_A,zone_A,True,0,2.0,2.0,0.0,2,False,True,
002_Et_H_CO_H,S2_possible_overlap,198,UCI309_laboratory,simulation,-3.0,1.0,-3.0,1.0,3.0,0.0,165.6717927964387,G2,P0,valid,valid,zone_A,zone_A,True,0,2.0,2.0,0.0,2,False,True,
002_Et_H_CO_H,S2_possible_overlap,199,UCI309_laboratory,simulation,-3.0,1.0,-3.0,1.0,3.0,0.0,165.3345474167004,G2,P0,valid,valid,zone_A,zone_A,True,0,2.0,2.0,0.0,2,False,True,
002_Et_H_CO_H,S2_possible_overlap,200,UCI309_laboratory,simulation,-3.0,1.0,-3.0,1.0,3.0,0.0,165.22213229012095,G2,P0,valid,valid,zone_A,zone_A,True,0,2.0,2.0,0.0,2,False,True,
002_Et_H_CO_H,S2_possible_overlap,201,UCI309_laboratory,simulation,-3.0,1.0,-3.0,1.0,3.0,0.0,165.22213229012095,G2,P0,valid,valid,zone_A,zone_A,True,0,2.0,2.0,0.0,2,False,True,
002_Et_H_CO_H,S2_possible_overlap,202,UCI309_laboratory,simulation,-3.0,1.0,-3.0,1.0,3.0,0.0,164.66005665722378,G2,P0,valid,valid,zone_A,zone_A,True,0,2.0,2.0,0.0,2,False,True,
002_Et_H_CO_H,S2_possible_overlap,203,UCI309_laboratory,simulation,-3.0,1.0,-3.0,1.0,3.0,0.0,164.15418858761637,G2,P0,valid,valid,zone_A,zone_A,True,0,2.0,2.0,0.0,2,False,True,
002_Et_H_CO_H,S2_possible_overlap,204,UCI309_laboratory,simulation,-3.0,1.0,-3.0,1.0,3.0,0.0,163.3110751382706,G2,P0,valid,valid,zone_A,zone_A,True,0,2.0,2.0,0.0,2,False,True,
002_Et_H_CO_H,S2_possible_overlap,205,UCI309_laboratory,simulation,-3.0,1.0,-3.0,1.0,3.0,0.0,163.3110751382706,G2,P0,valid,valid,zone_A,zone_A,True,0,2.0,2.0,0.0,2,False,True,
002_Et_H_CO_H,S2_possible_overlap,206,UCI309_laboratory,simulation,-3.0,1.0,-3.0,1.0,3.0,0.0,163.53590539142948,G2,P0,valid,valid,zone_A,zone_A,True,0,2.0,2.0,0.0,2,False,True,
002_Et_H_CO_H,S2_possible_overlap,207,UCI309_laboratory,simulation,-3.0,1.0,-3.0,1.0,3.0,0.0,164.32281127748553,G2,P0,valid,valid,zone_A,zone_A,True,0,2.0,2.0,0.0,2,False,True,
002_Et_H_CO_H,S2_possible_overlap,208,UCI309_laboratory,simulation,-3.0,1.0,-3.0,1.0,3.0,0.0,165.22213229012095,G2,P0,valid,valid,zone_A,zone_A,True,0,2.0,2.0,0.0,2,False,True,
002_Et_H_CO_H,S2_possible_overlap,209,UCI309_laboratory,simulation,-3.0,1.0,-3.0,1.0,3.0,0.0,166.68352893565358,G2,P0,valid,valid,zone_A,zone_A,True,0,2.0,2.0,0.0,2,False,True,
002_Et_H_CO_H,S2_possible_overlap,210,UCI309_laboratory,simulation,-3.0,1.0,-3.0,1.0,3.0,0.0,166.009038176177,G2,P0,valid,valid,zone_A,zone_A,True,0,2.0,2.0,0.0,2,False,True,
002_Et_H_CO_H,S2_possible_overlap,211,UCI309_laboratory,simulation,-3.0,1.0,-3.0,1.0,3.0,0.0,165.10971716354152,G2,P0,valid,valid,zone_A,zone_A,True,0,2.0,2.0,0.0,2,False,True,
002_Et_H_CO_H,S2_possible_overlap,212,UCI309_laboratory,simulation,-3.0,1.0,-3.0,1.0,3.0,0.0,163.64832051800892,G2,P0,valid,valid,zone_A,zone_A,True,0,2.0,2.0,0.0,2,False,True,
002_Et_H_CO_H,S2_possible_overlap,213,UCI309_laboratory,simulation,-3.0,1.0,-3.0,1.0,3.0,0.0,161.62484823957914,G2,P0,valid,valid,zone_A,zone_A,True,0,2.0,2.0,0.0,2,False,True,
002_Et_H_CO_H,S2_possible_overlap,214,UCI309_laboratory,simulation,-3.0,1.0,-3.0,1.0,3.0,0.0,160.27586672062594,G2,P0,valid,valid,zone_A,zone_A,True,0,2.0,2.0,0.0,2,False,True,
002_Et_H_CO_H,S2_possible_overlap,215,UCI309_laboratory,simulation,-3.0,1.0,-3.0,1.0,3.0,0.0,159.32033814470077,G2,P0,valid,valid,zone_A,zone_A,True,0,2.0,2.0,0.0,2,False,True,
002_Et_H_CO_H,S2_possible_overlap,216,UCI309_laboratory,simulation,-3.0,1.0,-3.0,1.0,3.0,0.0,158.1399793156167,G2,P0,valid,valid,zone_A,zone_A,True,0,2.0,2.0,0.0,2,False,True,
002_Et_H_CO_H,S2_possible_overlap,217,UCI309_laboratory,simulation,-3.0,1.0,-3.0,1.0,3.0,0.0,157.07203561311212,G2,P0,valid,valid,zone_A,zone_A,True,0,2.0,2.0,0.0,2,False,True,
002_Et_H_CO_H,S2_possible_overlap,218,UCI309_laboratory,simulation,-3.0,1.0,-3.0,1.0,3.0,0.0,157.07203561311212,G2,P0,valid,valid,zone_A,zone_A,True,0,2.0,2.0,0.0,2,False,True,
002_Et_H_CO_H,S2_possible_overlap,219,UCI309_laboratory,simulation,-3.0,1.0,-3.0,1.0,3.0,0.0,157.63411124600927,G2,P0,valid,valid,zone_A,zone_A,True,0,2.0,2.0,0.0,2,False,True,
002_Et_H_CO_H,S2_possible_overlap,220,UCI309_laboratory,simulation,-3.0,1.0,-3.0,1.0,3.0,0.0,158.58963982193444,G2,P0,valid,valid,zone_A,zone_A,True,0,2.0,2.0,0.0,2,False,True,
002_Et_H_CO_H,S2_possible_overlap,221,UCI309_laboratory,simulation,-3.0,1.0,-3.0,1.0,3.0,0.0,160.1072440307568,G2,P0,valid,valid,zone_A,zone_A,True,0,2.0,2.0,0.0,2,False,True,
002_Et_H_CO_H,S2_possible_overlap,222,UCI309_laboratory,simulation,-3.0,1.0,-3.0,1.0,3.0,0.0,160.72552722694365,G2,P0,valid,valid,zone_A,zone_A,True,0,2.0,2.0,0.0,2,False,True,
002_Et_H_CO_H,S2_possible_overlap,223,UCI309_laboratory,simulation,-3.0,1.0,-3.0,1.0,3.0,0.0,160.38828184720535,G2,P0,valid,valid,zone_A,zone_A,True,0,2.0,2.0,0.0,2,False,True,
002_Et_H_CO_H,S2_possible_overlap,224,UCI309_laboratory,simulation,-3.0,1.0,-3.0,1.0,3.0,0.0,159.71379108772877,G2,P0,valid,valid,zone_A,zone_A,True,0,2.0,2.0,0.0,2,False,True,
002_Et_H_CO_H,S2_possible_overlap,225,UCI309_laboratory,simulation,-3.0,1.0,-3.0,1.0,3.0,0.0,159.71379108772877,G2,P0,valid,valid,zone_A,zone_A,True,0,2.0,2.0,0.0,2,False,True,
002_Et_H_CO_H,S2_possible_overlap,226,UCI309_laboratory,simulation,-3.0,1.0,-3.0,1.0,3.0,0.0,160.5569045370745,G2,P0,valid,valid,zone_A,zone_A,True,0,2.0,2.0,0.0,2,False,True,
002_Et_H_CO_H,S2_possible_overlap,227,UCI309_laboratory,simulation,-3.0,1.0,-3.0,1.0,3.0,0.0,160.8379423535231,G2,P0,valid,valid,zone_A,zone_A,True,0,2.0,2.0,0.0,2,False,True,
002_Et_H_CO_H,S2_possible_overlap,228,UCI309_laboratory,simulation,-3.0,1.0,-3.0,1.0,3.0,0.0,161.28760285984083,G2,P0,valid,valid,zone_A,zone_A,True,0,2.0,2.0,0.0,2,False,True,
002_Et_H_CO_H,S2_possible_overlap,229,UCI309_laboratory,simulation,-3.0,1.0,-3.0,1.0,3.0,0.0,161.2313952965511,G2,P0,valid,valid,zone_A,zone_A,True,0,2.0,2.0,0.0,2,False,True,
002_Et_H_CO_H,S2_possible_overlap,230,UCI309_laboratory,simulation,-3.0,1.0,-3.0,1.0,3.0,0.0,160.8379423535231,G2,P0,valid,valid,zone_A,zone_A,True,0,2.0,2.0,0.0,2,False,True,
002_Et_H_CO_H,S2_possible_overlap,231,UCI309_laboratory,simulation,-3.0,1.0,-3.0,1.0,3.0,0.0,160.38828184720535,G2,P0,valid,valid,zone_A,zone_A,True,0,2.0,2.0,0.0,2,False,True,
002_Et_H_CO_H,S2_possible_overlap,232,UCI309_laboratory,simulation,-3.0,1.0,-3.0,1.0,3.0,0.0,160.5569045370745,G2,P0,valid,valid,zone_A,zone_A,True,0,2.0,2.0,0.0,2,False,True,
002_Et_H_CO_H,S2_possible_overlap,233,UCI309_laboratory,simulation,-3.0,1.0,-3.0,1.0,3.0,0.0,161.2313952965511,G2,P0,valid,valid,zone_A,zone_A,True,0,2.0,2.0,0.0,2,False,True,
002_Et_H_CO_H,S2_possible_overlap,234,UCI309_laboratory,simulation,-3.0,1.0,-3.0,1.0,3.0,0.0,162.01830118260713,G2,P0,valid,valid,zone_A,zone_A,True,0,2.0,2.0,0.0,2,False,True,
002_Et_H_CO_H,S2_possible_overlap,235,UCI309_laboratory,simulation,-3.0,1.0,-3.0,1.0,3.0,0.0,163.42349026485005,G2,P0,valid,valid,zone_A,zone_A,True,0,2.0,2.0,0.0,2,False,True,
002_Et_H_CO_H,S2_possible_overlap,236,UCI309_laboratory,simulation,-3.0,1.0,-3.0,1.0,3.0,0.0,163.76073564458835,G2,P0,valid,valid,zone_A,zone_A,True,0,2.0,2.0,0.0,2,False,True,
002_Et_H_CO_H,S2_possible_overlap,237,UCI309_laboratory,simulation,-3.0,1.0,-3.0,1.0,3.0,0.0,162.9738297585323,G2,P0,valid,valid,zone_A,zone_A,True,0,2.0,2.0,0.0,2,False,True,
002_Et_H_CO_H,S2_possible_overlap,238,UCI309_laboratory,simulation,-3.0,1.0,-3.0,1.0,3.0,0.0,161.96209361931741,G2,P0,valid,valid,zone_A,zone_A,True,0,2.0,2.0,0.0,2,False,True,
002_Et_H_CO_H,S2_possible_overlap,239,UCI309_laboratory,simulation,-3.0,1.0,-3.0,1.0,3.0,0.0,161.1751877332614,G2,P0,valid,valid,zone_A,zone_A,True,0,2.0,2.0,0.0,2,False,True,
002_Et_H_CO_H,S2_possible_overlap,240,UCI309_laboratory,simulation,-3.0,1.0,-3.0,1.0,3.0,0.0,161.40001798642027,G2,P0,valid,valid,zone_A,zone_A,True,0,2.0,2.0,0.0,2,False,True,
002_Et_H_CO_H,S3_separate_events,26,UCI309_laboratory,simulation,-3.0,1.0,-3.0,1.0,3.0,0.0,1.1846824877986353,G0,P0,valid,valid,zone_A,zone_A,True,0,0.0,0.0,0.0,0,False,True,
002_Et_H_CO_H,S3_separate_events,27,UCI309_laboratory,simulation,-2.5833333333333335,1.0,-2.5833333333333335,1.0,2.5833333333333335,0.0,0.9598522346397701,G0,P0,valid,valid,zone_A,zone_A,True,0,0.0,0.0,0.0,0,False,True,
002_Et_H_CO_H,S3_separate_events,28,UCI309_laboratory,simulation,-2.166666666666667,1.0,-2.166666666666667,1.0,2.166666666666667,0.0,1.011736139214893,G0,P0,valid,valid,zone_A,zone_A,True,0,0.0,0.0,0.0,0,False,True,
002_Et_H_CO_H,S3_separate_events,29,UCI309_laboratory,simulation,-1.75,1.0,-1.75,1.0,1.75,0.0,1.011736139214893,G0,P0,valid,valid,zone_A,zone_A,True,0,0.0,0.0,0.0,0,False,True,
002_Et_H_CO_H,S3_separate_events,30,UCI309_laboratory,simulation,-1.3333333333333335,1.0,-1.3333333333333335,1.0,1.3333333333333335,0.0,1.1241512657943253,G0,P0,valid,valid,zone_A,zone_A,True,0,0.0,0.0,0.0,0,False,True,
002_Et_H_CO_H,S3_separate_events,31,UCI309_laboratory,simulation,-0.9166666666666665,1.0,-0.9166666666666665,1.0,0.9166666666666665,0.0,1.1241512657943253,G0,P1,valid,valid,zone_A,zone_A,True,0,1.0,0.0,1.0,1,False,True,
002_Et_H_CO_H,S3_separate_events,32,UCI309_laboratory,simulation,-0.5,1.0,-0.5,1.0,0.5,0.0,0.9555285759251766,G0,P1,valid,valid,zone_A,zone_A,True,0,1.0,0.0,1.0,1,False,True,
002_Et_H_CO_H,S3_separate_events,33,UCI309_laboratory,simulation,-0.375,1.0,-0.375,1.0,0.375,0.0,0.9555285759251766,G0,P1,valid,valid,zone_A,zone_A,True,0,1.0,0.0,1.0,1,False,True,
002_Et_H_CO_H,S3_separate_events,34,UCI309_laboratory,simulation,-0.25,1.0,-0.25,1.0,0.25,0.0,0.7869058860560277,G0,P1,valid,valid,zone_A,zone_A,True,0,1.0,0.0,1.0,1,False,True,
002_Et_H_CO_H,S3_separate_events,35,UCI309_laboratory,simulation,-0.125,1.0,-0.125,1.0,0.125,0.0,0.9555285759251766,G0,P1,valid,valid,zone_A,zone_A,True,0,1.0,0.0,1.0,1,False,True,
002_Et_H_CO_H,S3_separate_events,36,UCI309_laboratory,simulation,0.0,1.0,0.0,1.0,-0.0,0.0,1.011736139214893,G0,P2,valid,valid,zone_A,zone_A,True,0,2.0,0.0,2.0,2,False,True,
002_Et_H_CO_H,S3_separate_events,37,UCI309_laboratory,simulation,0.125,1.0,0.125,1.0,-0.125,0.0,0.7869058860560277,G0,P2,valid,valid,zone_A,zone_A,True,0,2.0,0.0,2.0,2,False,True,
002_Et_H_CO_H,S3_separate_events,38,UCI309_laboratory,simulation,0.25,1.0,0.25,1.0,-0.25,0.0,0.7869058860560277,G0,P2,valid,valid,zone_A,zone_A,True,0,2.0,0.0,2.0,2,False,True,
002_Et_H_CO_H,S3_separate_events,39,UCI309_laboratory,simulation,0.375,1.0,0.375,1.0,-0.375,0.0,1.011736139214893,G0,P2,valid,valid,zone_A,zone_A,True,0,2.0,0.0,2.0,2,False,True,
002_Et_H_CO_H,S3_separate_events,40,UCI309_laboratory,simulation,0.5,1.0,0.5,1.0,-0.5,0.0,1.011736139214893,G0,P2,valid,valid,zone_A,zone_A,True,0,2.0,0.0,2.0,2,False,True,
002_Et_H_CO_H,S3_separate_events,41,UCI309_laboratory,simulation,0.5,1.0,0.5,1.0,-0.5,0.0,1.1241512657943253,G0,P2,valid,valid,zone_A,zone_A,True,0,2.0,0.0,2.0,2,False,True,
002_Et_H_CO_H,S3_separate_events,42,UCI309_laboratory,simulation,0.5,1.0,0.5,1.0,-0.5,0.0,1.0679437025046092,G0,P2,valid,valid,zone_A,zone_A,True,0,2.0,0.0,2.0,2,False,True,
002_Et_H_CO_H,S3_separate_events,43,UCI309_laboratory,simulation,0.5,1.0,0.5,1.0,-0.5,0.0,1.1241512657943253,G0,P2,valid,valid,zone_A,zone_A,True,0,2.0,0.0,2.0,2,False,True,
002_Et_H_CO_H,S3_separate_events,44,UCI309_laboratory,simulation,0.5,1.0,0.5,1.0,-0.5,0.0,0.8993210126354603,G0,P2,valid,valid,zone_A,zone_A,True,0,2.0,0.0,2.0,2,False,True,
002_Et_H_CO_H,S3_separate_events,45,UCI309_laboratory,simulation,0.5,1.0,0.5,1.0,-0.5,0.0,1.0960474841494672,G0,P2,valid,valid,zone_A,zone_A,True,0,2.0,0.0,2.0,2,False,True,
002_Et_H_CO_H,S3_separate_events,46,UCI309_laboratory,simulation,0.5,1.0,0.5,1.0,-0.5,0.0,1.0960474841494672,G0,P2,valid,valid,zone_A,zone_A,True,0,2.0,0.0,2.0,2,False,True,
002_Et_H_CO_H,S3_separate_events,47,UCI309_laboratory,simulation,0.11111111111111116,1.0,0.11111111111111116,1.0,-0.11111111111111116,0.0,1.0960474841494672,G0,P2,valid,valid,zone_A,zone_A,True,0,2.0,0.0,2.0,2,False,True,
002_Et_H_CO_H,S3_separate_events,48,UCI309_laboratory,simulation,-0.2777777777777777,1.0,-0.2777777777777777,1.0,0.2777777777777777,0.0,0.8431134493457441,G0,P1,valid,valid,zone_A,zone_A,True,0,1.0,0.0,1.0,1,False,True,
002_Et_H_CO_H,S3_separate_events,49,UCI309_laboratory,simulation,-0.6666666666666665,1.0,-0.6666666666666665,1.0,0.6666666666666665,0.0,0.8431134493457441,G0,P1,valid,valid,zone_A,zone_A,True,0,1.0,0.0,1.0,1,False,True,
002_Et_H_CO_H,S3_separate_events,50,UCI309_laboratory,simulation,-1.0555555555555554,1.0,-1.0555555555555554,1.0,1.0555555555555554,0.0,1.0960474841494672,G0,P0,valid,valid,zone_A,zone_A,True,0,0.0,0.0,0.0,0,False,True,
002_Et_H_CO_H,S3_separate_events,51,UCI309_laboratory,simulation,-1.4444444444444446,1.0,-1.4444444444444446,1.0,1.4444444444444446,0.0,0.7869058860560277,G0,P0,valid,valid,zone_A,zone_A,True,0,0.0,0.0,0.0,0,False,True,
002_Et_H_CO_H,S3_separate_events,52,UCI309_laboratory,simulation,-1.833333333333333,1.0,-1.833333333333333,1.0,1.833333333333333,0.0,1.0960474841494672,G0,P0,valid,valid,zone_A,zone_A,True,0,0.0,0.0,0.0,0,False,True,
002_Et_H_CO_H,S3_separate_events,53,UCI309_laboratory,simulation,-2.2222222222222223,1.0,-2.2222222222222223,1.0,2.2222222222222223,0.0,0.8712172309906021,G0,P0,valid,valid,zone_A,zone_A,True,0,0.0,0.0,0.0,0,False,True,
002_Et_H_CO_H,S3_separate_events,54,UCI309_laboratory,simulation,-2.6111111111111107,1.0,-2.6111111111111107,1.0,2.6111111111111107,0.0,1.011736139214893,G0,P0,valid,valid,zone_A,zone_A,True,0,0.0,0.0,0.0,0,False,True,
002_Et_H_CO_H,S3_separate_events,55,UCI309_laboratory,simulation,-3.0,1.0,-3.0,1.0,3.0,0.0,0.7588021044111697,G0,P0,valid,valid,zone_A,zone_A,True,0,0.0,0.0,0.0,0,False,True,
002_Et_H_CO_H,S3_separate_events,56,UCI309_laboratory,simulation,-3.0,1.0,-3.0,1.0,3.0,0.0,0.6744907594765952,G0,P0,valid,valid,zone_A,zone_A,True,0,0.0,0.0,0.0,0,False,True,
002_Et_H_CO_H,S3_separate_events,57,UCI309_laboratory,simulation,-3.0,1.0,-3.0,1.0,3.0,0.0,0.8712172309906021,G0,P0,valid,valid,zone_A,zone_A,True,0,0.0,0.0,0.0,0,False,True,
002_Et_H_CO_H,S3_separate_events,58,UCI309_laboratory,simulation,-3.0,1.0,-3.0,1.0,3.0,0.0,0.7588021044111697,G0,P0,valid,valid,zone_A,zone_A,True,0,0.0,0.0,0.0,0,False,True,
002_Et_H_CO_H,S3_separate_events,59,UCI309_laboratory,simulation,-3.0,1.0,-3.0,1.0,3.0,0.0,0.8712172309906021,G0,P0,valid,valid,zone_A,zone_A,True,0,0.0,0.0,0.0,0,False,True,
002_Et_H_CO_H,S3_separate_events,60,UCI309_laboratory,simulation,-3.0,1.0,-3.0,1.0,3.0,0.0,0.9555285759251766,G0,P0,valid,valid,zone_A,zone_A,True,0,0.0,0.0,0.0,0,False,True,
002_Et_H_CO_H,S3_separate_events,61,UCI309_laboratory,simulation,-3.0,1.0,-3.0,1.0,3.0,0.0,0.7869058860560277,G0,P0,valid,valid,zone_A,zone_A,True,0,0.0,0.0,0.0,0,False,True,
002_Et_H_CO_H,S3_separate_events,62,UCI309_laboratory,simulation,-3.0,1.0,-3.0,1.0,3.0,0.0,0.8712172309906021,G0,P0,valid,valid,zone_A,zone_A,True,0,0.0,0.0,0.0,0,False,True,
002_Et_H_CO_H,S3_separate_events,63,UCI309_laboratory,simulation,-3.0,1.0,-3.0,1.0,3.0,0.0,0.8712172309906021,G0,P0,valid,valid,zone_A,zone_A,True,0,0.0,0.0,0.0,0,False,True,
002_Et_H_CO_H,S3_separate_events,64,UCI309_laboratory,simulation,-3.0,1.0,-3.0,1.0,3.0,0.0,1.4332928638877647,G0,P0,valid,valid,zone_A,zone_A,True,0,0.0,0.0,0.0,0,False,True,
002_Et_H_CO_H,S3_separate_events,65,UCI309_laboratory,simulation,-3.0,1.0,-3.0,1.0,3.0,0.0,1.011736139214893,G0,P0,valid,valid,zone_A,zone_A,True,0,0.0,0.0,0.0,0,False,True,
002_Et_H_CO_H,S3_separate_events,66,UCI309_laboratory,simulation,-3.0,1.0,-3.0,1.0,3.0,0.0,1.3208777373083322,G0,P0,valid,valid,zone_A,zone_A,True,0,0.0,0.0,0.0,0,False,True,
002_Et_H_CO_H,S3_separate_events,67,UCI309_laboratory,simulation,-3.0,1.0,-3.0,1.0,3.0,0.0,0.7869058860560277,G0,P0,valid,valid,zone_A,zone_A,True,0,0.0,0.0,0.0,0,False,True,
002_Et_H_CO_H,S3_separate_events,68,UCI309_laboratory,simulation,-3.0,1.0,-3.0,1.0,3.0,0.0,1.011736139214893,G0,P0,valid,valid,zone_A,zone_A,True,0,0.0,0.0,0.0,0,False,True,
002_Et_H_CO_H,S3_separate_events,69,UCI309_laboratory,simulation,-3.0,1.0,-3.0,1.0,3.0,0.0,1.011736139214893,G0,P0,valid,valid,zone_A,zone_A,True,0,0.0,0.0,0.0,0,False,True,
002_Et_H_CO_H,S3_separate_events,70,UCI309_laboratory,simulation,-3.0,1.0,-3.0,1.0,3.0,0.0,1.4332928638877647,G0,P0,valid,valid,zone_A,zone_A,True,0,0.0,0.0,0.0,0,False,True,
002_Et_H_CO_H,S3_separate_events,71,UCI309_laboratory,simulation,-3.0,1.0,-3.0,1.0,3.0,0.0,1.011736139214893,G0,P0,valid,valid,zone_A,zone_A,True,0,0.0,0.0,0.0,0,False,True,
002_Et_H_CO_H,S3_separate_events,72,UCI309_laboratory,simulation,-3.0,1.0,-3.0,1.0,3.0,0.0,1.0960474841494672,G0,P0,valid,valid,zone_A,zone_A,True,0,0.0,0.0,0.0,0,False,True,
002_Et_H_CO_H,S3_separate_events,73,UCI309_laboratory,simulation,-3.0,1.0,-3.0,1.0,3.0,0.0,1.3489815189531904,G0,P0,valid,valid,zone_A,zone_A,True,0,0.0,0.0,0.0,0,False,True,
002_Et_H_CO_H,S3_separate_events,74,UCI309_laboratory,simulation,-3.0,1.0,-3.0,1.0,3.0,0.0,1.5738117721120555,G0,P0,valid,valid,zone_A,zone_A,True,0,0.0,0.0,0.0,0,False,True,
002_Et_H_CO_H,S3_separate_events,75,UCI309_laboratory,simulation,-3.0,1.0,-3.0,1.0,3.0,0.0,1.2365663923737578,G0,P0,valid,valid,zone_A,zone_A,True,0,0.0,0.0,0.0,0,False,True,
002_Et_H_CO_H,S3_separate_events,76,UCI309_laboratory,simulation,-3.0,1.0,-3.0,1.0,3.0,0.0,3.260038670803543,G0,P0,valid,valid,zone_A,zone_A,True,0,0.0,0.0,0.0,0,False,True,
002_Et_H_CO_H,S3_separate_events,77,UCI309_laboratory,simulation,-3.0,1.0,-3.0,1.0,3.0,0.0,4.695493364048605,G0,P0,valid,valid,zone_A,zone_A,True,0,0.0,0.0,0.0,0,False,True,
002_Et_H_CO_H,S3_separate_events,78,UCI309_laboratory,simulation,-3.0,1.0,-3.0,1.0,3.0,0.0,6.4076622150276545,G1,P0,valid,valid,zone_A,zone_A,True,0,1.0,1.0,0.0,1,False,True,
002_Et_H_CO_H,S3_separate_events,79,UCI309_laboratory,simulation,-3.0,1.0,-3.0,1.0,3.0,0.0,8.768379873195737,G1,P0,valid,valid,zone_A,zone_A,True,0,1.0,1.0,0.0,1,False,True,
002_Et_H_CO_H,S3_separate_events,80,UCI309_laboratory,simulation,-3.0,1.0,-3.0,1.0,3.0,0.0,11.916003417419848,G2,P0,valid,valid,zone_A,zone_A,True,0,2.0,2.0,0.0,2,False,True,
002_Et_H_CO_H,S3_separate_events,81,UCI309_laboratory,simulation,-3.0,1.0,-3.0,1.0,3.0,0.0,15.007419398354243,G2,P0,valid,valid,zone_A,zone_A,True,0,2.0,2.0,0.0,2,False,True,
002_Et_H_CO_H,S3_separate_events,82,UCI309_laboratory,simulation,-3.0,1.0,-3.0,1.0,3.0,0.0,18.098835379288637,G2,P0,valid,valid,zone_A,zone_A,True,0,2.0,2.0,0.0,2,False,True,
002_Et_H_CO_H,S3_separate_events,83,UCI309_laboratory,simulation,-3.0,1.0,-3.0,1.0,3.0,0.0,20.290930347587572,G2,P0,valid,valid,zone_A,zone_A,True,0,2.0,2.0,0.0,2,False,True,
002_Et_H_CO_H,S3_separate_events,84,UCI309_laboratory,simulation,-3.0,1.0,-3.0,1.0,3.0,0.0,22.932685822204235,G2,P0,valid,valid,zone_A,zone_A,True,0,2.0,2.0,0.0,2,False,True,
002_Et_H_CO_H,S3_separate_events,85,UCI309_laboratory,simulation,-3.0,1.0,-3.0,1.0,3.0,0.0,26.024101803138635,G2,P0,valid,valid,zone_A,zone_A,True,0,2.0,2.0,0.0,2,False,True,
002_Et_H_CO_H,S3_separate_events,86,UCI309_laboratory,simulation,-3.0,1.0,-3.0,1.0,3.0,0.0,30.68932955618508,G2,P0,valid,valid,zone_A,zone_A,True,0,2.0,2.0,0.0,2,False,True,
002_Et_H_CO_H,S3_separate_events,87,UCI309_laboratory,simulation,-3.0,1.0,-3.0,1.0,3.0,0.0,35.29834974594181,G2,P0,valid,valid,zone_A,zone_A,True,0,2.0,2.0,0.0,2,False,True,
002_Et_H_CO_H,S3_separate_events,88,UCI309_laboratory,simulation,-3.0,1.0,-3.0,1.0,3.0,0.0,40.919106074913444,G2,P0,valid,valid,zone_A,zone_A,True,0,2.0,2.0,0.0,2,False,True,
002_Et_H_CO_H,S3_separate_events,89,UCI309_laboratory,simulation,-3.0,1.0,-3.0,1.0,3.0,0.0,47.55159854309996,G2,P0,valid,valid,zone_A,zone_A,True,0,2.0,2.0,0.0,2,False,True,
002_Et_H_CO_H,S3_separate_events,90,UCI309_laboratory,simulation,-3.0,1.0,-3.0,1.0,3.0,0.0,52.497864112594996,G2,P0,valid,valid,zone_A,zone_A,True,0,2.0,2.0,0.0,2,False,True,
002_Et_H_CO_H,S3_separate_events,91,UCI309_laboratory,simulation,-3.0,1.0,-3.0,1.0,3.0,0.0,56.657223796033996,G2,P0,valid,valid,zone_A,zone_A,True,0,2.0,2.0,0.0,2,False,True,
002_Et_H_CO_H,S3_separate_events,92,UCI309_laboratory,simulation,-3.0,1.0,-3.0,1.0,3.0,0.0,62.390395251585055,G2,P0,valid,valid,zone_A,zone_A,True,0,2.0,2.0,0.0,2,False,True,
002_Et_H_CO_H,S3_separate_events,93,UCI309_laboratory,simulation,-3.0,1.0,-3.0,1.0,3.0,0.0,67.22424569450065,G2,P0,valid,valid,zone_A,zone_A,True,0,2.0,2.0,0.0,2,False,True,
002_Et_H_CO_H,S3_separate_events,94,UCI309_laboratory,simulation,-3.0,1.0,-3.0,1.0,3.0,0.0,72.28292639057511,G2,P0,valid,valid,zone_A,zone_A,True,0,2.0,2.0,0.0,2,False,True,
002_Et_H_CO_H,S3_separate_events,95,UCI309_laboratory,simulation,-3.0,1.0,-3.0,1.0,3.0,0.0,75.65538018795809,G2,P0,valid,valid,zone_A,zone_A,True,0,2.0,2.0,0.0,2,False,True,
002_Et_H_CO_H,S3_separate_events,96,UCI309_laboratory,simulation,-3.0,1.0,-3.0,1.0,3.0,0.0,79.36507936507937,G2,P0,valid,valid,zone_A,zone_A,True,0,2.0,2.0,0.0,2,False,True,
002_Et_H_CO_H,S3_separate_events,97,UCI309_laboratory,simulation,-3.0,1.0,-3.0,1.0,3.0,0.0,83.2996087953595,G2,P0,valid,valid,zone_A,zone_A,True,0,2.0,2.0,0.0,2,False,True,
002_Et_H_CO_H,S3_separate_events,98,UCI309_laboratory,simulation,-3.0,1.0,-3.0,1.0,3.0,0.0,87.57138360537795,G2,P0,valid,valid,zone_A,zone_A,True,0,2.0,2.0,0.0,2,False,True,
002_Et_H_CO_H,S3_separate_events,99,UCI309_laboratory,simulation,-3.0,1.0,-3.0,1.0,3.0,0.0,92.06798866855524,G2,P0,valid,valid,zone_A,zone_A,True,0,2.0,2.0,0.0,2,False,True,
002_Et_H_CO_H,S3_separate_events,100,UCI309_laboratory,simulation,-3.0,1.0,-3.0,1.0,3.0,0.0,97.01425423805027,G2,P0,valid,valid,zone_A,zone_A,True,0,2.0,2.0,0.0,2,False,True,
002_Et_H_CO_H,S3_separate_events,101,UCI309_laboratory,simulation,-3.0,1.0,-3.0,1.0,3.0,0.0,101.51085930122757,G2,P0,valid,valid,zone_A,zone_A,True,0,2.0,2.0,0.0,2,False,True,
002_Et_H_CO_H,S3_separate_events,102,UCI309_laboratory,simulation,-3.0,1.0,-3.0,1.0,3.0,0.0,105.4453887315077,G2,P0,valid,valid,zone_A,zone_A,True,0,2.0,2.0,0.0,2,False,True,
002_Et_H_CO_H,S3_separate_events,103,UCI309_laboratory,simulation,-3.0,1.0,-3.0,1.0,3.0,0.0,108.36818202257295,G2,P0,valid,valid,zone_A,zone_A,True,0,2.0,2.0,0.0,2,False,True,
002_Et_H_CO_H,S3_separate_events,104,UCI309_laboratory,simulation,-3.0,1.0,-3.0,1.0,3.0,0.0,111.6282206933765,G2,P0,valid,valid,zone_A,zone_A,True,0,2.0,2.0,0.0,2,False,True,
002_Et_H_CO_H,S3_separate_events,105,UCI309_laboratory,simulation,-3.0,1.0,-3.0,1.0,3.0,0.0,114.43859885786232,G2,P0,valid,valid,zone_A,zone_A,True,0,2.0,2.0,0.0,2,False,True,
002_Et_H_CO_H,S3_separate_events,106,UCI309_laboratory,simulation,-3.0,1.0,-3.0,1.0,3.0,0.0,118.82278879446018,G2,P0,valid,valid,zone_A,zone_A,True,0,2.0,2.0,0.0,2,False,True,
002_Et_H_CO_H,S3_separate_events,107,UCI309_laboratory,simulation,-3.0,1.0,-3.0,1.0,3.0,0.0,123.31939385763748,G2,P0,valid,valid,zone_A,zone_A,True,0,2.0,2.0,0.0,2,False,True,
002_Et_H_CO_H,S3_separate_events,108,UCI309_laboratory,simulation,-3.0,1.0,-3.0,1.0,3.0,0.0,126.69184765502045,G2,P0,valid,valid,zone_A,zone_A,True,0,2.0,2.0,0.0,2,False,True,
002_Et_H_CO_H,S3_separate_events,109,UCI309_laboratory,simulation,-3.0,1.0,-3.0,1.0,3.0,0.0,128.94015018660912,G2,P0,valid,valid,zone_A,zone_A,True,0,2.0,2.0,0.0,2,False,True,
002_Et_H_CO_H,S3_separate_events,110,UCI309_laboratory,simulation,-3.0,1.0,-3.0,1.0,3.0,0.0,130.17671657898285,G2,P0,valid,valid,zone_A,zone_A,True,0,2.0,2.0,0.0,2,False,True,
002_Et_H_CO_H,S3_separate_events,111,UCI309_laboratory,simulation,-3.0,1.0,-3.0,1.0,3.0,0.0,131.3008678447772,G2,P0,valid,valid,zone_A,zone_A,True,0,2.0,2.0,0.0,2,False,True,
002_Et_H_CO_H,S3_separate_events,112,UCI309_laboratory,simulation,-3.0,1.0,-3.0,1.0,3.0,0.0,133.21192499662754,G2,P0,valid,valid,zone_A,zone_A,True,0,2.0,2.0,0.0,2,False,True,
002_Et_H_CO_H,S3_separate_events,113,UCI309_laboratory,simulation,-3.0,1.0,-3.0,1.0,3.0,0.0,134.78573676873958,G2,P0,valid,valid,zone_A,zone_A,True,0,2.0,2.0,0.0,2,False,True,
002_Et_H_CO_H,S3_separate_events,114,UCI309_laboratory,simulation,-3.0,1.0,-3.0,1.0,3.0,0.0,136.69679392058995,G2,P0,valid,valid,zone_A,zone_A,True,0,2.0,2.0,0.0,2,False,True,
002_Et_H_CO_H,S3_separate_events,115,UCI309_laboratory,simulation,-3.0,1.0,-3.0,1.0,3.0,0.0,138.4954359458609,G2,P0,valid,valid,zone_A,zone_A,True,0,2.0,2.0,0.0,2,False,True,
002_Et_H_CO_H,S3_separate_events,116,UCI309_laboratory,simulation,-3.0,1.0,-3.0,1.0,3.0,0.0,139.9568325913935,G2,P0,valid,valid,zone_A,zone_A,True,0,2.0,2.0,0.0,2,False,True,
002_Et_H_CO_H,S3_separate_events,117,UCI309_laboratory,simulation,-3.0,1.0,-3.0,1.0,3.0,0.0,141.19339898376728,G2,P0,valid,valid,zone_A,zone_A,True,0,2.0,2.0,0.0,2,False,True,
002_Et_H_CO_H,S3_separate_events,118,UCI309_laboratory,simulation,-3.0,1.0,-3.0,1.0,3.0,0.0,141.75547461666443,G2,P0,valid,valid,zone_A,zone_A,True,0,2.0,2.0,0.0,2,False,True,
002_Et_H_CO_H,S3_separate_events,119,UCI309_laboratory,simulation,-3.0,1.0,-3.0,1.0,3.0,0.0,142.429965376141,G2,P0,valid,valid,zone_A,zone_A,True,0,2.0,2.0,0.0,2,False,True,
002_Et_H_CO_H,S3_separate_events,120,UCI309_laboratory,simulation,-3.0,1.0,-3.0,1.0,3.0,0.0,144.34102252799136,G2,P0,valid,valid,zone_A,zone_A,True,0,2.0,2.0,0.0,2,False,True,
002_Et_H_CO_H,S3_separate_events,121,UCI309_laboratory,simulation,-3.0,1.0,-3.0,1.0,3.0,0.0,147.26381581905662,G2,P0,valid,valid,zone_A,zone_A,True,0,2.0,2.0,0.0,2,False,True,
002_Et_H_CO_H,S3_separate_events,122,UCI309_laboratory,simulation,-3.0,1.0,-3.0,1.0,3.0,0.0,149.73694860380414,G2,P0,valid,valid,zone_A,zone_A,True,0,2.0,2.0,0.0,2,False,True,
002_Et_H_CO_H,S3_separate_events,123,UCI309_laboratory,simulation,-3.0,1.0,-3.0,1.0,3.0,0.0,150.97351499617787,G2,P0,valid,valid,zone_A,zone_A,True,0,2.0,2.0,0.0,2,False,True,
002_Et_H_CO_H,S3_separate_events,124,UCI309_laboratory,simulation,-3.0,1.0,-3.0,1.0,3.0,0.0,151.4231755024956,G2,P0,valid,valid,zone_A,zone_A,True,0,2.0,2.0,0.0,2,False,True,
002_Et_H_CO_H,S3_separate_events,125,UCI309_laboratory,simulation,-3.0,1.0,-3.0,1.0,3.0,0.0,150.86109986959846,G2,P0,valid,valid,zone_A,zone_A,True,0,2.0,2.0,0.0,2,False,True,
002_Et_H_CO_H,S3_separate_events,126,UCI309_laboratory,simulation,-3.0,1.0,-3.0,1.0,3.0,0.0,150.86109986959846,G2,P0,valid,valid,zone_A,zone_A,True,0,2.0,2.0,0.0,2,False,True,
002_Et_H_CO_H,S3_separate_events,127,UCI309_laboratory,simulation,-3.0,1.0,-3.0,1.0,3.0,0.0,150.18660911012188,G2,P0,valid,valid,zone_A,zone_A,True,0,2.0,2.0,0.0,2,False,True,
002_Et_H_CO_H,S3_separate_events,128,UCI309_laboratory,simulation,-3.0,1.0,-3.0,1.0,3.0,0.0,149.6245334772247,G2,P0,valid,valid,zone_A,zone_A,True,0,2.0,2.0,0.0,2,False,True,
002_Et_H_CO_H,S3_separate_events,129,UCI309_laboratory,simulation,-3.0,1.0,-3.0,1.0,3.0,0.0,149.06245784432753,G2,P0,valid,valid,zone_A,zone_A,True,0,2.0,2.0,0.0,2,False,True,
002_Et_H_CO_H,S3_separate_events,130,UCI309_laboratory,simulation,-3.0,1.0,-3.0,1.0,3.0,0.0,149.6245334772247,G2,P0,valid,valid,zone_A,zone_A,True,0,2.0,2.0,0.0,2,False,True,
002_Et_H_CO_H,S3_separate_events,131,UCI309_laboratory,simulation,-3.0,1.0,-3.0,1.0,3.0,0.0,151.31076037591617,G2,P0,valid,valid,zone_A,zone_A,True,0,2.0,2.0,0.0,2,False,True,
002_Et_H_CO_H,S3_separate_events,132,UCI309_laboratory,simulation,-3.0,1.0,-3.0,1.0,3.0,0.0,155.1328746796169,G2,P0,valid,valid,zone_A,zone_A,True,0,2.0,2.0,0.0,2,False,True,
002_Et_H_CO_H,S3_separate_events,133,UCI309_laboratory,simulation,-3.0,1.0,-3.0,1.0,3.0,0.0,159.17981923647648,G2,P0,valid,valid,zone_A,zone_A,True,0,2.0,2.0,0.0,2,False,True,
002_Et_H_CO_H,S3_separate_events,134,UCI309_laboratory,simulation,-3.0,1.0,-3.0,1.0,3.0,0.0,160.95035748010253,G2,P0,valid,valid,zone_A,zone_A,True,0,2.0,2.0,0.0,2,False,True,
002_Et_H_CO_H,S3_separate_events,135,UCI309_laboratory,simulation,-3.0,1.0,-3.0,1.0,3.0,0.0,162.243131435766,G2,P0,valid,valid,zone_A,zone_A,True,0,2.0,2.0,0.0,2,False,True,
002_Et_H_CO_H,S3_separate_events,136,UCI309_laboratory,simulation,-3.0,1.0,-3.0,1.0,3.0,0.0,162.07450874589685,G2,P0,valid,valid,zone_A,zone_A,True,0,2.0,2.0,0.0,2,False,True,
002_Et_H_CO_H,S3_separate_events,137,UCI309_laboratory,simulation,-3.0,1.0,-3.0,1.0,3.0,0.0,161.06277260668196,G2,P0,valid,valid,zone_A,zone_A,True,0,2.0,2.0,0.0,2,False,True,
002_Et_H_CO_H,S3_separate_events,138,UCI309_laboratory,simulation,-3.0,1.0,-3.0,1.0,3.0,0.0,159.7137910877288,G2,P0,valid,valid,zone_A,zone_A,True,0,2.0,2.0,0.0,2,False,True,
002_Et_H_CO_H,S3_separate_events,139,UCI309_laboratory,simulation,-3.0,1.0,-3.0,1.0,3.0,0.0,158.92688520167275,G2,P0,valid,valid,zone_A,zone_A,True,0,2.0,2.0,0.0,2,False,True,
002_Et_H_CO_H,S3_separate_events,140,UCI309_laboratory,simulation,-3.0,1.0,-3.0,1.0,3.0,0.0,158.1399793156167,G2,P0,valid,valid,zone_A,zone_A,True,0,2.0,2.0,0.0,2,False,True,
002_Et_H_CO_H,S3_separate_events,141,UCI309_laboratory,simulation,-3.0,1.0,-3.0,1.0,3.0,0.0,158.36480956877557,G2,P0,valid,valid,zone_A,zone_A,True,0,2.0,2.0,0.0,2,False,True,
002_Et_H_CO_H,S3_separate_events,142,UCI309_laboratory,simulation,-3.0,1.0,-3.0,1.0,3.0,0.0,158.8144700750933,G2,P0,valid,valid,zone_A,zone_A,True,0,2.0,2.0,0.0,2,False,True,
002_Et_H_CO_H,S3_separate_events,143,UCI309_laboratory,simulation,-3.0,1.0,-3.0,1.0,3.0,0.0,159.3765457079905,G2,P0,valid,valid,zone_A,zone_A,True,0,2.0,2.0,0.0,2,False,True,
002_Et_H_CO_H,S3_separate_events,144,UCI309_laboratory,simulation,-3.0,1.0,-3.0,1.0,3.0,0.0,159.8262062143082,G2,P0,valid,valid,zone_A,zone_A,True,0,2.0,2.0,0.0,2,False,True,
002_Et_H_CO_H,S3_separate_events,145,UCI309_laboratory,simulation,-3.0,1.0,-3.0,1.0,3.0,0.0,159.26413058141105,G2,P0,valid,valid,zone_A,zone_A,True,0,2.0,2.0,0.0,2,False,True,
002_Et_H_CO_H,S3_separate_events,146,UCI309_laboratory,simulation,-3.0,1.0,-3.0,1.0,3.0,0.0,158.92688520167275,G2,P0,valid,valid,zone_A,zone_A,True,0,2.0,2.0,0.0,2,False,True,
002_Et_H_CO_H,S3_separate_events,147,UCI309_laboratory,simulation,-3.0,1.0,-3.0,1.0,3.0,0.0,158.9549889833176,G2,P0,valid,valid,zone_A,zone_A,True,0,2.0,2.0,0.0,2,False,True,
002_Et_H_CO_H,S3_separate_events,148,UCI309_laboratory,simulation,-3.0,1.0,-3.0,1.0,3.0,0.0,157.9432528441027,G2,P0,valid,valid,zone_A,zone_A,True,0,2.0,2.0,0.0,2,False,True,
002_Et_H_CO_H,S3_separate_events,149,UCI309_laboratory,simulation,-3.0,1.0,-3.0,1.0,3.0,0.0,157.49359233778497,G2,P0,valid,valid,zone_A,zone_A,True,0,2.0,2.0,0.0,2,False,True,
002_Et_H_CO_H,S3_separate_events,150,UCI309_laboratory,simulation,-3.0,1.0,-3.0,1.0,3.0,0.0,156.59427132514952,G2,P0,valid,valid,zone_A,zone_A,True,0,2.0,2.0,0.0,2,False,True,
002_Et_H_CO_H,S3_separate_events,151,UCI309_laboratory,simulation,-3.0,1.0,-3.0,1.0,3.0,0.0,157.38117721120554,G2,P0,valid,valid,zone_A,zone_A,True,0,2.0,2.0,0.0,2,False,True,
002_Et_H_CO_H,S3_separate_events,152,UCI309_laboratory,simulation,-3.0,1.0,-3.0,1.0,3.0,0.0,159.40464948963535,G2,P0,valid,valid,zone_A,zone_A,True,0,2.0,2.0,0.0,2,False,True,
002_Et_H_CO_H,S3_separate_events,153,UCI309_laboratory,simulation,-3.0,1.0,-3.0,1.0,3.0,0.0,162.41175412563516,G2,P0,valid,valid,zone_A,zone_A,True,0,2.0,2.0,0.0,2,False,True,
002_Et_H_CO_H,S3_separate_events,154,UCI309_laboratory,simulation,-3.0,1.0,-3.0,1.0,3.0,0.0,163.42349026485005,G2,P0,valid,valid,zone_A,zone_A,True,0,2.0,2.0,0.0,2,False,True,
002_Et_H_CO_H,S3_separate_events,155,UCI309_laboratory,simulation,-3.0,1.0,-3.0,1.0,3.0,0.0,163.47969782813976,G2,P0,valid,valid,zone_A,zone_A,True,0,2.0,2.0,0.0,2,False,True,
002_Et_H_CO_H,S3_separate_events,156,UCI309_laboratory,simulation,-3.0,1.0,-3.0,1.0,3.0,0.0,163.03003732182202,G2,P0,valid,valid,zone_A,zone_A,True,0,2.0,2.0,0.0,2,False,True,
002_Et_H_CO_H,S3_separate_events,157,UCI309_laboratory,simulation,-3.0,1.0,-3.0,1.0,3.0,0.0,161.09087638832682,G2,P0,valid,valid,zone_A,zone_A,True,0,2.0,2.0,0.0,2,False,True,
002_Et_H_CO_H,S3_separate_events,158,UCI309_laboratory,simulation,-3.0,1.0,-3.0,1.0,3.0,0.0,158.39291335042043,G2,P0,valid,valid,zone_A,zone_A,True,0,2.0,2.0,0.0,2,False,True,
002_Et_H_CO_H,S3_separate_events,159,UCI309_laboratory,simulation,-3.0,1.0,-3.0,1.0,3.0,0.0,156.03219569225234,G2,P0,valid,valid,zone_A,zone_A,True,0,2.0,2.0,0.0,2,False,True,
002_Et_H_CO_H,S3_separate_events,160,UCI309_laboratory,simulation,-3.0,1.0,-3.0,1.0,3.0,0.0,153.67147803408426,G2,P0,valid,valid,zone_A,zone_A,True,0,2.0,2.0,0.0,2,False,True,
002_Et_H_CO_H,S3_separate_events,161,UCI309_laboratory,simulation,-3.0,1.0,-3.0,1.0,3.0,0.0,151.9852511353928,G2,P0,valid,valid,zone_A,zone_A,True,0,2.0,2.0,0.0,2,False,True,
002_Et_H_CO_H,S3_separate_events,162,UCI309_laboratory,simulation,-3.0,1.0,-3.0,1.0,3.0,0.0,151.0859301227573,G2,P0,valid,valid,zone_A,zone_A,True,0,2.0,2.0,0.0,2,False,True,
002_Et_H_CO_H,S3_separate_events,163,UCI309_laboratory,simulation,-3.0,1.0,-3.0,1.0,3.0,0.0,149.73694860380414,G2,P0,valid,valid,zone_A,zone_A,True,0,2.0,2.0,0.0,2,False,True,
002_Et_H_CO_H,S3_separate_events,164,UCI309_laboratory,simulation,-3.0,1.0,-3.0,1.0,3.0,0.0,147.71347632537436,G2,P0,valid,valid,zone_A,zone_A,True,0,2.0,2.0,0.0,2,False,True,
002_Et_H_CO_H,S3_separate_events,165,UCI309_laboratory,simulation,-3.0,1.0,-3.0,1.0,3.0,0.0,145.69000404694455,G2,P0,valid,valid,zone_A,zone_A,True,0,2.0,2.0,0.0,2,False,True,
002_Et_H_CO_H,S3_separate_events,166,UCI309_laboratory,simulation,-3.0,1.0,-3.0,1.0,3.0,0.0,144.34102252799136,G2,P0,valid,valid,zone_A,zone_A,True,0,2.0,2.0,0.0,2,False,True,
002_Et_H_CO_H,S3_separate_events,167,UCI309_laboratory,simulation,-3.0,1.0,-3.0,1.0,3.0,0.0,143.44170151535593,G2,P0,valid,valid,zone_A,zone_A,True,0,2.0,2.0,0.0,2,False,True,
002_Et_H_CO_H,S3_separate_events,168,UCI309_laboratory,simulation,-3.0,1.0,-3.0,1.0,3.0,0.0,143.10445613561762,G2,P0,valid,valid,zone_A,zone_A,True,0,2.0,2.0,0.0,2,False,True,
002_Et_H_CO_H,S3_separate_events,169,UCI309_laboratory,simulation,-3.0,1.0,-3.0,1.0,3.0,0.0,143.55411664193534,G2,P0,valid,valid,zone_A,zone_A,True,0,2.0,2.0,0.0,2,False,True,
002_Et_H_CO_H,S3_separate_events,170,UCI309_laboratory,simulation,-3.0,1.0,-3.0,1.0,3.0,0.0,144.22860740141192,G2,P0,valid,valid,zone_A,zone_A,True,0,2.0,2.0,0.0,2,False,True,
002_Et_H_CO_H,S3_separate_events,171,UCI309_laboratory,simulation,-3.0,1.0,-3.0,1.0,3.0,0.0,145.57758892036514,G2,P0,valid,valid,zone_A,zone_A,True,0,2.0,2.0,0.0,2,False,True,
002_Et_H_CO_H,S3_separate_events,172,UCI309_laboratory,simulation,-3.0,1.0,-3.0,1.0,3.0,0.0,146.81415531273888,G2,P0,valid,valid,zone_A,zone_A,True,0,2.0,2.0,0.0,2,False,True,
002_Et_H_CO_H,S3_separate_events,173,UCI309_laboratory,simulation,-3.0,1.0,-3.0,1.0,3.0,0.0,147.26381581905662,G2,P0,valid,valid,zone_A,zone_A,True,0,2.0,2.0,0.0,2,False,True,
002_Et_H_CO_H,S3_separate_events,174,UCI309_laboratory,simulation,-3.0,1.0,-3.0,1.0,3.0,0.0,148.05072170511266,G2,P0,valid,valid,zone_A,zone_A,True,0,2.0,2.0,0.0,2,False,True,
002_Et_H_CO_H,S3_separate_events,175,UCI309_laboratory,simulation,-3.0,1.0,-3.0,1.0,3.0,0.0,148.3879670848509,G2,P0,valid,valid,zone_A,zone_A,True,0,2.0,2.0,0.0,2,False,True,
002_Et_H_CO_H,S3_separate_events,176,UCI309_laboratory,simulation,-3.0,1.0,-3.0,1.0,3.0,0.0,149.51211835064527,G2,P0,valid,valid,zone_A,zone_A,True,0,2.0,2.0,0.0,2,False,True,
002_Et_H_CO_H,S3_separate_events,177,UCI309_laboratory,simulation,-3.0,1.0,-3.0,1.0,3.0,0.0,150.63626961643956,G2,P0,valid,valid,zone_A,zone_A,True,0,2.0,2.0,0.0,2,False,True,
002_Et_H_CO_H,S3_separate_events,178,UCI309_laboratory,simulation,-3.0,1.0,-3.0,1.0,3.0,0.0,151.87283600881335,G2,P0,valid,valid,zone_A,zone_A,True,0,2.0,2.0,0.0,2,False,True,
002_Et_H_CO_H,S3_separate_events,179,UCI309_laboratory,simulation,-3.0,1.0,-3.0,1.0,3.0,0.0,153.33423265434595,G2,P0,valid,valid,zone_A,zone_A,True,0,2.0,2.0,0.0,2,False,True,
002_Et_H_CO_H,S3_separate_events,180,UCI309_laboratory,simulation,-3.0,1.0,-3.0,1.0,3.0,0.0,154.4583839201403,G2,P0,valid,valid,zone_A,zone_A,True,0,2.0,2.0,0.0,2,False,True,
002_Et_H_CO_H,S3_separate_events,181,UCI309_laboratory,simulation,-3.0,1.0,-3.0,1.0,3.0,0.0,153.55906290750482,G2,P0,valid,valid,zone_A,zone_A,True,0,2.0,2.0,0.0,2,False,True,
002_Et_H_CO_H,S3_separate_events,182,UCI309_laboratory,simulation,-3.0,1.0,-3.0,1.0,3.0,0.0,151.19834524933674,G2,P0,valid,valid,zone_A,zone_A,True,0,2.0,2.0,0.0,2,False,True,
002_Et_H_CO_H,S3_separate_events,183,UCI309_laboratory,simulation,-3.0,1.0,-3.0,1.0,3.0,0.0,150.18660911012188,G2,P0,valid,valid,zone_A,zone_A,True,0,2.0,2.0,0.0,2,False,True,
002_Et_H_CO_H,S3_separate_events,184,UCI309_laboratory,simulation,-3.0,1.0,-3.0,1.0,3.0,0.0,148.61279733800978,G2,P0,valid,valid,zone_A,zone_A,True,0,2.0,2.0,0.0,2,False,True,
002_Et_H_CO_H,S3_separate_events,185,UCI309_laboratory,simulation,-3.0,1.0,-3.0,1.0,3.0,0.0,148.05072170511266,G2,P0,valid,valid,zone_A,zone_A,True,0,2.0,2.0,0.0,2,False,True,
002_Et_H_CO_H,S3_separate_events,186,UCI309_laboratory,simulation,-3.0,1.0,-3.0,1.0,3.0,0.0,149.06245784432753,G2,P0,valid,valid,zone_A,zone_A,True,0,2.0,2.0,0.0,2,False,True,
002_Et_H_CO_H,S3_separate_events,187,UCI309_laboratory,simulation,-3.0,1.0,-3.0,1.0,3.0,0.0,151.4231755024956,G2,P0,valid,valid,zone_A,zone_A,True,0,2.0,2.0,0.0,2,False,True,
002_Et_H_CO_H,S3_separate_events,188,UCI309_laboratory,simulation,-3.0,1.0,-3.0,1.0,3.0,0.0,153.89630828724313,G2,P0,valid,valid,zone_A,zone_A,True,0,2.0,2.0,0.0,2,False,True,
002_Et_H_CO_H,S3_separate_events,189,UCI309_laboratory,simulation,-3.0,1.0,-3.0,1.0,3.0,0.0,156.03219569225234,G2,P0,valid,valid,zone_A,zone_A,True,0,2.0,2.0,0.0,2,False,True,
002_Et_H_CO_H,S3_separate_events,190,UCI309_laboratory,simulation,-3.0,1.0,-3.0,1.0,3.0,0.0,158.39291335042043,G2,P0,valid,valid,zone_A,zone_A,True,0,2.0,2.0,0.0,2,False,True,
002_Et_H_CO_H,S3_separate_events,191,UCI309_laboratory,simulation,-3.0,1.0,-3.0,1.0,3.0,0.0,162.1026125275417,G2,P0,valid,valid,zone_A,zone_A,True,0,2.0,2.0,0.0,2,False,True,
002_Et_H_CO_H,S3_separate_events,192,UCI309_laboratory,simulation,-3.0,1.0,-3.0,1.0,3.0,0.0,163.36728270156033,G2,P0,valid,valid,zone_A,zone_A,True,0,2.0,2.0,0.0,2,False,True,
002_Et_H_CO_H,S3_separate_events,193,UCI309_laboratory,simulation,-3.0,1.0,-3.0,1.0,3.0,0.0,164.88488691038268,G2,P0,valid,valid,zone_A,zone_A,True,0,2.0,2.0,0.0,2,False,True,
002_Et_H_CO_H,S3_separate_events,194,UCI309_laboratory,simulation,-3.0,1.0,-3.0,1.0,3.0,0.0,165.3345474167004,G2,P0,valid,valid,zone_A,zone_A,True,0,2.0,2.0,0.0,2,False,True,
002_Et_H_CO_H,S3_separate_events,195,UCI309_laboratory,simulation,-3.0,1.0,-3.0,1.0,3.0,0.0,165.3907549799901,G2,P0,valid,valid,zone_A,zone_A,True,0,2.0,2.0,0.0,2,False,True,
002_Et_H_CO_H,S3_separate_events,196,UCI309_laboratory,simulation,-3.0,1.0,-3.0,1.0,3.0,0.0,165.3345474167004,G2,P0,valid,valid,zone_A,zone_A,True,0,2.0,2.0,0.0,2,False,True,
002_Et_H_CO_H,S3_separate_events,197,UCI309_laboratory,simulation,-3.0,1.0,-3.0,1.0,3.0,0.0,165.3345474167004,G2,P0,valid,valid,zone_A,zone_A,True,0,2.0,2.0,0.0,2,False,True,
002_Et_H_CO_H,S3_separate_events,198,UCI309_laboratory,simulation,-3.0,1.0,-3.0,1.0,3.0,0.0,165.6717927964387,G2,P0,valid,valid,zone_A,zone_A,True,0,2.0,2.0,0.0,2,False,True,
002_Et_H_CO_H,S3_separate_events,199,UCI309_laboratory,simulation,-3.0,1.0,-3.0,1.0,3.0,0.0,165.3345474167004,G2,P0,valid,valid,zone_A,zone_A,True,0,2.0,2.0,0.0,2,False,True,
002_Et_H_CO_H,S3_separate_events,200,UCI309_laboratory,simulation,-3.0,1.0,-3.0,1.0,3.0,0.0,165.22213229012095,G2,P0,valid,valid,zone_A,zone_A,True,0,2.0,2.0,0.0,2,False,True,
002_Et_H_CO_H,S3_separate_events,201,UCI309_laboratory,simulation,-3.0,1.0,-3.0,1.0,3.0,0.0,165.22213229012095,G2,P0,valid,valid,zone_A,zone_A,True,0,2.0,2.0,0.0,2,False,True,
002_Et_H_CO_H,S3_separate_events,202,UCI309_laboratory,simulation,-3.0,1.0,-3.0,1.0,3.0,0.0,164.66005665722378,G2,P0,valid,valid,zone_A,zone_A,True,0,2.0,2.0,0.0,2,False,True,
002_Et_H_CO_H,S3_separate_events,203,UCI309_laboratory,simulation,-3.0,1.0,-3.0,1.0,3.0,0.0,164.15418858761637,G2,P0,valid,valid,zone_A,zone_A,True,0,2.0,2.0,0.0,2,False,True,
002_Et_H_CO_H,S3_separate_events,204,UCI309_laboratory,simulation,-3.0,1.0,-3.0,1.0,3.0,0.0,163.3110751382706,G2,P0,valid,valid,zone_A,zone_A,True,0,2.0,2.0,0.0,2,False,True,
002_Et_H_CO_H,S3_separate_events,205,UCI309_laboratory,simulation,-3.0,1.0,-3.0,1.0,3.0,0.0,163.3110751382706,G2,P0,valid,valid,zone_A,zone_A,True,0,2.0,2.0,0.0,2,False,True,
002_Et_H_CO_H,S3_separate_events,206,UCI309_laboratory,simulation,-3.0,1.0,-3.0,1.0,3.0,0.0,163.53590539142948,G2,P0,valid,valid,zone_A,zone_A,True,0,2.0,2.0,0.0,2,False,True,
002_Et_H_CO_H,S3_separate_events,207,UCI309_laboratory,simulation,-3.0,1.0,-3.0,1.0,3.0,0.0,164.32281127748553,G2,P0,valid,valid,zone_A,zone_A,True,0,2.0,2.0,0.0,2,False,True,
002_Et_H_CO_H,S3_separate_events,208,UCI309_laboratory,simulation,-3.0,1.0,-3.0,1.0,3.0,0.0,165.22213229012095,G2,P0,valid,valid,zone_A,zone_A,True,0,2.0,2.0,0.0,2,False,True,
002_Et_H_CO_H,S3_separate_events,209,UCI309_laboratory,simulation,-3.0,1.0,-3.0,1.0,3.0,0.0,166.68352893565358,G2,P0,valid,valid,zone_A,zone_A,True,0,2.0,2.0,0.0,2,False,True,
002_Et_H_CO_H,S3_separate_events,210,UCI309_laboratory,simulation,-3.0,1.0,-3.0,1.0,3.0,0.0,166.009038176177,G2,P0,valid,valid,zone_A,zone_A,True,0,2.0,2.0,0.0,2,False,True,
002_Et_H_CO_H,S3_separate_events,211,UCI309_laboratory,simulation,-3.0,1.0,-3.0,1.0,3.0,0.0,165.10971716354152,G2,P0,valid,valid,zone_A,zone_A,True,0,2.0,2.0,0.0,2,False,True,
002_Et_H_CO_H,S3_separate_events,212,UCI309_laboratory,simulation,-3.0,1.0,-3.0,1.0,3.0,0.0,163.64832051800892,G2,P0,valid,valid,zone_A,zone_A,True,0,2.0,2.0,0.0,2,False,True,
002_Et_H_CO_H,S3_separate_events,213,UCI309_laboratory,simulation,-3.0,1.0,-3.0,1.0,3.0,0.0,161.62484823957914,G2,P0,valid,valid,zone_A,zone_A,True,0,2.0,2.0,0.0,2,False,True,
002_Et_H_CO_H,S3_separate_events,214,UCI309_laboratory,simulation,-3.0,1.0,-3.0,1.0,3.0,0.0,160.27586672062594,G2,P0,valid,valid,zone_A,zone_A,True,0,2.0,2.0,0.0,2,False,True,
002_Et_H_CO_H,S3_separate_events,215,UCI309_laboratory,simulation,-3.0,1.0,-3.0,1.0,3.0,0.0,159.32033814470077,G2,P0,valid,valid,zone_A,zone_A,True,0,2.0,2.0,0.0,2,False,True,
002_Et_H_CO_H,S3_separate_events,216,UCI309_laboratory,simulation,-3.0,1.0,-3.0,1.0,3.0,0.0,158.1399793156167,G2,P0,valid,valid,zone_A,zone_A,True,0,2.0,2.0,0.0,2,False,True,
002_Et_H_CO_H,S3_separate_events,217,UCI309_laboratory,simulation,-3.0,1.0,-3.0,1.0,3.0,0.0,157.07203561311212,G2,P0,valid,valid,zone_A,zone_A,True,0,2.0,2.0,0.0,2,False,True,
002_Et_H_CO_H,S3_separate_events,218,UCI309_laboratory,simulation,-3.0,1.0,-3.0,1.0,3.0,0.0,157.07203561311212,G2,P0,valid,valid,zone_A,zone_A,True,0,2.0,2.0,0.0,2,False,True,
002_Et_H_CO_H,S3_separate_events,219,UCI309_laboratory,simulation,-3.0,1.0,-3.0,1.0,3.0,0.0,157.63411124600927,G2,P0,valid,valid,zone_A,zone_A,True,0,2.0,2.0,0.0,2,False,True,
002_Et_H_CO_H,S3_separate_events,220,UCI309_laboratory,simulation,-3.0,1.0,-3.0,1.0,3.0,0.0,158.58963982193444,G2,P0,valid,valid,zone_A,zone_A,True,0,2.0,2.0,0.0,2,False,True,
002_Et_H_CO_H,S3_separate_events,221,UCI309_laboratory,simulation,-3.0,1.0,-3.0,1.0,3.0,0.0,160.1072440307568,G2,P0,valid,valid,zone_A,zone_A,True,0,2.0,2.0,0.0,2,False,True,
002_Et_H_CO_H,S3_separate_events,222,UCI309_laboratory,simulation,-3.0,1.0,-3.0,1.0,3.0,0.0,160.72552722694365,G2,P0,valid,valid,zone_A,zone_A,True,0,2.0,2.0,0.0,2,False,True,
002_Et_H_CO_H,S3_separate_events,223,UCI309_laboratory,simulation,-3.0,1.0,-3.0,1.0,3.0,0.0,160.38828184720535,G2,P0,valid,valid,zone_A,zone_A,True,0,2.0,2.0,0.0,2,False,True,
002_Et_H_CO_H,S3_separate_events,224,UCI309_laboratory,simulation,-3.0,1.0,-3.0,1.0,3.0,0.0,159.71379108772877,G2,P0,valid,valid,zone_A,zone_A,True,0,2.0,2.0,0.0,2,False,True,
002_Et_H_CO_H,S3_separate_events,225,UCI309_laboratory,simulation,-3.0,1.0,-3.0,1.0,3.0,0.0,159.71379108772877,G2,P0,valid,valid,zone_A,zone_A,True,0,2.0,2.0,0.0,2,False,True,
002_Et_H_CO_H,S3_separate_events,226,UCI309_laboratory,simulation,-3.0,1.0,-3.0,1.0,3.0,0.0,160.5569045370745,G2,P0,valid,valid,zone_A,zone_A,True,0,2.0,2.0,0.0,2,False,True,
002_Et_H_CO_H,S3_separate_events,227,UCI309_laboratory,simulation,-3.0,1.0,-3.0,1.0,3.0,0.0,160.8379423535231,G2,P0,valid,valid,zone_A,zone_A,True,0,2.0,2.0,0.0,2,False,True,
002_Et_H_CO_H,S3_separate_events,228,UCI309_laboratory,simulation,-3.0,1.0,-3.0,1.0,3.0,0.0,161.28760285984083,G2,P0,valid,valid,zone_A,zone_A,True,0,2.0,2.0,0.0,2,False,True,
002_Et_H_CO_H,S3_separate_events,229,UCI309_laboratory,simulation,-3.0,1.0,-3.0,1.0,3.0,0.0,161.2313952965511,G2,P0,valid,valid,zone_A,zone_A,True,0,2.0,2.0,0.0,2,False,True,
002_Et_H_CO_H,S3_separate_events,230,UCI309_laboratory,simulation,-3.0,1.0,-3.0,1.0,3.0,0.0,160.8379423535231,G2,P0,valid,valid,zone_A,zone_A,True,0,2.0,2.0,0.0,2,False,True,
002_Et_H_CO_H,S3_separate_events,231,UCI309_laboratory,simulation,-3.0,1.0,-3.0,1.0,3.0,0.0,160.38828184720535,G2,P0,valid,valid,zone_A,zone_A,True,0,2.0,2.0,0.0,2,False,True,
002_Et_H_CO_H,S3_separate_events,232,UCI309_laboratory,simulation,-3.0,1.0,-3.0,1.0,3.0,0.0,160.5569045370745,G2,P0,valid,valid,zone_A,zone_A,True,0,2.0,2.0,0.0,2,False,True,
002_Et_H_CO_H,S3_separate_events,233,UCI309_laboratory,simulation,-3.0,1.0,-3.0,1.0,3.0,0.0,161.2313952965511,G2,P0,valid,valid,zone_A,zone_A,True,0,2.0,2.0,0.0,2,False,True,
002_Et_H_CO_H,S3_separate_events,234,UCI309_laboratory,simulation,-3.0,1.0,-3.0,1.0,3.0,0.0,162.01830118260713,G2,P0,valid,valid,zone_A,zone_A,True,0,2.0,2.0,0.0,2,False,True,
002_Et_H_CO_H,S3_separate_events,235,UCI309_laboratory,simulation,-3.0,1.0,-3.0,1.0,3.0,0.0,163.42349026485005,G2,P0,valid,valid,zone_A,zone_A,True,0,2.0,2.0,0.0,2,False,True,
002_Et_H_CO_H,S3_separate_events,236,UCI309_laboratory,simulation,-3.0,1.0,-3.0,1.0,3.0,0.0,163.76073564458835,G2,P0,valid,valid,zone_A,zone_A,True,0,2.0,2.0,0.0,2,False,True,
002_Et_H_CO_H,S3_separate_events,237,UCI309_laboratory,simulation,-3.0,1.0,-3.0,1.0,3.0,0.0,162.9738297585323,G2,P0,valid,valid,zone_A,zone_A,True,0,2.0,2.0,0.0,2,False,True,
002_Et_H_CO_H,S3_separate_events,238,UCI309_laboratory,simulation,-3.0,1.0,-3.0,1.0,3.0,0.0,161.96209361931741,G2,P0,valid,valid,zone_A,zone_A,True,0,2.0,2.0,0.0,2,False,True,
002_Et_H_CO_H,S3_separate_events,239,UCI309_laboratory,simulation,-3.0,1.0,-3.0,1.0,3.0,0.0,161.1751877332614,G2,P0,valid,valid,zone_A,zone_A,True,0,2.0,2.0,0.0,2,False,True,
002_Et_H_CO_H,S3_separate_events,240,UCI309_laboratory,simulation,-3.0,1.0,-3.0,1.0,3.0,0.0,161.40001798642027,G2,P0,valid,valid,zone_A,zone_A,True,0,2.0,2.0,0.0,2,False,True,
002_Et_H_CO_H,S4_gas_dropout,26,UCI309_laboratory,simulation,-3.0,1.0,-3.0,1.0,3.0,0.0,1.1846824877986353,G0,P0,valid,valid,zone_A,zone_A,True,0,0.0,0.0,0.0,0,False,True,
002_Et_H_CO_H,S4_gas_dropout,27,UCI309_laboratory,simulation,-3.0,1.0,-3.0,1.0,3.0,0.0,0.9598522346397701,G0,P0,valid,valid,zone_A,zone_A,True,0,0.0,0.0,0.0,0,False,True,
002_Et_H_CO_H,S4_gas_dropout,28,UCI309_laboratory,simulation,-3.0,1.0,-3.0,1.0,3.0,0.0,1.011736139214893,G0,P0,valid,valid,zone_A,zone_A,True,0,0.0,0.0,0.0,0,False,True,
002_Et_H_CO_H,S4_gas_dropout,29,UCI309_laboratory,simulation,-3.0,1.0,-3.0,1.0,3.0,0.0,1.011736139214893,G0,P0,valid,valid,zone_A,zone_A,True,0,0.0,0.0,0.0,0,False,True,
002_Et_H_CO_H,S4_gas_dropout,30,UCI309_laboratory,simulation,-3.0,1.0,-3.0,1.0,3.0,0.0,1.1241512657943253,G0,P0,valid,valid,zone_A,zone_A,True,0,0.0,0.0,0.0,0,False,True,
002_Et_H_CO_H,S4_gas_dropout,31,UCI309_laboratory,simulation,-3.0,1.0,-3.0,1.0,3.0,0.0,1.1241512657943253,G0,P0,valid,valid,zone_A,zone_A,True,0,0.0,0.0,0.0,0,False,True,
002_Et_H_CO_H,S4_gas_dropout,32,UCI309_laboratory,simulation,-3.0,1.0,-3.0,1.0,3.0,0.0,0.9555285759251766,G0,P0,valid,valid,zone_A,zone_A,True,0,0.0,0.0,0.0,0,False,True,
002_Et_H_CO_H,S4_gas_dropout,33,UCI309_laboratory,simulation,-3.0,1.0,-3.0,1.0,3.0,0.0,0.9555285759251766,G0,P0,valid,valid,zone_A,zone_A,True,0,0.0,0.0,0.0,0,False,True,
002_Et_H_CO_H,S4_gas_dropout,34,UCI309_laboratory,simulation,-3.0,1.0,-3.0,1.0,3.0,0.0,0.7869058860560277,G0,P0,valid,valid,zone_A,zone_A,True,0,0.0,0.0,0.0,0,False,True,
002_Et_H_CO_H,S4_gas_dropout,35,UCI309_laboratory,simulation,-3.0,1.0,-3.0,1.0,3.0,0.0,0.9555285759251766,G0,P0,valid,valid,zone_A,zone_A,True,0,0.0,0.0,0.0,0,False,True,
002_Et_H_CO_H,S4_gas_dropout,36,UCI309_laboratory,simulation,-3.0,1.0,-3.0,1.0,3.0,0.0,1.011736139214893,G0,P0,valid,valid,zone_A,zone_A,True,0,0.0,0.0,0.0,0,False,True,
002_Et_H_CO_H,S4_gas_dropout,37,UCI309_laboratory,simulation,-3.0,1.0,-3.0,1.0,3.0,0.0,0.7869058860560277,G0,P0,valid,valid,zone_A,zone_A,True,0,0.0,0.0,0.0,0,False,True,
002_Et_H_CO_H,S4_gas_dropout,38,UCI309_laboratory,simulation,-3.0,1.0,-3.0,1.0,3.0,0.0,0.7869058860560277,G0,P0,valid,valid,zone_A,zone_A,True,0,0.0,0.0,0.0,0,False,True,
002_Et_H_CO_H,S4_gas_dropout,39,UCI309_laboratory,simulation,-3.0,1.0,-3.0,1.0,3.0,0.0,1.011736139214893,G0,P0,valid,valid,zone_A,zone_A,True,0,0.0,0.0,0.0,0,False,True,
002_Et_H_CO_H,S4_gas_dropout,40,UCI309_laboratory,simulation,-3.0,1.0,-3.0,1.0,3.0,0.0,1.011736139214893,G0,P0,valid,valid,zone_A,zone_A,True,0,0.0,0.0,0.0,0,False,True,
002_Et_H_CO_H,S4_gas_dropout,41,UCI309_laboratory,simulation,-3.0,1.0,-3.0,1.0,3.0,0.0,1.1241512657943253,G0,P0,valid,valid,zone_A,zone_A,True,0,0.0,0.0,0.0,0,False,True,
002_Et_H_CO_H,S4_gas_dropout,42,UCI309_laboratory,simulation,-3.0,1.0,-3.0,1.0,3.0,0.0,1.0679437025046092,G0,P0,valid,valid,zone_A,zone_A,True,0,0.0,0.0,0.0,0,False,True,
002_Et_H_CO_H,S4_gas_dropout,43,UCI309_laboratory,simulation,-3.0,1.0,-3.0,1.0,3.0,0.0,1.1241512657943253,G0,P0,valid,valid,zone_A,zone_A,True,0,0.0,0.0,0.0,0,False,True,
002_Et_H_CO_H,S4_gas_dropout,44,UCI309_laboratory,simulation,-3.0,1.0,-3.0,1.0,3.0,0.0,0.8993210126354603,G0,P0,valid,valid,zone_A,zone_A,True,0,0.0,0.0,0.0,0,False,True,
002_Et_H_CO_H,S4_gas_dropout,45,UCI309_laboratory,simulation,-3.0,1.0,-3.0,1.0,3.0,0.0,1.0960474841494672,G0,P0,valid,valid,zone_A,zone_A,True,0,0.0,0.0,0.0,0,False,True,
002_Et_H_CO_H,S4_gas_dropout,46,UCI309_laboratory,simulation,-3.0,1.0,-3.0,1.0,3.0,0.0,1.0960474841494672,G0,P0,valid,valid,zone_A,zone_A,True,0,0.0,0.0,0.0,0,False,True,
002_Et_H_CO_H,S4_gas_dropout,47,UCI309_laboratory,simulation,-3.0,1.0,-3.0,1.0,3.0,0.0,1.0960474841494672,G0,P0,valid,valid,zone_A,zone_A,True,0,0.0,0.0,0.0,0,False,True,
002_Et_H_CO_H,S4_gas_dropout,48,UCI309_laboratory,simulation,-3.0,1.0,-3.0,1.0,3.0,0.0,0.8431134493457441,G0,P0,valid,valid,zone_A,zone_A,True,0,0.0,0.0,0.0,0,False,True,
002_Et_H_CO_H,S4_gas_dropout,49,UCI309_laboratory,simulation,-3.0,1.0,-3.0,1.0,3.0,0.0,0.8431134493457441,G0,P0,valid,valid,zone_A,zone_A,True,0,0.0,0.0,0.0,0,False,True,
002_Et_H_CO_H,S4_gas_dropout,50,UCI309_laboratory,simulation,-3.0,1.0,-3.0,1.0,3.0,0.0,1.0960474841494672,G0,P0,valid,valid,zone_A,zone_A,True,0,0.0,0.0,0.0,0,False,True,
002_Et_H_CO_H,S4_gas_dropout,51,UCI309_laboratory,simulation,-3.0,1.0,-3.0,1.0,3.0,0.0,0.7869058860560277,G0,P0,valid,valid,zone_A,zone_A,True,0,0.0,0.0,0.0,0,False,True,
002_Et_H_CO_H,S4_gas_dropout,52,UCI309_laboratory,simulation,-3.0,1.0,-3.0,1.0,3.0,0.0,1.0960474841494672,G0,P0,valid,valid,zone_A,zone_A,True,0,0.0,0.0,0.0,0,False,True,
002_Et_H_CO_H,S4_gas_dropout,53,UCI309_laboratory,simulation,-3.0,1.0,-3.0,1.0,3.0,0.0,0.8712172309906021,G0,P0,valid,valid,zone_A,zone_A,True,0,0.0,0.0,0.0,0,False,True,
002_Et_H_CO_H,S4_gas_dropout,54,UCI309_laboratory,simulation,-3.0,1.0,-3.0,1.0,3.0,0.0,1.011736139214893,G0,P0,valid,valid,zone_A,zone_A,True,0,0.0,0.0,0.0,0,False,True,
002_Et_H_CO_H,S4_gas_dropout,55,UCI309_laboratory,simulation,-3.0,1.0,-3.0,1.0,3.0,0.0,0.7588021044111697,G0,P0,valid,valid,zone_A,zone_A,True,0,0.0,0.0,0.0,0,False,True,
002_Et_H_CO_H,S4_gas_dropout,56,UCI309_laboratory,simulation,-3.0,1.0,-3.0,1.0,3.0,0.0,0.6744907594765952,G0,P0,valid,valid,zone_A,zone_A,True,0,0.0,0.0,0.0,0,False,True,
002_Et_H_CO_H,S4_gas_dropout,57,UCI309_laboratory,simulation,-3.0,1.0,-3.0,1.0,3.0,0.0,0.8712172309906021,G0,P0,valid,valid,zone_A,zone_A,True,0,0.0,0.0,0.0,0,False,True,
002_Et_H_CO_H,S4_gas_dropout,58,UCI309_laboratory,simulation,-3.0,1.0,-3.0,1.0,3.0,0.0,0.7588021044111697,G0,P0,valid,valid,zone_A,zone_A,True,0,0.0,0.0,0.0,0,False,True,
002_Et_H_CO_H,S4_gas_dropout,59,UCI309_laboratory,simulation,-3.0,1.0,-3.0,1.0,3.0,0.0,0.8712172309906021,G0,P0,valid,valid,zone_A,zone_A,True,0,0.0,0.0,0.0,0,False,True,
002_Et_H_CO_H,S4_gas_dropout,60,UCI309_laboratory,simulation,-3.0,1.0,-3.0,1.0,3.0,0.0,0.9555285759251766,G0,P0,valid,valid,zone_A,zone_A,True,0,0.0,0.0,0.0,0,False,True,
002_Et_H_CO_H,S4_gas_dropout,61,UCI309_laboratory,simulation,-3.0,1.0,-3.0,1.0,3.0,0.0,0.7869058860560277,G0,P0,valid,valid,zone_A,zone_A,True,0,0.0,0.0,0.0,0,False,True,
002_Et_H_CO_H,S4_gas_dropout,62,UCI309_laboratory,simulation,-3.0,1.0,-3.0,1.0,3.0,0.0,0.8712172309906021,G0,P0,valid,valid,zone_A,zone_A,True,0,0.0,0.0,0.0,0,False,True,
002_Et_H_CO_H,S4_gas_dropout,63,UCI309_laboratory,simulation,-3.0,1.0,-3.0,1.0,3.0,0.0,0.8712172309906021,G0,P0,valid,valid,zone_A,zone_A,True,0,0.0,0.0,0.0,0,False,True,
002_Et_H_CO_H,S4_gas_dropout,64,UCI309_laboratory,simulation,-3.0,1.0,-3.0,1.0,3.0,0.0,1.4332928638877647,G0,P0,valid,valid,zone_A,zone_A,True,0,0.0,0.0,0.0,0,False,True,
002_Et_H_CO_H,S4_gas_dropout,65,UCI309_laboratory,simulation,-3.0,1.0,-3.0,1.0,3.0,0.0,1.011736139214893,G0,P0,valid,valid,zone_A,zone_A,True,0,0.0,0.0,0.0,0,False,True,
002_Et_H_CO_H,S4_gas_dropout,66,UCI309_laboratory,simulation,-3.0,1.0,-3.0,1.0,3.0,0.0,1.3208777373083322,G0,P0,valid,valid,zone_A,zone_A,True,0,0.0,0.0,0.0,0,False,True,
002_Et_H_CO_H,S4_gas_dropout,67,UCI309_laboratory,simulation,-3.0,1.0,-3.0,1.0,3.0,0.0,0.7869058860560277,G0,P0,valid,valid,zone_A,zone_A,True,0,0.0,0.0,0.0,0,False,True,
002_Et_H_CO_H,S4_gas_dropout,68,UCI309_laboratory,simulation,-3.0,1.0,-3.0,1.0,3.0,0.0,1.011736139214893,G0,P0,valid,valid,zone_A,zone_A,True,0,0.0,0.0,0.0,0,False,True,
002_Et_H_CO_H,S4_gas_dropout,69,UCI309_laboratory,simulation,-3.0,1.0,-3.0,1.0,3.0,0.0,1.011736139214893,G0,P0,valid,valid,zone_A,zone_A,True,0,0.0,0.0,0.0,0,False,True,
002_Et_H_CO_H,S4_gas_dropout,70,UCI309_laboratory,simulation,-3.0,1.0,-3.0,1.0,3.0,0.0,1.4332928638877647,G0,P0,valid,valid,zone_A,zone_A,True,0,0.0,0.0,0.0,0,False,True,
002_Et_H_CO_H,S4_gas_dropout,71,UCI309_laboratory,simulation,-2.861111111111111,1.0,-2.861111111111111,1.0,2.861111111111111,0.0,1.011736139214893,G0,P0,valid,valid,zone_A,zone_A,True,0,0.0,0.0,0.0,0,False,True,
002_Et_H_CO_H,S4_gas_dropout,72,UCI309_laboratory,simulation,-2.7222222222222223,1.0,-2.7222222222222223,1.0,2.7222222222222223,0.0,1.0960474841494672,G0,P0,valid,valid,zone_A,zone_A,True,0,0.0,0.0,0.0,0,False,True,
002_Et_H_CO_H,S4_gas_dropout,73,UCI309_laboratory,simulation,-2.5833333333333335,1.0,-2.5833333333333335,1.0,2.5833333333333335,0.0,1.3489815189531904,G0,P0,valid,valid,zone_A,zone_A,True,0,0.0,0.0,0.0,0,False,True,
002_Et_H_CO_H,S4_gas_dropout,74,UCI309_laboratory,simulation,-2.4444444444444446,1.0,-2.4444444444444446,1.0,2.4444444444444446,0.0,1.5738117721120555,G0,P0,valid,valid,zone_A,zone_A,True,0,0.0,0.0,0.0,0,False,True,
002_Et_H_CO_H,S4_gas_dropout,75,UCI309_laboratory,simulation,-2.3055555555555554,1.0,-2.3055555555555554,1.0,2.3055555555555554,0.0,1.2365663923737578,G0,P0,valid,valid,zone_A,zone_A,True,0,0.0,0.0,0.0,0,False,True,
002_Et_H_CO_H,S4_gas_dropout,76,UCI309_laboratory,simulation,-2.166666666666667,1.0,-2.166666666666667,1.0,2.166666666666667,0.0,3.260038670803543,G0,P0,valid,valid,zone_A,zone_A,True,0,0.0,0.0,0.0,0,False,True,
002_Et_H_CO_H,S4_gas_dropout,77,UCI309_laboratory,simulation,-2.0277777777777777,1.0,-2.0277777777777777,1.0,2.0277777777777777,0.0,4.695493364048605,G0,P0,valid,valid,zone_A,zone_A,True,0,0.0,0.0,0.0,0,False,True,
002_Et_H_CO_H,S4_gas_dropout,78,UCI309_laboratory,simulation,-1.8888888888888888,1.0,-1.8888888888888888,1.0,1.8888888888888888,0.0,6.4076622150276545,G1,P0,valid,valid,zone_A,zone_A,True,0,1.0,1.0,0.0,1,False,True,
002_Et_H_CO_H,S4_gas_dropout,79,UCI309_laboratory,simulation,-1.75,1.0,-1.75,1.0,1.75,0.0,8.768379873195737,G1,P0,valid,valid,zone_A,zone_A,True,0,1.0,1.0,0.0,1,False,True,
002_Et_H_CO_H,S4_gas_dropout,80,UCI309_laboratory,simulation,-1.6111111111111112,1.0,-1.6111111111111112,1.0,1.6111111111111112,0.0,11.916003417419848,G2,P0,valid,valid,zone_A,zone_A,True,0,2.0,2.0,0.0,2,False,True,
002_Et_H_CO_H,S4_gas_dropout,81,UCI309_laboratory,simulation,-1.472222222222222,1.0,-1.472222222222222,1.0,1.472222222222222,0.0,15.007419398354243,G2,P0,valid,valid,zone_A,zone_A,True,0,2.0,2.0,0.0,2,False,True,
002_Et_H_CO_H,S4_gas_dropout,82,UCI309_laboratory,simulation,-1.3333333333333335,1.0,-1.3333333333333335,1.0,1.3333333333333335,0.0,18.098835379288637,G2,P0,valid,valid,zone_A,zone_A,True,0,2.0,2.0,0.0,2,False,True,
002_Et_H_CO_H,S4_gas_dropout,83,UCI309_laboratory,simulation,-1.1944444444444444,1.0,-1.1944444444444444,1.0,1.1944444444444444,0.0,20.290930347587572,G2,P0,valid,valid,zone_A,zone_A,True,0,2.0,2.0,0.0,2,False,True,
002_Et_H_CO_H,S4_gas_dropout,84,UCI309_laboratory,simulation,-1.0555555555555556,1.0,-1.0555555555555556,1.0,1.0555555555555556,0.0,22.932685822204235,G2,P0,valid,valid,zone_A,zone_A,True,0,2.0,2.0,0.0,2,False,True,
002_Et_H_CO_H,S4_gas_dropout,85,UCI309_laboratory,simulation,-0.9166666666666665,1.0,-0.9166666666666665,1.0,0.9166666666666665,0.0,26.024101803138635,G2,P1,valid,valid,zone_A,zone_A,True,0,3.0,2.0,1.0,2,False,True,
002_Et_H_CO_H,S4_gas_dropout,86,UCI309_laboratory,simulation,-0.7777777777777777,1.0,-0.7777777777777777,1.0,0.7777777777777777,0.0,30.68932955618508,G2,P1,valid,valid,zone_A,zone_A,True,0,3.0,2.0,1.0,2,False,True,
002_Et_H_CO_H,S4_gas_dropout,87,UCI309_laboratory,simulation,-0.6388888888888888,1.0,-0.6388888888888888,1.0,0.6388888888888888,0.0,35.29834974594181,G2,P1,valid,valid,zone_A,zone_A,True,0,3.0,2.0,1.0,2,False,True,
002_Et_H_CO_H,S4_gas_dropout,88,UCI309_laboratory,simulation,-0.5,1.0,-0.5,1.0,0.5,0.0,40.919106074913444,G2,P1,valid,valid,zone_A,zone_A,True,0,3.0,2.0,1.0,2,False,True,
002_Et_H_CO_H,S4_gas_dropout,89,UCI309_laboratory,simulation,-0.4,1.0,-0.4,1.0,0.4,0.0,47.55159854309996,G2,P1,valid,valid,zone_A,zone_A,True,0,3.0,2.0,1.0,2,False,True,
002_Et_H_CO_H,S4_gas_dropout,90,UCI309_laboratory,simulation,-0.3,1.0,-0.3,1.0,0.3,0.0,52.497864112594996,G2,P1,valid,valid,zone_A,zone_A,True,0,3.0,2.0,1.0,2,False,True,
002_Et_H_CO_H,S4_gas_dropout,91,UCI309_laboratory,simulation,-0.2,1.0,-0.2,1.0,0.2,0.0,56.657223796033996,G2,P1,valid,valid,zone_A,zone_A,True,0,3.0,2.0,1.0,2,False,True,
002_Et_H_CO_H,S4_gas_dropout,92,UCI309_laboratory,simulation,-0.09999999999999998,1.0,-0.09999999999999998,1.0,0.09999999999999998,0.0,62.390395251585055,G2,P1,valid,valid,zone_A,zone_A,True,0,3.0,2.0,1.0,2,False,True,
002_Et_H_CO_H,S4_gas_dropout,93,UCI309_laboratory,simulation,0.0,1.0,0.0,1.0,-0.0,0.0,67.22424569450065,G2,P2,valid,valid,zone_A,zone_A,True,0,3.0,2.0,2.0,2,False,True,
002_Et_H_CO_H,S4_gas_dropout,94,UCI309_laboratory,simulation,0.09999999999999998,1.0,0.09999999999999998,1.0,-0.09999999999999998,0.0,72.28292639057511,G2,P2,valid,valid,zone_A,zone_A,True,0,3.0,2.0,2.0,2,False,True,
002_Et_H_CO_H,S4_gas_dropout,95,UCI309_laboratory,simulation,0.19999999999999996,1.0,0.19999999999999996,1.0,-0.19999999999999996,0.0,75.65538018795809,G2,P2,valid,valid,zone_A,zone_A,True,0,3.0,2.0,2.0,2,False,True,
002_Et_H_CO_H,S4_gas_dropout,96,UCI309_laboratory,simulation,0.30000000000000004,1.0,0.30000000000000004,1.0,-0.30000000000000004,0.0,79.36507936507937,G2,P2,valid,valid,zone_A,zone_A,True,0,3.0,2.0,2.0,2,False,True,
002_Et_H_CO_H,S4_gas_dropout,97,UCI309_laboratory,simulation,0.4,1.0,0.4,1.0,-0.4,0.0,83.2996087953595,G2,P2,valid,valid,zone_A,zone_A,True,0,3.0,2.0,2.0,2,False,True,
002_Et_H_CO_H,S4_gas_dropout,98,UCI309_laboratory,simulation,0.5,1.0,0.5,1.0,-0.5,0.0,87.57138360537795,G2,P2,valid,valid,zone_A,zone_A,True,0,3.0,2.0,2.0,2,False,True,
002_Et_H_CO_H,S4_gas_dropout,99,UCI309_laboratory,simulation,0.5,1.0,0.5,1.0,-0.5,0.0,92.06798866855524,G2,P2,valid,valid,zone_A,zone_A,True,0,3.0,2.0,2.0,2,False,True,
002_Et_H_CO_H,S4_gas_dropout,100,UCI309_laboratory,simulation,0.5,1.0,0.5,1.0,-0.5,0.0,97.01425423805027,unknown,P2,simulated_dropout,valid,zone_A,zone_A,True,0,,,2.0,2,True,False,gas_simulated_dropout
002_Et_H_CO_H,S4_gas_dropout,101,UCI309_laboratory,simulation,0.5,1.0,0.5,1.0,-0.5,0.0,101.51085930122757,unknown,P2,simulated_dropout,valid,zone_A,zone_A,True,0,,,2.0,2,True,False,gas_simulated_dropout
002_Et_H_CO_H,S4_gas_dropout,102,UCI309_laboratory,simulation,0.5,1.0,0.5,1.0,-0.5,0.0,105.4453887315077,unknown,P2,simulated_dropout,valid,zone_A,zone_A,True,0,,,2.0,2,True,False,gas_simulated_dropout
002_Et_H_CO_H,S4_gas_dropout,103,UCI309_laboratory,simulation,0.5,1.0,0.5,1.0,-0.5,0.0,108.36818202257295,unknown,P2,simulated_dropout,valid,zone_A,zone_A,True,0,,,2.0,2,True,False,gas_simulated_dropout
002_Et_H_CO_H,S4_gas_dropout,104,UCI309_laboratory,simulation,0.5,1.0,0.5,1.0,-0.5,0.0,111.6282206933765,unknown,P2,simulated_dropout,valid,zone_A,zone_A,True,0,,,2.0,2,True,False,gas_simulated_dropout
002_Et_H_CO_H,S4_gas_dropout,105,UCI309_laboratory,simulation,0.5,1.0,0.5,1.0,-0.5,0.0,114.43859885786232,unknown,P2,simulated_dropout,valid,zone_A,zone_A,True,0,,,2.0,2,True,False,gas_simulated_dropout
002_Et_H_CO_H,S4_gas_dropout,106,UCI309_laboratory,simulation,0.5,1.0,0.5,1.0,-0.5,0.0,118.82278879446018,unknown,P2,simulated_dropout,valid,zone_A,zone_A,True,0,,,2.0,2,True,False,gas_simulated_dropout
002_Et_H_CO_H,S4_gas_dropout,107,UCI309_laboratory,simulation,0.5,1.0,0.5,1.0,-0.5,0.0,123.31939385763748,unknown,P2,simulated_dropout,valid,zone_A,zone_A,True,0,,,2.0,2,True,False,gas_simulated_dropout
002_Et_H_CO_H,S4_gas_dropout,108,UCI309_laboratory,simulation,0.5,1.0,0.5,1.0,-0.5,0.0,126.69184765502045,unknown,P2,simulated_dropout,valid,zone_A,zone_A,True,0,,,2.0,2,True,False,gas_simulated_dropout
002_Et_H_CO_H,S4_gas_dropout,109,UCI309_laboratory,simulation,0.5,1.0,0.5,1.0,-0.5,0.0,128.94015018660912,unknown,P2,simulated_dropout,valid,zone_A,zone_A,True,0,,,2.0,2,True,False,gas_simulated_dropout
002_Et_H_CO_H,S4_gas_dropout,110,UCI309_laboratory,simulation,0.5,1.0,0.5,1.0,-0.5,0.0,130.17671657898285,G1,P2,valid,valid,zone_A,zone_A,True,0,2.0,1.0,2.0,2,False,True,
002_Et_H_CO_H,S4_gas_dropout,111,UCI309_laboratory,simulation,0.5,1.0,0.5,1.0,-0.5,0.0,131.3008678447772,G1,P2,valid,valid,zone_A,zone_A,True,0,2.0,1.0,2.0,2,False,True,
002_Et_H_CO_H,S4_gas_dropout,112,UCI309_laboratory,simulation,0.5,1.0,0.5,1.0,-0.5,0.0,133.21192499662754,G2,P2,valid,valid,zone_A,zone_A,True,0,3.0,2.0,2.0,2,False,True,
002_Et_H_CO_H,S4_gas_dropout,113,UCI309_laboratory,simulation,0.5,1.0,0.5,1.0,-0.5,0.0,134.78573676873958,G2,P2,valid,valid,zone_A,zone_A,True,0,3.0,2.0,2.0,2,False,True,
002_Et_H_CO_H,S4_gas_dropout,114,UCI309_laboratory,simulation,0.5,1.0,0.5,1.0,-0.5,0.0,136.69679392058995,G2,P2,valid,valid,zone_A,zone_A,True,0,3.0,2.0,2.0,2,False,True,
002_Et_H_CO_H,S4_gas_dropout,115,UCI309_laboratory,simulation,0.5,1.0,0.5,1.0,-0.5,0.0,138.4954359458609,G2,P2,valid,valid,zone_A,zone_A,True,0,3.0,2.0,2.0,2,False,True,
002_Et_H_CO_H,S4_gas_dropout,116,UCI309_laboratory,simulation,0.5,1.0,0.5,1.0,-0.5,0.0,139.9568325913935,G2,P2,valid,valid,zone_A,zone_A,True,0,3.0,2.0,2.0,2,False,True,
002_Et_H_CO_H,S4_gas_dropout,117,UCI309_laboratory,simulation,0.5,1.0,0.5,1.0,-0.5,0.0,141.19339898376728,G2,P2,valid,valid,zone_A,zone_A,True,0,3.0,2.0,2.0,2,False,True,
002_Et_H_CO_H,S4_gas_dropout,118,UCI309_laboratory,simulation,0.5,1.0,0.5,1.0,-0.5,0.0,141.75547461666443,G2,P2,valid,valid,zone_A,zone_A,True,0,3.0,2.0,2.0,2,False,True,
002_Et_H_CO_H,S4_gas_dropout,119,UCI309_laboratory,simulation,0.5,1.0,0.5,1.0,-0.5,0.0,142.429965376141,G2,P2,valid,valid,zone_A,zone_A,True,0,3.0,2.0,2.0,2,False,True,
002_Et_H_CO_H,S4_gas_dropout,120,UCI309_laboratory,simulation,0.5,1.0,0.5,1.0,-0.5,0.0,144.34102252799136,G2,P2,valid,valid,zone_A,zone_A,True,0,3.0,2.0,2.0,2,False,True,
002_Et_H_CO_H,S4_gas_dropout,121,UCI309_laboratory,simulation,0.5,1.0,0.5,1.0,-0.5,0.0,147.26381581905662,G2,P2,valid,valid,zone_A,zone_A,True,0,3.0,2.0,2.0,2,False,True,
002_Et_H_CO_H,S4_gas_dropout,122,UCI309_laboratory,simulation,0.5,1.0,0.5,1.0,-0.5,0.0,149.73694860380414,G2,P2,valid,valid,zone_A,zone_A,True,0,3.0,2.0,2.0,2,False,True,
002_Et_H_CO_H,S4_gas_dropout,123,UCI309_laboratory,simulation,0.5,1.0,0.5,1.0,-0.5,0.0,150.97351499617787,G2,P2,valid,valid,zone_A,zone_A,True,0,3.0,2.0,2.0,2,False,True,
002_Et_H_CO_H,S4_gas_dropout,124,UCI309_laboratory,simulation,0.5,1.0,0.5,1.0,-0.5,0.0,151.4231755024956,G2,P2,valid,valid,zone_A,zone_A,True,0,3.0,2.0,2.0,2,False,True,
002_Et_H_CO_H,S4_gas_dropout,125,UCI309_laboratory,simulation,0.5,1.0,0.5,1.0,-0.5,0.0,150.86109986959846,G2,P2,valid,valid,zone_A,zone_A,True,0,3.0,2.0,2.0,2,False,True,
002_Et_H_CO_H,S4_gas_dropout,126,UCI309_laboratory,simulation,0.32499999999999996,1.0,0.32499999999999996,1.0,-0.32499999999999996,0.0,150.86109986959846,G2,P2,valid,valid,zone_A,zone_A,True,0,3.0,2.0,2.0,2,False,True,
002_Et_H_CO_H,S4_gas_dropout,127,UCI309_laboratory,simulation,0.14999999999999997,1.0,0.14999999999999997,1.0,-0.14999999999999997,0.0,150.18660911012188,G2,P2,valid,valid,zone_A,zone_A,True,0,3.0,2.0,2.0,2,False,True,
002_Et_H_CO_H,S4_gas_dropout,128,UCI309_laboratory,simulation,-0.025000000000000022,1.0,-0.025000000000000022,1.0,0.025000000000000022,0.0,149.6245334772247,G2,P1,valid,valid,zone_A,zone_A,True,0,3.0,2.0,1.0,2,False,True,
002_Et_H_CO_H,S4_gas_dropout,129,UCI309_laboratory,simulation,-0.20000000000000007,1.0,-0.20000000000000007,1.0,0.20000000000000007,0.0,149.06245784432753,G2,P1,valid,valid,zone_A,zone_A,True,0,3.0,2.0,1.0,2,False,True,
002_Et_H_CO_H,S4_gas_dropout,130,UCI309_laboratory,simulation,-0.375,1.0,-0.375,1.0,0.375,0.0,149.6245334772247,G2,P1,valid,valid,zone_A,zone_A,True,0,3.0,2.0,1.0,2,False,True,
002_Et_H_CO_H,S4_gas_dropout,131,UCI309_laboratory,simulation,-0.55,1.0,-0.55,1.0,0.55,0.0,151.31076037591617,G2,P1,valid,valid,zone_A,zone_A,True,0,3.0,2.0,1.0,2,False,True,
002_Et_H_CO_H,S4_gas_dropout,132,UCI309_laboratory,simulation,-0.7249999999999999,1.0,-0.7249999999999999,1.0,0.7249999999999999,0.0,155.1328746796169,G2,P1,valid,valid,zone_A,zone_A,True,0,3.0,2.0,1.0,2,False,True,
002_Et_H_CO_H,S4_gas_dropout,133,UCI309_laboratory,simulation,-0.9000000000000001,1.0,-0.9000000000000001,1.0,0.9000000000000001,0.0,159.17981923647648,G2,P1,valid,valid,zone_A,zone_A,True,0,3.0,2.0,1.0,2,False,True,
002_Et_H_CO_H,S4_gas_dropout,134,UCI309_laboratory,simulation,-1.075,1.0,-1.075,1.0,1.075,0.0,160.95035748010253,G2,P0,valid,valid,zone_A,zone_A,True,0,2.0,2.0,0.0,2,False,True,
002_Et_H_CO_H,S4_gas_dropout,135,UCI309_laboratory,simulation,-1.25,1.0,-1.25,1.0,1.25,0.0,162.243131435766,G2,P0,valid,valid,zone_A,zone_A,True,0,2.0,2.0,0.0,2,False,True,
002_Et_H_CO_H,S4_gas_dropout,136,UCI309_laboratory,simulation,-1.4250000000000003,1.0,-1.4250000000000003,1.0,1.4250000000000003,0.0,162.07450874589685,G2,P0,valid,valid,zone_A,zone_A,True,0,2.0,2.0,0.0,2,False,True,
002_Et_H_CO_H,S4_gas_dropout,137,UCI309_laboratory,simulation,-1.6,1.0,-1.6,1.0,1.6,0.0,161.06277260668196,G2,P0,valid,valid,zone_A,zone_A,True,0,2.0,2.0,0.0,2,False,True,
002_Et_H_CO_H,S4_gas_dropout,138,UCI309_laboratory,simulation,-1.775,1.0,-1.775,1.0,1.775,0.0,159.7137910877288,G2,P0,valid,valid,zone_A,zone_A,True,0,2.0,2.0,0.0,2,False,True,
002_Et_H_CO_H,S4_gas_dropout,139,UCI309_laboratory,simulation,-1.9499999999999997,1.0,-1.9499999999999997,1.0,1.9499999999999997,0.0,158.92688520167275,G2,P0,valid,valid,zone_A,zone_A,True,0,2.0,2.0,0.0,2,False,True,
002_Et_H_CO_H,S4_gas_dropout,140,UCI309_laboratory,simulation,-2.125,1.0,-2.125,1.0,2.125,0.0,158.1399793156167,G2,P0,valid,valid,zone_A,zone_A,True,0,2.0,2.0,0.0,2,False,True,
002_Et_H_CO_H,S4_gas_dropout,141,UCI309_laboratory,simulation,-2.3000000000000003,1.0,-2.3000000000000003,1.0,2.3000000000000003,0.0,158.36480956877557,G2,P0,valid,valid,zone_A,zone_A,True,0,2.0,2.0,0.0,2,False,True,
002_Et_H_CO_H,S4_gas_dropout,142,UCI309_laboratory,simulation,-2.475,1.0,-2.475,1.0,2.475,0.0,158.8144700750933,G2,P0,valid,valid,zone_A,zone_A,True,0,2.0,2.0,0.0,2,False,True,
002_Et_H_CO_H,S4_gas_dropout,143,UCI309_laboratory,simulation,-2.65,1.0,-2.65,1.0,2.65,0.0,159.3765457079905,G2,P0,valid,valid,zone_A,zone_A,True,0,2.0,2.0,0.0,2,False,True,
002_Et_H_CO_H,S4_gas_dropout,144,UCI309_laboratory,simulation,-2.8249999999999997,1.0,-2.8249999999999997,1.0,2.8249999999999997,0.0,159.8262062143082,G2,P0,valid,valid,zone_A,zone_A,True,0,2.0,2.0,0.0,2,False,True,
002_Et_H_CO_H,S4_gas_dropout,145,UCI309_laboratory,simulation,-3.0,1.0,-3.0,1.0,3.0,0.0,159.26413058141105,G2,P0,valid,valid,zone_A,zone_A,True,0,2.0,2.0,0.0,2,False,True,
002_Et_H_CO_H,S4_gas_dropout,146,UCI309_laboratory,simulation,-3.0,1.0,-3.0,1.0,3.0,0.0,158.92688520167275,G2,P0,valid,valid,zone_A,zone_A,True,0,2.0,2.0,0.0,2,False,True,
002_Et_H_CO_H,S4_gas_dropout,147,UCI309_laboratory,simulation,-3.0,1.0,-3.0,1.0,3.0,0.0,158.9549889833176,G2,P0,valid,valid,zone_A,zone_A,True,0,2.0,2.0,0.0,2,False,True,
002_Et_H_CO_H,S4_gas_dropout,148,UCI309_laboratory,simulation,-3.0,1.0,-3.0,1.0,3.0,0.0,157.9432528441027,G2,P0,valid,valid,zone_A,zone_A,True,0,2.0,2.0,0.0,2,False,True,
002_Et_H_CO_H,S4_gas_dropout,149,UCI309_laboratory,simulation,-3.0,1.0,-3.0,1.0,3.0,0.0,157.49359233778497,G2,P0,valid,valid,zone_A,zone_A,True,0,2.0,2.0,0.0,2,False,True,
002_Et_H_CO_H,S4_gas_dropout,150,UCI309_laboratory,simulation,-3.0,1.0,-3.0,1.0,3.0,0.0,156.59427132514952,G2,P0,valid,valid,zone_A,zone_A,True,0,2.0,2.0,0.0,2,False,True,
002_Et_H_CO_H,S4_gas_dropout,151,UCI309_laboratory,simulation,-3.0,1.0,-3.0,1.0,3.0,0.0,157.38117721120554,G2,P0,valid,valid,zone_A,zone_A,True,0,2.0,2.0,0.0,2,False,True,
002_Et_H_CO_H,S4_gas_dropout,152,UCI309_laboratory,simulation,-3.0,1.0,-3.0,1.0,3.0,0.0,159.40464948963535,G2,P0,valid,valid,zone_A,zone_A,True,0,2.0,2.0,0.0,2,False,True,
002_Et_H_CO_H,S4_gas_dropout,153,UCI309_laboratory,simulation,-3.0,1.0,-3.0,1.0,3.0,0.0,162.41175412563516,G2,P0,valid,valid,zone_A,zone_A,True,0,2.0,2.0,0.0,2,False,True,
002_Et_H_CO_H,S4_gas_dropout,154,UCI309_laboratory,simulation,-3.0,1.0,-3.0,1.0,3.0,0.0,163.42349026485005,G2,P0,valid,valid,zone_A,zone_A,True,0,2.0,2.0,0.0,2,False,True,
002_Et_H_CO_H,S4_gas_dropout,155,UCI309_laboratory,simulation,-3.0,1.0,-3.0,1.0,3.0,0.0,163.47969782813976,G2,P0,valid,valid,zone_A,zone_A,True,0,2.0,2.0,0.0,2,False,True,
002_Et_H_CO_H,S4_gas_dropout,156,UCI309_laboratory,simulation,-3.0,1.0,-3.0,1.0,3.0,0.0,163.03003732182202,G2,P0,valid,valid,zone_A,zone_A,True,0,2.0,2.0,0.0,2,False,True,
002_Et_H_CO_H,S4_gas_dropout,157,UCI309_laboratory,simulation,-3.0,1.0,-3.0,1.0,3.0,0.0,161.09087638832682,G2,P0,valid,valid,zone_A,zone_A,True,0,2.0,2.0,0.0,2,False,True,
002_Et_H_CO_H,S4_gas_dropout,158,UCI309_laboratory,simulation,-3.0,1.0,-3.0,1.0,3.0,0.0,158.39291335042043,G2,P0,valid,valid,zone_A,zone_A,True,0,2.0,2.0,0.0,2,False,True,
002_Et_H_CO_H,S4_gas_dropout,159,UCI309_laboratory,simulation,-3.0,1.0,-3.0,1.0,3.0,0.0,156.03219569225234,G2,P0,valid,valid,zone_A,zone_A,True,0,2.0,2.0,0.0,2,False,True,
002_Et_H_CO_H,S4_gas_dropout,160,UCI309_laboratory,simulation,-3.0,1.0,-3.0,1.0,3.0,0.0,153.67147803408426,G2,P0,valid,valid,zone_A,zone_A,True,0,2.0,2.0,0.0,2,False,True,
002_Et_H_CO_H,S4_gas_dropout,161,UCI309_laboratory,simulation,-3.0,1.0,-3.0,1.0,3.0,0.0,151.9852511353928,G2,P0,valid,valid,zone_A,zone_A,True,0,2.0,2.0,0.0,2,False,True,
002_Et_H_CO_H,S4_gas_dropout,162,UCI309_laboratory,simulation,-3.0,1.0,-3.0,1.0,3.0,0.0,151.0859301227573,G2,P0,valid,valid,zone_A,zone_A,True,0,2.0,2.0,0.0,2,False,True,
002_Et_H_CO_H,S4_gas_dropout,163,UCI309_laboratory,simulation,-3.0,1.0,-3.0,1.0,3.0,0.0,149.73694860380414,G2,P0,valid,valid,zone_A,zone_A,True,0,2.0,2.0,0.0,2,False,True,
002_Et_H_CO_H,S4_gas_dropout,164,UCI309_laboratory,simulation,-3.0,1.0,-3.0,1.0,3.0,0.0,147.71347632537436,G2,P0,valid,valid,zone_A,zone_A,True,0,2.0,2.0,0.0,2,False,True,
002_Et_H_CO_H,S4_gas_dropout,165,UCI309_laboratory,simulation,-3.0,1.0,-3.0,1.0,3.0,0.0,145.69000404694455,G2,P0,valid,valid,zone_A,zone_A,True,0,2.0,2.0,0.0,2,False,True,
002_Et_H_CO_H,S4_gas_dropout,166,UCI309_laboratory,simulation,-3.0,1.0,-3.0,1.0,3.0,0.0,144.34102252799136,G2,P0,valid,valid,zone_A,zone_A,True,0,2.0,2.0,0.0,2,False,True,
002_Et_H_CO_H,S4_gas_dropout,167,UCI309_laboratory,simulation,-3.0,1.0,-3.0,1.0,3.0,0.0,143.44170151535593,G2,P0,valid,valid,zone_A,zone_A,True,0,2.0,2.0,0.0,2,False,True,
002_Et_H_CO_H,S4_gas_dropout,168,UCI309_laboratory,simulation,-3.0,1.0,-3.0,1.0,3.0,0.0,143.10445613561762,G2,P0,valid,valid,zone_A,zone_A,True,0,2.0,2.0,0.0,2,False,True,
002_Et_H_CO_H,S4_gas_dropout,169,UCI309_laboratory,simulation,-3.0,1.0,-3.0,1.0,3.0,0.0,143.55411664193534,G2,P0,valid,valid,zone_A,zone_A,True,0,2.0,2.0,0.0,2,False,True,
002_Et_H_CO_H,S4_gas_dropout,170,UCI309_laboratory,simulation,-3.0,1.0,-3.0,1.0,3.0,0.0,144.22860740141192,G2,P0,valid,valid,zone_A,zone_A,True,0,2.0,2.0,0.0,2,False,True,
002_Et_H_CO_H,S4_gas_dropout,171,UCI309_laboratory,simulation,-3.0,1.0,-3.0,1.0,3.0,0.0,145.57758892036514,G2,P0,valid,valid,zone_A,zone_A,True,0,2.0,2.0,0.0,2,False,True,
002_Et_H_CO_H,S4_gas_dropout,172,UCI309_laboratory,simulation,-3.0,1.0,-3.0,1.0,3.0,0.0,146.81415531273888,G2,P0,valid,valid,zone_A,zone_A,True,0,2.0,2.0,0.0,2,False,True,
002_Et_H_CO_H,S4_gas_dropout,173,UCI309_laboratory,simulation,-3.0,1.0,-3.0,1.0,3.0,0.0,147.26381581905662,G2,P0,valid,valid,zone_A,zone_A,True,0,2.0,2.0,0.0,2,False,True,
002_Et_H_CO_H,S4_gas_dropout,174,UCI309_laboratory,simulation,-3.0,1.0,-3.0,1.0,3.0,0.0,148.05072170511266,G2,P0,valid,valid,zone_A,zone_A,True,0,2.0,2.0,0.0,2,False,True,
002_Et_H_CO_H,S4_gas_dropout,175,UCI309_laboratory,simulation,-3.0,1.0,-3.0,1.0,3.0,0.0,148.3879670848509,G2,P0,valid,valid,zone_A,zone_A,True,0,2.0,2.0,0.0,2,False,True,
002_Et_H_CO_H,S4_gas_dropout,176,UCI309_laboratory,simulation,-3.0,1.0,-3.0,1.0,3.0,0.0,149.51211835064527,G2,P0,valid,valid,zone_A,zone_A,True,0,2.0,2.0,0.0,2,False,True,
002_Et_H_CO_H,S4_gas_dropout,177,UCI309_laboratory,simulation,-3.0,1.0,-3.0,1.0,3.0,0.0,150.63626961643956,G2,P0,valid,valid,zone_A,zone_A,True,0,2.0,2.0,0.0,2,False,True,
002_Et_H_CO_H,S4_gas_dropout,178,UCI309_laboratory,simulation,-3.0,1.0,-3.0,1.0,3.0,0.0,151.87283600881335,G2,P0,valid,valid,zone_A,zone_A,True,0,2.0,2.0,0.0,2,False,True,
002_Et_H_CO_H,S4_gas_dropout,179,UCI309_laboratory,simulation,-3.0,1.0,-3.0,1.0,3.0,0.0,153.33423265434595,G2,P0,valid,valid,zone_A,zone_A,True,0,2.0,2.0,0.0,2,False,True,
002_Et_H_CO_H,S4_gas_dropout,180,UCI309_laboratory,simulation,-3.0,1.0,-3.0,1.0,3.0,0.0,154.4583839201403,G2,P0,valid,valid,zone_A,zone_A,True,0,2.0,2.0,0.0,2,False,True,
002_Et_H_CO_H,S4_gas_dropout,181,UCI309_laboratory,simulation,-3.0,1.0,-3.0,1.0,3.0,0.0,153.55906290750482,G2,P0,valid,valid,zone_A,zone_A,True,0,2.0,2.0,0.0,2,False,True,
002_Et_H_CO_H,S4_gas_dropout,182,UCI309_laboratory,simulation,-3.0,1.0,-3.0,1.0,3.0,0.0,151.19834524933674,G2,P0,valid,valid,zone_A,zone_A,True,0,2.0,2.0,0.0,2,False,True,
002_Et_H_CO_H,S4_gas_dropout,183,UCI309_laboratory,simulation,-3.0,1.0,-3.0,1.0,3.0,0.0,150.18660911012188,G2,P0,valid,valid,zone_A,zone_A,True,0,2.0,2.0,0.0,2,False,True,
002_Et_H_CO_H,S4_gas_dropout,184,UCI309_laboratory,simulation,-3.0,1.0,-3.0,1.0,3.0,0.0,148.61279733800978,G2,P0,valid,valid,zone_A,zone_A,True,0,2.0,2.0,0.0,2,False,True,
002_Et_H_CO_H,S4_gas_dropout,185,UCI309_laboratory,simulation,-3.0,1.0,-3.0,1.0,3.0,0.0,148.05072170511266,G2,P0,valid,valid,zone_A,zone_A,True,0,2.0,2.0,0.0,2,False,True,
002_Et_H_CO_H,S4_gas_dropout,186,UCI309_laboratory,simulation,-3.0,1.0,-3.0,1.0,3.0,0.0,149.06245784432753,G2,P0,valid,valid,zone_A,zone_A,True,0,2.0,2.0,0.0,2,False,True,
002_Et_H_CO_H,S4_gas_dropout,187,UCI309_laboratory,simulation,-3.0,1.0,-3.0,1.0,3.0,0.0,151.4231755024956,G2,P0,valid,valid,zone_A,zone_A,True,0,2.0,2.0,0.0,2,False,True,
002_Et_H_CO_H,S4_gas_dropout,188,UCI309_laboratory,simulation,-3.0,1.0,-3.0,1.0,3.0,0.0,153.89630828724313,G2,P0,valid,valid,zone_A,zone_A,True,0,2.0,2.0,0.0,2,False,True,
002_Et_H_CO_H,S4_gas_dropout,189,UCI309_laboratory,simulation,-3.0,1.0,-3.0,1.0,3.0,0.0,156.03219569225234,G2,P0,valid,valid,zone_A,zone_A,True,0,2.0,2.0,0.0,2,False,True,
002_Et_H_CO_H,S4_gas_dropout,190,UCI309_laboratory,simulation,-3.0,1.0,-3.0,1.0,3.0,0.0,158.39291335042043,G2,P0,valid,valid,zone_A,zone_A,True,0,2.0,2.0,0.0,2,False,True,
002_Et_H_CO_H,S4_gas_dropout,191,UCI309_laboratory,simulation,-3.0,1.0,-3.0,1.0,3.0,0.0,162.1026125275417,G2,P0,valid,valid,zone_A,zone_A,True,0,2.0,2.0,0.0,2,False,True,
002_Et_H_CO_H,S4_gas_dropout,192,UCI309_laboratory,simulation,-3.0,1.0,-3.0,1.0,3.0,0.0,163.36728270156033,G2,P0,valid,valid,zone_A,zone_A,True,0,2.0,2.0,0.0,2,False,True,
002_Et_H_CO_H,S4_gas_dropout,193,UCI309_laboratory,simulation,-3.0,1.0,-3.0,1.0,3.0,0.0,164.88488691038268,G2,P0,valid,valid,zone_A,zone_A,True,0,2.0,2.0,0.0,2,False,True,
002_Et_H_CO_H,S4_gas_dropout,194,UCI309_laboratory,simulation,-3.0,1.0,-3.0,1.0,3.0,0.0,165.3345474167004,G2,P0,valid,valid,zone_A,zone_A,True,0,2.0,2.0,0.0,2,False,True,
002_Et_H_CO_H,S4_gas_dropout,195,UCI309_laboratory,simulation,-3.0,1.0,-3.0,1.0,3.0,0.0,165.3907549799901,G2,P0,valid,valid,zone_A,zone_A,True,0,2.0,2.0,0.0,2,False,True,
002_Et_H_CO_H,S4_gas_dropout,196,UCI309_laboratory,simulation,-3.0,1.0,-3.0,1.0,3.0,0.0,165.3345474167004,G2,P0,valid,valid,zone_A,zone_A,True,0,2.0,2.0,0.0,2,False,True,
002_Et_H_CO_H,S4_gas_dropout,197,UCI309_laboratory,simulation,-3.0,1.0,-3.0,1.0,3.0,0.0,165.3345474167004,G2,P0,valid,valid,zone_A,zone_A,True,0,2.0,2.0,0.0,2,False,True,
002_Et_H_CO_H,S4_gas_dropout,198,UCI309_laboratory,simulation,-3.0,1.0,-3.0,1.0,3.0,0.0,165.6717927964387,G2,P0,valid,valid,zone_A,zone_A,True,0,2.0,2.0,0.0,2,False,True,
002_Et_H_CO_H,S4_gas_dropout,199,UCI309_laboratory,simulation,-3.0,1.0,-3.0,1.0,3.0,0.0,165.3345474167004,G2,P0,valid,valid,zone_A,zone_A,True,0,2.0,2.0,0.0,2,False,True,
002_Et_H_CO_H,S4_gas_dropout,200,UCI309_laboratory,simulation,-3.0,1.0,-3.0,1.0,3.0,0.0,165.22213229012095,G2,P0,valid,valid,zone_A,zone_A,True,0,2.0,2.0,0.0,2,False,True,
002_Et_H_CO_H,S4_gas_dropout,201,UCI309_laboratory,simulation,-3.0,1.0,-3.0,1.0,3.0,0.0,165.22213229012095,G2,P0,valid,valid,zone_A,zone_A,True,0,2.0,2.0,0.0,2,False,True,
002_Et_H_CO_H,S4_gas_dropout,202,UCI309_laboratory,simulation,-3.0,1.0,-3.0,1.0,3.0,0.0,164.66005665722378,G2,P0,valid,valid,zone_A,zone_A,True,0,2.0,2.0,0.0,2,False,True,
002_Et_H_CO_H,S4_gas_dropout,203,UCI309_laboratory,simulation,-3.0,1.0,-3.0,1.0,3.0,0.0,164.15418858761637,G2,P0,valid,valid,zone_A,zone_A,True,0,2.0,2.0,0.0,2,False,True,
002_Et_H_CO_H,S4_gas_dropout,204,UCI309_laboratory,simulation,-3.0,1.0,-3.0,1.0,3.0,0.0,163.3110751382706,G2,P0,valid,valid,zone_A,zone_A,True,0,2.0,2.0,0.0,2,False,True,
002_Et_H_CO_H,S4_gas_dropout,205,UCI309_laboratory,simulation,-3.0,1.0,-3.0,1.0,3.0,0.0,163.3110751382706,G2,P0,valid,valid,zone_A,zone_A,True,0,2.0,2.0,0.0,2,False,True,
002_Et_H_CO_H,S4_gas_dropout,206,UCI309_laboratory,simulation,-3.0,1.0,-3.0,1.0,3.0,0.0,163.53590539142948,G2,P0,valid,valid,zone_A,zone_A,True,0,2.0,2.0,0.0,2,False,True,
002_Et_H_CO_H,S4_gas_dropout,207,UCI309_laboratory,simulation,-3.0,1.0,-3.0,1.0,3.0,0.0,164.32281127748553,G2,P0,valid,valid,zone_A,zone_A,True,0,2.0,2.0,0.0,2,False,True,
002_Et_H_CO_H,S4_gas_dropout,208,UCI309_laboratory,simulation,-3.0,1.0,-3.0,1.0,3.0,0.0,165.22213229012095,G2,P0,valid,valid,zone_A,zone_A,True,0,2.0,2.0,0.0,2,False,True,
002_Et_H_CO_H,S4_gas_dropout,209,UCI309_laboratory,simulation,-3.0,1.0,-3.0,1.0,3.0,0.0,166.68352893565358,G2,P0,valid,valid,zone_A,zone_A,True,0,2.0,2.0,0.0,2,False,True,
002_Et_H_CO_H,S4_gas_dropout,210,UCI309_laboratory,simulation,-3.0,1.0,-3.0,1.0,3.0,0.0,166.009038176177,G2,P0,valid,valid,zone_A,zone_A,True,0,2.0,2.0,0.0,2,False,True,
002_Et_H_CO_H,S4_gas_dropout,211,UCI309_laboratory,simulation,-3.0,1.0,-3.0,1.0,3.0,0.0,165.10971716354152,G2,P0,valid,valid,zone_A,zone_A,True,0,2.0,2.0,0.0,2,False,True,
002_Et_H_CO_H,S4_gas_dropout,212,UCI309_laboratory,simulation,-3.0,1.0,-3.0,1.0,3.0,0.0,163.64832051800892,G2,P0,valid,valid,zone_A,zone_A,True,0,2.0,2.0,0.0,2,False,True,
002_Et_H_CO_H,S4_gas_dropout,213,UCI309_laboratory,simulation,-3.0,1.0,-3.0,1.0,3.0,0.0,161.62484823957914,G2,P0,valid,valid,zone_A,zone_A,True,0,2.0,2.0,0.0,2,False,True,
002_Et_H_CO_H,S4_gas_dropout,214,UCI309_laboratory,simulation,-3.0,1.0,-3.0,1.0,3.0,0.0,160.27586672062594,G2,P0,valid,valid,zone_A,zone_A,True,0,2.0,2.0,0.0,2,False,True,
002_Et_H_CO_H,S4_gas_dropout,215,UCI309_laboratory,simulation,-3.0,1.0,-3.0,1.0,3.0,0.0,159.32033814470077,G2,P0,valid,valid,zone_A,zone_A,True,0,2.0,2.0,0.0,2,False,True,
002_Et_H_CO_H,S4_gas_dropout,216,UCI309_laboratory,simulation,-3.0,1.0,-3.0,1.0,3.0,0.0,158.1399793156167,G2,P0,valid,valid,zone_A,zone_A,True,0,2.0,2.0,0.0,2,False,True,
002_Et_H_CO_H,S4_gas_dropout,217,UCI309_laboratory,simulation,-3.0,1.0,-3.0,1.0,3.0,0.0,157.07203561311212,G2,P0,valid,valid,zone_A,zone_A,True,0,2.0,2.0,0.0,2,False,True,
002_Et_H_CO_H,S4_gas_dropout,218,UCI309_laboratory,simulation,-3.0,1.0,-3.0,1.0,3.0,0.0,157.07203561311212,G2,P0,valid,valid,zone_A,zone_A,True,0,2.0,2.0,0.0,2,False,True,
002_Et_H_CO_H,S4_gas_dropout,219,UCI309_laboratory,simulation,-3.0,1.0,-3.0,1.0,3.0,0.0,157.63411124600927,G2,P0,valid,valid,zone_A,zone_A,True,0,2.0,2.0,0.0,2,False,True,
002_Et_H_CO_H,S4_gas_dropout,220,UCI309_laboratory,simulation,-3.0,1.0,-3.0,1.0,3.0,0.0,158.58963982193444,G2,P0,valid,valid,zone_A,zone_A,True,0,2.0,2.0,0.0,2,False,True,
002_Et_H_CO_H,S4_gas_dropout,221,UCI309_laboratory,simulation,-3.0,1.0,-3.0,1.0,3.0,0.0,160.1072440307568,G2,P0,valid,valid,zone_A,zone_A,True,0,2.0,2.0,0.0,2,False,True,
002_Et_H_CO_H,S4_gas_dropout,222,UCI309_laboratory,simulation,-3.0,1.0,-3.0,1.0,3.0,0.0,160.72552722694365,G2,P0,valid,valid,zone_A,zone_A,True,0,2.0,2.0,0.0,2,False,True,
002_Et_H_CO_H,S4_gas_dropout,223,UCI309_laboratory,simulation,-3.0,1.0,-3.0,1.0,3.0,0.0,160.38828184720535,G2,P0,valid,valid,zone_A,zone_A,True,0,2.0,2.0,0.0,2,False,True,
002_Et_H_CO_H,S4_gas_dropout,224,UCI309_laboratory,simulation,-3.0,1.0,-3.0,1.0,3.0,0.0,159.71379108772877,G2,P0,valid,valid,zone_A,zone_A,True,0,2.0,2.0,0.0,2,False,True,
002_Et_H_CO_H,S4_gas_dropout,225,UCI309_laboratory,simulation,-3.0,1.0,-3.0,1.0,3.0,0.0,159.71379108772877,G2,P0,valid,valid,zone_A,zone_A,True,0,2.0,2.0,0.0,2,False,True,
002_Et_H_CO_H,S4_gas_dropout,226,UCI309_laboratory,simulation,-3.0,1.0,-3.0,1.0,3.0,0.0,160.5569045370745,G2,P0,valid,valid,zone_A,zone_A,True,0,2.0,2.0,0.0,2,False,True,
002_Et_H_CO_H,S4_gas_dropout,227,UCI309_laboratory,simulation,-3.0,1.0,-3.0,1.0,3.0,0.0,160.8379423535231,G2,P0,valid,valid,zone_A,zone_A,True,0,2.0,2.0,0.0,2,False,True,
002_Et_H_CO_H,S4_gas_dropout,228,UCI309_laboratory,simulation,-3.0,1.0,-3.0,1.0,3.0,0.0,161.28760285984083,G2,P0,valid,valid,zone_A,zone_A,True,0,2.0,2.0,0.0,2,False,True,
002_Et_H_CO_H,S4_gas_dropout,229,UCI309_laboratory,simulation,-3.0,1.0,-3.0,1.0,3.0,0.0,161.2313952965511,G2,P0,valid,valid,zone_A,zone_A,True,0,2.0,2.0,0.0,2,False,True,
002_Et_H_CO_H,S4_gas_dropout,230,UCI309_laboratory,simulation,-3.0,1.0,-3.0,1.0,3.0,0.0,160.8379423535231,G2,P0,valid,valid,zone_A,zone_A,True,0,2.0,2.0,0.0,2,False,True,
002_Et_H_CO_H,S4_gas_dropout,231,UCI309_laboratory,simulation,-3.0,1.0,-3.0,1.0,3.0,0.0,160.38828184720535,G2,P0,valid,valid,zone_A,zone_A,True,0,2.0,2.0,0.0,2,False,True,
002_Et_H_CO_H,S4_gas_dropout,232,UCI309_laboratory,simulation,-3.0,1.0,-3.0,1.0,3.0,0.0,160.5569045370745,G2,P0,valid,valid,zone_A,zone_A,True,0,2.0,2.0,0.0,2,False,True,
002_Et_H_CO_H,S4_gas_dropout,233,UCI309_laboratory,simulation,-3.0,1.0,-3.0,1.0,3.0,0.0,161.2313952965511,G2,P0,valid,valid,zone_A,zone_A,True,0,2.0,2.0,0.0,2,False,True,
002_Et_H_CO_H,S4_gas_dropout,234,UCI309_laboratory,simulation,-3.0,1.0,-3.0,1.0,3.0,0.0,162.01830118260713,G2,P0,valid,valid,zone_A,zone_A,True,0,2.0,2.0,0.0,2,False,True,
002_Et_H_CO_H,S4_gas_dropout,235,UCI309_laboratory,simulation,-3.0,1.0,-3.0,1.0,3.0,0.0,163.42349026485005,G2,P0,valid,valid,zone_A,zone_A,True,0,2.0,2.0,0.0,2,False,True,
002_Et_H_CO_H,S4_gas_dropout,236,UCI309_laboratory,simulation,-3.0,1.0,-3.0,1.0,3.0,0.0,163.76073564458835,G2,P0,valid,valid,zone_A,zone_A,True,0,2.0,2.0,0.0,2,False,True,
002_Et_H_CO_H,S4_gas_dropout,237,UCI309_laboratory,simulation,-3.0,1.0,-3.0,1.0,3.0,0.0,162.9738297585323,G2,P0,valid,valid,zone_A,zone_A,True,0,2.0,2.0,0.0,2,False,True,
002_Et_H_CO_H,S4_gas_dropout,238,UCI309_laboratory,simulation,-3.0,1.0,-3.0,1.0,3.0,0.0,161.96209361931741,G2,P0,valid,valid,zone_A,zone_A,True,0,2.0,2.0,0.0,2,False,True,
002_Et_H_CO_H,S4_gas_dropout,239,UCI309_laboratory,simulation,-3.0,1.0,-3.0,1.0,3.0,0.0,161.1751877332614,G2,P0,valid,valid,zone_A,zone_A,True,0,2.0,2.0,0.0,2,False,True,
002_Et_H_CO_H,S4_gas_dropout,240,UCI309_laboratory,simulation,-3.0,1.0,-3.0,1.0,3.0,0.0,161.40001798642027,G2,P0,valid,valid,zone_A,zone_A,True,0,2.0,2.0,0.0,2,False,True,
002_Et_H_CO_H,S4_person_dropout,26,UCI309_laboratory,simulation,-3.0,1.0,-3.0,1.0,3.0,0.0,1.1846824877986353,G0,P0,valid,valid,zone_A,zone_A,True,0,0.0,0.0,0.0,0,False,True,
002_Et_H_CO_H,S4_person_dropout,27,UCI309_laboratory,simulation,-3.0,1.0,-3.0,1.0,3.0,0.0,0.9598522346397701,G0,P0,valid,valid,zone_A,zone_A,True,0,0.0,0.0,0.0,0,False,True,
002_Et_H_CO_H,S4_person_dropout,28,UCI309_laboratory,simulation,-3.0,1.0,-3.0,1.0,3.0,0.0,1.011736139214893,G0,P0,valid,valid,zone_A,zone_A,True,0,0.0,0.0,0.0,0,False,True,
002_Et_H_CO_H,S4_person_dropout,29,UCI309_laboratory,simulation,-3.0,1.0,-3.0,1.0,3.0,0.0,1.011736139214893,G0,P0,valid,valid,zone_A,zone_A,True,0,0.0,0.0,0.0,0,False,True,
002_Et_H_CO_H,S4_person_dropout,30,UCI309_laboratory,simulation,-3.0,1.0,-3.0,1.0,3.0,0.0,1.1241512657943253,G0,P0,valid,valid,zone_A,zone_A,True,0,0.0,0.0,0.0,0,False,True,
002_Et_H_CO_H,S4_person_dropout,31,UCI309_laboratory,simulation,-3.0,1.0,-3.0,1.0,3.0,0.0,1.1241512657943253,G0,P0,valid,valid,zone_A,zone_A,True,0,0.0,0.0,0.0,0,False,True,
002_Et_H_CO_H,S4_person_dropout,32,UCI309_laboratory,simulation,-3.0,1.0,-3.0,1.0,3.0,0.0,0.9555285759251766,G0,P0,valid,valid,zone_A,zone_A,True,0,0.0,0.0,0.0,0,False,True,
002_Et_H_CO_H,S4_person_dropout,33,UCI309_laboratory,simulation,-3.0,1.0,-3.0,1.0,3.0,0.0,0.9555285759251766,G0,P0,valid,valid,zone_A,zone_A,True,0,0.0,0.0,0.0,0,False,True,
002_Et_H_CO_H,S4_person_dropout,34,UCI309_laboratory,simulation,-3.0,1.0,-3.0,1.0,3.0,0.0,0.7869058860560277,G0,P0,valid,valid,zone_A,zone_A,True,0,0.0,0.0,0.0,0,False,True,
002_Et_H_CO_H,S4_person_dropout,35,UCI309_laboratory,simulation,-3.0,1.0,-3.0,1.0,3.0,0.0,0.9555285759251766,G0,P0,valid,valid,zone_A,zone_A,True,0,0.0,0.0,0.0,0,False,True,
002_Et_H_CO_H,S4_person_dropout,36,UCI309_laboratory,simulation,-3.0,1.0,-3.0,1.0,3.0,0.0,1.011736139214893,G0,P0,valid,valid,zone_A,zone_A,True,0,0.0,0.0,0.0,0,False,True,
002_Et_H_CO_H,S4_person_dropout,37,UCI309_laboratory,simulation,-3.0,1.0,-3.0,1.0,3.0,0.0,0.7869058860560277,G0,P0,valid,valid,zone_A,zone_A,True,0,0.0,0.0,0.0,0,False,True,
002_Et_H_CO_H,S4_person_dropout,38,UCI309_laboratory,simulation,-3.0,1.0,-3.0,1.0,3.0,0.0,0.7869058860560277,G0,P0,valid,valid,zone_A,zone_A,True,0,0.0,0.0,0.0,0,False,True,
002_Et_H_CO_H,S4_person_dropout,39,UCI309_laboratory,simulation,-3.0,1.0,-3.0,1.0,3.0,0.0,1.011736139214893,G0,P0,valid,valid,zone_A,zone_A,True,0,0.0,0.0,0.0,0,False,True,
002_Et_H_CO_H,S4_person_dropout,40,UCI309_laboratory,simulation,-3.0,1.0,-3.0,1.0,3.0,0.0,1.011736139214893,G0,P0,valid,valid,zone_A,zone_A,True,0,0.0,0.0,0.0,0,False,True,
002_Et_H_CO_H,S4_person_dropout,41,UCI309_laboratory,simulation,-3.0,1.0,-3.0,1.0,3.0,0.0,1.1241512657943253,G0,P0,valid,valid,zone_A,zone_A,True,0,0.0,0.0,0.0,0,False,True,
002_Et_H_CO_H,S4_person_dropout,42,UCI309_laboratory,simulation,-3.0,1.0,-3.0,1.0,3.0,0.0,1.0679437025046092,G0,P0,valid,valid,zone_A,zone_A,True,0,0.0,0.0,0.0,0,False,True,
002_Et_H_CO_H,S4_person_dropout,43,UCI309_laboratory,simulation,-3.0,1.0,-3.0,1.0,3.0,0.0,1.1241512657943253,G0,P0,valid,valid,zone_A,zone_A,True,0,0.0,0.0,0.0,0,False,True,
002_Et_H_CO_H,S4_person_dropout,44,UCI309_laboratory,simulation,-3.0,1.0,-3.0,1.0,3.0,0.0,0.8993210126354603,G0,P0,valid,valid,zone_A,zone_A,True,0,0.0,0.0,0.0,0,False,True,
002_Et_H_CO_H,S4_person_dropout,45,UCI309_laboratory,simulation,-3.0,1.0,-3.0,1.0,3.0,0.0,1.0960474841494672,G0,P0,valid,valid,zone_A,zone_A,True,0,0.0,0.0,0.0,0,False,True,
002_Et_H_CO_H,S4_person_dropout,46,UCI309_laboratory,simulation,-3.0,1.0,-3.0,1.0,3.0,0.0,1.0960474841494672,G0,P0,valid,valid,zone_A,zone_A,True,0,0.0,0.0,0.0,0,False,True,
002_Et_H_CO_H,S4_person_dropout,47,UCI309_laboratory,simulation,-3.0,1.0,-3.0,1.0,3.0,0.0,1.0960474841494672,G0,P0,valid,valid,zone_A,zone_A,True,0,0.0,0.0,0.0,0,False,True,
002_Et_H_CO_H,S4_person_dropout,48,UCI309_laboratory,simulation,-3.0,1.0,-3.0,1.0,3.0,0.0,0.8431134493457441,G0,P0,valid,valid,zone_A,zone_A,True,0,0.0,0.0,0.0,0,False,True,
002_Et_H_CO_H,S4_person_dropout,49,UCI309_laboratory,simulation,-3.0,1.0,-3.0,1.0,3.0,0.0,0.8431134493457441,G0,P0,valid,valid,zone_A,zone_A,True,0,0.0,0.0,0.0,0,False,True,
002_Et_H_CO_H,S4_person_dropout,50,UCI309_laboratory,simulation,-3.0,1.0,-3.0,1.0,3.0,0.0,1.0960474841494672,G0,P0,valid,valid,zone_A,zone_A,True,0,0.0,0.0,0.0,0,False,True,
002_Et_H_CO_H,S4_person_dropout,51,UCI309_laboratory,simulation,-3.0,1.0,-3.0,1.0,3.0,0.0,0.7869058860560277,G0,P0,valid,valid,zone_A,zone_A,True,0,0.0,0.0,0.0,0,False,True,
002_Et_H_CO_H,S4_person_dropout,52,UCI309_laboratory,simulation,-3.0,1.0,-3.0,1.0,3.0,0.0,1.0960474841494672,G0,P0,valid,valid,zone_A,zone_A,True,0,0.0,0.0,0.0,0,False,True,
002_Et_H_CO_H,S4_person_dropout,53,UCI309_laboratory,simulation,-3.0,1.0,-3.0,1.0,3.0,0.0,0.8712172309906021,G0,P0,valid,valid,zone_A,zone_A,True,0,0.0,0.0,0.0,0,False,True,
002_Et_H_CO_H,S4_person_dropout,54,UCI309_laboratory,simulation,-3.0,1.0,-3.0,1.0,3.0,0.0,1.011736139214893,G0,P0,valid,valid,zone_A,zone_A,True,0,0.0,0.0,0.0,0,False,True,
002_Et_H_CO_H,S4_person_dropout,55,UCI309_laboratory,simulation,-3.0,1.0,-3.0,1.0,3.0,0.0,0.7588021044111697,G0,P0,valid,valid,zone_A,zone_A,True,0,0.0,0.0,0.0,0,False,True,
002_Et_H_CO_H,S4_person_dropout,56,UCI309_laboratory,simulation,-3.0,1.0,-3.0,1.0,3.0,0.0,0.6744907594765952,G0,P0,valid,valid,zone_A,zone_A,True,0,0.0,0.0,0.0,0,False,True,
002_Et_H_CO_H,S4_person_dropout,57,UCI309_laboratory,simulation,-3.0,1.0,-3.0,1.0,3.0,0.0,0.8712172309906021,G0,P0,valid,valid,zone_A,zone_A,True,0,0.0,0.0,0.0,0,False,True,
002_Et_H_CO_H,S4_person_dropout,58,UCI309_laboratory,simulation,-3.0,1.0,-3.0,1.0,3.0,0.0,0.7588021044111697,G0,P0,valid,valid,zone_A,zone_A,True,0,0.0,0.0,0.0,0,False,True,
002_Et_H_CO_H,S4_person_dropout,59,UCI309_laboratory,simulation,-3.0,1.0,-3.0,1.0,3.0,0.0,0.8712172309906021,G0,P0,valid,valid,zone_A,zone_A,True,0,0.0,0.0,0.0,0,False,True,
002_Et_H_CO_H,S4_person_dropout,60,UCI309_laboratory,simulation,-3.0,1.0,-3.0,1.0,3.0,0.0,0.9555285759251766,G0,P0,valid,valid,zone_A,zone_A,True,0,0.0,0.0,0.0,0,False,True,
002_Et_H_CO_H,S4_person_dropout,61,UCI309_laboratory,simulation,-3.0,1.0,-3.0,1.0,3.0,0.0,0.7869058860560277,G0,P0,valid,valid,zone_A,zone_A,True,0,0.0,0.0,0.0,0,False,True,
002_Et_H_CO_H,S4_person_dropout,62,UCI309_laboratory,simulation,-3.0,1.0,-3.0,1.0,3.0,0.0,0.8712172309906021,G0,P0,valid,valid,zone_A,zone_A,True,0,0.0,0.0,0.0,0,False,True,
002_Et_H_CO_H,S4_person_dropout,63,UCI309_laboratory,simulation,-3.0,1.0,-3.0,1.0,3.0,0.0,0.8712172309906021,G0,P0,valid,valid,zone_A,zone_A,True,0,0.0,0.0,0.0,0,False,True,
002_Et_H_CO_H,S4_person_dropout,64,UCI309_laboratory,simulation,-3.0,1.0,-3.0,1.0,3.0,0.0,1.4332928638877647,G0,P0,valid,valid,zone_A,zone_A,True,0,0.0,0.0,0.0,0,False,True,
002_Et_H_CO_H,S4_person_dropout,65,UCI309_laboratory,simulation,-3.0,1.0,-3.0,1.0,3.0,0.0,1.011736139214893,G0,P0,valid,valid,zone_A,zone_A,True,0,0.0,0.0,0.0,0,False,True,
002_Et_H_CO_H,S4_person_dropout,66,UCI309_laboratory,simulation,-3.0,1.0,-3.0,1.0,3.0,0.0,1.3208777373083322,G0,P0,valid,valid,zone_A,zone_A,True,0,0.0,0.0,0.0,0,False,True,
002_Et_H_CO_H,S4_person_dropout,67,UCI309_laboratory,simulation,-3.0,1.0,-3.0,1.0,3.0,0.0,0.7869058860560277,G0,P0,valid,valid,zone_A,zone_A,True,0,0.0,0.0,0.0,0,False,True,
002_Et_H_CO_H,S4_person_dropout,68,UCI309_laboratory,simulation,-3.0,1.0,-3.0,1.0,3.0,0.0,1.011736139214893,G0,P0,valid,valid,zone_A,zone_A,True,0,0.0,0.0,0.0,0,False,True,
002_Et_H_CO_H,S4_person_dropout,69,UCI309_laboratory,simulation,-3.0,1.0,-3.0,1.0,3.0,0.0,1.011736139214893,G0,P0,valid,valid,zone_A,zone_A,True,0,0.0,0.0,0.0,0,False,True,
002_Et_H_CO_H,S4_person_dropout,70,UCI309_laboratory,simulation,-3.0,1.0,-3.0,1.0,3.0,0.0,1.4332928638877647,G0,P0,valid,valid,zone_A,zone_A,True,0,0.0,0.0,0.0,0,False,True,
002_Et_H_CO_H,S4_person_dropout,71,UCI309_laboratory,simulation,-2.861111111111111,1.0,-2.861111111111111,1.0,2.861111111111111,0.0,1.011736139214893,G0,P0,valid,valid,zone_A,zone_A,True,0,0.0,0.0,0.0,0,False,True,
002_Et_H_CO_H,S4_person_dropout,72,UCI309_laboratory,simulation,-2.7222222222222223,1.0,-2.7222222222222223,1.0,2.7222222222222223,0.0,1.0960474841494672,G0,P0,valid,valid,zone_A,zone_A,True,0,0.0,0.0,0.0,0,False,True,
002_Et_H_CO_H,S4_person_dropout,73,UCI309_laboratory,simulation,-2.5833333333333335,1.0,-2.5833333333333335,1.0,2.5833333333333335,0.0,1.3489815189531904,G0,P0,valid,valid,zone_A,zone_A,True,0,0.0,0.0,0.0,0,False,True,
002_Et_H_CO_H,S4_person_dropout,74,UCI309_laboratory,simulation,-2.4444444444444446,1.0,-2.4444444444444446,1.0,2.4444444444444446,0.0,1.5738117721120555,G0,P0,valid,valid,zone_A,zone_A,True,0,0.0,0.0,0.0,0,False,True,
002_Et_H_CO_H,S4_person_dropout,75,UCI309_laboratory,simulation,-2.3055555555555554,1.0,-2.3055555555555554,1.0,2.3055555555555554,0.0,1.2365663923737578,G0,P0,valid,valid,zone_A,zone_A,True,0,0.0,0.0,0.0,0,False,True,
002_Et_H_CO_H,S4_person_dropout,76,UCI309_laboratory,simulation,-2.166666666666667,1.0,-2.166666666666667,1.0,2.166666666666667,0.0,3.260038670803543,G0,P0,valid,valid,zone_A,zone_A,True,0,0.0,0.0,0.0,0,False,True,
002_Et_H_CO_H,S4_person_dropout,77,UCI309_laboratory,simulation,-2.0277777777777777,1.0,-2.0277777777777777,1.0,2.0277777777777777,0.0,4.695493364048605,G0,P0,valid,valid,zone_A,zone_A,True,0,0.0,0.0,0.0,0,False,True,
002_Et_H_CO_H,S4_person_dropout,78,UCI309_laboratory,simulation,-1.8888888888888888,1.0,-1.8888888888888888,1.0,1.8888888888888888,0.0,6.4076622150276545,G1,P0,valid,valid,zone_A,zone_A,True,0,1.0,1.0,0.0,1,False,True,
002_Et_H_CO_H,S4_person_dropout,79,UCI309_laboratory,simulation,-1.75,1.0,-1.75,1.0,1.75,0.0,8.768379873195737,G1,P0,valid,valid,zone_A,zone_A,True,0,1.0,1.0,0.0,1,False,True,
002_Et_H_CO_H,S4_person_dropout,80,UCI309_laboratory,simulation,-1.6111111111111112,1.0,-1.6111111111111112,1.0,1.6111111111111112,0.0,11.916003417419848,G2,P0,valid,valid,zone_A,zone_A,True,0,2.0,2.0,0.0,2,False,True,
002_Et_H_CO_H,S4_person_dropout,81,UCI309_laboratory,simulation,-1.472222222222222,1.0,-1.472222222222222,1.0,1.472222222222222,0.0,15.007419398354243,G2,P0,valid,valid,zone_A,zone_A,True,0,2.0,2.0,0.0,2,False,True,
002_Et_H_CO_H,S4_person_dropout,82,UCI309_laboratory,simulation,-1.3333333333333335,1.0,-1.3333333333333335,1.0,1.3333333333333335,0.0,18.098835379288637,G2,P0,valid,valid,zone_A,zone_A,True,0,2.0,2.0,0.0,2,False,True,
002_Et_H_CO_H,S4_person_dropout,83,UCI309_laboratory,simulation,-1.1944444444444444,1.0,-1.1944444444444444,1.0,1.1944444444444444,0.0,20.290930347587572,G2,P0,valid,valid,zone_A,zone_A,True,0,2.0,2.0,0.0,2,False,True,
002_Et_H_CO_H,S4_person_dropout,84,UCI309_laboratory,simulation,-1.0555555555555556,1.0,-1.0555555555555556,1.0,1.0555555555555556,0.0,22.932685822204235,G2,P0,valid,valid,zone_A,zone_A,True,0,2.0,2.0,0.0,2,False,True,
002_Et_H_CO_H,S4_person_dropout,85,UCI309_laboratory,simulation,-0.9166666666666665,1.0,-0.9166666666666665,1.0,0.9166666666666665,0.0,26.024101803138635,G2,P1,valid,valid,zone_A,zone_A,True,0,3.0,2.0,1.0,2,False,True,
002_Et_H_CO_H,S4_person_dropout,86,UCI309_laboratory,simulation,-0.7777777777777777,1.0,-0.7777777777777777,1.0,0.7777777777777777,0.0,30.68932955618508,G2,P1,valid,valid,zone_A,zone_A,True,0,3.0,2.0,1.0,2,False,True,
002_Et_H_CO_H,S4_person_dropout,87,UCI309_laboratory,simulation,-0.6388888888888888,1.0,-0.6388888888888888,1.0,0.6388888888888888,0.0,35.29834974594181,G2,P1,valid,valid,zone_A,zone_A,True,0,3.0,2.0,1.0,2,False,True,
002_Et_H_CO_H,S4_person_dropout,88,UCI309_laboratory,simulation,-0.5,1.0,-0.5,1.0,0.5,0.0,40.919106074913444,G2,P1,valid,valid,zone_A,zone_A,True,0,3.0,2.0,1.0,2,False,True,
002_Et_H_CO_H,S4_person_dropout,89,UCI309_laboratory,simulation,-0.4,1.0,-0.4,1.0,0.4,0.0,47.55159854309996,G2,P1,valid,valid,zone_A,zone_A,True,0,3.0,2.0,1.0,2,False,True,
002_Et_H_CO_H,S4_person_dropout,90,UCI309_laboratory,simulation,-0.3,1.0,-0.3,1.0,0.3,0.0,52.497864112594996,G2,P1,valid,valid,zone_A,zone_A,True,0,3.0,2.0,1.0,2,False,True,
002_Et_H_CO_H,S4_person_dropout,91,UCI309_laboratory,simulation,-0.2,1.0,-0.2,1.0,0.2,0.0,56.657223796033996,G2,P1,valid,valid,zone_A,zone_A,True,0,3.0,2.0,1.0,2,False,True,
002_Et_H_CO_H,S4_person_dropout,92,UCI309_laboratory,simulation,-0.09999999999999998,1.0,-0.09999999999999998,1.0,0.09999999999999998,0.0,62.390395251585055,G2,P1,valid,valid,zone_A,zone_A,True,0,3.0,2.0,1.0,2,False,True,
002_Et_H_CO_H,S4_person_dropout,93,UCI309_laboratory,simulation,0.0,1.0,0.0,1.0,-0.0,0.0,67.22424569450065,G2,P2,valid,valid,zone_A,zone_A,True,0,3.0,2.0,2.0,2,False,True,
002_Et_H_CO_H,S4_person_dropout,94,UCI309_laboratory,simulation,0.09999999999999998,1.0,0.09999999999999998,1.0,-0.09999999999999998,0.0,72.28292639057511,G2,P2,valid,valid,zone_A,zone_A,True,0,3.0,2.0,2.0,2,False,True,
002_Et_H_CO_H,S4_person_dropout,95,UCI309_laboratory,simulation,0.19999999999999996,1.0,0.19999999999999996,1.0,-0.19999999999999996,0.0,75.65538018795809,G2,P2,valid,valid,zone_A,zone_A,True,0,3.0,2.0,2.0,2,False,True,
002_Et_H_CO_H,S4_person_dropout,96,UCI309_laboratory,simulation,0.30000000000000004,1.0,0.30000000000000004,1.0,-0.30000000000000004,0.0,79.36507936507937,G2,P2,valid,valid,zone_A,zone_A,True,0,3.0,2.0,2.0,2,False,True,
002_Et_H_CO_H,S4_person_dropout,97,UCI309_laboratory,simulation,0.4,1.0,0.4,1.0,-0.4,0.0,83.2996087953595,G2,P2,valid,valid,zone_A,zone_A,True,0,3.0,2.0,2.0,2,False,True,
002_Et_H_CO_H,S4_person_dropout,98,UCI309_laboratory,simulation,0.5,1.0,0.5,1.0,-0.5,0.0,87.57138360537795,G2,P2,valid,valid,zone_A,zone_A,True,0,3.0,2.0,2.0,2,False,True,
002_Et_H_CO_H,S4_person_dropout,99,UCI309_laboratory,simulation,0.5,1.0,0.5,1.0,-0.5,0.0,92.06798866855524,G2,P2,valid,valid,zone_A,zone_A,True,0,3.0,2.0,2.0,2,False,True,
002_Et_H_CO_H,S4_person_dropout,100,UCI309_laboratory,simulation,0.5,1.0,,,,0.0,97.01425423805027,G2,unknown,valid,simulated_dropout,zone_A,zone_A,True,0,,2.0,,2,True,False,person_simulated_dropout
002_Et_H_CO_H,S4_person_dropout,101,UCI309_laboratory,simulation,0.5,1.0,,,,0.0,101.51085930122757,G2,unknown,valid,simulated_dropout,zone_A,zone_A,True,0,,2.0,,2,True,False,person_simulated_dropout
002_Et_H_CO_H,S4_person_dropout,102,UCI309_laboratory,simulation,0.5,1.0,,,,0.0,105.4453887315077,G2,unknown,valid,simulated_dropout,zone_A,zone_A,True,0,,2.0,,2,True,False,person_simulated_dropout
002_Et_H_CO_H,S4_person_dropout,103,UCI309_laboratory,simulation,0.5,1.0,,,,0.0,108.36818202257295,G2,unknown,valid,simulated_dropout,zone_A,zone_A,True,0,,2.0,,2,True,False,person_simulated_dropout
002_Et_H_CO_H,S4_person_dropout,104,UCI309_laboratory,simulation,0.5,1.0,,,,0.0,111.6282206933765,G2,unknown,valid,simulated_dropout,zone_A,zone_A,True,0,,2.0,,2,True,False,person_simulated_dropout
002_Et_H_CO_H,S4_person_dropout,105,UCI309_laboratory,simulation,0.5,1.0,,,,0.0,114.43859885786232,G2,unknown,valid,simulated_dropout,zone_A,zone_A,True,0,,2.0,,2,True,False,person_simulated_dropout
002_Et_H_CO_H,S4_person_dropout,106,UCI309_laboratory,simulation,0.5,1.0,,,,0.0,118.82278879446018,G2,unknown,valid,simulated_dropout,zone_A,zone_A,True,0,,2.0,,2,True,False,person_simulated_dropout
002_Et_H_CO_H,S4_person_dropout,107,UCI309_laboratory,simulation,0.5,1.0,,,,0.0,123.31939385763748,G2,unknown,valid,simulated_dropout,zone_A,zone_A,True,0,,2.0,,2,True,False,person_simulated_dropout
002_Et_H_CO_H,S4_person_dropout,108,UCI309_laboratory,simulation,0.5,1.0,,,,0.0,126.69184765502045,G2,unknown,valid,simulated_dropout,zone_A,zone_A,True,0,,2.0,,2,True,False,person_simulated_dropout
002_Et_H_CO_H,S4_person_dropout,109,UCI309_laboratory,simulation,0.5,1.0,,,,0.0,128.94015018660912,G2,unknown,valid,simulated_dropout,zone_A,zone_A,True,0,,2.0,,2,True,False,person_simulated_dropout
002_Et_H_CO_H,S4_person_dropout,110,UCI309_laboratory,simulation,0.5,1.0,0.5,1.0,-0.5,0.0,130.17671657898285,G2,P2,valid,valid,zone_A,zone_A,True,0,3.0,2.0,2.0,2,False,True,
002_Et_H_CO_H,S4_person_dropout,111,UCI309_laboratory,simulation,0.5,1.0,0.5,1.0,-0.5,0.0,131.3008678447772,G2,P2,valid,valid,zone_A,zone_A,True,0,3.0,2.0,2.0,2,False,True,
002_Et_H_CO_H,S4_person_dropout,112,UCI309_laboratory,simulation,0.5,1.0,0.5,1.0,-0.5,0.0,133.21192499662754,G2,P2,valid,valid,zone_A,zone_A,True,0,3.0,2.0,2.0,2,False,True,
002_Et_H_CO_H,S4_person_dropout,113,UCI309_laboratory,simulation,0.5,1.0,0.5,1.0,-0.5,0.0,134.78573676873958,G2,P2,valid,valid,zone_A,zone_A,True,0,3.0,2.0,2.0,2,False,True,
002_Et_H_CO_H,S4_person_dropout,114,UCI309_laboratory,simulation,0.5,1.0,0.5,1.0,-0.5,0.0,136.69679392058995,G2,P2,valid,valid,zone_A,zone_A,True,0,3.0,2.0,2.0,2,False,True,
002_Et_H_CO_H,S4_person_dropout,115,UCI309_laboratory,simulation,0.5,1.0,0.5,1.0,-0.5,0.0,138.4954359458609,G2,P2,valid,valid,zone_A,zone_A,True,0,3.0,2.0,2.0,2,False,True,
002_Et_H_CO_H,S4_person_dropout,116,UCI309_laboratory,simulation,0.5,1.0,0.5,1.0,-0.5,0.0,139.9568325913935,G2,P2,valid,valid,zone_A,zone_A,True,0,3.0,2.0,2.0,2,False,True,
002_Et_H_CO_H,S4_person_dropout,117,UCI309_laboratory,simulation,0.5,1.0,0.5,1.0,-0.5,0.0,141.19339898376728,G2,P2,valid,valid,zone_A,zone_A,True,0,3.0,2.0,2.0,2,False,True,
002_Et_H_CO_H,S4_person_dropout,118,UCI309_laboratory,simulation,0.5,1.0,0.5,1.0,-0.5,0.0,141.75547461666443,G2,P2,valid,valid,zone_A,zone_A,True,0,3.0,2.0,2.0,2,False,True,
002_Et_H_CO_H,S4_person_dropout,119,UCI309_laboratory,simulation,0.5,1.0,0.5,1.0,-0.5,0.0,142.429965376141,G2,P2,valid,valid,zone_A,zone_A,True,0,3.0,2.0,2.0,2,False,True,
002_Et_H_CO_H,S4_person_dropout,120,UCI309_laboratory,simulation,0.5,1.0,0.5,1.0,-0.5,0.0,144.34102252799136,G2,P2,valid,valid,zone_A,zone_A,True,0,3.0,2.0,2.0,2,False,True,
002_Et_H_CO_H,S4_person_dropout,121,UCI309_laboratory,simulation,0.5,1.0,0.5,1.0,-0.5,0.0,147.26381581905662,G2,P2,valid,valid,zone_A,zone_A,True,0,3.0,2.0,2.0,2,False,True,
002_Et_H_CO_H,S4_person_dropout,122,UCI309_laboratory,simulation,0.5,1.0,0.5,1.0,-0.5,0.0,149.73694860380414,G2,P2,valid,valid,zone_A,zone_A,True,0,3.0,2.0,2.0,2,False,True,
002_Et_H_CO_H,S4_person_dropout,123,UCI309_laboratory,simulation,0.5,1.0,0.5,1.0,-0.5,0.0,150.97351499617787,G2,P2,valid,valid,zone_A,zone_A,True,0,3.0,2.0,2.0,2,False,True,
002_Et_H_CO_H,S4_person_dropout,124,UCI309_laboratory,simulation,0.5,1.0,0.5,1.0,-0.5,0.0,151.4231755024956,G2,P2,valid,valid,zone_A,zone_A,True,0,3.0,2.0,2.0,2,False,True,
002_Et_H_CO_H,S4_person_dropout,125,UCI309_laboratory,simulation,0.5,1.0,0.5,1.0,-0.5,0.0,150.86109986959846,G2,P2,valid,valid,zone_A,zone_A,True,0,3.0,2.0,2.0,2,False,True,
002_Et_H_CO_H,S4_person_dropout,126,UCI309_laboratory,simulation,0.32499999999999996,1.0,0.32499999999999996,1.0,-0.32499999999999996,0.0,150.86109986959846,G2,P2,valid,valid,zone_A,zone_A,True,0,3.0,2.0,2.0,2,False,True,
002_Et_H_CO_H,S4_person_dropout,127,UCI309_laboratory,simulation,0.14999999999999997,1.0,0.14999999999999997,1.0,-0.14999999999999997,0.0,150.18660911012188,G2,P2,valid,valid,zone_A,zone_A,True,0,3.0,2.0,2.0,2,False,True,
002_Et_H_CO_H,S4_person_dropout,128,UCI309_laboratory,simulation,-0.025000000000000022,1.0,-0.025000000000000022,1.0,0.025000000000000022,0.0,149.6245334772247,G2,P1,valid,valid,zone_A,zone_A,True,0,3.0,2.0,1.0,2,False,True,
002_Et_H_CO_H,S4_person_dropout,129,UCI309_laboratory,simulation,-0.20000000000000007,1.0,-0.20000000000000007,1.0,0.20000000000000007,0.0,149.06245784432753,G2,P1,valid,valid,zone_A,zone_A,True,0,3.0,2.0,1.0,2,False,True,
002_Et_H_CO_H,S4_person_dropout,130,UCI309_laboratory,simulation,-0.375,1.0,-0.375,1.0,0.375,0.0,149.6245334772247,G2,P1,valid,valid,zone_A,zone_A,True,0,3.0,2.0,1.0,2,False,True,
002_Et_H_CO_H,S4_person_dropout,131,UCI309_laboratory,simulation,-0.55,1.0,-0.55,1.0,0.55,0.0,151.31076037591617,G2,P1,valid,valid,zone_A,zone_A,True,0,3.0,2.0,1.0,2,False,True,
002_Et_H_CO_H,S4_person_dropout,132,UCI309_laboratory,simulation,-0.7249999999999999,1.0,-0.7249999999999999,1.0,0.7249999999999999,0.0,155.1328746796169,G2,P1,valid,valid,zone_A,zone_A,True,0,3.0,2.0,1.0,2,False,True,
002_Et_H_CO_H,S4_person_dropout,133,UCI309_laboratory,simulation,-0.9000000000000001,1.0,-0.9000000000000001,1.0,0.9000000000000001,0.0,159.17981923647648,G2,P1,valid,valid,zone_A,zone_A,True,0,3.0,2.0,1.0,2,False,True,
002_Et_H_CO_H,S4_person_dropout,134,UCI309_laboratory,simulation,-1.075,1.0,-1.075,1.0,1.075,0.0,160.95035748010253,G2,P0,valid,valid,zone_A,zone_A,True,0,2.0,2.0,0.0,2,False,True,
002_Et_H_CO_H,S4_person_dropout,135,UCI309_laboratory,simulation,-1.25,1.0,-1.25,1.0,1.25,0.0,162.243131435766,G2,P0,valid,valid,zone_A,zone_A,True,0,2.0,2.0,0.0,2,False,True,
002_Et_H_CO_H,S4_person_dropout,136,UCI309_laboratory,simulation,-1.4250000000000003,1.0,-1.4250000000000003,1.0,1.4250000000000003,0.0,162.07450874589685,G2,P0,valid,valid,zone_A,zone_A,True,0,2.0,2.0,0.0,2,False,True,
002_Et_H_CO_H,S4_person_dropout,137,UCI309_laboratory,simulation,-1.6,1.0,-1.6,1.0,1.6,0.0,161.06277260668196,G2,P0,valid,valid,zone_A,zone_A,True,0,2.0,2.0,0.0,2,False,True,
002_Et_H_CO_H,S4_person_dropout,138,UCI309_laboratory,simulation,-1.775,1.0,-1.775,1.0,1.775,0.0,159.7137910877288,G2,P0,valid,valid,zone_A,zone_A,True,0,2.0,2.0,0.0,2,False,True,
002_Et_H_CO_H,S4_person_dropout,139,UCI309_laboratory,simulation,-1.9499999999999997,1.0,-1.9499999999999997,1.0,1.9499999999999997,0.0,158.92688520167275,G2,P0,valid,valid,zone_A,zone_A,True,0,2.0,2.0,0.0,2,False,True,
002_Et_H_CO_H,S4_person_dropout,140,UCI309_laboratory,simulation,-2.125,1.0,-2.125,1.0,2.125,0.0,158.1399793156167,G2,P0,valid,valid,zone_A,zone_A,True,0,2.0,2.0,0.0,2,False,True,
002_Et_H_CO_H,S4_person_dropout,141,UCI309_laboratory,simulation,-2.3000000000000003,1.0,-2.3000000000000003,1.0,2.3000000000000003,0.0,158.36480956877557,G2,P0,valid,valid,zone_A,zone_A,True,0,2.0,2.0,0.0,2,False,True,
002_Et_H_CO_H,S4_person_dropout,142,UCI309_laboratory,simulation,-2.475,1.0,-2.475,1.0,2.475,0.0,158.8144700750933,G2,P0,valid,valid,zone_A,zone_A,True,0,2.0,2.0,0.0,2,False,True,
002_Et_H_CO_H,S4_person_dropout,143,UCI309_laboratory,simulation,-2.65,1.0,-2.65,1.0,2.65,0.0,159.3765457079905,G2,P0,valid,valid,zone_A,zone_A,True,0,2.0,2.0,0.0,2,False,True,
002_Et_H_CO_H,S4_person_dropout,144,UCI309_laboratory,simulation,-2.8249999999999997,1.0,-2.8249999999999997,1.0,2.8249999999999997,0.0,159.8262062143082,G2,P0,valid,valid,zone_A,zone_A,True,0,2.0,2.0,0.0,2,False,True,
002_Et_H_CO_H,S4_person_dropout,145,UCI309_laboratory,simulation,-3.0,1.0,-3.0,1.0,3.0,0.0,159.26413058141105,G2,P0,valid,valid,zone_A,zone_A,True,0,2.0,2.0,0.0,2,False,True,
002_Et_H_CO_H,S4_person_dropout,146,UCI309_laboratory,simulation,-3.0,1.0,-3.0,1.0,3.0,0.0,158.92688520167275,G2,P0,valid,valid,zone_A,zone_A,True,0,2.0,2.0,0.0,2,False,True,
002_Et_H_CO_H,S4_person_dropout,147,UCI309_laboratory,simulation,-3.0,1.0,-3.0,1.0,3.0,0.0,158.9549889833176,G2,P0,valid,valid,zone_A,zone_A,True,0,2.0,2.0,0.0,2,False,True,
002_Et_H_CO_H,S4_person_dropout,148,UCI309_laboratory,simulation,-3.0,1.0,-3.0,1.0,3.0,0.0,157.9432528441027,G2,P0,valid,valid,zone_A,zone_A,True,0,2.0,2.0,0.0,2,False,True,
002_Et_H_CO_H,S4_person_dropout,149,UCI309_laboratory,simulation,-3.0,1.0,-3.0,1.0,3.0,0.0,157.49359233778497,G2,P0,valid,valid,zone_A,zone_A,True,0,2.0,2.0,0.0,2,False,True,
002_Et_H_CO_H,S4_person_dropout,150,UCI309_laboratory,simulation,-3.0,1.0,-3.0,1.0,3.0,0.0,156.59427132514952,G2,P0,valid,valid,zone_A,zone_A,True,0,2.0,2.0,0.0,2,False,True,
002_Et_H_CO_H,S4_person_dropout,151,UCI309_laboratory,simulation,-3.0,1.0,-3.0,1.0,3.0,0.0,157.38117721120554,G2,P0,valid,valid,zone_A,zone_A,True,0,2.0,2.0,0.0,2,False,True,
002_Et_H_CO_H,S4_person_dropout,152,UCI309_laboratory,simulation,-3.0,1.0,-3.0,1.0,3.0,0.0,159.40464948963535,G2,P0,valid,valid,zone_A,zone_A,True,0,2.0,2.0,0.0,2,False,True,
002_Et_H_CO_H,S4_person_dropout,153,UCI309_laboratory,simulation,-3.0,1.0,-3.0,1.0,3.0,0.0,162.41175412563516,G2,P0,valid,valid,zone_A,zone_A,True,0,2.0,2.0,0.0,2,False,True,
002_Et_H_CO_H,S4_person_dropout,154,UCI309_laboratory,simulation,-3.0,1.0,-3.0,1.0,3.0,0.0,163.42349026485005,G2,P0,valid,valid,zone_A,zone_A,True,0,2.0,2.0,0.0,2,False,True,
002_Et_H_CO_H,S4_person_dropout,155,UCI309_laboratory,simulation,-3.0,1.0,-3.0,1.0,3.0,0.0,163.47969782813976,G2,P0,valid,valid,zone_A,zone_A,True,0,2.0,2.0,0.0,2,False,True,
002_Et_H_CO_H,S4_person_dropout,156,UCI309_laboratory,simulation,-3.0,1.0,-3.0,1.0,3.0,0.0,163.03003732182202,G2,P0,valid,valid,zone_A,zone_A,True,0,2.0,2.0,0.0,2,False,True,
002_Et_H_CO_H,S4_person_dropout,157,UCI309_laboratory,simulation,-3.0,1.0,-3.0,1.0,3.0,0.0,161.09087638832682,G2,P0,valid,valid,zone_A,zone_A,True,0,2.0,2.0,0.0,2,False,True,
002_Et_H_CO_H,S4_person_dropout,158,UCI309_laboratory,simulation,-3.0,1.0,-3.0,1.0,3.0,0.0,158.39291335042043,G2,P0,valid,valid,zone_A,zone_A,True,0,2.0,2.0,0.0,2,False,True,
002_Et_H_CO_H,S4_person_dropout,159,UCI309_laboratory,simulation,-3.0,1.0,-3.0,1.0,3.0,0.0,156.03219569225234,G2,P0,valid,valid,zone_A,zone_A,True,0,2.0,2.0,0.0,2,False,True,
002_Et_H_CO_H,S4_person_dropout,160,UCI309_laboratory,simulation,-3.0,1.0,-3.0,1.0,3.0,0.0,153.67147803408426,G2,P0,valid,valid,zone_A,zone_A,True,0,2.0,2.0,0.0,2,False,True,
002_Et_H_CO_H,S4_person_dropout,161,UCI309_laboratory,simulation,-3.0,1.0,-3.0,1.0,3.0,0.0,151.9852511353928,G2,P0,valid,valid,zone_A,zone_A,True,0,2.0,2.0,0.0,2,False,True,
002_Et_H_CO_H,S4_person_dropout,162,UCI309_laboratory,simulation,-3.0,1.0,-3.0,1.0,3.0,0.0,151.0859301227573,G2,P0,valid,valid,zone_A,zone_A,True,0,2.0,2.0,0.0,2,False,True,
002_Et_H_CO_H,S4_person_dropout,163,UCI309_laboratory,simulation,-3.0,1.0,-3.0,1.0,3.0,0.0,149.73694860380414,G2,P0,valid,valid,zone_A,zone_A,True,0,2.0,2.0,0.0,2,False,True,
002_Et_H_CO_H,S4_person_dropout,164,UCI309_laboratory,simulation,-3.0,1.0,-3.0,1.0,3.0,0.0,147.71347632537436,G2,P0,valid,valid,zone_A,zone_A,True,0,2.0,2.0,0.0,2,False,True,
002_Et_H_CO_H,S4_person_dropout,165,UCI309_laboratory,simulation,-3.0,1.0,-3.0,1.0,3.0,0.0,145.69000404694455,G2,P0,valid,valid,zone_A,zone_A,True,0,2.0,2.0,0.0,2,False,True,
002_Et_H_CO_H,S4_person_dropout,166,UCI309_laboratory,simulation,-3.0,1.0,-3.0,1.0,3.0,0.0,144.34102252799136,G2,P0,valid,valid,zone_A,zone_A,True,0,2.0,2.0,0.0,2,False,True,
002_Et_H_CO_H,S4_person_dropout,167,UCI309_laboratory,simulation,-3.0,1.0,-3.0,1.0,3.0,0.0,143.44170151535593,G2,P0,valid,valid,zone_A,zone_A,True,0,2.0,2.0,0.0,2,False,True,
002_Et_H_CO_H,S4_person_dropout,168,UCI309_laboratory,simulation,-3.0,1.0,-3.0,1.0,3.0,0.0,143.10445613561762,G2,P0,valid,valid,zone_A,zone_A,True,0,2.0,2.0,0.0,2,False,True,
002_Et_H_CO_H,S4_person_dropout,169,UCI309_laboratory,simulation,-3.0,1.0,-3.0,1.0,3.0,0.0,143.55411664193534,G2,P0,valid,valid,zone_A,zone_A,True,0,2.0,2.0,0.0,2,False,True,
002_Et_H_CO_H,S4_person_dropout,170,UCI309_laboratory,simulation,-3.0,1.0,-3.0,1.0,3.0,0.0,144.22860740141192,G2,P0,valid,valid,zone_A,zone_A,True,0,2.0,2.0,0.0,2,False,True,
002_Et_H_CO_H,S4_person_dropout,171,UCI309_laboratory,simulation,-3.0,1.0,-3.0,1.0,3.0,0.0,145.57758892036514,G2,P0,valid,valid,zone_A,zone_A,True,0,2.0,2.0,0.0,2,False,True,
002_Et_H_CO_H,S4_person_dropout,172,UCI309_laboratory,simulation,-3.0,1.0,-3.0,1.0,3.0,0.0,146.81415531273888,G2,P0,valid,valid,zone_A,zone_A,True,0,2.0,2.0,0.0,2,False,True,
002_Et_H_CO_H,S4_person_dropout,173,UCI309_laboratory,simulation,-3.0,1.0,-3.0,1.0,3.0,0.0,147.26381581905662,G2,P0,valid,valid,zone_A,zone_A,True,0,2.0,2.0,0.0,2,False,True,
002_Et_H_CO_H,S4_person_dropout,174,UCI309_laboratory,simulation,-3.0,1.0,-3.0,1.0,3.0,0.0,148.05072170511266,G2,P0,valid,valid,zone_A,zone_A,True,0,2.0,2.0,0.0,2,False,True,
002_Et_H_CO_H,S4_person_dropout,175,UCI309_laboratory,simulation,-3.0,1.0,-3.0,1.0,3.0,0.0,148.3879670848509,G2,P0,valid,valid,zone_A,zone_A,True,0,2.0,2.0,0.0,2,False,True,
002_Et_H_CO_H,S4_person_dropout,176,UCI309_laboratory,simulation,-3.0,1.0,-3.0,1.0,3.0,0.0,149.51211835064527,G2,P0,valid,valid,zone_A,zone_A,True,0,2.0,2.0,0.0,2,False,True,
002_Et_H_CO_H,S4_person_dropout,177,UCI309_laboratory,simulation,-3.0,1.0,-3.0,1.0,3.0,0.0,150.63626961643956,G2,P0,valid,valid,zone_A,zone_A,True,0,2.0,2.0,0.0,2,False,True,
002_Et_H_CO_H,S4_person_dropout,178,UCI309_laboratory,simulation,-3.0,1.0,-3.0,1.0,3.0,0.0,151.87283600881335,G2,P0,valid,valid,zone_A,zone_A,True,0,2.0,2.0,0.0,2,False,True,
002_Et_H_CO_H,S4_person_dropout,179,UCI309_laboratory,simulation,-3.0,1.0,-3.0,1.0,3.0,0.0,153.33423265434595,G2,P0,valid,valid,zone_A,zone_A,True,0,2.0,2.0,0.0,2,False,True,
002_Et_H_CO_H,S4_person_dropout,180,UCI309_laboratory,simulation,-3.0,1.0,-3.0,1.0,3.0,0.0,154.4583839201403,G2,P0,valid,valid,zone_A,zone_A,True,0,2.0,2.0,0.0,2,False,True,
002_Et_H_CO_H,S4_person_dropout,181,UCI309_laboratory,simulation,-3.0,1.0,-3.0,1.0,3.0,0.0,153.55906290750482,G2,P0,valid,valid,zone_A,zone_A,True,0,2.0,2.0,0.0,2,False,True,
002_Et_H_CO_H,S4_person_dropout,182,UCI309_laboratory,simulation,-3.0,1.0,-3.0,1.0,3.0,0.0,151.19834524933674,G2,P0,valid,valid,zone_A,zone_A,True,0,2.0,2.0,0.0,2,False,True,
002_Et_H_CO_H,S4_person_dropout,183,UCI309_laboratory,simulation,-3.0,1.0,-3.0,1.0,3.0,0.0,150.18660911012188,G2,P0,valid,valid,zone_A,zone_A,True,0,2.0,2.0,0.0,2,False,True,
002_Et_H_CO_H,S4_person_dropout,184,UCI309_laboratory,simulation,-3.0,1.0,-3.0,1.0,3.0,0.0,148.61279733800978,G2,P0,valid,valid,zone_A,zone_A,True,0,2.0,2.0,0.0,2,False,True,
002_Et_H_CO_H,S4_person_dropout,185,UCI309_laboratory,simulation,-3.0,1.0,-3.0,1.0,3.0,0.0,148.05072170511266,G2,P0,valid,valid,zone_A,zone_A,True,0,2.0,2.0,0.0,2,False,True,
002_Et_H_CO_H,S4_person_dropout,186,UCI309_laboratory,simulation,-3.0,1.0,-3.0,1.0,3.0,0.0,149.06245784432753,G2,P0,valid,valid,zone_A,zone_A,True,0,2.0,2.0,0.0,2,False,True,
002_Et_H_CO_H,S4_person_dropout,187,UCI309_laboratory,simulation,-3.0,1.0,-3.0,1.0,3.0,0.0,151.4231755024956,G2,P0,valid,valid,zone_A,zone_A,True,0,2.0,2.0,0.0,2,False,True,
002_Et_H_CO_H,S4_person_dropout,188,UCI309_laboratory,simulation,-3.0,1.0,-3.0,1.0,3.0,0.0,153.89630828724313,G2,P0,valid,valid,zone_A,zone_A,True,0,2.0,2.0,0.0,2,False,True,
002_Et_H_CO_H,S4_person_dropout,189,UCI309_laboratory,simulation,-3.0,1.0,-3.0,1.0,3.0,0.0,156.03219569225234,G2,P0,valid,valid,zone_A,zone_A,True,0,2.0,2.0,0.0,2,False,True,
002_Et_H_CO_H,S4_person_dropout,190,UCI309_laboratory,simulation,-3.0,1.0,-3.0,1.0,3.0,0.0,158.39291335042043,G2,P0,valid,valid,zone_A,zone_A,True,0,2.0,2.0,0.0,2,False,True,
002_Et_H_CO_H,S4_person_dropout,191,UCI309_laboratory,simulation,-3.0,1.0,-3.0,1.0,3.0,0.0,162.1026125275417,G2,P0,valid,valid,zone_A,zone_A,True,0,2.0,2.0,0.0,2,False,True,
002_Et_H_CO_H,S4_person_dropout,192,UCI309_laboratory,simulation,-3.0,1.0,-3.0,1.0,3.0,0.0,163.36728270156033,G2,P0,valid,valid,zone_A,zone_A,True,0,2.0,2.0,0.0,2,False,True,
002_Et_H_CO_H,S4_person_dropout,193,UCI309_laboratory,simulation,-3.0,1.0,-3.0,1.0,3.0,0.0,164.88488691038268,G2,P0,valid,valid,zone_A,zone_A,True,0,2.0,2.0,0.0,2,False,True,
002_Et_H_CO_H,S4_person_dropout,194,UCI309_laboratory,simulation,-3.0,1.0,-3.0,1.0,3.0,0.0,165.3345474167004,G2,P0,valid,valid,zone_A,zone_A,True,0,2.0,2.0,0.0,2,False,True,
002_Et_H_CO_H,S4_person_dropout,195,UCI309_laboratory,simulation,-3.0,1.0,-3.0,1.0,3.0,0.0,165.3907549799901,G2,P0,valid,valid,zone_A,zone_A,True,0,2.0,2.0,0.0,2,False,True,
002_Et_H_CO_H,S4_person_dropout,196,UCI309_laboratory,simulation,-3.0,1.0,-3.0,1.0,3.0,0.0,165.3345474167004,G2,P0,valid,valid,zone_A,zone_A,True,0,2.0,2.0,0.0,2,False,True,
002_Et_H_CO_H,S4_person_dropout,197,UCI309_laboratory,simulation,-3.0,1.0,-3.0,1.0,3.0,0.0,165.3345474167004,G2,P0,valid,valid,zone_A,zone_A,True,0,2.0,2.0,0.0,2,False,True,
002_Et_H_CO_H,S4_person_dropout,198,UCI309_laboratory,simulation,-3.0,1.0,-3.0,1.0,3.0,0.0,165.6717927964387,G2,P0,valid,valid,zone_A,zone_A,True,0,2.0,2.0,0.0,2,False,True,
002_Et_H_CO_H,S4_person_dropout,199,UCI309_laboratory,simulation,-3.0,1.0,-3.0,1.0,3.0,0.0,165.3345474167004,G2,P0,valid,valid,zone_A,zone_A,True,0,2.0,2.0,0.0,2,False,True,
002_Et_H_CO_H,S4_person_dropout,200,UCI309_laboratory,simulation,-3.0,1.0,-3.0,1.0,3.0,0.0,165.22213229012095,G2,P0,valid,valid,zone_A,zone_A,True,0,2.0,2.0,0.0,2,False,True,
002_Et_H_CO_H,S4_person_dropout,201,UCI309_laboratory,simulation,-3.0,1.0,-3.0,1.0,3.0,0.0,165.22213229012095,G2,P0,valid,valid,zone_A,zone_A,True,0,2.0,2.0,0.0,2,False,True,
002_Et_H_CO_H,S4_person_dropout,202,UCI309_laboratory,simulation,-3.0,1.0,-3.0,1.0,3.0,0.0,164.66005665722378,G2,P0,valid,valid,zone_A,zone_A,True,0,2.0,2.0,0.0,2,False,True,
002_Et_H_CO_H,S4_person_dropout,203,UCI309_laboratory,simulation,-3.0,1.0,-3.0,1.0,3.0,0.0,164.15418858761637,G2,P0,valid,valid,zone_A,zone_A,True,0,2.0,2.0,0.0,2,False,True,
002_Et_H_CO_H,S4_person_dropout,204,UCI309_laboratory,simulation,-3.0,1.0,-3.0,1.0,3.0,0.0,163.3110751382706,G2,P0,valid,valid,zone_A,zone_A,True,0,2.0,2.0,0.0,2,False,True,
002_Et_H_CO_H,S4_person_dropout,205,UCI309_laboratory,simulation,-3.0,1.0,-3.0,1.0,3.0,0.0,163.3110751382706,G2,P0,valid,valid,zone_A,zone_A,True,0,2.0,2.0,0.0,2,False,True,
002_Et_H_CO_H,S4_person_dropout,206,UCI309_laboratory,simulation,-3.0,1.0,-3.0,1.0,3.0,0.0,163.53590539142948,G2,P0,valid,valid,zone_A,zone_A,True,0,2.0,2.0,0.0,2,False,True,
002_Et_H_CO_H,S4_person_dropout,207,UCI309_laboratory,simulation,-3.0,1.0,-3.0,1.0,3.0,0.0,164.32281127748553,G2,P0,valid,valid,zone_A,zone_A,True,0,2.0,2.0,0.0,2,False,True,
002_Et_H_CO_H,S4_person_dropout,208,UCI309_laboratory,simulation,-3.0,1.0,-3.0,1.0,3.0,0.0,165.22213229012095,G2,P0,valid,valid,zone_A,zone_A,True,0,2.0,2.0,0.0,2,False,True,
002_Et_H_CO_H,S4_person_dropout,209,UCI309_laboratory,simulation,-3.0,1.0,-3.0,1.0,3.0,0.0,166.68352893565358,G2,P0,valid,valid,zone_A,zone_A,True,0,2.0,2.0,0.0,2,False,True,
002_Et_H_CO_H,S4_person_dropout,210,UCI309_laboratory,simulation,-3.0,1.0,-3.0,1.0,3.0,0.0,166.009038176177,G2,P0,valid,valid,zone_A,zone_A,True,0,2.0,2.0,0.0,2,False,True,
002_Et_H_CO_H,S4_person_dropout,211,UCI309_laboratory,simulation,-3.0,1.0,-3.0,1.0,3.0,0.0,165.10971716354152,G2,P0,valid,valid,zone_A,zone_A,True,0,2.0,2.0,0.0,2,False,True,
002_Et_H_CO_H,S4_person_dropout,212,UCI309_laboratory,simulation,-3.0,1.0,-3.0,1.0,3.0,0.0,163.64832051800892,G2,P0,valid,valid,zone_A,zone_A,True,0,2.0,2.0,0.0,2,False,True,
002_Et_H_CO_H,S4_person_dropout,213,UCI309_laboratory,simulation,-3.0,1.0,-3.0,1.0,3.0,0.0,161.62484823957914,G2,P0,valid,valid,zone_A,zone_A,True,0,2.0,2.0,0.0,2,False,True,
002_Et_H_CO_H,S4_person_dropout,214,UCI309_laboratory,simulation,-3.0,1.0,-3.0,1.0,3.0,0.0,160.27586672062594,G2,P0,valid,valid,zone_A,zone_A,True,0,2.0,2.0,0.0,2,False,True,
002_Et_H_CO_H,S4_person_dropout,215,UCI309_laboratory,simulation,-3.0,1.0,-3.0,1.0,3.0,0.0,159.32033814470077,G2,P0,valid,valid,zone_A,zone_A,True,0,2.0,2.0,0.0,2,False,True,
002_Et_H_CO_H,S4_person_dropout,216,UCI309_laboratory,simulation,-3.0,1.0,-3.0,1.0,3.0,0.0,158.1399793156167,G2,P0,valid,valid,zone_A,zone_A,True,0,2.0,2.0,0.0,2,False,True,
002_Et_H_CO_H,S4_person_dropout,217,UCI309_laboratory,simulation,-3.0,1.0,-3.0,1.0,3.0,0.0,157.07203561311212,G2,P0,valid,valid,zone_A,zone_A,True,0,2.0,2.0,0.0,2,False,True,
002_Et_H_CO_H,S4_person_dropout,218,UCI309_laboratory,simulation,-3.0,1.0,-3.0,1.0,3.0,0.0,157.07203561311212,G2,P0,valid,valid,zone_A,zone_A,True,0,2.0,2.0,0.0,2,False,True,
002_Et_H_CO_H,S4_person_dropout,219,UCI309_laboratory,simulation,-3.0,1.0,-3.0,1.0,3.0,0.0,157.63411124600927,G2,P0,valid,valid,zone_A,zone_A,True,0,2.0,2.0,0.0,2,False,True,
002_Et_H_CO_H,S4_person_dropout,220,UCI309_laboratory,simulation,-3.0,1.0,-3.0,1.0,3.0,0.0,158.58963982193444,G2,P0,valid,valid,zone_A,zone_A,True,0,2.0,2.0,0.0,2,False,True,
002_Et_H_CO_H,S4_person_dropout,221,UCI309_laboratory,simulation,-3.0,1.0,-3.0,1.0,3.0,0.0,160.1072440307568,G2,P0,valid,valid,zone_A,zone_A,True,0,2.0,2.0,0.0,2,False,True,
002_Et_H_CO_H,S4_person_dropout,222,UCI309_laboratory,simulation,-3.0,1.0,-3.0,1.0,3.0,0.0,160.72552722694365,G2,P0,valid,valid,zone_A,zone_A,True,0,2.0,2.0,0.0,2,False,True,
002_Et_H_CO_H,S4_person_dropout,223,UCI309_laboratory,simulation,-3.0,1.0,-3.0,1.0,3.0,0.0,160.38828184720535,G2,P0,valid,valid,zone_A,zone_A,True,0,2.0,2.0,0.0,2,False,True,
002_Et_H_CO_H,S4_person_dropout,224,UCI309_laboratory,simulation,-3.0,1.0,-3.0,1.0,3.0,0.0,159.71379108772877,G2,P0,valid,valid,zone_A,zone_A,True,0,2.0,2.0,0.0,2,False,True,
002_Et_H_CO_H,S4_person_dropout,225,UCI309_laboratory,simulation,-3.0,1.0,-3.0,1.0,3.0,0.0,159.71379108772877,G2,P0,valid,valid,zone_A,zone_A,True,0,2.0,2.0,0.0,2,False,True,
002_Et_H_CO_H,S4_person_dropout,226,UCI309_laboratory,simulation,-3.0,1.0,-3.0,1.0,3.0,0.0,160.5569045370745,G2,P0,valid,valid,zone_A,zone_A,True,0,2.0,2.0,0.0,2,False,True,
002_Et_H_CO_H,S4_person_dropout,227,UCI309_laboratory,simulation,-3.0,1.0,-3.0,1.0,3.0,0.0,160.8379423535231,G2,P0,valid,valid,zone_A,zone_A,True,0,2.0,2.0,0.0,2,False,True,
002_Et_H_CO_H,S4_person_dropout,228,UCI309_laboratory,simulation,-3.0,1.0,-3.0,1.0,3.0,0.0,161.28760285984083,G2,P0,valid,valid,zone_A,zone_A,True,0,2.0,2.0,0.0,2,False,True,
002_Et_H_CO_H,S4_person_dropout,229,UCI309_laboratory,simulation,-3.0,1.0,-3.0,1.0,3.0,0.0,161.2313952965511,G2,P0,valid,valid,zone_A,zone_A,True,0,2.0,2.0,0.0,2,False,True,
002_Et_H_CO_H,S4_person_dropout,230,UCI309_laboratory,simulation,-3.0,1.0,-3.0,1.0,3.0,0.0,160.8379423535231,G2,P0,valid,valid,zone_A,zone_A,True,0,2.0,2.0,0.0,2,False,True,
002_Et_H_CO_H,S4_person_dropout,231,UCI309_laboratory,simulation,-3.0,1.0,-3.0,1.0,3.0,0.0,160.38828184720535,G2,P0,valid,valid,zone_A,zone_A,True,0,2.0,2.0,0.0,2,False,True,
002_Et_H_CO_H,S4_person_dropout,232,UCI309_laboratory,simulation,-3.0,1.0,-3.0,1.0,3.0,0.0,160.5569045370745,G2,P0,valid,valid,zone_A,zone_A,True,0,2.0,2.0,0.0,2,False,True,
002_Et_H_CO_H,S4_person_dropout,233,UCI309_laboratory,simulation,-3.0,1.0,-3.0,1.0,3.0,0.0,161.2313952965511,G2,P0,valid,valid,zone_A,zone_A,True,0,2.0,2.0,0.0,2,False,True,
002_Et_H_CO_H,S4_person_dropout,234,UCI309_laboratory,simulation,-3.0,1.0,-3.0,1.0,3.0,0.0,162.01830118260713,G2,P0,valid,valid,zone_A,zone_A,True,0,2.0,2.0,0.0,2,False,True,
002_Et_H_CO_H,S4_person_dropout,235,UCI309_laboratory,simulation,-3.0,1.0,-3.0,1.0,3.0,0.0,163.42349026485005,G2,P0,valid,valid,zone_A,zone_A,True,0,2.0,2.0,0.0,2,False,True,
002_Et_H_CO_H,S4_person_dropout,236,UCI309_laboratory,simulation,-3.0,1.0,-3.0,1.0,3.0,0.0,163.76073564458835,G2,P0,valid,valid,zone_A,zone_A,True,0,2.0,2.0,0.0,2,False,True,
002_Et_H_CO_H,S4_person_dropout,237,UCI309_laboratory,simulation,-3.0,1.0,-3.0,1.0,3.0,0.0,162.9738297585323,G2,P0,valid,valid,zone_A,zone_A,True,0,2.0,2.0,0.0,2,False,True,
002_Et_H_CO_H,S4_person_dropout,238,UCI309_laboratory,simulation,-3.0,1.0,-3.0,1.0,3.0,0.0,161.96209361931741,G2,P0,valid,valid,zone_A,zone_A,True,0,2.0,2.0,0.0,2,False,True,
002_Et_H_CO_H,S4_person_dropout,239,UCI309_laboratory,simulation,-3.0,1.0,-3.0,1.0,3.0,0.0,161.1751877332614,G2,P0,valid,valid,zone_A,zone_A,True,0,2.0,2.0,0.0,2,False,True,
002_Et_H_CO_H,S4_person_dropout,240,UCI309_laboratory,simulation,-3.0,1.0,-3.0,1.0,3.0,0.0,161.40001798642027,G2,P0,valid,valid,zone_A,zone_A,True,0,2.0,2.0,0.0,2,False,True,
002_Et_H_CO_H,S4_wrong_zone,26,UCI309_laboratory,simulation,-3.0,1.0,-3.0,1.0,3.0,0.0,1.1846824877986353,G0,P0,valid,valid,zone_A,zone_A,True,0,0.0,0.0,0.0,0,False,True,
002_Et_H_CO_H,S4_wrong_zone,27,UCI309_laboratory,simulation,-3.0,1.0,-3.0,1.0,3.0,0.0,0.9598522346397701,G0,P0,valid,valid,zone_A,zone_A,True,0,0.0,0.0,0.0,0,False,True,
002_Et_H_CO_H,S4_wrong_zone,28,UCI309_laboratory,simulation,-3.0,1.0,-3.0,1.0,3.0,0.0,1.011736139214893,G0,P0,valid,valid,zone_A,zone_A,True,0,0.0,0.0,0.0,0,False,True,
002_Et_H_CO_H,S4_wrong_zone,29,UCI309_laboratory,simulation,-3.0,1.0,-3.0,1.0,3.0,0.0,1.011736139214893,G0,P0,valid,valid,zone_A,zone_A,True,0,0.0,0.0,0.0,0,False,True,
002_Et_H_CO_H,S4_wrong_zone,30,UCI309_laboratory,simulation,-3.0,1.0,-3.0,1.0,3.0,0.0,1.1241512657943253,G0,P0,valid,valid,zone_A,zone_A,True,0,0.0,0.0,0.0,0,False,True,
002_Et_H_CO_H,S4_wrong_zone,31,UCI309_laboratory,simulation,-3.0,1.0,-3.0,1.0,3.0,0.0,1.1241512657943253,G0,P0,valid,valid,zone_A,zone_A,True,0,0.0,0.0,0.0,0,False,True,
002_Et_H_CO_H,S4_wrong_zone,32,UCI309_laboratory,simulation,-3.0,1.0,-3.0,1.0,3.0,0.0,0.9555285759251766,G0,P0,valid,valid,zone_A,zone_A,True,0,0.0,0.0,0.0,0,False,True,
002_Et_H_CO_H,S4_wrong_zone,33,UCI309_laboratory,simulation,-3.0,1.0,-3.0,1.0,3.0,0.0,0.9555285759251766,G0,P0,valid,valid,zone_A,zone_A,True,0,0.0,0.0,0.0,0,False,True,
002_Et_H_CO_H,S4_wrong_zone,34,UCI309_laboratory,simulation,-3.0,1.0,-3.0,1.0,3.0,0.0,0.7869058860560277,G0,P0,valid,valid,zone_A,zone_A,True,0,0.0,0.0,0.0,0,False,True,
002_Et_H_CO_H,S4_wrong_zone,35,UCI309_laboratory,simulation,-3.0,1.0,-3.0,1.0,3.0,0.0,0.9555285759251766,G0,P0,valid,valid,zone_A,zone_A,True,0,0.0,0.0,0.0,0,False,True,
002_Et_H_CO_H,S4_wrong_zone,36,UCI309_laboratory,simulation,-3.0,1.0,-3.0,1.0,3.0,0.0,1.011736139214893,G0,P0,valid,valid,zone_A,zone_A,True,0,0.0,0.0,0.0,0,False,True,
002_Et_H_CO_H,S4_wrong_zone,37,UCI309_laboratory,simulation,-3.0,1.0,-3.0,1.0,3.0,0.0,0.7869058860560277,G0,P0,valid,valid,zone_A,zone_A,True,0,0.0,0.0,0.0,0,False,True,
002_Et_H_CO_H,S4_wrong_zone,38,UCI309_laboratory,simulation,-3.0,1.0,-3.0,1.0,3.0,0.0,0.7869058860560277,G0,P0,valid,valid,zone_A,zone_A,True,0,0.0,0.0,0.0,0,False,True,
002_Et_H_CO_H,S4_wrong_zone,39,UCI309_laboratory,simulation,-3.0,1.0,-3.0,1.0,3.0,0.0,1.011736139214893,G0,P0,valid,valid,zone_A,zone_A,True,0,0.0,0.0,0.0,0,False,True,
002_Et_H_CO_H,S4_wrong_zone,40,UCI309_laboratory,simulation,-3.0,1.0,-3.0,1.0,3.0,0.0,1.011736139214893,G0,P0,valid,valid,zone_A,zone_A,True,0,0.0,0.0,0.0,0,False,True,
002_Et_H_CO_H,S4_wrong_zone,41,UCI309_laboratory,simulation,-3.0,1.0,-3.0,1.0,3.0,0.0,1.1241512657943253,G0,P0,valid,valid,zone_A,zone_A,True,0,0.0,0.0,0.0,0,False,True,
002_Et_H_CO_H,S4_wrong_zone,42,UCI309_laboratory,simulation,-3.0,1.0,-3.0,1.0,3.0,0.0,1.0679437025046092,G0,P0,valid,valid,zone_A,zone_A,True,0,0.0,0.0,0.0,0,False,True,
002_Et_H_CO_H,S4_wrong_zone,43,UCI309_laboratory,simulation,-3.0,1.0,-3.0,1.0,3.0,0.0,1.1241512657943253,G0,P0,valid,valid,zone_A,zone_A,True,0,0.0,0.0,0.0,0,False,True,
002_Et_H_CO_H,S4_wrong_zone,44,UCI309_laboratory,simulation,-3.0,1.0,-3.0,1.0,3.0,0.0,0.8993210126354603,G0,P0,valid,valid,zone_A,zone_A,True,0,0.0,0.0,0.0,0,False,True,
002_Et_H_CO_H,S4_wrong_zone,45,UCI309_laboratory,simulation,-3.0,1.0,-3.0,1.0,3.0,0.0,1.0960474841494672,G0,P0,valid,valid,zone_A,zone_A,True,0,0.0,0.0,0.0,0,False,True,
002_Et_H_CO_H,S4_wrong_zone,46,UCI309_laboratory,simulation,-3.0,1.0,-3.0,1.0,3.0,0.0,1.0960474841494672,G0,P0,valid,valid,zone_A,zone_A,True,0,0.0,0.0,0.0,0,False,True,
002_Et_H_CO_H,S4_wrong_zone,47,UCI309_laboratory,simulation,-3.0,1.0,-3.0,1.0,3.0,0.0,1.0960474841494672,G0,P0,valid,valid,zone_A,zone_A,True,0,0.0,0.0,0.0,0,False,True,
002_Et_H_CO_H,S4_wrong_zone,48,UCI309_laboratory,simulation,-3.0,1.0,-3.0,1.0,3.0,0.0,0.8431134493457441,G0,P0,valid,valid,zone_A,zone_A,True,0,0.0,0.0,0.0,0,False,True,
002_Et_H_CO_H,S4_wrong_zone,49,UCI309_laboratory,simulation,-3.0,1.0,-3.0,1.0,3.0,0.0,0.8431134493457441,G0,P0,valid,valid,zone_A,zone_A,True,0,0.0,0.0,0.0,0,False,True,
002_Et_H_CO_H,S4_wrong_zone,50,UCI309_laboratory,simulation,-3.0,1.0,-3.0,1.0,3.0,0.0,1.0960474841494672,G0,P0,valid,valid,zone_A,zone_A,True,0,0.0,0.0,0.0,0,False,True,
002_Et_H_CO_H,S4_wrong_zone,51,UCI309_laboratory,simulation,-3.0,1.0,-3.0,1.0,3.0,0.0,0.7869058860560277,G0,P0,valid,valid,zone_A,zone_A,True,0,0.0,0.0,0.0,0,False,True,
002_Et_H_CO_H,S4_wrong_zone,52,UCI309_laboratory,simulation,-3.0,1.0,-3.0,1.0,3.0,0.0,1.0960474841494672,G0,P0,valid,valid,zone_A,zone_A,True,0,0.0,0.0,0.0,0,False,True,
002_Et_H_CO_H,S4_wrong_zone,53,UCI309_laboratory,simulation,-3.0,1.0,-3.0,1.0,3.0,0.0,0.8712172309906021,G0,P0,valid,valid,zone_A,zone_A,True,0,0.0,0.0,0.0,0,False,True,
002_Et_H_CO_H,S4_wrong_zone,54,UCI309_laboratory,simulation,-3.0,1.0,-3.0,1.0,3.0,0.0,1.011736139214893,G0,P0,valid,valid,zone_A,zone_A,True,0,0.0,0.0,0.0,0,False,True,
002_Et_H_CO_H,S4_wrong_zone,55,UCI309_laboratory,simulation,-3.0,1.0,-3.0,1.0,3.0,0.0,0.7588021044111697,G0,P0,valid,valid,zone_A,zone_A,True,0,0.0,0.0,0.0,0,False,True,
002_Et_H_CO_H,S4_wrong_zone,56,UCI309_laboratory,simulation,-3.0,1.0,-3.0,1.0,3.0,0.0,0.6744907594765952,G0,P0,valid,valid,zone_A,zone_A,True,0,0.0,0.0,0.0,0,False,True,
002_Et_H_CO_H,S4_wrong_zone,57,UCI309_laboratory,simulation,-3.0,1.0,-3.0,1.0,3.0,0.0,0.8712172309906021,G0,P0,valid,valid,zone_A,zone_A,True,0,0.0,0.0,0.0,0,False,True,
002_Et_H_CO_H,S4_wrong_zone,58,UCI309_laboratory,simulation,-3.0,1.0,-3.0,1.0,3.0,0.0,0.7588021044111697,G0,P0,valid,valid,zone_A,zone_A,True,0,0.0,0.0,0.0,0,False,True,
002_Et_H_CO_H,S4_wrong_zone,59,UCI309_laboratory,simulation,-3.0,1.0,-3.0,1.0,3.0,0.0,0.8712172309906021,G0,P0,valid,valid,zone_A,zone_A,True,0,0.0,0.0,0.0,0,False,True,
002_Et_H_CO_H,S4_wrong_zone,60,UCI309_laboratory,simulation,-3.0,1.0,-3.0,1.0,3.0,0.0,0.9555285759251766,G0,P0,valid,valid,zone_A,zone_A,True,0,0.0,0.0,0.0,0,False,True,
002_Et_H_CO_H,S4_wrong_zone,61,UCI309_laboratory,simulation,-3.0,1.0,-3.0,1.0,3.0,0.0,0.7869058860560277,G0,P0,valid,valid,zone_A,zone_A,True,0,0.0,0.0,0.0,0,False,True,
002_Et_H_CO_H,S4_wrong_zone,62,UCI309_laboratory,simulation,-3.0,1.0,-3.0,1.0,3.0,0.0,0.8712172309906021,G0,P0,valid,valid,zone_A,zone_A,True,0,0.0,0.0,0.0,0,False,True,
002_Et_H_CO_H,S4_wrong_zone,63,UCI309_laboratory,simulation,-3.0,1.0,-3.0,1.0,3.0,0.0,0.8712172309906021,G0,P0,valid,valid,zone_A,zone_A,True,0,0.0,0.0,0.0,0,False,True,
002_Et_H_CO_H,S4_wrong_zone,64,UCI309_laboratory,simulation,-3.0,1.0,-3.0,1.0,3.0,0.0,1.4332928638877647,G0,P0,valid,valid,zone_A,zone_A,True,0,0.0,0.0,0.0,0,False,True,
002_Et_H_CO_H,S4_wrong_zone,65,UCI309_laboratory,simulation,-3.0,1.0,-3.0,1.0,3.0,0.0,1.011736139214893,G0,P0,valid,valid,zone_A,zone_A,True,0,0.0,0.0,0.0,0,False,True,
002_Et_H_CO_H,S4_wrong_zone,66,UCI309_laboratory,simulation,-3.0,1.0,-3.0,1.0,3.0,0.0,1.3208777373083322,G0,P0,valid,valid,zone_A,zone_A,True,0,0.0,0.0,0.0,0,False,True,
002_Et_H_CO_H,S4_wrong_zone,67,UCI309_laboratory,simulation,-3.0,1.0,-3.0,1.0,3.0,0.0,0.7869058860560277,G0,P0,valid,valid,zone_A,zone_A,True,0,0.0,0.0,0.0,0,False,True,
002_Et_H_CO_H,S4_wrong_zone,68,UCI309_laboratory,simulation,-3.0,1.0,-3.0,1.0,3.0,0.0,1.011736139214893,G0,P0,valid,valid,zone_A,zone_A,True,0,0.0,0.0,0.0,0,False,True,
002_Et_H_CO_H,S4_wrong_zone,69,UCI309_laboratory,simulation,-3.0,1.0,-3.0,1.0,3.0,0.0,1.011736139214893,G0,P0,valid,valid,zone_A,zone_A,True,0,0.0,0.0,0.0,0,False,True,
002_Et_H_CO_H,S4_wrong_zone,70,UCI309_laboratory,simulation,-3.0,1.0,-3.0,1.0,3.0,0.0,1.4332928638877647,G0,P0,valid,valid,zone_A,zone_A,True,0,0.0,0.0,0.0,0,False,True,
002_Et_H_CO_H,S4_wrong_zone,71,UCI309_laboratory,simulation,-2.861111111111111,1.0,-2.861111111111111,1.0,2.861111111111111,0.0,1.011736139214893,G0,P0,valid,valid,zone_A,zone_A,True,0,0.0,0.0,0.0,0,False,True,
002_Et_H_CO_H,S4_wrong_zone,72,UCI309_laboratory,simulation,-2.7222222222222223,1.0,-2.7222222222222223,1.0,2.7222222222222223,0.0,1.0960474841494672,G0,P0,valid,valid,zone_A,zone_A,True,0,0.0,0.0,0.0,0,False,True,
002_Et_H_CO_H,S4_wrong_zone,73,UCI309_laboratory,simulation,-2.5833333333333335,1.0,-2.5833333333333335,1.0,2.5833333333333335,0.0,1.3489815189531904,G0,P0,valid,valid,zone_A,zone_A,True,0,0.0,0.0,0.0,0,False,True,
002_Et_H_CO_H,S4_wrong_zone,74,UCI309_laboratory,simulation,-2.4444444444444446,1.0,-2.4444444444444446,1.0,2.4444444444444446,0.0,1.5738117721120555,G0,P0,valid,valid,zone_A,zone_A,True,0,0.0,0.0,0.0,0,False,True,
002_Et_H_CO_H,S4_wrong_zone,75,UCI309_laboratory,simulation,-2.3055555555555554,1.0,-2.3055555555555554,1.0,2.3055555555555554,0.0,1.2365663923737578,G0,P0,valid,valid,zone_A,zone_A,True,0,0.0,0.0,0.0,0,False,True,
002_Et_H_CO_H,S4_wrong_zone,76,UCI309_laboratory,simulation,-2.166666666666667,1.0,-2.166666666666667,1.0,2.166666666666667,0.0,3.260038670803543,G0,P0,valid,valid,zone_A,zone_A,True,0,0.0,0.0,0.0,0,False,True,
002_Et_H_CO_H,S4_wrong_zone,77,UCI309_laboratory,simulation,-2.0277777777777777,1.0,-2.0277777777777777,1.0,2.0277777777777777,0.0,4.695493364048605,G0,P0,valid,valid,zone_A,zone_A,True,0,0.0,0.0,0.0,0,False,True,
002_Et_H_CO_H,S4_wrong_zone,78,UCI309_laboratory,simulation,-1.8888888888888888,1.0,-1.8888888888888888,1.0,1.8888888888888888,0.0,6.4076622150276545,G1,P0,valid,valid,zone_A,zone_A,True,0,1.0,1.0,0.0,1,False,True,
002_Et_H_CO_H,S4_wrong_zone,79,UCI309_laboratory,simulation,-1.75,1.0,-1.75,1.0,1.75,0.0,8.768379873195737,G1,P0,valid,valid,zone_A,zone_A,True,0,1.0,1.0,0.0,1,False,True,
002_Et_H_CO_H,S4_wrong_zone,80,UCI309_laboratory,simulation,-1.6111111111111112,1.0,-1.6111111111111112,1.0,1.6111111111111112,0.0,11.916003417419848,G2,P0,valid,valid,zone_A,zone_A,True,0,2.0,2.0,0.0,2,False,True,
002_Et_H_CO_H,S4_wrong_zone,81,UCI309_laboratory,simulation,-1.472222222222222,1.0,-1.472222222222222,1.0,1.472222222222222,0.0,15.007419398354243,G2,P0,valid,valid,zone_A,zone_A,True,0,2.0,2.0,0.0,2,False,True,
002_Et_H_CO_H,S4_wrong_zone,82,UCI309_laboratory,simulation,-1.3333333333333335,1.0,-1.3333333333333335,1.0,1.3333333333333335,0.0,18.098835379288637,G2,P0,valid,valid,zone_A,zone_A,True,0,2.0,2.0,0.0,2,False,True,
002_Et_H_CO_H,S4_wrong_zone,83,UCI309_laboratory,simulation,-1.1944444444444444,1.0,-1.1944444444444444,1.0,1.1944444444444444,0.0,20.290930347587572,G2,P0,valid,valid,zone_A,zone_A,True,0,2.0,2.0,0.0,2,False,True,
002_Et_H_CO_H,S4_wrong_zone,84,UCI309_laboratory,simulation,-1.0555555555555556,1.0,-1.0555555555555556,1.0,1.0555555555555556,0.0,22.932685822204235,G2,P0,valid,valid,zone_A,zone_A,True,0,2.0,2.0,0.0,2,False,True,
002_Et_H_CO_H,S4_wrong_zone,85,UCI309_laboratory,simulation,-0.9166666666666665,1.0,-0.9166666666666665,1.0,0.9166666666666665,0.0,26.024101803138635,G2,P1,valid,valid,zone_A,zone_A,True,0,3.0,2.0,1.0,2,False,True,
002_Et_H_CO_H,S4_wrong_zone,86,UCI309_laboratory,simulation,-0.7777777777777777,1.0,-0.7777777777777777,1.0,0.7777777777777777,0.0,30.68932955618508,G2,P1,valid,valid,zone_A,zone_A,True,0,3.0,2.0,1.0,2,False,True,
002_Et_H_CO_H,S4_wrong_zone,87,UCI309_laboratory,simulation,-0.6388888888888888,1.0,-0.6388888888888888,1.0,0.6388888888888888,0.0,35.29834974594181,G2,P1,valid,valid,zone_A,zone_A,True,0,3.0,2.0,1.0,2,False,True,
002_Et_H_CO_H,S4_wrong_zone,88,UCI309_laboratory,simulation,-0.5,1.0,-0.5,1.0,0.5,0.0,40.919106074913444,G2,P1,valid,valid,zone_A,zone_A,True,0,3.0,2.0,1.0,2,False,True,
002_Et_H_CO_H,S4_wrong_zone,89,UCI309_laboratory,simulation,-0.4,1.0,-0.4,1.0,0.4,0.0,47.55159854309996,G2,P1,valid,valid,zone_A,zone_A,True,0,3.0,2.0,1.0,2,False,True,
002_Et_H_CO_H,S4_wrong_zone,90,UCI309_laboratory,simulation,-0.3,1.0,-0.3,1.0,0.3,0.0,52.497864112594996,G2,P1,valid,valid,zone_A,zone_A,True,0,3.0,2.0,1.0,2,False,True,
002_Et_H_CO_H,S4_wrong_zone,91,UCI309_laboratory,simulation,-0.2,1.0,-0.2,1.0,0.2,0.0,56.657223796033996,G2,P1,valid,valid,zone_A,zone_A,True,0,3.0,2.0,1.0,2,False,True,
002_Et_H_CO_H,S4_wrong_zone,92,UCI309_laboratory,simulation,-0.09999999999999998,1.0,-0.09999999999999998,1.0,0.09999999999999998,0.0,62.390395251585055,G2,P1,valid,valid,zone_A,zone_A,True,0,3.0,2.0,1.0,2,False,True,
002_Et_H_CO_H,S4_wrong_zone,93,UCI309_laboratory,simulation,0.0,1.0,0.0,1.0,-0.0,0.0,67.22424569450065,G2,P2,valid,valid,zone_A,zone_A,True,0,3.0,2.0,2.0,2,False,True,
002_Et_H_CO_H,S4_wrong_zone,94,UCI309_laboratory,simulation,0.09999999999999998,1.0,0.09999999999999998,1.0,-0.09999999999999998,0.0,72.28292639057511,G2,P2,valid,valid,zone_A,zone_A,True,0,3.0,2.0,2.0,2,False,True,
002_Et_H_CO_H,S4_wrong_zone,95,UCI309_laboratory,simulation,0.19999999999999996,1.0,0.19999999999999996,1.0,-0.19999999999999996,0.0,75.65538018795809,G2,P2,valid,valid,zone_A,zone_A,True,0,3.0,2.0,2.0,2,False,True,
002_Et_H_CO_H,S4_wrong_zone,96,UCI309_laboratory,simulation,0.30000000000000004,1.0,0.30000000000000004,1.0,-0.30000000000000004,0.0,79.36507936507937,G2,P2,valid,valid,zone_A,zone_A,True,0,3.0,2.0,2.0,2,False,True,
002_Et_H_CO_H,S4_wrong_zone,97,UCI309_laboratory,simulation,0.4,1.0,0.4,1.0,-0.4,0.0,83.2996087953595,G2,P2,valid,valid,zone_A,zone_A,True,0,3.0,2.0,2.0,2,False,True,
002_Et_H_CO_H,S4_wrong_zone,98,UCI309_laboratory,simulation,0.5,1.0,0.5,1.0,-0.5,0.0,87.57138360537795,G2,P2,valid,valid,zone_A,zone_A,True,0,3.0,2.0,2.0,2,False,True,
002_Et_H_CO_H,S4_wrong_zone,99,UCI309_laboratory,simulation,0.5,1.0,0.5,1.0,-0.5,0.0,92.06798866855524,G2,P2,valid,valid,zone_A,zone_A,True,0,3.0,2.0,2.0,2,False,True,
002_Et_H_CO_H,S4_wrong_zone,100,UCI309_laboratory,simulation,0.5,1.0,0.5,1.0,-0.5,0.0,97.01425423805027,G2,P2,valid,valid,zone_B,zone_A,False,0,,2.0,2.0,2,True,False,zone_mismatch
002_Et_H_CO_H,S4_wrong_zone,101,UCI309_laboratory,simulation,0.5,1.0,0.5,1.0,-0.5,0.0,101.51085930122757,G2,P2,valid,valid,zone_B,zone_A,False,0,,2.0,2.0,2,True,False,zone_mismatch
002_Et_H_CO_H,S4_wrong_zone,102,UCI309_laboratory,simulation,0.5,1.0,0.5,1.0,-0.5,0.0,105.4453887315077,G2,P2,valid,valid,zone_B,zone_A,False,0,,2.0,2.0,2,True,False,zone_mismatch
002_Et_H_CO_H,S4_wrong_zone,103,UCI309_laboratory,simulation,0.5,1.0,0.5,1.0,-0.5,0.0,108.36818202257295,G2,P2,valid,valid,zone_B,zone_A,False,0,,2.0,2.0,2,True,False,zone_mismatch
002_Et_H_CO_H,S4_wrong_zone,104,UCI309_laboratory,simulation,0.5,1.0,0.5,1.0,-0.5,0.0,111.6282206933765,G2,P2,valid,valid,zone_B,zone_A,False,0,,2.0,2.0,2,True,False,zone_mismatch
002_Et_H_CO_H,S4_wrong_zone,105,UCI309_laboratory,simulation,0.5,1.0,0.5,1.0,-0.5,0.0,114.43859885786232,G2,P2,valid,valid,zone_B,zone_A,False,0,,2.0,2.0,2,True,False,zone_mismatch
002_Et_H_CO_H,S4_wrong_zone,106,UCI309_laboratory,simulation,0.5,1.0,0.5,1.0,-0.5,0.0,118.82278879446018,G2,P2,valid,valid,zone_B,zone_A,False,0,,2.0,2.0,2,True,False,zone_mismatch
002_Et_H_CO_H,S4_wrong_zone,107,UCI309_laboratory,simulation,0.5,1.0,0.5,1.0,-0.5,0.0,123.31939385763748,G2,P2,valid,valid,zone_B,zone_A,False,0,,2.0,2.0,2,True,False,zone_mismatch
002_Et_H_CO_H,S4_wrong_zone,108,UCI309_laboratory,simulation,0.5,1.0,0.5,1.0,-0.5,0.0,126.69184765502045,G2,P2,valid,valid,zone_B,zone_A,False,0,,2.0,2.0,2,True,False,zone_mismatch
002_Et_H_CO_H,S4_wrong_zone,109,UCI309_laboratory,simulation,0.5,1.0,0.5,1.0,-0.5,0.0,128.94015018660912,G2,P2,valid,valid,zone_B,zone_A,False,0,,2.0,2.0,2,True,False,zone_mismatch
002_Et_H_CO_H,S4_wrong_zone,110,UCI309_laboratory,simulation,0.5,1.0,0.5,1.0,-0.5,0.0,130.17671657898285,G2,P2,valid,valid,zone_A,zone_A,True,0,3.0,2.0,2.0,2,False,True,
002_Et_H_CO_H,S4_wrong_zone,111,UCI309_laboratory,simulation,0.5,1.0,0.5,1.0,-0.5,0.0,131.3008678447772,G2,P2,valid,valid,zone_A,zone_A,True,0,3.0,2.0,2.0,2,False,True,
002_Et_H_CO_H,S4_wrong_zone,112,UCI309_laboratory,simulation,0.5,1.0,0.5,1.0,-0.5,0.0,133.21192499662754,G2,P2,valid,valid,zone_A,zone_A,True,0,3.0,2.0,2.0,2,False,True,
002_Et_H_CO_H,S4_wrong_zone,113,UCI309_laboratory,simulation,0.5,1.0,0.5,1.0,-0.5,0.0,134.78573676873958,G2,P2,valid,valid,zone_A,zone_A,True,0,3.0,2.0,2.0,2,False,True,
002_Et_H_CO_H,S4_wrong_zone,114,UCI309_laboratory,simulation,0.5,1.0,0.5,1.0,-0.5,0.0,136.69679392058995,G2,P2,valid,valid,zone_A,zone_A,True,0,3.0,2.0,2.0,2,False,True,
002_Et_H_CO_H,S4_wrong_zone,115,UCI309_laboratory,simulation,0.5,1.0,0.5,1.0,-0.5,0.0,138.4954359458609,G2,P2,valid,valid,zone_A,zone_A,True,0,3.0,2.0,2.0,2,False,True,
002_Et_H_CO_H,S4_wrong_zone,116,UCI309_laboratory,simulation,0.5,1.0,0.5,1.0,-0.5,0.0,139.9568325913935,G2,P2,valid,valid,zone_A,zone_A,True,0,3.0,2.0,2.0,2,False,True,
002_Et_H_CO_H,S4_wrong_zone,117,UCI309_laboratory,simulation,0.5,1.0,0.5,1.0,-0.5,0.0,141.19339898376728,G2,P2,valid,valid,zone_A,zone_A,True,0,3.0,2.0,2.0,2,False,True,
002_Et_H_CO_H,S4_wrong_zone,118,UCI309_laboratory,simulation,0.5,1.0,0.5,1.0,-0.5,0.0,141.75547461666443,G2,P2,valid,valid,zone_A,zone_A,True,0,3.0,2.0,2.0,2,False,True,
002_Et_H_CO_H,S4_wrong_zone,119,UCI309_laboratory,simulation,0.5,1.0,0.5,1.0,-0.5,0.0,142.429965376141,G2,P2,valid,valid,zone_A,zone_A,True,0,3.0,2.0,2.0,2,False,True,
002_Et_H_CO_H,S4_wrong_zone,120,UCI309_laboratory,simulation,0.5,1.0,0.5,1.0,-0.5,0.0,144.34102252799136,G2,P2,valid,valid,zone_A,zone_A,True,0,3.0,2.0,2.0,2,False,True,
002_Et_H_CO_H,S4_wrong_zone,121,UCI309_laboratory,simulation,0.5,1.0,0.5,1.0,-0.5,0.0,147.26381581905662,G2,P2,valid,valid,zone_A,zone_A,True,0,3.0,2.0,2.0,2,False,True,
002_Et_H_CO_H,S4_wrong_zone,122,UCI309_laboratory,simulation,0.5,1.0,0.5,1.0,-0.5,0.0,149.73694860380414,G2,P2,valid,valid,zone_A,zone_A,True,0,3.0,2.0,2.0,2,False,True,
002_Et_H_CO_H,S4_wrong_zone,123,UCI309_laboratory,simulation,0.5,1.0,0.5,1.0,-0.5,0.0,150.97351499617787,G2,P2,valid,valid,zone_A,zone_A,True,0,3.0,2.0,2.0,2,False,True,
002_Et_H_CO_H,S4_wrong_zone,124,UCI309_laboratory,simulation,0.5,1.0,0.5,1.0,-0.5,0.0,151.4231755024956,G2,P2,valid,valid,zone_A,zone_A,True,0,3.0,2.0,2.0,2,False,True,
002_Et_H_CO_H,S4_wrong_zone,125,UCI309_laboratory,simulation,0.5,1.0,0.5,1.0,-0.5,0.0,150.86109986959846,G2,P2,valid,valid,zone_A,zone_A,True,0,3.0,2.0,2.0,2,False,True,
002_Et_H_CO_H,S4_wrong_zone,126,UCI309_laboratory,simulation,0.32499999999999996,1.0,0.32499999999999996,1.0,-0.32499999999999996,0.0,150.86109986959846,G2,P2,valid,valid,zone_A,zone_A,True,0,3.0,2.0,2.0,2,False,True,
002_Et_H_CO_H,S4_wrong_zone,127,UCI309_laboratory,simulation,0.14999999999999997,1.0,0.14999999999999997,1.0,-0.14999999999999997,0.0,150.18660911012188,G2,P2,valid,valid,zone_A,zone_A,True,0,3.0,2.0,2.0,2,False,True,
002_Et_H_CO_H,S4_wrong_zone,128,UCI309_laboratory,simulation,-0.025000000000000022,1.0,-0.025000000000000022,1.0,0.025000000000000022,0.0,149.6245334772247,G2,P1,valid,valid,zone_A,zone_A,True,0,3.0,2.0,1.0,2,False,True,
002_Et_H_CO_H,S4_wrong_zone,129,UCI309_laboratory,simulation,-0.20000000000000007,1.0,-0.20000000000000007,1.0,0.20000000000000007,0.0,149.06245784432753,G2,P1,valid,valid,zone_A,zone_A,True,0,3.0,2.0,1.0,2,False,True,
002_Et_H_CO_H,S4_wrong_zone,130,UCI309_laboratory,simulation,-0.375,1.0,-0.375,1.0,0.375,0.0,149.6245334772247,G2,P1,valid,valid,zone_A,zone_A,True,0,3.0,2.0,1.0,2,False,True,
002_Et_H_CO_H,S4_wrong_zone,131,UCI309_laboratory,simulation,-0.55,1.0,-0.55,1.0,0.55,0.0,151.31076037591617,G2,P1,valid,valid,zone_A,zone_A,True,0,3.0,2.0,1.0,2,False,True,
002_Et_H_CO_H,S4_wrong_zone,132,UCI309_laboratory,simulation,-0.7249999999999999,1.0,-0.7249999999999999,1.0,0.7249999999999999,0.0,155.1328746796169,G2,P1,valid,valid,zone_A,zone_A,True,0,3.0,2.0,1.0,2,False,True,
002_Et_H_CO_H,S4_wrong_zone,133,UCI309_laboratory,simulation,-0.9000000000000001,1.0,-0.9000000000000001,1.0,0.9000000000000001,0.0,159.17981923647648,G2,P1,valid,valid,zone_A,zone_A,True,0,3.0,2.0,1.0,2,False,True,
002_Et_H_CO_H,S4_wrong_zone,134,UCI309_laboratory,simulation,-1.075,1.0,-1.075,1.0,1.075,0.0,160.95035748010253,G2,P0,valid,valid,zone_A,zone_A,True,0,2.0,2.0,0.0,2,False,True,
002_Et_H_CO_H,S4_wrong_zone,135,UCI309_laboratory,simulation,-1.25,1.0,-1.25,1.0,1.25,0.0,162.243131435766,G2,P0,valid,valid,zone_A,zone_A,True,0,2.0,2.0,0.0,2,False,True,
002_Et_H_CO_H,S4_wrong_zone,136,UCI309_laboratory,simulation,-1.4250000000000003,1.0,-1.4250000000000003,1.0,1.4250000000000003,0.0,162.07450874589685,G2,P0,valid,valid,zone_A,zone_A,True,0,2.0,2.0,0.0,2,False,True,
002_Et_H_CO_H,S4_wrong_zone,137,UCI309_laboratory,simulation,-1.6,1.0,-1.6,1.0,1.6,0.0,161.06277260668196,G2,P0,valid,valid,zone_A,zone_A,True,0,2.0,2.0,0.0,2,False,True,
002_Et_H_CO_H,S4_wrong_zone,138,UCI309_laboratory,simulation,-1.775,1.0,-1.775,1.0,1.775,0.0,159.7137910877288,G2,P0,valid,valid,zone_A,zone_A,True,0,2.0,2.0,0.0,2,False,True,
002_Et_H_CO_H,S4_wrong_zone,139,UCI309_laboratory,simulation,-1.9499999999999997,1.0,-1.9499999999999997,1.0,1.9499999999999997,0.0,158.92688520167275,G2,P0,valid,valid,zone_A,zone_A,True,0,2.0,2.0,0.0,2,False,True,
002_Et_H_CO_H,S4_wrong_zone,140,UCI309_laboratory,simulation,-2.125,1.0,-2.125,1.0,2.125,0.0,158.1399793156167,G2,P0,valid,valid,zone_A,zone_A,True,0,2.0,2.0,0.0,2,False,True,
002_Et_H_CO_H,S4_wrong_zone,141,UCI309_laboratory,simulation,-2.3000000000000003,1.0,-2.3000000000000003,1.0,2.3000000000000003,0.0,158.36480956877557,G2,P0,valid,valid,zone_A,zone_A,True,0,2.0,2.0,0.0,2,False,True,
002_Et_H_CO_H,S4_wrong_zone,142,UCI309_laboratory,simulation,-2.475,1.0,-2.475,1.0,2.475,0.0,158.8144700750933,G2,P0,valid,valid,zone_A,zone_A,True,0,2.0,2.0,0.0,2,False,True,
002_Et_H_CO_H,S4_wrong_zone,143,UCI309_laboratory,simulation,-2.65,1.0,-2.65,1.0,2.65,0.0,159.3765457079905,G2,P0,valid,valid,zone_A,zone_A,True,0,2.0,2.0,0.0,2,False,True,
002_Et_H_CO_H,S4_wrong_zone,144,UCI309_laboratory,simulation,-2.8249999999999997,1.0,-2.8249999999999997,1.0,2.8249999999999997,0.0,159.8262062143082,G2,P0,valid,valid,zone_A,zone_A,True,0,2.0,2.0,0.0,2,False,True,
002_Et_H_CO_H,S4_wrong_zone,145,UCI309_laboratory,simulation,-3.0,1.0,-3.0,1.0,3.0,0.0,159.26413058141105,G2,P0,valid,valid,zone_A,zone_A,True,0,2.0,2.0,0.0,2,False,True,
002_Et_H_CO_H,S4_wrong_zone,146,UCI309_laboratory,simulation,-3.0,1.0,-3.0,1.0,3.0,0.0,158.92688520167275,G2,P0,valid,valid,zone_A,zone_A,True,0,2.0,2.0,0.0,2,False,True,
002_Et_H_CO_H,S4_wrong_zone,147,UCI309_laboratory,simulation,-3.0,1.0,-3.0,1.0,3.0,0.0,158.9549889833176,G2,P0,valid,valid,zone_A,zone_A,True,0,2.0,2.0,0.0,2,False,True,
002_Et_H_CO_H,S4_wrong_zone,148,UCI309_laboratory,simulation,-3.0,1.0,-3.0,1.0,3.0,0.0,157.9432528441027,G2,P0,valid,valid,zone_A,zone_A,True,0,2.0,2.0,0.0,2,False,True,
002_Et_H_CO_H,S4_wrong_zone,149,UCI309_laboratory,simulation,-3.0,1.0,-3.0,1.0,3.0,0.0,157.49359233778497,G2,P0,valid,valid,zone_A,zone_A,True,0,2.0,2.0,0.0,2,False,True,
002_Et_H_CO_H,S4_wrong_zone,150,UCI309_laboratory,simulation,-3.0,1.0,-3.0,1.0,3.0,0.0,156.59427132514952,G2,P0,valid,valid,zone_A,zone_A,True,0,2.0,2.0,0.0,2,False,True,
002_Et_H_CO_H,S4_wrong_zone,151,UCI309_laboratory,simulation,-3.0,1.0,-3.0,1.0,3.0,0.0,157.38117721120554,G2,P0,valid,valid,zone_A,zone_A,True,0,2.0,2.0,0.0,2,False,True,
002_Et_H_CO_H,S4_wrong_zone,152,UCI309_laboratory,simulation,-3.0,1.0,-3.0,1.0,3.0,0.0,159.40464948963535,G2,P0,valid,valid,zone_A,zone_A,True,0,2.0,2.0,0.0,2,False,True,
002_Et_H_CO_H,S4_wrong_zone,153,UCI309_laboratory,simulation,-3.0,1.0,-3.0,1.0,3.0,0.0,162.41175412563516,G2,P0,valid,valid,zone_A,zone_A,True,0,2.0,2.0,0.0,2,False,True,
002_Et_H_CO_H,S4_wrong_zone,154,UCI309_laboratory,simulation,-3.0,1.0,-3.0,1.0,3.0,0.0,163.42349026485005,G2,P0,valid,valid,zone_A,zone_A,True,0,2.0,2.0,0.0,2,False,True,
002_Et_H_CO_H,S4_wrong_zone,155,UCI309_laboratory,simulation,-3.0,1.0,-3.0,1.0,3.0,0.0,163.47969782813976,G2,P0,valid,valid,zone_A,zone_A,True,0,2.0,2.0,0.0,2,False,True,
002_Et_H_CO_H,S4_wrong_zone,156,UCI309_laboratory,simulation,-3.0,1.0,-3.0,1.0,3.0,0.0,163.03003732182202,G2,P0,valid,valid,zone_A,zone_A,True,0,2.0,2.0,0.0,2,False,True,
002_Et_H_CO_H,S4_wrong_zone,157,UCI309_laboratory,simulation,-3.0,1.0,-3.0,1.0,3.0,0.0,161.09087638832682,G2,P0,valid,valid,zone_A,zone_A,True,0,2.0,2.0,0.0,2,False,True,
002_Et_H_CO_H,S4_wrong_zone,158,UCI309_laboratory,simulation,-3.0,1.0,-3.0,1.0,3.0,0.0,158.39291335042043,G2,P0,valid,valid,zone_A,zone_A,True,0,2.0,2.0,0.0,2,False,True,
002_Et_H_CO_H,S4_wrong_zone,159,UCI309_laboratory,simulation,-3.0,1.0,-3.0,1.0,3.0,0.0,156.03219569225234,G2,P0,valid,valid,zone_A,zone_A,True,0,2.0,2.0,0.0,2,False,True,
002_Et_H_CO_H,S4_wrong_zone,160,UCI309_laboratory,simulation,-3.0,1.0,-3.0,1.0,3.0,0.0,153.67147803408426,G2,P0,valid,valid,zone_A,zone_A,True,0,2.0,2.0,0.0,2,False,True,
002_Et_H_CO_H,S4_wrong_zone,161,UCI309_laboratory,simulation,-3.0,1.0,-3.0,1.0,3.0,0.0,151.9852511353928,G2,P0,valid,valid,zone_A,zone_A,True,0,2.0,2.0,0.0,2,False,True,
002_Et_H_CO_H,S4_wrong_zone,162,UCI309_laboratory,simulation,-3.0,1.0,-3.0,1.0,3.0,0.0,151.0859301227573,G2,P0,valid,valid,zone_A,zone_A,True,0,2.0,2.0,0.0,2,False,True,
002_Et_H_CO_H,S4_wrong_zone,163,UCI309_laboratory,simulation,-3.0,1.0,-3.0,1.0,3.0,0.0,149.73694860380414,G2,P0,valid,valid,zone_A,zone_A,True,0,2.0,2.0,0.0,2,False,True,
002_Et_H_CO_H,S4_wrong_zone,164,UCI309_laboratory,simulation,-3.0,1.0,-3.0,1.0,3.0,0.0,147.71347632537436,G2,P0,valid,valid,zone_A,zone_A,True,0,2.0,2.0,0.0,2,False,True,
002_Et_H_CO_H,S4_wrong_zone,165,UCI309_laboratory,simulation,-3.0,1.0,-3.0,1.0,3.0,0.0,145.69000404694455,G2,P0,valid,valid,zone_A,zone_A,True,0,2.0,2.0,0.0,2,False,True,
002_Et_H_CO_H,S4_wrong_zone,166,UCI309_laboratory,simulation,-3.0,1.0,-3.0,1.0,3.0,0.0,144.34102252799136,G2,P0,valid,valid,zone_A,zone_A,True,0,2.0,2.0,0.0,2,False,True,
002_Et_H_CO_H,S4_wrong_zone,167,UCI309_laboratory,simulation,-3.0,1.0,-3.0,1.0,3.0,0.0,143.44170151535593,G2,P0,valid,valid,zone_A,zone_A,True,0,2.0,2.0,0.0,2,False,True,
002_Et_H_CO_H,S4_wrong_zone,168,UCI309_laboratory,simulation,-3.0,1.0,-3.0,1.0,3.0,0.0,143.10445613561762,G2,P0,valid,valid,zone_A,zone_A,True,0,2.0,2.0,0.0,2,False,True,
002_Et_H_CO_H,S4_wrong_zone,169,UCI309_laboratory,simulation,-3.0,1.0,-3.0,1.0,3.0,0.0,143.55411664193534,G2,P0,valid,valid,zone_A,zone_A,True,0,2.0,2.0,0.0,2,False,True,
002_Et_H_CO_H,S4_wrong_zone,170,UCI309_laboratory,simulation,-3.0,1.0,-3.0,1.0,3.0,0.0,144.22860740141192,G2,P0,valid,valid,zone_A,zone_A,True,0,2.0,2.0,0.0,2,False,True,
002_Et_H_CO_H,S4_wrong_zone,171,UCI309_laboratory,simulation,-3.0,1.0,-3.0,1.0,3.0,0.0,145.57758892036514,G2,P0,valid,valid,zone_A,zone_A,True,0,2.0,2.0,0.0,2,False,True,
002_Et_H_CO_H,S4_wrong_zone,172,UCI309_laboratory,simulation,-3.0,1.0,-3.0,1.0,3.0,0.0,146.81415531273888,G2,P0,valid,valid,zone_A,zone_A,True,0,2.0,2.0,0.0,2,False,True,
002_Et_H_CO_H,S4_wrong_zone,173,UCI309_laboratory,simulation,-3.0,1.0,-3.0,1.0,3.0,0.0,147.26381581905662,G2,P0,valid,valid,zone_A,zone_A,True,0,2.0,2.0,0.0,2,False,True,
002_Et_H_CO_H,S4_wrong_zone,174,UCI309_laboratory,simulation,-3.0,1.0,-3.0,1.0,3.0,0.0,148.05072170511266,G2,P0,valid,valid,zone_A,zone_A,True,0,2.0,2.0,0.0,2,False,True,
002_Et_H_CO_H,S4_wrong_zone,175,UCI309_laboratory,simulation,-3.0,1.0,-3.0,1.0,3.0,0.0,148.3879670848509,G2,P0,valid,valid,zone_A,zone_A,True,0,2.0,2.0,0.0,2,False,True,
002_Et_H_CO_H,S4_wrong_zone,176,UCI309_laboratory,simulation,-3.0,1.0,-3.0,1.0,3.0,0.0,149.51211835064527,G2,P0,valid,valid,zone_A,zone_A,True,0,2.0,2.0,0.0,2,False,True,
002_Et_H_CO_H,S4_wrong_zone,177,UCI309_laboratory,simulation,-3.0,1.0,-3.0,1.0,3.0,0.0,150.63626961643956,G2,P0,valid,valid,zone_A,zone_A,True,0,2.0,2.0,0.0,2,False,True,
002_Et_H_CO_H,S4_wrong_zone,178,UCI309_laboratory,simulation,-3.0,1.0,-3.0,1.0,3.0,0.0,151.87283600881335,G2,P0,valid,valid,zone_A,zone_A,True,0,2.0,2.0,0.0,2,False,True,
002_Et_H_CO_H,S4_wrong_zone,179,UCI309_laboratory,simulation,-3.0,1.0,-3.0,1.0,3.0,0.0,153.33423265434595,G2,P0,valid,valid,zone_A,zone_A,True,0,2.0,2.0,0.0,2,False,True,
002_Et_H_CO_H,S4_wrong_zone,180,UCI309_laboratory,simulation,-3.0,1.0,-3.0,1.0,3.0,0.0,154.4583839201403,G2,P0,valid,valid,zone_A,zone_A,True,0,2.0,2.0,0.0,2,False,True,
002_Et_H_CO_H,S4_wrong_zone,181,UCI309_laboratory,simulation,-3.0,1.0,-3.0,1.0,3.0,0.0,153.55906290750482,G2,P0,valid,valid,zone_A,zone_A,True,0,2.0,2.0,0.0,2,False,True,
002_Et_H_CO_H,S4_wrong_zone,182,UCI309_laboratory,simulation,-3.0,1.0,-3.0,1.0,3.0,0.0,151.19834524933674,G2,P0,valid,valid,zone_A,zone_A,True,0,2.0,2.0,0.0,2,False,True,
002_Et_H_CO_H,S4_wrong_zone,183,UCI309_laboratory,simulation,-3.0,1.0,-3.0,1.0,3.0,0.0,150.18660911012188,G2,P0,valid,valid,zone_A,zone_A,True,0,2.0,2.0,0.0,2,False,True,
002_Et_H_CO_H,S4_wrong_zone,184,UCI309_laboratory,simulation,-3.0,1.0,-3.0,1.0,3.0,0.0,148.61279733800978,G2,P0,valid,valid,zone_A,zone_A,True,0,2.0,2.0,0.0,2,False,True,
002_Et_H_CO_H,S4_wrong_zone,185,UCI309_laboratory,simulation,-3.0,1.0,-3.0,1.0,3.0,0.0,148.05072170511266,G2,P0,valid,valid,zone_A,zone_A,True,0,2.0,2.0,0.0,2,False,True,
002_Et_H_CO_H,S4_wrong_zone,186,UCI309_laboratory,simulation,-3.0,1.0,-3.0,1.0,3.0,0.0,149.06245784432753,G2,P0,valid,valid,zone_A,zone_A,True,0,2.0,2.0,0.0,2,False,True,
002_Et_H_CO_H,S4_wrong_zone,187,UCI309_laboratory,simulation,-3.0,1.0,-3.0,1.0,3.0,0.0,151.4231755024956,G2,P0,valid,valid,zone_A,zone_A,True,0,2.0,2.0,0.0,2,False,True,
002_Et_H_CO_H,S4_wrong_zone,188,UCI309_laboratory,simulation,-3.0,1.0,-3.0,1.0,3.0,0.0,153.89630828724313,G2,P0,valid,valid,zone_A,zone_A,True,0,2.0,2.0,0.0,2,False,True,
002_Et_H_CO_H,S4_wrong_zone,189,UCI309_laboratory,simulation,-3.0,1.0,-3.0,1.0,3.0,0.0,156.03219569225234,G2,P0,valid,valid,zone_A,zone_A,True,0,2.0,2.0,0.0,2,False,True,
002_Et_H_CO_H,S4_wrong_zone,190,UCI309_laboratory,simulation,-3.0,1.0,-3.0,1.0,3.0,0.0,158.39291335042043,G2,P0,valid,valid,zone_A,zone_A,True,0,2.0,2.0,0.0,2,False,True,
002_Et_H_CO_H,S4_wrong_zone,191,UCI309_laboratory,simulation,-3.0,1.0,-3.0,1.0,3.0,0.0,162.1026125275417,G2,P0,valid,valid,zone_A,zone_A,True,0,2.0,2.0,0.0,2,False,True,
002_Et_H_CO_H,S4_wrong_zone,192,UCI309_laboratory,simulation,-3.0,1.0,-3.0,1.0,3.0,0.0,163.36728270156033,G2,P0,valid,valid,zone_A,zone_A,True,0,2.0,2.0,0.0,2,False,True,
002_Et_H_CO_H,S4_wrong_zone,193,UCI309_laboratory,simulation,-3.0,1.0,-3.0,1.0,3.0,0.0,164.88488691038268,G2,P0,valid,valid,zone_A,zone_A,True,0,2.0,2.0,0.0,2,False,True,
002_Et_H_CO_H,S4_wrong_zone,194,UCI309_laboratory,simulation,-3.0,1.0,-3.0,1.0,3.0,0.0,165.3345474167004,G2,P0,valid,valid,zone_A,zone_A,True,0,2.0,2.0,0.0,2,False,True,
002_Et_H_CO_H,S4_wrong_zone,195,UCI309_laboratory,simulation,-3.0,1.0,-3.0,1.0,3.0,0.0,165.3907549799901,G2,P0,valid,valid,zone_A,zone_A,True,0,2.0,2.0,0.0,2,False,True,
002_Et_H_CO_H,S4_wrong_zone,196,UCI309_laboratory,simulation,-3.0,1.0,-3.0,1.0,3.0,0.0,165.3345474167004,G2,P0,valid,valid,zone_A,zone_A,True,0,2.0,2.0,0.0,2,False,True,
002_Et_H_CO_H,S4_wrong_zone,197,UCI309_laboratory,simulation,-3.0,1.0,-3.0,1.0,3.0,0.0,165.3345474167004,G2,P0,valid,valid,zone_A,zone_A,True,0,2.0,2.0,0.0,2,False,True,
002_Et_H_CO_H,S4_wrong_zone,198,UCI309_laboratory,simulation,-3.0,1.0,-3.0,1.0,3.0,0.0,165.6717927964387,G2,P0,valid,valid,zone_A,zone_A,True,0,2.0,2.0,0.0,2,False,True,
002_Et_H_CO_H,S4_wrong_zone,199,UCI309_laboratory,simulation,-3.0,1.0,-3.0,1.0,3.0,0.0,165.3345474167004,G2,P0,valid,valid,zone_A,zone_A,True,0,2.0,2.0,0.0,2,False,True,
002_Et_H_CO_H,S4_wrong_zone,200,UCI309_laboratory,simulation,-3.0,1.0,-3.0,1.0,3.0,0.0,165.22213229012095,G2,P0,valid,valid,zone_A,zone_A,True,0,2.0,2.0,0.0,2,False,True,
002_Et_H_CO_H,S4_wrong_zone,201,UCI309_laboratory,simulation,-3.0,1.0,-3.0,1.0,3.0,0.0,165.22213229012095,G2,P0,valid,valid,zone_A,zone_A,True,0,2.0,2.0,0.0,2,False,True,
002_Et_H_CO_H,S4_wrong_zone,202,UCI309_laboratory,simulation,-3.0,1.0,-3.0,1.0,3.0,0.0,164.66005665722378,G2,P0,valid,valid,zone_A,zone_A,True,0,2.0,2.0,0.0,2,False,True,
002_Et_H_CO_H,S4_wrong_zone,203,UCI309_laboratory,simulation,-3.0,1.0,-3.0,1.0,3.0,0.0,164.15418858761637,G2,P0,valid,valid,zone_A,zone_A,True,0,2.0,2.0,0.0,2,False,True,
002_Et_H_CO_H,S4_wrong_zone,204,UCI309_laboratory,simulation,-3.0,1.0,-3.0,1.0,3.0,0.0,163.3110751382706,G2,P0,valid,valid,zone_A,zone_A,True,0,2.0,2.0,0.0,2,False,True,
002_Et_H_CO_H,S4_wrong_zone,205,UCI309_laboratory,simulation,-3.0,1.0,-3.0,1.0,3.0,0.0,163.3110751382706,G2,P0,valid,valid,zone_A,zone_A,True,0,2.0,2.0,0.0,2,False,True,
002_Et_H_CO_H,S4_wrong_zone,206,UCI309_laboratory,simulation,-3.0,1.0,-3.0,1.0,3.0,0.0,163.53590539142948,G2,P0,valid,valid,zone_A,zone_A,True,0,2.0,2.0,0.0,2,False,True,
002_Et_H_CO_H,S4_wrong_zone,207,UCI309_laboratory,simulation,-3.0,1.0,-3.0,1.0,3.0,0.0,164.32281127748553,G2,P0,valid,valid,zone_A,zone_A,True,0,2.0,2.0,0.0,2,False,True,
002_Et_H_CO_H,S4_wrong_zone,208,UCI309_laboratory,simulation,-3.0,1.0,-3.0,1.0,3.0,0.0,165.22213229012095,G2,P0,valid,valid,zone_A,zone_A,True,0,2.0,2.0,0.0,2,False,True,
002_Et_H_CO_H,S4_wrong_zone,209,UCI309_laboratory,simulation,-3.0,1.0,-3.0,1.0,3.0,0.0,166.68352893565358,G2,P0,valid,valid,zone_A,zone_A,True,0,2.0,2.0,0.0,2,False,True,
002_Et_H_CO_H,S4_wrong_zone,210,UCI309_laboratory,simulation,-3.0,1.0,-3.0,1.0,3.0,0.0,166.009038176177,G2,P0,valid,valid,zone_A,zone_A,True,0,2.0,2.0,0.0,2,False,True,
002_Et_H_CO_H,S4_wrong_zone,211,UCI309_laboratory,simulation,-3.0,1.0,-3.0,1.0,3.0,0.0,165.10971716354152,G2,P0,valid,valid,zone_A,zone_A,True,0,2.0,2.0,0.0,2,False,True,
002_Et_H_CO_H,S4_wrong_zone,212,UCI309_laboratory,simulation,-3.0,1.0,-3.0,1.0,3.0,0.0,163.64832051800892,G2,P0,valid,valid,zone_A,zone_A,True,0,2.0,2.0,0.0,2,False,True,
002_Et_H_CO_H,S4_wrong_zone,213,UCI309_laboratory,simulation,-3.0,1.0,-3.0,1.0,3.0,0.0,161.62484823957914,G2,P0,valid,valid,zone_A,zone_A,True,0,2.0,2.0,0.0,2,False,True,
002_Et_H_CO_H,S4_wrong_zone,214,UCI309_laboratory,simulation,-3.0,1.0,-3.0,1.0,3.0,0.0,160.27586672062594,G2,P0,valid,valid,zone_A,zone_A,True,0,2.0,2.0,0.0,2,False,True,
002_Et_H_CO_H,S4_wrong_zone,215,UCI309_laboratory,simulation,-3.0,1.0,-3.0,1.0,3.0,0.0,159.32033814470077,G2,P0,valid,valid,zone_A,zone_A,True,0,2.0,2.0,0.0,2,False,True,
002_Et_H_CO_H,S4_wrong_zone,216,UCI309_laboratory,simulation,-3.0,1.0,-3.0,1.0,3.0,0.0,158.1399793156167,G2,P0,valid,valid,zone_A,zone_A,True,0,2.0,2.0,0.0,2,False,True,
002_Et_H_CO_H,S4_wrong_zone,217,UCI309_laboratory,simulation,-3.0,1.0,-3.0,1.0,3.0,0.0,157.07203561311212,G2,P0,valid,valid,zone_A,zone_A,True,0,2.0,2.0,0.0,2,False,True,
002_Et_H_CO_H,S4_wrong_zone,218,UCI309_laboratory,simulation,-3.0,1.0,-3.0,1.0,3.0,0.0,157.07203561311212,G2,P0,valid,valid,zone_A,zone_A,True,0,2.0,2.0,0.0,2,False,True,
002_Et_H_CO_H,S4_wrong_zone,219,UCI309_laboratory,simulation,-3.0,1.0,-3.0,1.0,3.0,0.0,157.63411124600927,G2,P0,valid,valid,zone_A,zone_A,True,0,2.0,2.0,0.0,2,False,True,
002_Et_H_CO_H,S4_wrong_zone,220,UCI309_laboratory,simulation,-3.0,1.0,-3.0,1.0,3.0,0.0,158.58963982193444,G2,P0,valid,valid,zone_A,zone_A,True,0,2.0,2.0,0.0,2,False,True,
002_Et_H_CO_H,S4_wrong_zone,221,UCI309_laboratory,simulation,-3.0,1.0,-3.0,1.0,3.0,0.0,160.1072440307568,G2,P0,valid,valid,zone_A,zone_A,True,0,2.0,2.0,0.0,2,False,True,
002_Et_H_CO_H,S4_wrong_zone,222,UCI309_laboratory,simulation,-3.0,1.0,-3.0,1.0,3.0,0.0,160.72552722694365,G2,P0,valid,valid,zone_A,zone_A,True,0,2.0,2.0,0.0,2,False,True,
002_Et_H_CO_H,S4_wrong_zone,223,UCI309_laboratory,simulation,-3.0,1.0,-3.0,1.0,3.0,0.0,160.38828184720535,G2,P0,valid,valid,zone_A,zone_A,True,0,2.0,2.0,0.0,2,False,True,
002_Et_H_CO_H,S4_wrong_zone,224,UCI309_laboratory,simulation,-3.0,1.0,-3.0,1.0,3.0,0.0,159.71379108772877,G2,P0,valid,valid,zone_A,zone_A,True,0,2.0,2.0,0.0,2,False,True,
002_Et_H_CO_H,S4_wrong_zone,225,UCI309_laboratory,simulation,-3.0,1.0,-3.0,1.0,3.0,0.0,159.71379108772877,G2,P0,valid,valid,zone_A,zone_A,True,0,2.0,2.0,0.0,2,False,True,
002_Et_H_CO_H,S4_wrong_zone,226,UCI309_laboratory,simulation,-3.0,1.0,-3.0,1.0,3.0,0.0,160.5569045370745,G2,P0,valid,valid,zone_A,zone_A,True,0,2.0,2.0,0.0,2,False,True,
002_Et_H_CO_H,S4_wrong_zone,227,UCI309_laboratory,simulation,-3.0,1.0,-3.0,1.0,3.0,0.0,160.8379423535231,G2,P0,valid,valid,zone_A,zone_A,True,0,2.0,2.0,0.0,2,False,True,
002_Et_H_CO_H,S4_wrong_zone,228,UCI309_laboratory,simulation,-3.0,1.0,-3.0,1.0,3.0,0.0,161.28760285984083,G2,P0,valid,valid,zone_A,zone_A,True,0,2.0,2.0,0.0,2,False,True,
002_Et_H_CO_H,S4_wrong_zone,229,UCI309_laboratory,simulation,-3.0,1.0,-3.0,1.0,3.0,0.0,161.2313952965511,G2,P0,valid,valid,zone_A,zone_A,True,0,2.0,2.0,0.0,2,False,True,
002_Et_H_CO_H,S4_wrong_zone,230,UCI309_laboratory,simulation,-3.0,1.0,-3.0,1.0,3.0,0.0,160.8379423535231,G2,P0,valid,valid,zone_A,zone_A,True,0,2.0,2.0,0.0,2,False,True,
002_Et_H_CO_H,S4_wrong_zone,231,UCI309_laboratory,simulation,-3.0,1.0,-3.0,1.0,3.0,0.0,160.38828184720535,G2,P0,valid,valid,zone_A,zone_A,True,0,2.0,2.0,0.0,2,False,True,
002_Et_H_CO_H,S4_wrong_zone,232,UCI309_laboratory,simulation,-3.0,1.0,-3.0,1.0,3.0,0.0,160.5569045370745,G2,P0,valid,valid,zone_A,zone_A,True,0,2.0,2.0,0.0,2,False,True,
002_Et_H_CO_H,S4_wrong_zone,233,UCI309_laboratory,simulation,-3.0,1.0,-3.0,1.0,3.0,0.0,161.2313952965511,G2,P0,valid,valid,zone_A,zone_A,True,0,2.0,2.0,0.0,2,False,True,
002_Et_H_CO_H,S4_wrong_zone,234,UCI309_laboratory,simulation,-3.0,1.0,-3.0,1.0,3.0,0.0,162.01830118260713,G2,P0,valid,valid,zone_A,zone_A,True,0,2.0,2.0,0.0,2,False,True,
002_Et_H_CO_H,S4_wrong_zone,235,UCI309_laboratory,simulation,-3.0,1.0,-3.0,1.0,3.0,0.0,163.42349026485005,G2,P0,valid,valid,zone_A,zone_A,True,0,2.0,2.0,0.0,2,False,True,
002_Et_H_CO_H,S4_wrong_zone,236,UCI309_laboratory,simulation,-3.0,1.0,-3.0,1.0,3.0,0.0,163.76073564458835,G2,P0,valid,valid,zone_A,zone_A,True,0,2.0,2.0,0.0,2,False,True,
002_Et_H_CO_H,S4_wrong_zone,237,UCI309_laboratory,simulation,-3.0,1.0,-3.0,1.0,3.0,0.0,162.9738297585323,G2,P0,valid,valid,zone_A,zone_A,True,0,2.0,2.0,0.0,2,False,True,
002_Et_H_CO_H,S4_wrong_zone,238,UCI309_laboratory,simulation,-3.0,1.0,-3.0,1.0,3.0,0.0,161.96209361931741,G2,P0,valid,valid,zone_A,zone_A,True,0,2.0,2.0,0.0,2,False,True,
002_Et_H_CO_H,S4_wrong_zone,239,UCI309_laboratory,simulation,-3.0,1.0,-3.0,1.0,3.0,0.0,161.1751877332614,G2,P0,valid,valid,zone_A,zone_A,True,0,2.0,2.0,0.0,2,False,True,
002_Et_H_CO_H,S4_wrong_zone,240,UCI309_laboratory,simulation,-3.0,1.0,-3.0,1.0,3.0,0.0,161.40001798642027,G2,P0,valid,valid,zone_A,zone_A,True,0,2.0,2.0,0.0,2,False,True,
002_Et_H_CO_H,S4_stale_gas,26,UCI309_laboratory,simulation,-3.0,1.0,-3.0,1.0,3.0,0.0,1.1846824877986353,G0,P0,valid,valid,zone_A,zone_A,True,0,0.0,0.0,0.0,0,False,True,
002_Et_H_CO_H,S4_stale_gas,27,UCI309_laboratory,simulation,-3.0,1.0,-3.0,1.0,3.0,0.0,0.9598522346397701,G0,P0,valid,valid,zone_A,zone_A,True,0,0.0,0.0,0.0,0,False,True,
002_Et_H_CO_H,S4_stale_gas,28,UCI309_laboratory,simulation,-3.0,1.0,-3.0,1.0,3.0,0.0,1.011736139214893,G0,P0,valid,valid,zone_A,zone_A,True,0,0.0,0.0,0.0,0,False,True,
002_Et_H_CO_H,S4_stale_gas,29,UCI309_laboratory,simulation,-3.0,1.0,-3.0,1.0,3.0,0.0,1.011736139214893,G0,P0,valid,valid,zone_A,zone_A,True,0,0.0,0.0,0.0,0,False,True,
002_Et_H_CO_H,S4_stale_gas,30,UCI309_laboratory,simulation,-3.0,1.0,-3.0,1.0,3.0,0.0,1.1241512657943253,G0,P0,valid,valid,zone_A,zone_A,True,0,0.0,0.0,0.0,0,False,True,
002_Et_H_CO_H,S4_stale_gas,31,UCI309_laboratory,simulation,-3.0,1.0,-3.0,1.0,3.0,0.0,1.1241512657943253,G0,P0,valid,valid,zone_A,zone_A,True,0,0.0,0.0,0.0,0,False,True,
002_Et_H_CO_H,S4_stale_gas,32,UCI309_laboratory,simulation,-3.0,1.0,-3.0,1.0,3.0,0.0,0.9555285759251766,G0,P0,valid,valid,zone_A,zone_A,True,0,0.0,0.0,0.0,0,False,True,
002_Et_H_CO_H,S4_stale_gas,33,UCI309_laboratory,simulation,-3.0,1.0,-3.0,1.0,3.0,0.0,0.9555285759251766,G0,P0,valid,valid,zone_A,zone_A,True,0,0.0,0.0,0.0,0,False,True,
002_Et_H_CO_H,S4_stale_gas,34,UCI309_laboratory,simulation,-3.0,1.0,-3.0,1.0,3.0,0.0,0.7869058860560277,G0,P0,valid,valid,zone_A,zone_A,True,0,0.0,0.0,0.0,0,False,True,
002_Et_H_CO_H,S4_stale_gas,35,UCI309_laboratory,simulation,-3.0,1.0,-3.0,1.0,3.0,0.0,0.9555285759251766,G0,P0,valid,valid,zone_A,zone_A,True,0,0.0,0.0,0.0,0,False,True,
002_Et_H_CO_H,S4_stale_gas,36,UCI309_laboratory,simulation,-3.0,1.0,-3.0,1.0,3.0,0.0,1.011736139214893,G0,P0,valid,valid,zone_A,zone_A,True,0,0.0,0.0,0.0,0,False,True,
002_Et_H_CO_H,S4_stale_gas,37,UCI309_laboratory,simulation,-3.0,1.0,-3.0,1.0,3.0,0.0,0.7869058860560277,G0,P0,valid,valid,zone_A,zone_A,True,0,0.0,0.0,0.0,0,False,True,
002_Et_H_CO_H,S4_stale_gas,38,UCI309_laboratory,simulation,-3.0,1.0,-3.0,1.0,3.0,0.0,0.7869058860560277,G0,P0,valid,valid,zone_A,zone_A,True,0,0.0,0.0,0.0,0,False,True,
002_Et_H_CO_H,S4_stale_gas,39,UCI309_laboratory,simulation,-3.0,1.0,-3.0,1.0,3.0,0.0,1.011736139214893,G0,P0,valid,valid,zone_A,zone_A,True,0,0.0,0.0,0.0,0,False,True,
002_Et_H_CO_H,S4_stale_gas,40,UCI309_laboratory,simulation,-3.0,1.0,-3.0,1.0,3.0,0.0,1.011736139214893,G0,P0,valid,valid,zone_A,zone_A,True,0,0.0,0.0,0.0,0,False,True,
002_Et_H_CO_H,S4_stale_gas,41,UCI309_laboratory,simulation,-3.0,1.0,-3.0,1.0,3.0,0.0,1.1241512657943253,G0,P0,valid,valid,zone_A,zone_A,True,0,0.0,0.0,0.0,0,False,True,
002_Et_H_CO_H,S4_stale_gas,42,UCI309_laboratory,simulation,-3.0,1.0,-3.0,1.0,3.0,0.0,1.0679437025046092,G0,P0,valid,valid,zone_A,zone_A,True,0,0.0,0.0,0.0,0,False,True,
002_Et_H_CO_H,S4_stale_gas,43,UCI309_laboratory,simulation,-3.0,1.0,-3.0,1.0,3.0,0.0,1.1241512657943253,G0,P0,valid,valid,zone_A,zone_A,True,0,0.0,0.0,0.0,0,False,True,
002_Et_H_CO_H,S4_stale_gas,44,UCI309_laboratory,simulation,-3.0,1.0,-3.0,1.0,3.0,0.0,0.8993210126354603,G0,P0,valid,valid,zone_A,zone_A,True,0,0.0,0.0,0.0,0,False,True,
002_Et_H_CO_H,S4_stale_gas,45,UCI309_laboratory,simulation,-3.0,1.0,-3.0,1.0,3.0,0.0,1.0960474841494672,G0,P0,valid,valid,zone_A,zone_A,True,0,0.0,0.0,0.0,0,False,True,
002_Et_H_CO_H,S4_stale_gas,46,UCI309_laboratory,simulation,-3.0,1.0,-3.0,1.0,3.0,0.0,1.0960474841494672,G0,P0,valid,valid,zone_A,zone_A,True,0,0.0,0.0,0.0,0,False,True,
002_Et_H_CO_H,S4_stale_gas,47,UCI309_laboratory,simulation,-3.0,1.0,-3.0,1.0,3.0,0.0,1.0960474841494672,G0,P0,valid,valid,zone_A,zone_A,True,0,0.0,0.0,0.0,0,False,True,
002_Et_H_CO_H,S4_stale_gas,48,UCI309_laboratory,simulation,-3.0,1.0,-3.0,1.0,3.0,0.0,0.8431134493457441,G0,P0,valid,valid,zone_A,zone_A,True,0,0.0,0.0,0.0,0,False,True,
002_Et_H_CO_H,S4_stale_gas,49,UCI309_laboratory,simulation,-3.0,1.0,-3.0,1.0,3.0,0.0,0.8431134493457441,G0,P0,valid,valid,zone_A,zone_A,True,0,0.0,0.0,0.0,0,False,True,
002_Et_H_CO_H,S4_stale_gas,50,UCI309_laboratory,simulation,-3.0,1.0,-3.0,1.0,3.0,0.0,1.0960474841494672,G0,P0,valid,valid,zone_A,zone_A,True,0,0.0,0.0,0.0,0,False,True,
002_Et_H_CO_H,S4_stale_gas,51,UCI309_laboratory,simulation,-3.0,1.0,-3.0,1.0,3.0,0.0,0.7869058860560277,G0,P0,valid,valid,zone_A,zone_A,True,0,0.0,0.0,0.0,0,False,True,
002_Et_H_CO_H,S4_stale_gas,52,UCI309_laboratory,simulation,-3.0,1.0,-3.0,1.0,3.0,0.0,1.0960474841494672,G0,P0,valid,valid,zone_A,zone_A,True,0,0.0,0.0,0.0,0,False,True,
002_Et_H_CO_H,S4_stale_gas,53,UCI309_laboratory,simulation,-3.0,1.0,-3.0,1.0,3.0,0.0,0.8712172309906021,G0,P0,valid,valid,zone_A,zone_A,True,0,0.0,0.0,0.0,0,False,True,
002_Et_H_CO_H,S4_stale_gas,54,UCI309_laboratory,simulation,-3.0,1.0,-3.0,1.0,3.0,0.0,1.011736139214893,G0,P0,valid,valid,zone_A,zone_A,True,0,0.0,0.0,0.0,0,False,True,
002_Et_H_CO_H,S4_stale_gas,55,UCI309_laboratory,simulation,-3.0,1.0,-3.0,1.0,3.0,0.0,0.7588021044111697,G0,P0,valid,valid,zone_A,zone_A,True,0,0.0,0.0,0.0,0,False,True,
002_Et_H_CO_H,S4_stale_gas,56,UCI309_laboratory,simulation,-3.0,1.0,-3.0,1.0,3.0,0.0,0.6744907594765952,G0,P0,valid,valid,zone_A,zone_A,True,0,0.0,0.0,0.0,0,False,True,
002_Et_H_CO_H,S4_stale_gas,57,UCI309_laboratory,simulation,-3.0,1.0,-3.0,1.0,3.0,0.0,0.8712172309906021,G0,P0,valid,valid,zone_A,zone_A,True,0,0.0,0.0,0.0,0,False,True,
002_Et_H_CO_H,S4_stale_gas,58,UCI309_laboratory,simulation,-3.0,1.0,-3.0,1.0,3.0,0.0,0.7588021044111697,G0,P0,valid,valid,zone_A,zone_A,True,0,0.0,0.0,0.0,0,False,True,
002_Et_H_CO_H,S4_stale_gas,59,UCI309_laboratory,simulation,-3.0,1.0,-3.0,1.0,3.0,0.0,0.8712172309906021,G0,P0,valid,valid,zone_A,zone_A,True,0,0.0,0.0,0.0,0,False,True,
002_Et_H_CO_H,S4_stale_gas,60,UCI309_laboratory,simulation,-3.0,1.0,-3.0,1.0,3.0,0.0,0.9555285759251766,G0,P0,valid,valid,zone_A,zone_A,True,0,0.0,0.0,0.0,0,False,True,
002_Et_H_CO_H,S4_stale_gas,61,UCI309_laboratory,simulation,-3.0,1.0,-3.0,1.0,3.0,0.0,0.7869058860560277,G0,P0,valid,valid,zone_A,zone_A,True,0,0.0,0.0,0.0,0,False,True,
002_Et_H_CO_H,S4_stale_gas,62,UCI309_laboratory,simulation,-3.0,1.0,-3.0,1.0,3.0,0.0,0.8712172309906021,G0,P0,valid,valid,zone_A,zone_A,True,0,0.0,0.0,0.0,0,False,True,
002_Et_H_CO_H,S4_stale_gas,63,UCI309_laboratory,simulation,-3.0,1.0,-3.0,1.0,3.0,0.0,0.8712172309906021,G0,P0,valid,valid,zone_A,zone_A,True,0,0.0,0.0,0.0,0,False,True,
002_Et_H_CO_H,S4_stale_gas,64,UCI309_laboratory,simulation,-3.0,1.0,-3.0,1.0,3.0,0.0,1.4332928638877647,G0,P0,valid,valid,zone_A,zone_A,True,0,0.0,0.0,0.0,0,False,True,
002_Et_H_CO_H,S4_stale_gas,65,UCI309_laboratory,simulation,-3.0,1.0,-3.0,1.0,3.0,0.0,1.011736139214893,G0,P0,valid,valid,zone_A,zone_A,True,0,0.0,0.0,0.0,0,False,True,
002_Et_H_CO_H,S4_stale_gas,66,UCI309_laboratory,simulation,-3.0,1.0,-3.0,1.0,3.0,0.0,1.3208777373083322,G0,P0,valid,valid,zone_A,zone_A,True,0,0.0,0.0,0.0,0,False,True,
002_Et_H_CO_H,S4_stale_gas,67,UCI309_laboratory,simulation,-3.0,1.0,-3.0,1.0,3.0,0.0,0.7869058860560277,G0,P0,valid,valid,zone_A,zone_A,True,0,0.0,0.0,0.0,0,False,True,
002_Et_H_CO_H,S4_stale_gas,68,UCI309_laboratory,simulation,-3.0,1.0,-3.0,1.0,3.0,0.0,1.011736139214893,G0,P0,valid,valid,zone_A,zone_A,True,0,0.0,0.0,0.0,0,False,True,
002_Et_H_CO_H,S4_stale_gas,69,UCI309_laboratory,simulation,-3.0,1.0,-3.0,1.0,3.0,0.0,1.011736139214893,G0,P0,valid,valid,zone_A,zone_A,True,0,0.0,0.0,0.0,0,False,True,
002_Et_H_CO_H,S4_stale_gas,70,UCI309_laboratory,simulation,-3.0,1.0,-3.0,1.0,3.0,0.0,1.4332928638877647,G0,P0,valid,valid,zone_A,zone_A,True,0,0.0,0.0,0.0,0,False,True,
002_Et_H_CO_H,S4_stale_gas,71,UCI309_laboratory,simulation,-2.861111111111111,1.0,-2.861111111111111,1.0,2.861111111111111,0.0,1.011736139214893,G0,P0,valid,valid,zone_A,zone_A,True,0,0.0,0.0,0.0,0,False,True,
002_Et_H_CO_H,S4_stale_gas,72,UCI309_laboratory,simulation,-2.7222222222222223,1.0,-2.7222222222222223,1.0,2.7222222222222223,0.0,1.0960474841494672,G0,P0,valid,valid,zone_A,zone_A,True,0,0.0,0.0,0.0,0,False,True,
002_Et_H_CO_H,S4_stale_gas,73,UCI309_laboratory,simulation,-2.5833333333333335,1.0,-2.5833333333333335,1.0,2.5833333333333335,0.0,1.3489815189531904,G0,P0,valid,valid,zone_A,zone_A,True,0,0.0,0.0,0.0,0,False,True,
002_Et_H_CO_H,S4_stale_gas,74,UCI309_laboratory,simulation,-2.4444444444444446,1.0,-2.4444444444444446,1.0,2.4444444444444446,0.0,1.5738117721120555,G0,P0,valid,valid,zone_A,zone_A,True,0,0.0,0.0,0.0,0,False,True,
002_Et_H_CO_H,S4_stale_gas,75,UCI309_laboratory,simulation,-2.3055555555555554,1.0,-2.3055555555555554,1.0,2.3055555555555554,0.0,1.2365663923737578,G0,P0,valid,valid,zone_A,zone_A,True,0,0.0,0.0,0.0,0,False,True,
002_Et_H_CO_H,S4_stale_gas,76,UCI309_laboratory,simulation,-2.166666666666667,1.0,-2.166666666666667,1.0,2.166666666666667,0.0,3.260038670803543,G0,P0,valid,valid,zone_A,zone_A,True,0,0.0,0.0,0.0,0,False,True,
002_Et_H_CO_H,S4_stale_gas,77,UCI309_laboratory,simulation,-2.0277777777777777,1.0,-2.0277777777777777,1.0,2.0277777777777777,0.0,4.695493364048605,G0,P0,valid,valid,zone_A,zone_A,True,0,0.0,0.0,0.0,0,False,True,
002_Et_H_CO_H,S4_stale_gas,78,UCI309_laboratory,simulation,-1.8888888888888888,1.0,-1.8888888888888888,1.0,1.8888888888888888,0.0,6.4076622150276545,G1,P0,valid,valid,zone_A,zone_A,True,0,1.0,1.0,0.0,1,False,True,
002_Et_H_CO_H,S4_stale_gas,79,UCI309_laboratory,simulation,-1.75,1.0,-1.75,1.0,1.75,0.0,8.768379873195737,G1,P0,valid,valid,zone_A,zone_A,True,0,1.0,1.0,0.0,1,False,True,
002_Et_H_CO_H,S4_stale_gas,80,UCI309_laboratory,simulation,-1.6111111111111112,1.0,-1.6111111111111112,1.0,1.6111111111111112,0.0,11.916003417419848,G2,P0,valid,valid,zone_A,zone_A,True,0,2.0,2.0,0.0,2,False,True,
002_Et_H_CO_H,S4_stale_gas,81,UCI309_laboratory,simulation,-1.472222222222222,1.0,-1.472222222222222,1.0,1.472222222222222,0.0,15.007419398354243,G2,P0,valid,valid,zone_A,zone_A,True,0,2.0,2.0,0.0,2,False,True,
002_Et_H_CO_H,S4_stale_gas,82,UCI309_laboratory,simulation,-1.3333333333333335,1.0,-1.3333333333333335,1.0,1.3333333333333335,0.0,18.098835379288637,G2,P0,valid,valid,zone_A,zone_A,True,0,2.0,2.0,0.0,2,False,True,
002_Et_H_CO_H,S4_stale_gas,83,UCI309_laboratory,simulation,-1.1944444444444444,1.0,-1.1944444444444444,1.0,1.1944444444444444,0.0,20.290930347587572,G2,P0,valid,valid,zone_A,zone_A,True,0,2.0,2.0,0.0,2,False,True,
002_Et_H_CO_H,S4_stale_gas,84,UCI309_laboratory,simulation,-1.0555555555555556,1.0,-1.0555555555555556,1.0,1.0555555555555556,0.0,22.932685822204235,G2,P0,valid,valid,zone_A,zone_A,True,0,2.0,2.0,0.0,2,False,True,
002_Et_H_CO_H,S4_stale_gas,85,UCI309_laboratory,simulation,-0.9166666666666665,1.0,-0.9166666666666665,1.0,0.9166666666666665,0.0,26.024101803138635,G2,P1,valid,valid,zone_A,zone_A,True,0,3.0,2.0,1.0,2,False,True,
002_Et_H_CO_H,S4_stale_gas,86,UCI309_laboratory,simulation,-0.7777777777777777,1.0,-0.7777777777777777,1.0,0.7777777777777777,0.0,30.68932955618508,G2,P1,valid,valid,zone_A,zone_A,True,0,3.0,2.0,1.0,2,False,True,
002_Et_H_CO_H,S4_stale_gas,87,UCI309_laboratory,simulation,-0.6388888888888888,1.0,-0.6388888888888888,1.0,0.6388888888888888,0.0,35.29834974594181,G2,P1,valid,valid,zone_A,zone_A,True,0,3.0,2.0,1.0,2,False,True,
002_Et_H_CO_H,S4_stale_gas,88,UCI309_laboratory,simulation,-0.5,1.0,-0.5,1.0,0.5,0.0,40.919106074913444,G2,P1,valid,valid,zone_A,zone_A,True,0,3.0,2.0,1.0,2,False,True,
002_Et_H_CO_H,S4_stale_gas,89,UCI309_laboratory,simulation,-0.4,1.0,-0.4,1.0,0.4,0.0,47.55159854309996,G2,P1,valid,valid,zone_A,zone_A,True,0,3.0,2.0,1.0,2,False,True,
002_Et_H_CO_H,S4_stale_gas,90,UCI309_laboratory,simulation,-0.3,1.0,-0.3,1.0,0.3,0.0,52.497864112594996,G2,P1,valid,valid,zone_A,zone_A,True,0,3.0,2.0,1.0,2,False,True,
002_Et_H_CO_H,S4_stale_gas,91,UCI309_laboratory,simulation,-0.2,1.0,-0.2,1.0,0.2,0.0,56.657223796033996,G2,P1,valid,valid,zone_A,zone_A,True,0,3.0,2.0,1.0,2,False,True,
002_Et_H_CO_H,S4_stale_gas,92,UCI309_laboratory,simulation,-0.09999999999999998,1.0,-0.09999999999999998,1.0,0.09999999999999998,0.0,62.390395251585055,G2,P1,valid,valid,zone_A,zone_A,True,0,3.0,2.0,1.0,2,False,True,
002_Et_H_CO_H,S4_stale_gas,93,UCI309_laboratory,simulation,0.0,1.0,0.0,1.0,-0.0,0.0,67.22424569450065,G2,P2,valid,valid,zone_A,zone_A,True,0,3.0,2.0,2.0,2,False,True,
002_Et_H_CO_H,S4_stale_gas,94,UCI309_laboratory,simulation,0.09999999999999998,1.0,0.09999999999999998,1.0,-0.09999999999999998,0.0,72.28292639057511,G2,P2,valid,valid,zone_A,zone_A,True,0,3.0,2.0,2.0,2,False,True,
002_Et_H_CO_H,S4_stale_gas,95,UCI309_laboratory,simulation,0.19999999999999996,1.0,0.19999999999999996,1.0,-0.19999999999999996,0.0,75.65538018795809,G2,P2,valid,valid,zone_A,zone_A,True,0,3.0,2.0,2.0,2,False,True,
002_Et_H_CO_H,S4_stale_gas,96,UCI309_laboratory,simulation,0.30000000000000004,1.0,0.30000000000000004,1.0,-0.30000000000000004,0.0,79.36507936507937,G2,P2,valid,valid,zone_A,zone_A,True,0,3.0,2.0,2.0,2,False,True,
002_Et_H_CO_H,S4_stale_gas,97,UCI309_laboratory,simulation,0.4,1.0,0.4,1.0,-0.4,0.0,83.2996087953595,G2,P2,valid,valid,zone_A,zone_A,True,0,3.0,2.0,2.0,2,False,True,
002_Et_H_CO_H,S4_stale_gas,98,UCI309_laboratory,simulation,0.5,1.0,0.5,1.0,-0.5,0.0,87.57138360537795,G2,P2,valid,valid,zone_A,zone_A,True,0,3.0,2.0,2.0,2,False,True,
002_Et_H_CO_H,S4_stale_gas,99,UCI309_laboratory,simulation,0.5,1.0,0.5,1.0,-0.5,0.0,92.06798866855524,G2,P2,valid,valid,zone_A,zone_A,True,0,3.0,2.0,2.0,2,False,True,
002_Et_H_CO_H,S4_stale_gas,100,UCI309_laboratory,simulation,0.5,1.0,0.5,1.0,-0.5,0.0,97.01425423805027,unknown,P2,simulated_stale,valid,zone_A,zone_A,True,2,,,2.0,2,True,False,gas_simulated_stale
002_Et_H_CO_H,S4_stale_gas,101,UCI309_laboratory,simulation,0.5,1.0,0.5,1.0,-0.5,0.0,101.51085930122757,unknown,P2,simulated_stale,valid,zone_A,zone_A,True,2,,,2.0,2,True,False,gas_simulated_stale
002_Et_H_CO_H,S4_stale_gas,102,UCI309_laboratory,simulation,0.5,1.0,0.5,1.0,-0.5,0.0,105.4453887315077,unknown,P2,simulated_stale,valid,zone_A,zone_A,True,2,,,2.0,2,True,False,gas_simulated_stale
002_Et_H_CO_H,S4_stale_gas,103,UCI309_laboratory,simulation,0.5,1.0,0.5,1.0,-0.5,0.0,108.36818202257295,unknown,P2,simulated_stale,valid,zone_A,zone_A,True,2,,,2.0,2,True,False,gas_simulated_stale
002_Et_H_CO_H,S4_stale_gas,104,UCI309_laboratory,simulation,0.5,1.0,0.5,1.0,-0.5,0.0,111.6282206933765,unknown,P2,simulated_stale,valid,zone_A,zone_A,True,2,,,2.0,2,True,False,gas_simulated_stale
002_Et_H_CO_H,S4_stale_gas,105,UCI309_laboratory,simulation,0.5,1.0,0.5,1.0,-0.5,0.0,114.43859885786232,unknown,P2,simulated_stale,valid,zone_A,zone_A,True,2,,,2.0,2,True,False,gas_simulated_stale
002_Et_H_CO_H,S4_stale_gas,106,UCI309_laboratory,simulation,0.5,1.0,0.5,1.0,-0.5,0.0,118.82278879446018,unknown,P2,simulated_stale,valid,zone_A,zone_A,True,2,,,2.0,2,True,False,gas_simulated_stale
002_Et_H_CO_H,S4_stale_gas,107,UCI309_laboratory,simulation,0.5,1.0,0.5,1.0,-0.5,0.0,123.31939385763748,unknown,P2,simulated_stale,valid,zone_A,zone_A,True,2,,,2.0,2,True,False,gas_simulated_stale
002_Et_H_CO_H,S4_stale_gas,108,UCI309_laboratory,simulation,0.5,1.0,0.5,1.0,-0.5,0.0,126.69184765502045,unknown,P2,simulated_stale,valid,zone_A,zone_A,True,2,,,2.0,2,True,False,gas_simulated_stale
002_Et_H_CO_H,S4_stale_gas,109,UCI309_laboratory,simulation,0.5,1.0,0.5,1.0,-0.5,0.0,128.94015018660912,unknown,P2,simulated_stale,valid,zone_A,zone_A,True,2,,,2.0,2,True,False,gas_simulated_stale
002_Et_H_CO_H,S4_stale_gas,110,UCI309_laboratory,simulation,0.5,1.0,0.5,1.0,-0.5,0.0,130.17671657898285,G2,P2,valid,valid,zone_A,zone_A,True,0,3.0,2.0,2.0,2,False,True,
002_Et_H_CO_H,S4_stale_gas,111,UCI309_laboratory,simulation,0.5,1.0,0.5,1.0,-0.5,0.0,131.3008678447772,G2,P2,valid,valid,zone_A,zone_A,True,0,3.0,2.0,2.0,2,False,True,
002_Et_H_CO_H,S4_stale_gas,112,UCI309_laboratory,simulation,0.5,1.0,0.5,1.0,-0.5,0.0,133.21192499662754,G2,P2,valid,valid,zone_A,zone_A,True,0,3.0,2.0,2.0,2,False,True,
002_Et_H_CO_H,S4_stale_gas,113,UCI309_laboratory,simulation,0.5,1.0,0.5,1.0,-0.5,0.0,134.78573676873958,G2,P2,valid,valid,zone_A,zone_A,True,0,3.0,2.0,2.0,2,False,True,
002_Et_H_CO_H,S4_stale_gas,114,UCI309_laboratory,simulation,0.5,1.0,0.5,1.0,-0.5,0.0,136.69679392058995,G2,P2,valid,valid,zone_A,zone_A,True,0,3.0,2.0,2.0,2,False,True,
002_Et_H_CO_H,S4_stale_gas,115,UCI309_laboratory,simulation,0.5,1.0,0.5,1.0,-0.5,0.0,138.4954359458609,G2,P2,valid,valid,zone_A,zone_A,True,0,3.0,2.0,2.0,2,False,True,
002_Et_H_CO_H,S4_stale_gas,116,UCI309_laboratory,simulation,0.5,1.0,0.5,1.0,-0.5,0.0,139.9568325913935,G2,P2,valid,valid,zone_A,zone_A,True,0,3.0,2.0,2.0,2,False,True,
002_Et_H_CO_H,S4_stale_gas,117,UCI309_laboratory,simulation,0.5,1.0,0.5,1.0,-0.5,0.0,141.19339898376728,G2,P2,valid,valid,zone_A,zone_A,True,0,3.0,2.0,2.0,2,False,True,
002_Et_H_CO_H,S4_stale_gas,118,UCI309_laboratory,simulation,0.5,1.0,0.5,1.0,-0.5,0.0,141.75547461666443,G2,P2,valid,valid,zone_A,zone_A,True,0,3.0,2.0,2.0,2,False,True,
002_Et_H_CO_H,S4_stale_gas,119,UCI309_laboratory,simulation,0.5,1.0,0.5,1.0,-0.5,0.0,142.429965376141,G2,P2,valid,valid,zone_A,zone_A,True,0,3.0,2.0,2.0,2,False,True,
002_Et_H_CO_H,S4_stale_gas,120,UCI309_laboratory,simulation,0.5,1.0,0.5,1.0,-0.5,0.0,144.34102252799136,G2,P2,valid,valid,zone_A,zone_A,True,0,3.0,2.0,2.0,2,False,True,
002_Et_H_CO_H,S4_stale_gas,121,UCI309_laboratory,simulation,0.5,1.0,0.5,1.0,-0.5,0.0,147.26381581905662,G2,P2,valid,valid,zone_A,zone_A,True,0,3.0,2.0,2.0,2,False,True,
002_Et_H_CO_H,S4_stale_gas,122,UCI309_laboratory,simulation,0.5,1.0,0.5,1.0,-0.5,0.0,149.73694860380414,G2,P2,valid,valid,zone_A,zone_A,True,0,3.0,2.0,2.0,2,False,True,
002_Et_H_CO_H,S4_stale_gas,123,UCI309_laboratory,simulation,0.5,1.0,0.5,1.0,-0.5,0.0,150.97351499617787,G2,P2,valid,valid,zone_A,zone_A,True,0,3.0,2.0,2.0,2,False,True,
002_Et_H_CO_H,S4_stale_gas,124,UCI309_laboratory,simulation,0.5,1.0,0.5,1.0,-0.5,0.0,151.4231755024956,G2,P2,valid,valid,zone_A,zone_A,True,0,3.0,2.0,2.0,2,False,True,
002_Et_H_CO_H,S4_stale_gas,125,UCI309_laboratory,simulation,0.5,1.0,0.5,1.0,-0.5,0.0,150.86109986959846,G2,P2,valid,valid,zone_A,zone_A,True,0,3.0,2.0,2.0,2,False,True,
002_Et_H_CO_H,S4_stale_gas,126,UCI309_laboratory,simulation,0.32499999999999996,1.0,0.32499999999999996,1.0,-0.32499999999999996,0.0,150.86109986959846,G2,P2,valid,valid,zone_A,zone_A,True,0,3.0,2.0,2.0,2,False,True,
002_Et_H_CO_H,S4_stale_gas,127,UCI309_laboratory,simulation,0.14999999999999997,1.0,0.14999999999999997,1.0,-0.14999999999999997,0.0,150.18660911012188,G2,P2,valid,valid,zone_A,zone_A,True,0,3.0,2.0,2.0,2,False,True,
002_Et_H_CO_H,S4_stale_gas,128,UCI309_laboratory,simulation,-0.025000000000000022,1.0,-0.025000000000000022,1.0,0.025000000000000022,0.0,149.6245334772247,G2,P1,valid,valid,zone_A,zone_A,True,0,3.0,2.0,1.0,2,False,True,
002_Et_H_CO_H,S4_stale_gas,129,UCI309_laboratory,simulation,-0.20000000000000007,1.0,-0.20000000000000007,1.0,0.20000000000000007,0.0,149.06245784432753,G2,P1,valid,valid,zone_A,zone_A,True,0,3.0,2.0,1.0,2,False,True,
002_Et_H_CO_H,S4_stale_gas,130,UCI309_laboratory,simulation,-0.375,1.0,-0.375,1.0,0.375,0.0,149.6245334772247,G2,P1,valid,valid,zone_A,zone_A,True,0,3.0,2.0,1.0,2,False,True,
002_Et_H_CO_H,S4_stale_gas,131,UCI309_laboratory,simulation,-0.55,1.0,-0.55,1.0,0.55,0.0,151.31076037591617,G2,P1,valid,valid,zone_A,zone_A,True,0,3.0,2.0,1.0,2,False,True,
002_Et_H_CO_H,S4_stale_gas,132,UCI309_laboratory,simulation,-0.7249999999999999,1.0,-0.7249999999999999,1.0,0.7249999999999999,0.0,155.1328746796169,G2,P1,valid,valid,zone_A,zone_A,True,0,3.0,2.0,1.0,2,False,True,
002_Et_H_CO_H,S4_stale_gas,133,UCI309_laboratory,simulation,-0.9000000000000001,1.0,-0.9000000000000001,1.0,0.9000000000000001,0.0,159.17981923647648,G2,P1,valid,valid,zone_A,zone_A,True,0,3.0,2.0,1.0,2,False,True,
002_Et_H_CO_H,S4_stale_gas,134,UCI309_laboratory,simulation,-1.075,1.0,-1.075,1.0,1.075,0.0,160.95035748010253,G2,P0,valid,valid,zone_A,zone_A,True,0,2.0,2.0,0.0,2,False,True,
002_Et_H_CO_H,S4_stale_gas,135,UCI309_laboratory,simulation,-1.25,1.0,-1.25,1.0,1.25,0.0,162.243131435766,G2,P0,valid,valid,zone_A,zone_A,True,0,2.0,2.0,0.0,2,False,True,
002_Et_H_CO_H,S4_stale_gas,136,UCI309_laboratory,simulation,-1.4250000000000003,1.0,-1.4250000000000003,1.0,1.4250000000000003,0.0,162.07450874589685,G2,P0,valid,valid,zone_A,zone_A,True,0,2.0,2.0,0.0,2,False,True,
002_Et_H_CO_H,S4_stale_gas,137,UCI309_laboratory,simulation,-1.6,1.0,-1.6,1.0,1.6,0.0,161.06277260668196,G2,P0,valid,valid,zone_A,zone_A,True,0,2.0,2.0,0.0,2,False,True,
002_Et_H_CO_H,S4_stale_gas,138,UCI309_laboratory,simulation,-1.775,1.0,-1.775,1.0,1.775,0.0,159.7137910877288,G2,P0,valid,valid,zone_A,zone_A,True,0,2.0,2.0,0.0,2,False,True,
002_Et_H_CO_H,S4_stale_gas,139,UCI309_laboratory,simulation,-1.9499999999999997,1.0,-1.9499999999999997,1.0,1.9499999999999997,0.0,158.92688520167275,G2,P0,valid,valid,zone_A,zone_A,True,0,2.0,2.0,0.0,2,False,True,
002_Et_H_CO_H,S4_stale_gas,140,UCI309_laboratory,simulation,-2.125,1.0,-2.125,1.0,2.125,0.0,158.1399793156167,G2,P0,valid,valid,zone_A,zone_A,True,0,2.0,2.0,0.0,2,False,True,
002_Et_H_CO_H,S4_stale_gas,141,UCI309_laboratory,simulation,-2.3000000000000003,1.0,-2.3000000000000003,1.0,2.3000000000000003,0.0,158.36480956877557,G2,P0,valid,valid,zone_A,zone_A,True,0,2.0,2.0,0.0,2,False,True,
002_Et_H_CO_H,S4_stale_gas,142,UCI309_laboratory,simulation,-2.475,1.0,-2.475,1.0,2.475,0.0,158.8144700750933,G2,P0,valid,valid,zone_A,zone_A,True,0,2.0,2.0,0.0,2,False,True,
002_Et_H_CO_H,S4_stale_gas,143,UCI309_laboratory,simulation,-2.65,1.0,-2.65,1.0,2.65,0.0,159.3765457079905,G2,P0,valid,valid,zone_A,zone_A,True,0,2.0,2.0,0.0,2,False,True,
002_Et_H_CO_H,S4_stale_gas,144,UCI309_laboratory,simulation,-2.8249999999999997,1.0,-2.8249999999999997,1.0,2.8249999999999997,0.0,159.8262062143082,G2,P0,valid,valid,zone_A,zone_A,True,0,2.0,2.0,0.0,2,False,True,
002_Et_H_CO_H,S4_stale_gas,145,UCI309_laboratory,simulation,-3.0,1.0,-3.0,1.0,3.0,0.0,159.26413058141105,G2,P0,valid,valid,zone_A,zone_A,True,0,2.0,2.0,0.0,2,False,True,
002_Et_H_CO_H,S4_stale_gas,146,UCI309_laboratory,simulation,-3.0,1.0,-3.0,1.0,3.0,0.0,158.92688520167275,G2,P0,valid,valid,zone_A,zone_A,True,0,2.0,2.0,0.0,2,False,True,
002_Et_H_CO_H,S4_stale_gas,147,UCI309_laboratory,simulation,-3.0,1.0,-3.0,1.0,3.0,0.0,158.9549889833176,G2,P0,valid,valid,zone_A,zone_A,True,0,2.0,2.0,0.0,2,False,True,
002_Et_H_CO_H,S4_stale_gas,148,UCI309_laboratory,simulation,-3.0,1.0,-3.0,1.0,3.0,0.0,157.9432528441027,G2,P0,valid,valid,zone_A,zone_A,True,0,2.0,2.0,0.0,2,False,True,
002_Et_H_CO_H,S4_stale_gas,149,UCI309_laboratory,simulation,-3.0,1.0,-3.0,1.0,3.0,0.0,157.49359233778497,G2,P0,valid,valid,zone_A,zone_A,True,0,2.0,2.0,0.0,2,False,True,
002_Et_H_CO_H,S4_stale_gas,150,UCI309_laboratory,simulation,-3.0,1.0,-3.0,1.0,3.0,0.0,156.59427132514952,G2,P0,valid,valid,zone_A,zone_A,True,0,2.0,2.0,0.0,2,False,True,
002_Et_H_CO_H,S4_stale_gas,151,UCI309_laboratory,simulation,-3.0,1.0,-3.0,1.0,3.0,0.0,157.38117721120554,G2,P0,valid,valid,zone_A,zone_A,True,0,2.0,2.0,0.0,2,False,True,
002_Et_H_CO_H,S4_stale_gas,152,UCI309_laboratory,simulation,-3.0,1.0,-3.0,1.0,3.0,0.0,159.40464948963535,G2,P0,valid,valid,zone_A,zone_A,True,0,2.0,2.0,0.0,2,False,True,
002_Et_H_CO_H,S4_stale_gas,153,UCI309_laboratory,simulation,-3.0,1.0,-3.0,1.0,3.0,0.0,162.41175412563516,G2,P0,valid,valid,zone_A,zone_A,True,0,2.0,2.0,0.0,2,False,True,
002_Et_H_CO_H,S4_stale_gas,154,UCI309_laboratory,simulation,-3.0,1.0,-3.0,1.0,3.0,0.0,163.42349026485005,G2,P0,valid,valid,zone_A,zone_A,True,0,2.0,2.0,0.0,2,False,True,
002_Et_H_CO_H,S4_stale_gas,155,UCI309_laboratory,simulation,-3.0,1.0,-3.0,1.0,3.0,0.0,163.47969782813976,G2,P0,valid,valid,zone_A,zone_A,True,0,2.0,2.0,0.0,2,False,True,
002_Et_H_CO_H,S4_stale_gas,156,UCI309_laboratory,simulation,-3.0,1.0,-3.0,1.0,3.0,0.0,163.03003732182202,G2,P0,valid,valid,zone_A,zone_A,True,0,2.0,2.0,0.0,2,False,True,
002_Et_H_CO_H,S4_stale_gas,157,UCI309_laboratory,simulation,-3.0,1.0,-3.0,1.0,3.0,0.0,161.09087638832682,G2,P0,valid,valid,zone_A,zone_A,True,0,2.0,2.0,0.0,2,False,True,
002_Et_H_CO_H,S4_stale_gas,158,UCI309_laboratory,simulation,-3.0,1.0,-3.0,1.0,3.0,0.0,158.39291335042043,G2,P0,valid,valid,zone_A,zone_A,True,0,2.0,2.0,0.0,2,False,True,
002_Et_H_CO_H,S4_stale_gas,159,UCI309_laboratory,simulation,-3.0,1.0,-3.0,1.0,3.0,0.0,156.03219569225234,G2,P0,valid,valid,zone_A,zone_A,True,0,2.0,2.0,0.0,2,False,True,
002_Et_H_CO_H,S4_stale_gas,160,UCI309_laboratory,simulation,-3.0,1.0,-3.0,1.0,3.0,0.0,153.67147803408426,G2,P0,valid,valid,zone_A,zone_A,True,0,2.0,2.0,0.0,2,False,True,
002_Et_H_CO_H,S4_stale_gas,161,UCI309_laboratory,simulation,-3.0,1.0,-3.0,1.0,3.0,0.0,151.9852511353928,G2,P0,valid,valid,zone_A,zone_A,True,0,2.0,2.0,0.0,2,False,True,
002_Et_H_CO_H,S4_stale_gas,162,UCI309_laboratory,simulation,-3.0,1.0,-3.0,1.0,3.0,0.0,151.0859301227573,G2,P0,valid,valid,zone_A,zone_A,True,0,2.0,2.0,0.0,2,False,True,
002_Et_H_CO_H,S4_stale_gas,163,UCI309_laboratory,simulation,-3.0,1.0,-3.0,1.0,3.0,0.0,149.73694860380414,G2,P0,valid,valid,zone_A,zone_A,True,0,2.0,2.0,0.0,2,False,True,
002_Et_H_CO_H,S4_stale_gas,164,UCI309_laboratory,simulation,-3.0,1.0,-3.0,1.0,3.0,0.0,147.71347632537436,G2,P0,valid,valid,zone_A,zone_A,True,0,2.0,2.0,0.0,2,False,True,
002_Et_H_CO_H,S4_stale_gas,165,UCI309_laboratory,simulation,-3.0,1.0,-3.0,1.0,3.0,0.0,145.69000404694455,G2,P0,valid,valid,zone_A,zone_A,True,0,2.0,2.0,0.0,2,False,True,
002_Et_H_CO_H,S4_stale_gas,166,UCI309_laboratory,simulation,-3.0,1.0,-3.0,1.0,3.0,0.0,144.34102252799136,G2,P0,valid,valid,zone_A,zone_A,True,0,2.0,2.0,0.0,2,False,True,
002_Et_H_CO_H,S4_stale_gas,167,UCI309_laboratory,simulation,-3.0,1.0,-3.0,1.0,3.0,0.0,143.44170151535593,G2,P0,valid,valid,zone_A,zone_A,True,0,2.0,2.0,0.0,2,False,True,
002_Et_H_CO_H,S4_stale_gas,168,UCI309_laboratory,simulation,-3.0,1.0,-3.0,1.0,3.0,0.0,143.10445613561762,G2,P0,valid,valid,zone_A,zone_A,True,0,2.0,2.0,0.0,2,False,True,
002_Et_H_CO_H,S4_stale_gas,169,UCI309_laboratory,simulation,-3.0,1.0,-3.0,1.0,3.0,0.0,143.55411664193534,G2,P0,valid,valid,zone_A,zone_A,True,0,2.0,2.0,0.0,2,False,True,
002_Et_H_CO_H,S4_stale_gas,170,UCI309_laboratory,simulation,-3.0,1.0,-3.0,1.0,3.0,0.0,144.22860740141192,G2,P0,valid,valid,zone_A,zone_A,True,0,2.0,2.0,0.0,2,False,True,
002_Et_H_CO_H,S4_stale_gas,171,UCI309_laboratory,simulation,-3.0,1.0,-3.0,1.0,3.0,0.0,145.57758892036514,G2,P0,valid,valid,zone_A,zone_A,True,0,2.0,2.0,0.0,2,False,True,
002_Et_H_CO_H,S4_stale_gas,172,UCI309_laboratory,simulation,-3.0,1.0,-3.0,1.0,3.0,0.0,146.81415531273888,G2,P0,valid,valid,zone_A,zone_A,True,0,2.0,2.0,0.0,2,False,True,
002_Et_H_CO_H,S4_stale_gas,173,UCI309_laboratory,simulation,-3.0,1.0,-3.0,1.0,3.0,0.0,147.26381581905662,G2,P0,valid,valid,zone_A,zone_A,True,0,2.0,2.0,0.0,2,False,True,
002_Et_H_CO_H,S4_stale_gas,174,UCI309_laboratory,simulation,-3.0,1.0,-3.0,1.0,3.0,0.0,148.05072170511266,G2,P0,valid,valid,zone_A,zone_A,True,0,2.0,2.0,0.0,2,False,True,
002_Et_H_CO_H,S4_stale_gas,175,UCI309_laboratory,simulation,-3.0,1.0,-3.0,1.0,3.0,0.0,148.3879670848509,G2,P0,valid,valid,zone_A,zone_A,True,0,2.0,2.0,0.0,2,False,True,
002_Et_H_CO_H,S4_stale_gas,176,UCI309_laboratory,simulation,-3.0,1.0,-3.0,1.0,3.0,0.0,149.51211835064527,G2,P0,valid,valid,zone_A,zone_A,True,0,2.0,2.0,0.0,2,False,True,
002_Et_H_CO_H,S4_stale_gas,177,UCI309_laboratory,simulation,-3.0,1.0,-3.0,1.0,3.0,0.0,150.63626961643956,G2,P0,valid,valid,zone_A,zone_A,True,0,2.0,2.0,0.0,2,False,True,
002_Et_H_CO_H,S4_stale_gas,178,UCI309_laboratory,simulation,-3.0,1.0,-3.0,1.0,3.0,0.0,151.87283600881335,G2,P0,valid,valid,zone_A,zone_A,True,0,2.0,2.0,0.0,2,False,True,
002_Et_H_CO_H,S4_stale_gas,179,UCI309_laboratory,simulation,-3.0,1.0,-3.0,1.0,3.0,0.0,153.33423265434595,G2,P0,valid,valid,zone_A,zone_A,True,0,2.0,2.0,0.0,2,False,True,
002_Et_H_CO_H,S4_stale_gas,180,UCI309_laboratory,simulation,-3.0,1.0,-3.0,1.0,3.0,0.0,154.4583839201403,G2,P0,valid,valid,zone_A,zone_A,True,0,2.0,2.0,0.0,2,False,True,
002_Et_H_CO_H,S4_stale_gas,181,UCI309_laboratory,simulation,-3.0,1.0,-3.0,1.0,3.0,0.0,153.55906290750482,G2,P0,valid,valid,zone_A,zone_A,True,0,2.0,2.0,0.0,2,False,True,
002_Et_H_CO_H,S4_stale_gas,182,UCI309_laboratory,simulation,-3.0,1.0,-3.0,1.0,3.0,0.0,151.19834524933674,G2,P0,valid,valid,zone_A,zone_A,True,0,2.0,2.0,0.0,2,False,True,
002_Et_H_CO_H,S4_stale_gas,183,UCI309_laboratory,simulation,-3.0,1.0,-3.0,1.0,3.0,0.0,150.18660911012188,G2,P0,valid,valid,zone_A,zone_A,True,0,2.0,2.0,0.0,2,False,True,
002_Et_H_CO_H,S4_stale_gas,184,UCI309_laboratory,simulation,-3.0,1.0,-3.0,1.0,3.0,0.0,148.61279733800978,G2,P0,valid,valid,zone_A,zone_A,True,0,2.0,2.0,0.0,2,False,True,
002_Et_H_CO_H,S4_stale_gas,185,UCI309_laboratory,simulation,-3.0,1.0,-3.0,1.0,3.0,0.0,148.05072170511266,G2,P0,valid,valid,zone_A,zone_A,True,0,2.0,2.0,0.0,2,False,True,
002_Et_H_CO_H,S4_stale_gas,186,UCI309_laboratory,simulation,-3.0,1.0,-3.0,1.0,3.0,0.0,149.06245784432753,G2,P0,valid,valid,zone_A,zone_A,True,0,2.0,2.0,0.0,2,False,True,
002_Et_H_CO_H,S4_stale_gas,187,UCI309_laboratory,simulation,-3.0,1.0,-3.0,1.0,3.0,0.0,151.4231755024956,G2,P0,valid,valid,zone_A,zone_A,True,0,2.0,2.0,0.0,2,False,True,
002_Et_H_CO_H,S4_stale_gas,188,UCI309_laboratory,simulation,-3.0,1.0,-3.0,1.0,3.0,0.0,153.89630828724313,G2,P0,valid,valid,zone_A,zone_A,True,0,2.0,2.0,0.0,2,False,True,
002_Et_H_CO_H,S4_stale_gas,189,UCI309_laboratory,simulation,-3.0,1.0,-3.0,1.0,3.0,0.0,156.03219569225234,G2,P0,valid,valid,zone_A,zone_A,True,0,2.0,2.0,0.0,2,False,True,
002_Et_H_CO_H,S4_stale_gas,190,UCI309_laboratory,simulation,-3.0,1.0,-3.0,1.0,3.0,0.0,158.39291335042043,G2,P0,valid,valid,zone_A,zone_A,True,0,2.0,2.0,0.0,2,False,True,
002_Et_H_CO_H,S4_stale_gas,191,UCI309_laboratory,simulation,-3.0,1.0,-3.0,1.0,3.0,0.0,162.1026125275417,G2,P0,valid,valid,zone_A,zone_A,True,0,2.0,2.0,0.0,2,False,True,
002_Et_H_CO_H,S4_stale_gas,192,UCI309_laboratory,simulation,-3.0,1.0,-3.0,1.0,3.0,0.0,163.36728270156033,G2,P0,valid,valid,zone_A,zone_A,True,0,2.0,2.0,0.0,2,False,True,
002_Et_H_CO_H,S4_stale_gas,193,UCI309_laboratory,simulation,-3.0,1.0,-3.0,1.0,3.0,0.0,164.88488691038268,G2,P0,valid,valid,zone_A,zone_A,True,0,2.0,2.0,0.0,2,False,True,
002_Et_H_CO_H,S4_stale_gas,194,UCI309_laboratory,simulation,-3.0,1.0,-3.0,1.0,3.0,0.0,165.3345474167004,G2,P0,valid,valid,zone_A,zone_A,True,0,2.0,2.0,0.0,2,False,True,
002_Et_H_CO_H,S4_stale_gas,195,UCI309_laboratory,simulation,-3.0,1.0,-3.0,1.0,3.0,0.0,165.3907549799901,G2,P0,valid,valid,zone_A,zone_A,True,0,2.0,2.0,0.0,2,False,True,
002_Et_H_CO_H,S4_stale_gas,196,UCI309_laboratory,simulation,-3.0,1.0,-3.0,1.0,3.0,0.0,165.3345474167004,G2,P0,valid,valid,zone_A,zone_A,True,0,2.0,2.0,0.0,2,False,True,
002_Et_H_CO_H,S4_stale_gas,197,UCI309_laboratory,simulation,-3.0,1.0,-3.0,1.0,3.0,0.0,165.3345474167004,G2,P0,valid,valid,zone_A,zone_A,True,0,2.0,2.0,0.0,2,False,True,
002_Et_H_CO_H,S4_stale_gas,198,UCI309_laboratory,simulation,-3.0,1.0,-3.0,1.0,3.0,0.0,165.6717927964387,G2,P0,valid,valid,zone_A,zone_A,True,0,2.0,2.0,0.0,2,False,True,
002_Et_H_CO_H,S4_stale_gas,199,UCI309_laboratory,simulation,-3.0,1.0,-3.0,1.0,3.0,0.0,165.3345474167004,G2,P0,valid,valid,zone_A,zone_A,True,0,2.0,2.0,0.0,2,False,True,
002_Et_H_CO_H,S4_stale_gas,200,UCI309_laboratory,simulation,-3.0,1.0,-3.0,1.0,3.0,0.0,165.22213229012095,G2,P0,valid,valid,zone_A,zone_A,True,0,2.0,2.0,0.0,2,False,True,
002_Et_H_CO_H,S4_stale_gas,201,UCI309_laboratory,simulation,-3.0,1.0,-3.0,1.0,3.0,0.0,165.22213229012095,G2,P0,valid,valid,zone_A,zone_A,True,0,2.0,2.0,0.0,2,False,True,
002_Et_H_CO_H,S4_stale_gas,202,UCI309_laboratory,simulation,-3.0,1.0,-3.0,1.0,3.0,0.0,164.66005665722378,G2,P0,valid,valid,zone_A,zone_A,True,0,2.0,2.0,0.0,2,False,True,
002_Et_H_CO_H,S4_stale_gas,203,UCI309_laboratory,simulation,-3.0,1.0,-3.0,1.0,3.0,0.0,164.15418858761637,G2,P0,valid,valid,zone_A,zone_A,True,0,2.0,2.0,0.0,2,False,True,
002_Et_H_CO_H,S4_stale_gas,204,UCI309_laboratory,simulation,-3.0,1.0,-3.0,1.0,3.0,0.0,163.3110751382706,G2,P0,valid,valid,zone_A,zone_A,True,0,2.0,2.0,0.0,2,False,True,
002_Et_H_CO_H,S4_stale_gas,205,UCI309_laboratory,simulation,-3.0,1.0,-3.0,1.0,3.0,0.0,163.3110751382706,G2,P0,valid,valid,zone_A,zone_A,True,0,2.0,2.0,0.0,2,False,True,
002_Et_H_CO_H,S4_stale_gas,206,UCI309_laboratory,simulation,-3.0,1.0,-3.0,1.0,3.0,0.0,163.53590539142948,G2,P0,valid,valid,zone_A,zone_A,True,0,2.0,2.0,0.0,2,False,True,
002_Et_H_CO_H,S4_stale_gas,207,UCI309_laboratory,simulation,-3.0,1.0,-3.0,1.0,3.0,0.0,164.32281127748553,G2,P0,valid,valid,zone_A,zone_A,True,0,2.0,2.0,0.0,2,False,True,
002_Et_H_CO_H,S4_stale_gas,208,UCI309_laboratory,simulation,-3.0,1.0,-3.0,1.0,3.0,0.0,165.22213229012095,G2,P0,valid,valid,zone_A,zone_A,True,0,2.0,2.0,0.0,2,False,True,
002_Et_H_CO_H,S4_stale_gas,209,UCI309_laboratory,simulation,-3.0,1.0,-3.0,1.0,3.0,0.0,166.68352893565358,G2,P0,valid,valid,zone_A,zone_A,True,0,2.0,2.0,0.0,2,False,True,
002_Et_H_CO_H,S4_stale_gas,210,UCI309_laboratory,simulation,-3.0,1.0,-3.0,1.0,3.0,0.0,166.009038176177,G2,P0,valid,valid,zone_A,zone_A,True,0,2.0,2.0,0.0,2,False,True,
002_Et_H_CO_H,S4_stale_gas,211,UCI309_laboratory,simulation,-3.0,1.0,-3.0,1.0,3.0,0.0,165.10971716354152,G2,P0,valid,valid,zone_A,zone_A,True,0,2.0,2.0,0.0,2,False,True,
002_Et_H_CO_H,S4_stale_gas,212,UCI309_laboratory,simulation,-3.0,1.0,-3.0,1.0,3.0,0.0,163.64832051800892,G2,P0,valid,valid,zone_A,zone_A,True,0,2.0,2.0,0.0,2,False,True,
002_Et_H_CO_H,S4_stale_gas,213,UCI309_laboratory,simulation,-3.0,1.0,-3.0,1.0,3.0,0.0,161.62484823957914,G2,P0,valid,valid,zone_A,zone_A,True,0,2.0,2.0,0.0,2,False,True,
002_Et_H_CO_H,S4_stale_gas,214,UCI309_laboratory,simulation,-3.0,1.0,-3.0,1.0,3.0,0.0,160.27586672062594,G2,P0,valid,valid,zone_A,zone_A,True,0,2.0,2.0,0.0,2,False,True,
002_Et_H_CO_H,S4_stale_gas,215,UCI309_laboratory,simulation,-3.0,1.0,-3.0,1.0,3.0,0.0,159.32033814470077,G2,P0,valid,valid,zone_A,zone_A,True,0,2.0,2.0,0.0,2,False,True,
002_Et_H_CO_H,S4_stale_gas,216,UCI309_laboratory,simulation,-3.0,1.0,-3.0,1.0,3.0,0.0,158.1399793156167,G2,P0,valid,valid,zone_A,zone_A,True,0,2.0,2.0,0.0,2,False,True,
002_Et_H_CO_H,S4_stale_gas,217,UCI309_laboratory,simulation,-3.0,1.0,-3.0,1.0,3.0,0.0,157.07203561311212,G2,P0,valid,valid,zone_A,zone_A,True,0,2.0,2.0,0.0,2,False,True,
002_Et_H_CO_H,S4_stale_gas,218,UCI309_laboratory,simulation,-3.0,1.0,-3.0,1.0,3.0,0.0,157.07203561311212,G2,P0,valid,valid,zone_A,zone_A,True,0,2.0,2.0,0.0,2,False,True,
002_Et_H_CO_H,S4_stale_gas,219,UCI309_laboratory,simulation,-3.0,1.0,-3.0,1.0,3.0,0.0,157.63411124600927,G2,P0,valid,valid,zone_A,zone_A,True,0,2.0,2.0,0.0,2,False,True,
002_Et_H_CO_H,S4_stale_gas,220,UCI309_laboratory,simulation,-3.0,1.0,-3.0,1.0,3.0,0.0,158.58963982193444,G2,P0,valid,valid,zone_A,zone_A,True,0,2.0,2.0,0.0,2,False,True,
002_Et_H_CO_H,S4_stale_gas,221,UCI309_laboratory,simulation,-3.0,1.0,-3.0,1.0,3.0,0.0,160.1072440307568,G2,P0,valid,valid,zone_A,zone_A,True,0,2.0,2.0,0.0,2,False,True,
002_Et_H_CO_H,S4_stale_gas,222,UCI309_laboratory,simulation,-3.0,1.0,-3.0,1.0,3.0,0.0,160.72552722694365,G2,P0,valid,valid,zone_A,zone_A,True,0,2.0,2.0,0.0,2,False,True,
002_Et_H_CO_H,S4_stale_gas,223,UCI309_laboratory,simulation,-3.0,1.0,-3.0,1.0,3.0,0.0,160.38828184720535,G2,P0,valid,valid,zone_A,zone_A,True,0,2.0,2.0,0.0,2,False,True,
002_Et_H_CO_H,S4_stale_gas,224,UCI309_laboratory,simulation,-3.0,1.0,-3.0,1.0,3.0,0.0,159.71379108772877,G2,P0,valid,valid,zone_A,zone_A,True,0,2.0,2.0,0.0,2,False,True,
002_Et_H_CO_H,S4_stale_gas,225,UCI309_laboratory,simulation,-3.0,1.0,-3.0,1.0,3.0,0.0,159.71379108772877,G2,P0,valid,valid,zone_A,zone_A,True,0,2.0,2.0,0.0,2,False,True,
002_Et_H_CO_H,S4_stale_gas,226,UCI309_laboratory,simulation,-3.0,1.0,-3.0,1.0,3.0,0.0,160.5569045370745,G2,P0,valid,valid,zone_A,zone_A,True,0,2.0,2.0,0.0,2,False,True,
002_Et_H_CO_H,S4_stale_gas,227,UCI309_laboratory,simulation,-3.0,1.0,-3.0,1.0,3.0,0.0,160.8379423535231,G2,P0,valid,valid,zone_A,zone_A,True,0,2.0,2.0,0.0,2,False,True,
002_Et_H_CO_H,S4_stale_gas,228,UCI309_laboratory,simulation,-3.0,1.0,-3.0,1.0,3.0,0.0,161.28760285984083,G2,P0,valid,valid,zone_A,zone_A,True,0,2.0,2.0,0.0,2,False,True,
002_Et_H_CO_H,S4_stale_gas,229,UCI309_laboratory,simulation,-3.0,1.0,-3.0,1.0,3.0,0.0,161.2313952965511,G2,P0,valid,valid,zone_A,zone_A,True,0,2.0,2.0,0.0,2,False,True,
002_Et_H_CO_H,S4_stale_gas,230,UCI309_laboratory,simulation,-3.0,1.0,-3.0,1.0,3.0,0.0,160.8379423535231,G2,P0,valid,valid,zone_A,zone_A,True,0,2.0,2.0,0.0,2,False,True,
002_Et_H_CO_H,S4_stale_gas,231,UCI309_laboratory,simulation,-3.0,1.0,-3.0,1.0,3.0,0.0,160.38828184720535,G2,P0,valid,valid,zone_A,zone_A,True,0,2.0,2.0,0.0,2,False,True,
002_Et_H_CO_H,S4_stale_gas,232,UCI309_laboratory,simulation,-3.0,1.0,-3.0,1.0,3.0,0.0,160.5569045370745,G2,P0,valid,valid,zone_A,zone_A,True,0,2.0,2.0,0.0,2,False,True,
002_Et_H_CO_H,S4_stale_gas,233,UCI309_laboratory,simulation,-3.0,1.0,-3.0,1.0,3.0,0.0,161.2313952965511,G2,P0,valid,valid,zone_A,zone_A,True,0,2.0,2.0,0.0,2,False,True,
002_Et_H_CO_H,S4_stale_gas,234,UCI309_laboratory,simulation,-3.0,1.0,-3.0,1.0,3.0,0.0,162.01830118260713,G2,P0,valid,valid,zone_A,zone_A,True,0,2.0,2.0,0.0,2,False,True,
002_Et_H_CO_H,S4_stale_gas,235,UCI309_laboratory,simulation,-3.0,1.0,-3.0,1.0,3.0,0.0,163.42349026485005,G2,P0,valid,valid,zone_A,zone_A,True,0,2.0,2.0,0.0,2,False,True,
002_Et_H_CO_H,S4_stale_gas,236,UCI309_laboratory,simulation,-3.0,1.0,-3.0,1.0,3.0,0.0,163.76073564458835,G2,P0,valid,valid,zone_A,zone_A,True,0,2.0,2.0,0.0,2,False,True,
002_Et_H_CO_H,S4_stale_gas,237,UCI309_laboratory,simulation,-3.0,1.0,-3.0,1.0,3.0,0.0,162.9738297585323,G2,P0,valid,valid,zone_A,zone_A,True,0,2.0,2.0,0.0,2,False,True,
002_Et_H_CO_H,S4_stale_gas,238,UCI309_laboratory,simulation,-3.0,1.0,-3.0,1.0,3.0,0.0,161.96209361931741,G2,P0,valid,valid,zone_A,zone_A,True,0,2.0,2.0,0.0,2,False,True,
002_Et_H_CO_H,S4_stale_gas,239,UCI309_laboratory,simulation,-3.0,1.0,-3.0,1.0,3.0,0.0,161.1751877332614,G2,P0,valid,valid,zone_A,zone_A,True,0,2.0,2.0,0.0,2,False,True,
002_Et_H_CO_H,S4_stale_gas,240,UCI309_laboratory,simulation,-3.0,1.0,-3.0,1.0,3.0,0.0,161.40001798642027,G2,P0,valid,valid,zone_A,zone_A,True,0,2.0,2.0,0.0,2,False,True,
011_Et_n_Me_L,S0_outside,26,UCI309_laboratory,simulation,-3.0,1.0,-3.0,1.0,3.0,0.0,1.1803588290840417,G0,P0,valid,valid,zone_A,zone_A,True,0,0.0,0.0,0.0,0,False,True,
011_Et_n_Me_L,S0_outside,27,UCI309_laboratory,simulation,-3.0,1.0,-3.0,1.0,3.0,0.0,1.011736139214893,G0,P0,valid,valid,zone_A,zone_A,True,0,0.0,0.0,0.0,0,False,True,
011_Et_n_Me_L,S0_outside,28,UCI309_laboratory,simulation,-3.0,1.0,-3.0,1.0,3.0,0.0,1.1803588290840417,G0,P0,valid,valid,zone_A,zone_A,True,0,0.0,0.0,0.0,0,False,True,
011_Et_n_Me_L,S0_outside,29,UCI309_laboratory,simulation,-3.0,1.0,-3.0,1.0,3.0,0.0,1.1803588290840417,G0,P0,valid,valid,zone_A,zone_A,True,0,0.0,0.0,0.0,0,False,True,
011_Et_n_Me_L,S0_outside,30,UCI309_laboratory,simulation,-3.0,1.0,-3.0,1.0,3.0,0.0,1.1241512657943253,G0,P0,valid,valid,zone_A,zone_A,True,0,0.0,0.0,0.0,0,False,True,
011_Et_n_Me_L,S0_outside,31,UCI309_laboratory,simulation,-3.0,1.0,-3.0,1.0,3.0,0.0,1.1241512657943253,G0,P0,valid,valid,zone_A,zone_A,True,0,0.0,0.0,0.0,0,False,True,
011_Et_n_Me_L,S0_outside,32,UCI309_laboratory,simulation,-3.0,1.0,-3.0,1.0,3.0,0.0,1.1241512657943253,G0,P0,valid,valid,zone_A,zone_A,True,0,0.0,0.0,0.0,0,False,True,
011_Et_n_Me_L,S0_outside,33,UCI309_laboratory,simulation,-3.0,1.0,-3.0,1.0,3.0,0.0,1.3489815189531904,G0,P0,valid,valid,zone_A,zone_A,True,0,0.0,0.0,0.0,0,False,True,
011_Et_n_Me_L,S0_outside,34,UCI309_laboratory,simulation,-3.0,1.0,-3.0,1.0,3.0,0.0,1.1241512657943253,G0,P0,valid,valid,zone_A,zone_A,True,0,0.0,0.0,0.0,0,False,True,
011_Et_n_Me_L,S0_outside,35,UCI309_laboratory,simulation,-3.0,1.0,-3.0,1.0,3.0,0.0,1.1803588290840417,G0,P0,valid,valid,zone_A,zone_A,True,0,0.0,0.0,0.0,0,False,True,
011_Et_n_Me_L,S0_outside,36,UCI309_laboratory,simulation,-3.0,1.0,-3.0,1.0,3.0,0.0,1.1241512657943253,G0,P0,valid,valid,zone_A,zone_A,True,0,0.0,0.0,0.0,0,False,True,
011_Et_n_Me_L,S0_outside,37,UCI309_laboratory,simulation,-3.0,1.0,-3.0,1.0,3.0,0.0,1.1241512657943253,G0,P0,valid,valid,zone_A,zone_A,True,0,0.0,0.0,0.0,0,False,True,
011_Et_n_Me_L,S0_outside,38,UCI309_laboratory,simulation,-3.0,1.0,-3.0,1.0,3.0,0.0,1.3489815189531904,G0,P0,valid,valid,zone_A,zone_A,True,0,0.0,0.0,0.0,0,False,True,
011_Et_n_Me_L,S0_outside,39,UCI309_laboratory,simulation,-3.0,1.0,-3.0,1.0,3.0,0.0,1.1241512657943253,G0,P0,valid,valid,zone_A,zone_A,True,0,0.0,0.0,0.0,0,False,True,
011_Et_n_Me_L,S0_outside,40,UCI309_laboratory,simulation,-3.0,1.0,-3.0,1.0,3.0,0.0,1.3489815189531904,G0,P0,valid,valid,zone_A,zone_A,True,0,0.0,0.0,0.0,0,False,True,
011_Et_n_Me_L,S0_outside,41,UCI309_laboratory,simulation,-3.0,1.0,-3.0,1.0,3.0,0.0,1.3489815189531904,G0,P0,valid,valid,zone_A,zone_A,True,0,0.0,0.0,0.0,0,False,True,
011_Et_n_Me_L,S0_outside,42,UCI309_laboratory,simulation,-3.0,1.0,-3.0,1.0,3.0,0.0,1.5176042088223394,G0,P0,valid,valid,zone_A,zone_A,True,0,0.0,0.0,0.0,0,False,True,
011_Et_n_Me_L,S0_outside,43,UCI309_laboratory,simulation,-3.0,1.0,-3.0,1.0,3.0,0.0,1.2365663923737578,G0,P0,valid,valid,zone_A,zone_A,True,0,0.0,0.0,0.0,0,False,True,
011_Et_n_Me_L,S0_outside,44,UCI309_laboratory,simulation,-3.0,1.0,-3.0,1.0,3.0,0.0,1.2365663923737578,G0,P0,valid,valid,zone_A,zone_A,True,0,0.0,0.0,0.0,0,False,True,
011_Et_n_Me_L,S0_outside,45,UCI309_laboratory,simulation,-3.0,1.0,-3.0,1.0,3.0,0.0,1.292773955663474,G0,P0,valid,valid,zone_A,zone_A,True,0,0.0,0.0,0.0,0,False,True,
011_Et_n_Me_L,S0_outside,46,UCI309_laboratory,simulation,-3.0,1.0,-3.0,1.0,3.0,0.0,1.1241512657943253,G0,P0,valid,valid,zone_A,zone_A,True,0,0.0,0.0,0.0,0,False,True,
011_Et_n_Me_L,S0_outside,47,UCI309_laboratory,simulation,-3.0,1.0,-3.0,1.0,3.0,0.0,1.011736139214893,G0,P0,valid,valid,zone_A,zone_A,True,0,0.0,0.0,0.0,0,False,True,
011_Et_n_Me_L,S0_outside,48,UCI309_laboratory,simulation,-3.0,1.0,-3.0,1.0,3.0,0.0,1.011736139214893,G0,P0,valid,valid,zone_A,zone_A,True,0,0.0,0.0,0.0,0,False,True,
011_Et_n_Me_L,S0_outside,49,UCI309_laboratory,simulation,-3.0,1.0,-3.0,1.0,3.0,0.0,1.011736139214893,G0,P0,valid,valid,zone_A,zone_A,True,0,0.0,0.0,0.0,0,False,True,
011_Et_n_Me_L,S0_outside,50,UCI309_laboratory,simulation,-3.0,1.0,-3.0,1.0,3.0,0.0,1.1241512657943253,G0,P0,valid,valid,zone_A,zone_A,True,0,0.0,0.0,0.0,0,False,True,
011_Et_n_Me_L,S0_outside,51,UCI309_laboratory,simulation,-3.0,1.0,-3.0,1.0,3.0,0.0,1.1241512657943253,G0,P0,valid,valid,zone_A,zone_A,True,0,0.0,0.0,0.0,0,False,True,
011_Et_n_Me_L,S0_outside,52,UCI309_laboratory,simulation,-3.0,1.0,-3.0,1.0,3.0,0.0,1.1241512657943253,G0,P0,valid,valid,zone_A,zone_A,True,0,0.0,0.0,0.0,0,False,True,
011_Et_n_Me_L,S0_outside,53,UCI309_laboratory,simulation,-3.0,1.0,-3.0,1.0,3.0,0.0,1.011736139214893,G0,P0,valid,valid,zone_A,zone_A,True,0,0.0,0.0,0.0,0,False,True,
011_Et_n_Me_L,S0_outside,54,UCI309_laboratory,simulation,-3.0,1.0,-3.0,1.0,3.0,0.0,1.011736139214893,G0,P0,valid,valid,zone_A,zone_A,True,0,0.0,0.0,0.0,0,False,True,
011_Et_n_Me_L,S0_outside,55,UCI309_laboratory,simulation,-3.0,1.0,-3.0,1.0,3.0,0.0,1.011736139214893,G0,P0,valid,valid,zone_A,zone_A,True,0,0.0,0.0,0.0,0,False,True,
011_Et_n_Me_L,S0_outside,56,UCI309_laboratory,simulation,-3.0,1.0,-3.0,1.0,3.0,0.0,1.011736139214893,G0,P0,valid,valid,zone_A,zone_A,True,0,0.0,0.0,0.0,0,False,True,
011_Et_n_Me_L,S0_outside,57,UCI309_laboratory,simulation,-3.0,1.0,-3.0,1.0,3.0,0.0,0.6744907594765952,G0,P0,valid,valid,zone_A,zone_A,True,0,0.0,0.0,0.0,0,False,True,
011_Et_n_Me_L,S0_outside,58,UCI309_laboratory,simulation,-3.0,1.0,-3.0,1.0,3.0,0.0,0.6744907594765952,G0,P0,valid,valid,zone_A,zone_A,True,0,0.0,0.0,0.0,0,False,True,
011_Et_n_Me_L,S0_outside,59,UCI309_laboratory,simulation,-3.0,1.0,-3.0,1.0,3.0,0.0,0.6744907594765952,G0,P0,valid,valid,zone_A,zone_A,True,0,0.0,0.0,0.0,0,False,True,
011_Et_n_Me_L,S0_outside,60,UCI309_laboratory,simulation,-3.0,1.0,-3.0,1.0,3.0,0.0,0.8431134493457441,G0,P0,valid,valid,zone_A,zone_A,True,0,0.0,0.0,0.0,0,False,True,
011_Et_n_Me_L,S0_outside,61,UCI309_laboratory,simulation,-3.0,1.0,-3.0,1.0,3.0,0.0,0.6744907594765952,G0,P0,valid,valid,zone_A,zone_A,True,0,0.0,0.0,0.0,0,False,True,
011_Et_n_Me_L,S0_outside,62,UCI309_laboratory,simulation,-3.0,1.0,-3.0,1.0,3.0,0.0,0.6744907594765952,G0,P0,valid,valid,zone_A,zone_A,True,0,0.0,0.0,0.0,0,False,True,
011_Et_n_Me_L,S0_outside,63,UCI309_laboratory,simulation,-3.0,1.0,-3.0,1.0,3.0,0.0,0.6744907594765952,G0,P0,valid,valid,zone_A,zone_A,True,0,0.0,0.0,0.0,0,False,True,
011_Et_n_Me_L,S0_outside,64,UCI309_laboratory,simulation,-3.0,1.0,-3.0,1.0,3.0,0.0,0.5620756328971627,G0,P0,valid,valid,zone_A,zone_A,True,0,0.0,0.0,0.0,0,False,True,
011_Et_n_Me_L,S0_outside,65,UCI309_laboratory,simulation,-3.0,1.0,-3.0,1.0,3.0,0.0,0.6744907594765952,G0,P0,valid,valid,zone_A,zone_A,True,0,0.0,0.0,0.0,0,False,True,
011_Et_n_Me_L,S0_outside,66,UCI309_laboratory,simulation,-3.0,1.0,-3.0,1.0,3.0,0.0,0.6744907594765952,G0,P0,valid,valid,zone_A,zone_A,True,0,0.0,0.0,0.0,0,False,True,
011_Et_n_Me_L,S0_outside,67,UCI309_laboratory,simulation,-3.0,1.0,-3.0,1.0,3.0,0.0,0.6744907594765952,G0,P0,valid,valid,zone_A,zone_A,True,0,0.0,0.0,0.0,0,False,True,
011_Et_n_Me_L,S0_outside,68,UCI309_laboratory,simulation,-3.0,1.0,-3.0,1.0,3.0,0.0,0.6744907594765952,G0,P0,valid,valid,zone_A,zone_A,True,0,0.0,0.0,0.0,0,False,True,
011_Et_n_Me_L,S0_outside,69,UCI309_laboratory,simulation,-3.0,1.0,-3.0,1.0,3.0,0.0,0.6744907594765952,G0,P0,valid,valid,zone_A,zone_A,True,0,0.0,0.0,0.0,0,False,True,
011_Et_n_Me_L,S0_outside,70,UCI309_laboratory,simulation,-3.0,1.0,-3.0,1.0,3.0,0.0,0.8431134493457441,G0,P0,valid,valid,zone_A,zone_A,True,0,0.0,0.0,0.0,0,False,True,
011_Et_n_Me_L,S0_outside,71,UCI309_laboratory,simulation,-3.0,1.0,-3.0,1.0,3.0,0.0,0.6744907594765952,G0,P0,valid,valid,zone_A,zone_A,True,0,0.0,0.0,0.0,0,False,True,
011_Et_n_Me_L,S0_outside,72,UCI309_laboratory,simulation,-3.0,1.0,-3.0,1.0,3.0,0.0,0.6744907594765952,G0,P0,valid,valid,zone_A,zone_A,True,0,0.0,0.0,0.0,0,False,True,
011_Et_n_Me_L,S0_outside,73,UCI309_laboratory,simulation,-3.0,1.0,-3.0,1.0,3.0,0.0,0.6744907594765952,G0,P0,valid,valid,zone_A,zone_A,True,0,0.0,0.0,0.0,0,False,True,
011_Et_n_Me_L,S0_outside,74,UCI309_laboratory,simulation,-3.0,1.0,-3.0,1.0,3.0,0.0,0.6744907594765952,G0,P0,valid,valid,zone_A,zone_A,True,0,0.0,0.0,0.0,0,False,True,
011_Et_n_Me_L,S0_outside,75,UCI309_laboratory,simulation,-3.0,1.0,-3.0,1.0,3.0,0.0,0.6744907594765952,G0,P0,valid,valid,zone_A,zone_A,True,0,0.0,0.0,0.0,0,False,True,
011_Et_n_Me_L,S0_outside,76,UCI309_laboratory,simulation,-3.0,1.0,-3.0,1.0,3.0,0.0,0.6744907594765952,G0,P0,valid,valid,zone_A,zone_A,True,0,0.0,0.0,0.0,0,False,True,
011_Et_n_Me_L,S0_outside,77,UCI309_laboratory,simulation,-3.0,1.0,-3.0,1.0,3.0,0.0,0.6744907594765952,G0,P0,valid,valid,zone_A,zone_A,True,0,0.0,0.0,0.0,0,False,True,
011_Et_n_Me_L,S0_outside,78,UCI309_laboratory,simulation,-3.0,1.0,-3.0,1.0,3.0,0.0,0.6744907594765952,G0,P0,valid,valid,zone_A,zone_A,True,0,0.0,0.0,0.0,0,False,True,
011_Et_n_Me_L,S0_outside,79,UCI309_laboratory,simulation,-3.0,1.0,-3.0,1.0,3.0,0.0,0.6744907594765952,G0,P0,valid,valid,zone_A,zone_A,True,0,0.0,0.0,0.0,0,False,True,
011_Et_n_Me_L,S0_outside,80,UCI309_laboratory,simulation,-3.0,1.0,-3.0,1.0,3.0,0.0,0.6744907594765952,G0,P0,valid,valid,zone_A,zone_A,True,0,0.0,0.0,0.0,0,False,True,
011_Et_n_Me_L,S0_outside,81,UCI309_laboratory,simulation,-3.0,1.0,-3.0,1.0,3.0,0.0,1.011736139214893,G0,P0,valid,valid,zone_A,zone_A,True,0,0.0,0.0,0.0,0,False,True,
011_Et_n_Me_L,S0_outside,82,UCI309_laboratory,simulation,-3.0,1.0,-3.0,1.0,3.0,0.0,1.011736139214893,G0,P0,valid,valid,zone_A,zone_A,True,0,0.0,0.0,0.0,0,False,True,
011_Et_n_Me_L,S0_outside,83,UCI309_laboratory,simulation,-3.0,1.0,-3.0,1.0,3.0,0.0,1.011736139214893,G0,P0,valid,valid,zone_A,zone_A,True,0,0.0,0.0,0.0,0,False,True,
011_Et_n_Me_L,S0_outside,84,UCI309_laboratory,simulation,-3.0,1.0,-3.0,1.0,3.0,0.0,1.011736139214893,G0,P0,valid,valid,zone_A,zone_A,True,0,0.0,0.0,0.0,0,False,True,
011_Et_n_Me_L,S0_outside,85,UCI309_laboratory,simulation,-3.0,1.0,-3.0,1.0,3.0,0.0,1.011736139214893,G0,P0,valid,valid,zone_A,zone_A,True,0,0.0,0.0,0.0,0,False,True,
011_Et_n_Me_L,S0_outside,86,UCI309_laboratory,simulation,-3.0,1.0,-3.0,1.0,3.0,0.0,1.011736139214893,G0,P0,valid,valid,zone_A,zone_A,True,0,0.0,0.0,0.0,0,False,True,
011_Et_n_Me_L,S0_outside,87,UCI309_laboratory,simulation,-3.0,1.0,-3.0,1.0,3.0,0.0,1.011736139214893,G0,P0,valid,valid,zone_A,zone_A,True,0,0.0,0.0,0.0,0,False,True,
011_Et_n_Me_L,S0_outside,88,UCI309_laboratory,simulation,-3.0,1.0,-3.0,1.0,3.0,0.0,1.3489815189531904,G0,P0,valid,valid,zone_A,zone_A,True,0,0.0,0.0,0.0,0,False,True,
011_Et_n_Me_L,S0_outside,89,UCI309_laboratory,simulation,-3.0,1.0,-3.0,1.0,3.0,0.0,1.3489815189531904,G0,P0,valid,valid,zone_A,zone_A,True,0,0.0,0.0,0.0,0,False,True,
011_Et_n_Me_L,S0_outside,90,UCI309_laboratory,simulation,-3.0,1.0,-3.0,1.0,3.0,0.0,1.6862268986914881,G0,P0,valid,valid,zone_A,zone_A,True,0,0.0,0.0,0.0,0,False,True,
011_Et_n_Me_L,S0_outside,91,UCI309_laboratory,simulation,-3.0,1.0,-3.0,1.0,3.0,0.0,2.023472278429786,G0,P0,valid,valid,zone_A,zone_A,True,0,0.0,0.0,0.0,0,False,True,
011_Et_n_Me_L,S0_outside,92,UCI309_laboratory,simulation,-3.0,1.0,-3.0,1.0,3.0,0.0,2.023472278429786,G0,P0,valid,valid,zone_A,zone_A,True,0,0.0,0.0,0.0,0,False,True,
011_Et_n_Me_L,S0_outside,93,UCI309_laboratory,simulation,-3.0,1.0,-3.0,1.0,3.0,0.0,2.023472278429786,G0,P0,valid,valid,zone_A,zone_A,True,0,0.0,0.0,0.0,0,False,True,
011_Et_n_Me_L,S0_outside,94,UCI309_laboratory,simulation,-3.0,1.0,-3.0,1.0,3.0,0.0,2.3607176581680833,G0,P0,valid,valid,zone_A,zone_A,True,0,0.0,0.0,0.0,0,False,True,
011_Et_n_Me_L,S0_outside,95,UCI309_laboratory,simulation,-3.0,1.0,-3.0,1.0,3.0,0.0,2.3607176581680833,G0,P0,valid,valid,zone_A,zone_A,True,0,0.0,0.0,0.0,0,False,True,
011_Et_n_Me_L,S0_outside,96,UCI309_laboratory,simulation,-3.0,1.0,-3.0,1.0,3.0,0.0,2.697963037906381,G0,P0,valid,valid,zone_A,zone_A,True,0,0.0,0.0,0.0,0,False,True,
011_Et_n_Me_L,S0_outside,97,UCI309_laboratory,simulation,-3.0,1.0,-3.0,1.0,3.0,0.0,2.697963037906381,G0,P0,valid,valid,zone_A,zone_A,True,0,0.0,0.0,0.0,0,False,True,
011_Et_n_Me_L,S0_outside,98,UCI309_laboratory,simulation,-3.0,1.0,-3.0,1.0,3.0,0.0,3.0352084176446787,G0,P0,valid,valid,zone_A,zone_A,True,0,0.0,0.0,0.0,0,False,True,
011_Et_n_Me_L,S0_outside,99,UCI309_laboratory,simulation,-3.0,1.0,-3.0,1.0,3.0,0.0,3.0092664653571175,G0,P0,valid,valid,zone_A,zone_A,True,0,0.0,0.0,0.0,0,False,True,
011_Et_n_Me_L,S0_outside,100,UCI309_laboratory,simulation,-3.0,1.0,-3.0,1.0,3.0,0.0,3.0092664653571175,G0,P0,valid,valid,zone_A,zone_A,True,0,0.0,0.0,0.0,0,False,True,
011_Et_n_Me_L,S0_outside,101,UCI309_laboratory,simulation,-3.0,1.0,-3.0,1.0,3.0,0.0,3.06115036993224,G0,P0,valid,valid,zone_A,zone_A,True,0,0.0,0.0,0.0,0,False,True,
011_Et_n_Me_L,S0_outside,102,UCI309_laboratory,simulation,-3.0,1.0,-3.0,1.0,3.0,0.0,3.0092664653571175,G0,P0,valid,valid,zone_A,zone_A,True,0,0.0,0.0,0.0,0,False,True,
011_Et_n_Me_L,S0_outside,103,UCI309_laboratory,simulation,-3.0,1.0,-3.0,1.0,3.0,0.0,3.0092664653571175,G0,P0,valid,valid,zone_A,zone_A,True,0,0.0,0.0,0.0,0,False,True,
011_Et_n_Me_L,S0_outside,104,UCI309_laboratory,simulation,-3.0,1.0,-3.0,1.0,3.0,0.0,3.0092664653571175,G0,P0,valid,valid,zone_A,zone_A,True,0,0.0,0.0,0.0,0,False,True,
011_Et_n_Me_L,S0_outside,105,UCI309_laboratory,simulation,-3.0,1.0,-3.0,1.0,3.0,0.0,3.0092664653571175,G0,P0,valid,valid,zone_A,zone_A,True,0,0.0,0.0,0.0,0,False,True,
011_Et_n_Me_L,S0_outside,106,UCI309_laboratory,simulation,-3.0,1.0,-3.0,1.0,3.0,0.0,3.0092664653571175,G0,P0,valid,valid,zone_A,zone_A,True,0,0.0,0.0,0.0,0,False,True,
011_Et_n_Me_L,S0_outside,107,UCI309_laboratory,simulation,-3.0,1.0,-3.0,1.0,3.0,0.0,3.0092664653571175,G0,P0,valid,valid,zone_A,zone_A,True,0,0.0,0.0,0.0,0,False,True,
011_Et_n_Me_L,S0_outside,108,UCI309_laboratory,simulation,-3.0,1.0,-3.0,1.0,3.0,0.0,3.0092664653571175,G0,P0,valid,valid,zone_A,zone_A,True,0,0.0,0.0,0.0,0,False,True,
011_Et_n_Me_L,S0_outside,109,UCI309_laboratory,simulation,-3.0,1.0,-3.0,1.0,3.0,0.0,3.0092664653571175,G0,P0,valid,valid,zone_A,zone_A,True,0,0.0,0.0,0.0,0,False,True,
011_Et_n_Me_L,S0_outside,110,UCI309_laboratory,simulation,-3.0,1.0,-3.0,1.0,3.0,0.0,3.0092664653571175,G0,P0,valid,valid,zone_A,zone_A,True,0,0.0,0.0,0.0,0,False,True,
011_Et_n_Me_L,S0_outside,111,UCI309_laboratory,simulation,-3.0,1.0,-3.0,1.0,3.0,0.0,3.0092664653571175,G0,P0,valid,valid,zone_A,zone_A,True,0,0.0,0.0,0.0,0,False,True,
011_Et_n_Me_L,S0_outside,112,UCI309_laboratory,simulation,-3.0,1.0,-3.0,1.0,3.0,0.0,3.0092664653571175,G0,P0,valid,valid,zone_A,zone_A,True,0,0.0,0.0,0.0,0,False,True,
011_Et_n_Me_L,S0_outside,113,UCI309_laboratory,simulation,-3.0,1.0,-3.0,1.0,3.0,0.0,3.0092664653571175,G0,P0,valid,valid,zone_A,zone_A,True,0,0.0,0.0,0.0,0,False,True,
011_Et_n_Me_L,S0_outside,114,UCI309_laboratory,simulation,-3.0,1.0,-3.0,1.0,3.0,0.0,3.0092664653571175,G0,P0,valid,valid,zone_A,zone_A,True,0,0.0,0.0,0.0,0,False,True,
011_Et_n_Me_L,S0_outside,115,UCI309_laboratory,simulation,-3.0,1.0,-3.0,1.0,3.0,0.0,3.0092664653571175,G0,P0,valid,valid,zone_A,zone_A,True,0,0.0,0.0,0.0,0,False,True,
011_Et_n_Me_L,S0_outside,116,UCI309_laboratory,simulation,-3.0,1.0,-3.0,1.0,3.0,0.0,3.0092664653571175,G0,P0,valid,valid,zone_A,zone_A,True,0,0.0,0.0,0.0,0,False,True,
011_Et_n_Me_L,S0_outside,117,UCI309_laboratory,simulation,-3.0,1.0,-3.0,1.0,3.0,0.0,3.0092664653571175,G0,P0,valid,valid,zone_A,zone_A,True,0,0.0,0.0,0.0,0,False,True,
011_Et_n_Me_L,S0_outside,118,UCI309_laboratory,simulation,-3.0,1.0,-3.0,1.0,3.0,0.0,3.0092664653571175,G0,P0,valid,valid,zone_A,zone_A,True,0,0.0,0.0,0.0,0,False,True,
011_Et_n_Me_L,S0_outside,119,UCI309_laboratory,simulation,-3.0,1.0,-3.0,1.0,3.0,0.0,3.0092664653571175,G0,P0,valid,valid,zone_A,zone_A,True,0,0.0,0.0,0.0,0,False,True,
011_Et_n_Me_L,S0_outside,120,UCI309_laboratory,simulation,-3.0,1.0,-3.0,1.0,3.0,0.0,3.0092664653571175,G0,P0,valid,valid,zone_A,zone_A,True,0,0.0,0.0,0.0,0,False,True,
011_Et_n_Me_L,S0_outside,121,UCI309_laboratory,simulation,-3.0,1.0,-3.0,1.0,3.0,0.0,3.126005250651143,G0,P0,valid,valid,zone_A,zone_A,True,0,0.0,0.0,0.0,0,False,True,
011_Et_n_Me_L,S0_outside,122,UCI309_laboratory,simulation,-3.0,1.0,-3.0,1.0,3.0,0.0,3.346511845095415,G0,P0,valid,valid,zone_A,zone_A,True,0,0.0,0.0,0.0,0,False,True,
011_Et_n_Me_L,S0_outside,123,UCI309_laboratory,simulation,-3.0,1.0,-3.0,1.0,3.0,0.0,2.9054986562068716,G0,P0,valid,valid,zone_A,zone_A,True,0,0.0,0.0,0.0,0,False,True,
011_Et_n_Me_L,S0_outside,124,UCI309_laboratory,simulation,-3.0,1.0,-3.0,1.0,3.0,0.0,3.2427440359451696,G0,P0,valid,valid,zone_A,zone_A,True,0,0.0,0.0,0.0,0,False,True,
011_Et_n_Me_L,S0_outside,125,UCI309_laboratory,simulation,-3.0,1.0,-3.0,1.0,3.0,0.0,3.2427440359451696,G0,P0,valid,valid,zone_A,zone_A,True,0,0.0,0.0,0.0,0,False,True,
011_Et_n_Me_L,S0_outside,126,UCI309_laboratory,simulation,-3.0,1.0,-3.0,1.0,3.0,0.0,3.2427440359451696,G0,P0,valid,valid,zone_A,zone_A,True,0,0.0,0.0,0.0,0,False,True,
011_Et_n_Me_L,S0_outside,127,UCI309_laboratory,simulation,-3.0,1.0,-3.0,1.0,3.0,0.0,3.2427440359451696,G0,P0,valid,valid,zone_A,zone_A,True,0,0.0,0.0,0.0,0,False,True,
011_Et_n_Me_L,S0_outside,128,UCI309_laboratory,simulation,-3.0,1.0,-3.0,1.0,3.0,0.0,3.2427440359451696,G0,P0,valid,valid,zone_A,zone_A,True,0,0.0,0.0,0.0,0,False,True,
011_Et_n_Me_L,S0_outside,129,UCI309_laboratory,simulation,-3.0,1.0,-3.0,1.0,3.0,0.0,3.2427440359451696,G0,P0,valid,valid,zone_A,zone_A,True,0,0.0,0.0,0.0,0,False,True,
011_Et_n_Me_L,S0_outside,130,UCI309_laboratory,simulation,-3.0,1.0,-3.0,1.0,3.0,0.0,3.2427440359451696,G0,P0,valid,valid,zone_A,zone_A,True,0,0.0,0.0,0.0,0,False,True,
011_Et_n_Me_L,S0_outside,131,UCI309_laboratory,simulation,-3.0,1.0,-3.0,1.0,3.0,0.0,3.2427440359451696,G0,P0,valid,valid,zone_A,zone_A,True,0,0.0,0.0,0.0,0,False,True,
011_Et_n_Me_L,S0_outside,132,UCI309_laboratory,simulation,-3.0,1.0,-3.0,1.0,3.0,0.0,3.2427440359451696,G0,P0,valid,valid,zone_A,zone_A,True,0,0.0,0.0,0.0,0,False,True,
011_Et_n_Me_L,S0_outside,133,UCI309_laboratory,simulation,-3.0,1.0,-3.0,1.0,3.0,0.0,3.2427440359451696,G0,P0,valid,valid,zone_A,zone_A,True,0,0.0,0.0,0.0,0,False,True,
011_Et_n_Me_L,S0_outside,134,UCI309_laboratory,simulation,-3.0,1.0,-3.0,1.0,3.0,0.0,3.2427440359451696,G0,P0,valid,valid,zone_A,zone_A,True,0,0.0,0.0,0.0,0,False,True,
011_Et_n_Me_L,S0_outside,135,UCI309_laboratory,simulation,-3.0,1.0,-3.0,1.0,3.0,0.0,3.2427440359451696,G0,P0,valid,valid,zone_A,zone_A,True,0,0.0,0.0,0.0,0,False,True,
011_Et_n_Me_L,S0_outside,136,UCI309_laboratory,simulation,-3.0,1.0,-3.0,1.0,3.0,0.0,3.2427440359451696,G0,P0,valid,valid,zone_A,zone_A,True,0,0.0,0.0,0.0,0,False,True,
011_Et_n_Me_L,S0_outside,137,UCI309_laboratory,simulation,-3.0,1.0,-3.0,1.0,3.0,0.0,3.2427440359451696,G0,P0,valid,valid,zone_A,zone_A,True,0,0.0,0.0,0.0,0,False,True,
011_Et_n_Me_L,S0_outside,138,UCI309_laboratory,simulation,-3.0,1.0,-3.0,1.0,3.0,0.0,3.2427440359451696,G0,P0,valid,valid,zone_A,zone_A,True,0,0.0,0.0,0.0,0,False,True,
011_Et_n_Me_L,S0_outside,139,UCI309_laboratory,simulation,-3.0,1.0,-3.0,1.0,3.0,0.0,3.2427440359451696,G0,P0,valid,valid,zone_A,zone_A,True,0,0.0,0.0,0.0,0,False,True,
011_Et_n_Me_L,S0_outside,140,UCI309_laboratory,simulation,-3.0,1.0,-3.0,1.0,3.0,0.0,3.2427440359451696,G0,P0,valid,valid,zone_A,zone_A,True,0,0.0,0.0,0.0,0,False,True,
011_Et_n_Me_L,S0_outside,141,UCI309_laboratory,simulation,-3.0,1.0,-3.0,1.0,3.0,0.0,3.2427440359451696,G0,P0,valid,valid,zone_A,zone_A,True,0,0.0,0.0,0.0,0,False,True,
011_Et_n_Me_L,S0_outside,142,UCI309_laboratory,simulation,-3.0,1.0,-3.0,1.0,3.0,0.0,3.579989415683467,G0,P0,valid,valid,zone_A,zone_A,True,0,0.0,0.0,0.0,0,False,True,
011_Et_n_Me_L,S0_outside,143,UCI309_laboratory,simulation,-3.0,1.0,-3.0,1.0,3.0,0.0,3.2427440359451696,G0,P0,valid,valid,zone_A,zone_A,True,0,0.0,0.0,0.0,0,False,True,
011_Et_n_Me_L,S0_outside,144,UCI309_laboratory,simulation,-3.0,1.0,-3.0,1.0,3.0,0.0,3.579989415683467,G0,P0,valid,valid,zone_A,zone_A,True,0,0.0,0.0,0.0,0,False,True,
011_Et_n_Me_L,S0_outside,145,UCI309_laboratory,simulation,-3.0,1.0,-3.0,1.0,3.0,0.0,3.579989415683467,G0,P0,valid,valid,zone_A,zone_A,True,0,0.0,0.0,0.0,0,False,True,
011_Et_n_Me_L,S0_outside,146,UCI309_laboratory,simulation,-3.0,1.0,-3.0,1.0,3.0,0.0,3.579989415683467,G0,P0,valid,valid,zone_A,zone_A,True,0,0.0,0.0,0.0,0,False,True,
011_Et_n_Me_L,S0_outside,147,UCI309_laboratory,simulation,-3.0,1.0,-3.0,1.0,3.0,0.0,3.579989415683467,G0,P0,valid,valid,zone_A,zone_A,True,0,0.0,0.0,0.0,0,False,True,
011_Et_n_Me_L,S0_outside,148,UCI309_laboratory,simulation,-3.0,1.0,-3.0,1.0,3.0,0.0,3.579989415683467,G0,P0,valid,valid,zone_A,zone_A,True,0,0.0,0.0,0.0,0,False,True,
011_Et_n_Me_L,S0_outside,149,UCI309_laboratory,simulation,-3.0,1.0,-3.0,1.0,3.0,0.0,3.579989415683467,G0,P0,valid,valid,zone_A,zone_A,True,0,0.0,0.0,0.0,0,False,True,
011_Et_n_Me_L,S0_outside,150,UCI309_laboratory,simulation,-3.0,1.0,-3.0,1.0,3.0,0.0,3.579989415683467,G0,P0,valid,valid,zone_A,zone_A,True,0,0.0,0.0,0.0,0,False,True,
011_Et_n_Me_L,S0_outside,151,UCI309_laboratory,simulation,-3.0,1.0,-3.0,1.0,3.0,0.0,3.579989415683467,G0,P0,valid,valid,zone_A,zone_A,True,0,0.0,0.0,0.0,0,False,True,
011_Et_n_Me_L,S0_outside,152,UCI309_laboratory,simulation,-3.0,1.0,-3.0,1.0,3.0,0.0,3.579989415683467,G0,P0,valid,valid,zone_A,zone_A,True,0,0.0,0.0,0.0,0,False,True,
011_Et_n_Me_L,S0_outside,153,UCI309_laboratory,simulation,-3.0,1.0,-3.0,1.0,3.0,0.0,3.579989415683467,G0,P0,valid,valid,zone_A,zone_A,True,0,0.0,0.0,0.0,0,False,True,
011_Et_n_Me_L,S0_outside,154,UCI309_laboratory,simulation,-3.0,1.0,-3.0,1.0,3.0,0.0,3.4762216065332217,G0,P0,valid,valid,zone_A,zone_A,True,0,0.0,0.0,0.0,0,False,True,
011_Et_n_Me_L,S0_outside,155,UCI309_laboratory,simulation,-3.0,1.0,-3.0,1.0,3.0,0.0,3.4762216065332217,G0,P0,valid,valid,zone_A,zone_A,True,0,0.0,0.0,0.0,0,False,True,
011_Et_n_Me_L,S0_outside,156,UCI309_laboratory,simulation,-3.0,1.0,-3.0,1.0,3.0,0.0,3.4762216065332217,G0,P0,valid,valid,zone_A,zone_A,True,0,0.0,0.0,0.0,0,False,True,
011_Et_n_Me_L,S0_outside,157,UCI309_laboratory,simulation,-3.0,1.0,-3.0,1.0,3.0,0.0,3.3724537973829762,G0,P0,valid,valid,zone_A,zone_A,True,0,0.0,0.0,0.0,0,False,True,
011_Et_n_Me_L,S0_outside,158,UCI309_laboratory,simulation,-3.0,1.0,-3.0,1.0,3.0,0.0,3.3724537973829762,G0,P0,valid,valid,zone_A,zone_A,True,0,0.0,0.0,0.0,0,False,True,
011_Et_n_Me_L,S0_outside,159,UCI309_laboratory,simulation,-3.0,1.0,-3.0,1.0,3.0,0.0,3.3724537973829762,G0,P0,valid,valid,zone_A,zone_A,True,0,0.0,0.0,0.0,0,False,True,
011_Et_n_Me_L,S0_outside,160,UCI309_laboratory,simulation,-3.0,1.0,-3.0,1.0,3.0,0.0,3.3205698928078533,G0,P0,valid,valid,zone_A,zone_A,True,0,0.0,0.0,0.0,0,False,True,
011_Et_n_Me_L,S0_outside,161,UCI309_laboratory,simulation,-3.0,1.0,-3.0,1.0,3.0,0.0,3.268685988232731,G0,P0,valid,valid,zone_A,zone_A,True,0,0.0,0.0,0.0,0,False,True,
011_Et_n_Me_L,S0_outside,162,UCI309_laboratory,simulation,-3.0,1.0,-3.0,1.0,3.0,0.0,3.268685988232731,G0,P0,valid,valid,zone_A,zone_A,True,0,0.0,0.0,0.0,0,False,True,
011_Et_n_Me_L,S0_outside,163,UCI309_laboratory,simulation,-3.0,1.0,-3.0,1.0,3.0,0.0,3.268685988232731,G0,P0,valid,valid,zone_A,zone_A,True,0,0.0,0.0,0.0,0,False,True,
011_Et_n_Me_L,S0_outside,164,UCI309_laboratory,simulation,-3.0,1.0,-3.0,1.0,3.0,0.0,3.268685988232731,G0,P0,valid,valid,zone_A,zone_A,True,0,0.0,0.0,0.0,0,False,True,
011_Et_n_Me_L,S0_outside,165,UCI309_laboratory,simulation,-3.0,1.0,-3.0,1.0,3.0,0.0,3.502163558820783,G0,P0,valid,valid,zone_A,zone_A,True,0,0.0,0.0,0.0,0,False,True,
011_Et_n_Me_L,S0_outside,166,UCI309_laboratory,simulation,-3.0,1.0,-3.0,1.0,3.0,0.0,3.1649181790824854,G0,P0,valid,valid,zone_A,zone_A,True,0,0.0,0.0,0.0,0,False,True,
011_Et_n_Me_L,S0_outside,167,UCI309_laboratory,simulation,-3.0,1.0,-3.0,1.0,3.0,0.0,3.1649181790824854,G0,P0,valid,valid,zone_A,zone_A,True,0,0.0,0.0,0.0,0,False,True,
011_Et_n_Me_L,S0_outside,168,UCI309_laboratory,simulation,-3.0,1.0,-3.0,1.0,3.0,0.0,3.1649181790824854,G0,P0,valid,valid,zone_A,zone_A,True,0,0.0,0.0,0.0,0,False,True,
011_Et_n_Me_L,S0_outside,169,UCI309_laboratory,simulation,-3.0,1.0,-3.0,1.0,3.0,0.0,3.1649181790824854,G0,P0,valid,valid,zone_A,zone_A,True,0,0.0,0.0,0.0,0,False,True,
011_Et_n_Me_L,S0_outside,170,UCI309_laboratory,simulation,-3.0,1.0,-3.0,1.0,3.0,0.0,3.3335408689516344,G0,P0,valid,valid,zone_A,zone_A,True,0,0.0,0.0,0.0,0,False,True,
011_Et_n_Me_L,S0_outside,171,UCI309_laboratory,simulation,-3.0,1.0,-3.0,1.0,3.0,0.0,3.06115036993224,G0,P0,valid,valid,zone_A,zone_A,True,0,0.0,0.0,0.0,0,False,True,
011_Et_n_Me_L,S0_outside,172,UCI309_laboratory,simulation,-3.0,1.0,-3.0,1.0,3.0,0.0,3.06115036993224,G0,P0,valid,valid,zone_A,zone_A,True,0,0.0,0.0,0.0,0,False,True,
011_Et_n_Me_L,S0_outside,173,UCI309_laboratory,simulation,-3.0,1.0,-3.0,1.0,3.0,0.0,3.06115036993224,G0,P0,valid,valid,zone_A,zone_A,True,0,0.0,0.0,0.0,0,False,True,
011_Et_n_Me_L,S0_outside,174,UCI309_laboratory,simulation,-3.0,1.0,-3.0,1.0,3.0,0.0,3.06115036993224,G0,P0,valid,valid,zone_A,zone_A,True,0,0.0,0.0,0.0,0,False,True,
011_Et_n_Me_L,S0_outside,175,UCI309_laboratory,simulation,-3.0,1.0,-3.0,1.0,3.0,0.0,3.06115036993224,G0,P0,valid,valid,zone_A,zone_A,True,0,0.0,0.0,0.0,0,False,True,
011_Et_n_Me_L,S0_outside,176,UCI309_laboratory,simulation,-3.0,1.0,-3.0,1.0,3.0,0.0,3.06115036993224,G0,P0,valid,valid,zone_A,zone_A,True,0,0.0,0.0,0.0,0,False,True,
011_Et_n_Me_L,S0_outside,177,UCI309_laboratory,simulation,-3.0,1.0,-3.0,1.0,3.0,0.0,3.06115036993224,G0,P0,valid,valid,zone_A,zone_A,True,0,0.0,0.0,0.0,0,False,True,
011_Et_n_Me_L,S0_outside,178,UCI309_laboratory,simulation,-3.0,1.0,-3.0,1.0,3.0,0.0,2.957382560781994,G0,P0,valid,valid,zone_A,zone_A,True,0,0.0,0.0,0.0,0,False,True,
011_Et_n_Me_L,S0_outside,179,UCI309_laboratory,simulation,-3.0,1.0,-3.0,1.0,3.0,0.0,2.957382560781994,G0,P0,valid,valid,zone_A,zone_A,True,0,0.0,0.0,0.0,0,False,True,
011_Et_n_Me_L,S0_outside,180,UCI309_laboratory,simulation,-3.0,1.0,-3.0,1.0,3.0,0.0,2.957382560781994,G0,P0,valid,valid,zone_A,zone_A,True,0,0.0,0.0,0.0,0,False,True,
011_Et_n_Me_L,S0_outside,181,UCI309_laboratory,simulation,-3.0,1.0,-3.0,1.0,3.0,0.0,2.957382560781994,G0,P0,valid,valid,zone_A,zone_A,True,0,0.0,0.0,0.0,0,False,True,
011_Et_n_Me_L,S0_outside,182,UCI309_laboratory,simulation,-3.0,1.0,-3.0,1.0,3.0,0.0,2.957382560781994,G0,P0,valid,valid,zone_A,zone_A,True,0,0.0,0.0,0.0,0,False,True,
011_Et_n_Me_L,S0_outside,183,UCI309_laboratory,simulation,-3.0,1.0,-3.0,1.0,3.0,0.0,2.853614751631749,G0,P0,valid,valid,zone_A,zone_A,True,0,0.0,0.0,0.0,0,False,True,
011_Et_n_Me_L,S0_outside,184,UCI309_laboratory,simulation,-3.0,1.0,-3.0,1.0,3.0,0.0,2.853614751631749,G0,P0,valid,valid,zone_A,zone_A,True,0,0.0,0.0,0.0,0,False,True,
011_Et_n_Me_L,S0_outside,185,UCI309_laboratory,simulation,-3.0,1.0,-3.0,1.0,3.0,0.0,2.853614751631749,G0,P0,valid,valid,zone_A,zone_A,True,0,0.0,0.0,0.0,0,False,True,
011_Et_n_Me_L,S0_outside,186,UCI309_laboratory,simulation,-3.0,1.0,-3.0,1.0,3.0,0.0,2.853614751631749,G0,P0,valid,valid,zone_A,zone_A,True,0,0.0,0.0,0.0,0,False,True,
011_Et_n_Me_L,S0_outside,187,UCI309_laboratory,simulation,-3.0,1.0,-3.0,1.0,3.0,0.0,2.853614751631749,G0,P0,valid,valid,zone_A,zone_A,True,0,0.0,0.0,0.0,0,False,True,
011_Et_n_Me_L,S0_outside,188,UCI309_laboratory,simulation,-3.0,1.0,-3.0,1.0,3.0,0.0,2.853614751631749,G0,P0,valid,valid,zone_A,zone_A,True,0,0.0,0.0,0.0,0,False,True,
011_Et_n_Me_L,S0_outside,189,UCI309_laboratory,simulation,-3.0,1.0,-3.0,1.0,3.0,0.0,2.853614751631749,G0,P0,valid,valid,zone_A,zone_A,True,0,0.0,0.0,0.0,0,False,True,
011_Et_n_Me_L,S0_outside,190,UCI309_laboratory,simulation,-3.0,1.0,-3.0,1.0,3.0,0.0,2.853614751631749,G0,P0,valid,valid,zone_A,zone_A,True,0,0.0,0.0,0.0,0,False,True,
011_Et_n_Me_L,S0_outside,191,UCI309_laboratory,simulation,-3.0,1.0,-3.0,1.0,3.0,0.0,2.853614751631749,G0,P0,valid,valid,zone_A,zone_A,True,0,0.0,0.0,0.0,0,False,True,
011_Et_n_Me_L,S0_outside,192,UCI309_laboratory,simulation,-3.0,1.0,-3.0,1.0,3.0,0.0,2.7498469424815033,G0,P0,valid,valid,zone_A,zone_A,True,0,0.0,0.0,0.0,0,False,True,
011_Et_n_Me_L,S0_outside,193,UCI309_laboratory,simulation,-3.0,1.0,-3.0,1.0,3.0,0.0,2.7498469424815033,G0,P0,valid,valid,zone_A,zone_A,True,0,0.0,0.0,0.0,0,False,True,
011_Et_n_Me_L,S0_outside,194,UCI309_laboratory,simulation,-3.0,1.0,-3.0,1.0,3.0,0.0,2.7498469424815033,G0,P0,valid,valid,zone_A,zone_A,True,0,0.0,0.0,0.0,0,False,True,
011_Et_n_Me_L,S0_outside,195,UCI309_laboratory,simulation,-3.0,1.0,-3.0,1.0,3.0,0.0,2.7498469424815033,G0,P0,valid,valid,zone_A,zone_A,True,0,0.0,0.0,0.0,0,False,True,
011_Et_n_Me_L,S0_outside,196,UCI309_laboratory,simulation,-3.0,1.0,-3.0,1.0,3.0,0.0,2.9184696323506523,G0,P0,valid,valid,zone_A,zone_A,True,0,0.0,0.0,0.0,0,False,True,
011_Et_n_Me_L,S0_outside,197,UCI309_laboratory,simulation,-3.0,1.0,-3.0,1.0,3.0,0.0,2.7498469424815033,G0,P0,valid,valid,zone_A,zone_A,True,0,0.0,0.0,0.0,0,False,True,
011_Et_n_Me_L,S0_outside,198,UCI309_laboratory,simulation,-3.0,1.0,-3.0,1.0,3.0,0.0,2.7498469424815033,G0,P0,valid,valid,zone_A,zone_A,True,0,0.0,0.0,0.0,0,False,True,
011_Et_n_Me_L,S0_outside,199,UCI309_laboratory,simulation,-3.0,1.0,-3.0,1.0,3.0,0.0,2.7498469424815033,G0,P0,valid,valid,zone_A,zone_A,True,0,0.0,0.0,0.0,0,False,True,
011_Et_n_Me_L,S0_outside,200,UCI309_laboratory,simulation,-3.0,1.0,-3.0,1.0,3.0,0.0,2.7498469424815033,G0,P0,valid,valid,zone_A,zone_A,True,0,0.0,0.0,0.0,0,False,True,
011_Et_n_Me_L,S0_outside,201,UCI309_laboratory,simulation,-3.0,1.0,-3.0,1.0,3.0,0.0,2.9184696323506523,G0,P0,valid,valid,zone_A,zone_A,True,0,0.0,0.0,0.0,0,False,True,
011_Et_n_Me_L,S0_outside,202,UCI309_laboratory,simulation,-3.0,1.0,-3.0,1.0,3.0,0.0,2.7498469424815033,G0,P0,valid,valid,zone_A,zone_A,True,0,0.0,0.0,0.0,0,False,True,
011_Et_n_Me_L,S0_outside,203,UCI309_laboratory,simulation,-3.0,1.0,-3.0,1.0,3.0,0.0,3.0870923222198012,G0,P0,valid,valid,zone_A,zone_A,True,0,0.0,0.0,0.0,0,False,True,
011_Et_n_Me_L,S0_outside,204,UCI309_laboratory,simulation,-3.0,1.0,-3.0,1.0,3.0,0.0,2.9184696323506523,G0,P0,valid,valid,zone_A,zone_A,True,0,0.0,0.0,0.0,0,False,True,
011_Et_n_Me_L,S0_outside,205,UCI309_laboratory,simulation,-3.0,1.0,-3.0,1.0,3.0,0.0,2.7498469424815033,G0,P0,valid,valid,zone_A,zone_A,True,0,0.0,0.0,0.0,0,False,True,
011_Et_n_Me_L,S0_outside,206,UCI309_laboratory,simulation,-3.0,1.0,-3.0,1.0,3.0,0.0,2.9184696323506523,G0,P0,valid,valid,zone_A,zone_A,True,0,0.0,0.0,0.0,0,False,True,
011_Et_n_Me_L,S0_outside,207,UCI309_laboratory,simulation,-3.0,1.0,-3.0,1.0,3.0,0.0,2.7498469424815033,G0,P0,valid,valid,zone_A,zone_A,True,0,0.0,0.0,0.0,0,False,True,
011_Et_n_Me_L,S0_outside,208,UCI309_laboratory,simulation,-3.0,1.0,-3.0,1.0,3.0,0.0,3.0870923222198012,G0,P0,valid,valid,zone_A,zone_A,True,0,0.0,0.0,0.0,0,False,True,
011_Et_n_Me_L,S0_outside,209,UCI309_laboratory,simulation,-3.0,1.0,-3.0,1.0,3.0,0.0,2.983324513069556,G0,P0,valid,valid,zone_A,zone_A,True,0,0.0,0.0,0.0,0,False,True,
011_Et_n_Me_L,S0_outside,210,UCI309_laboratory,simulation,-3.0,1.0,-3.0,1.0,3.0,0.0,2.983324513069556,G0,P0,valid,valid,zone_A,zone_A,True,0,0.0,0.0,0.0,0,False,True,
011_Et_n_Me_L,S0_outside,211,UCI309_laboratory,simulation,-3.0,1.0,-3.0,1.0,3.0,0.0,2.814701823200407,G0,P0,valid,valid,zone_A,zone_A,True,0,0.0,0.0,0.0,0,False,True,
011_Et_n_Me_L,S0_outside,212,UCI309_laboratory,simulation,-3.0,1.0,-3.0,1.0,3.0,0.0,2.983324513069556,G0,P0,valid,valid,zone_A,zone_A,True,0,0.0,0.0,0.0,0,False,True,
011_Et_n_Me_L,S0_outside,213,UCI309_laboratory,simulation,-3.0,1.0,-3.0,1.0,3.0,0.0,2.6460791333312583,G0,P0,valid,valid,zone_A,zone_A,True,0,0.0,0.0,0.0,0,False,True,
011_Et_n_Me_L,S0_outside,214,UCI309_laboratory,simulation,-3.0,1.0,-3.0,1.0,3.0,0.0,2.6460791333312583,G0,P0,valid,valid,zone_A,zone_A,True,0,0.0,0.0,0.0,0,False,True,
011_Et_n_Me_L,S0_outside,215,UCI309_laboratory,simulation,-3.0,1.0,-3.0,1.0,3.0,0.0,2.7109340140501614,G0,P0,valid,valid,zone_A,zone_A,True,0,0.0,0.0,0.0,0,False,True,
011_Et_n_Me_L,S0_outside,216,UCI309_laboratory,simulation,-3.0,1.0,-3.0,1.0,3.0,0.0,2.5423113241810125,G0,P0,valid,valid,zone_A,zone_A,True,0,0.0,0.0,0.0,0,False,True,
011_Et_n_Me_L,S0_outside,217,UCI309_laboratory,simulation,-3.0,1.0,-3.0,1.0,3.0,0.0,2.5423113241810125,G0,P0,valid,valid,zone_A,zone_A,True,0,0.0,0.0,0.0,0,False,True,
011_Et_n_Me_L,S0_outside,218,UCI309_laboratory,simulation,-3.0,1.0,-3.0,1.0,3.0,0.0,2.585547911326948,G0,P0,valid,valid,zone_A,zone_A,True,0,0.0,0.0,0.0,0,False,True,
011_Et_n_Me_L,S0_outside,219,UCI309_laboratory,simulation,-3.0,1.0,-3.0,1.0,3.0,0.0,2.585547911326948,G0,P0,valid,valid,zone_A,zone_A,True,0,0.0,0.0,0.0,0,False,True,
011_Et_n_Me_L,S0_outside,220,UCI309_laboratory,simulation,-3.0,1.0,-3.0,1.0,3.0,0.0,2.5423113241810125,G0,P0,valid,valid,zone_A,zone_A,True,0,0.0,0.0,0.0,0,False,True,
011_Et_n_Me_L,S0_outside,221,UCI309_laboratory,simulation,-3.0,1.0,-3.0,1.0,3.0,0.0,2.585547911326948,G0,P0,valid,valid,zone_A,zone_A,True,0,0.0,0.0,0.0,0,False,True,
011_Et_n_Me_L,S0_outside,222,UCI309_laboratory,simulation,-3.0,1.0,-3.0,1.0,3.0,0.0,2.5423113241810125,G0,P0,valid,valid,zone_A,zone_A,True,0,0.0,0.0,0.0,0,False,True,
011_Et_n_Me_L,S0_outside,223,UCI309_laboratory,simulation,-3.0,1.0,-3.0,1.0,3.0,0.0,2.5423113241810125,G0,P0,valid,valid,zone_A,zone_A,True,0,0.0,0.0,0.0,0,False,True,
011_Et_n_Me_L,S0_outside,224,UCI309_laboratory,simulation,-3.0,1.0,-3.0,1.0,3.0,0.0,2.4385435150307675,G0,P0,valid,valid,zone_A,zone_A,True,0,0.0,0.0,0.0,0,False,True,
011_Et_n_Me_L,S0_outside,225,UCI309_laboratory,simulation,-3.0,1.0,-3.0,1.0,3.0,0.0,2.585547911326948,G0,P0,valid,valid,zone_A,zone_A,True,0,0.0,0.0,0.0,0,False,True,
011_Et_n_Me_L,S0_outside,226,UCI309_laboratory,simulation,-3.0,1.0,-3.0,1.0,3.0,0.0,2.5423113241810125,G0,P0,valid,valid,zone_A,zone_A,True,0,0.0,0.0,0.0,0,False,True,
011_Et_n_Me_L,S0_outside,227,UCI309_laboratory,simulation,-3.0,1.0,-3.0,1.0,3.0,0.0,2.5423113241810125,G0,P0,valid,valid,zone_A,zone_A,True,0,0.0,0.0,0.0,0,False,True,
011_Et_n_Me_L,S0_outside,228,UCI309_laboratory,simulation,-3.0,1.0,-3.0,1.0,3.0,0.0,2.49042741960589,G0,P0,valid,valid,zone_A,zone_A,True,0,0.0,0.0,0.0,0,False,True,
011_Et_n_Me_L,S0_outside,229,UCI309_laboratory,simulation,-3.0,1.0,-3.0,1.0,3.0,0.0,2.4385435150307675,G0,P0,valid,valid,zone_A,zone_A,True,0,0.0,0.0,0.0,0,False,True,
011_Et_n_Me_L,S0_outside,230,UCI309_laboratory,simulation,-3.0,1.0,-3.0,1.0,3.0,0.0,2.4385435150307675,G0,P0,valid,valid,zone_A,zone_A,True,0,0.0,0.0,0.0,0,False,True,
011_Et_n_Me_L,S0_outside,231,UCI309_laboratory,simulation,-3.0,1.0,-3.0,1.0,3.0,0.0,2.4385435150307675,G0,P0,valid,valid,zone_A,zone_A,True,0,0.0,0.0,0.0,0,False,True,
011_Et_n_Me_L,S0_outside,232,UCI309_laboratory,simulation,-3.0,1.0,-3.0,1.0,3.0,0.0,2.4385435150307675,G0,P0,valid,valid,zone_A,zone_A,True,0,0.0,0.0,0.0,0,False,True,
011_Et_n_Me_L,S0_outside,233,UCI309_laboratory,simulation,-3.0,1.0,-3.0,1.0,3.0,0.0,2.6417554746166645,G0,P0,valid,valid,zone_A,zone_A,True,0,0.0,0.0,0.0,0,False,True,
011_Et_n_Me_L,S0_outside,234,UCI309_laboratory,simulation,-3.0,1.0,-3.0,1.0,3.0,0.0,2.4731327847475155,G0,P0,valid,valid,zone_A,zone_A,True,0,0.0,0.0,0.0,0,False,True,
011_Et_n_Me_L,S0_outside,235,UCI309_laboratory,simulation,-3.0,1.0,-3.0,1.0,3.0,0.0,2.585547911326948,G0,P0,valid,valid,zone_A,zone_A,True,0,0.0,0.0,0.0,0,False,True,
011_Et_n_Me_L,S0_outside,236,UCI309_laboratory,simulation,-3.0,1.0,-3.0,1.0,3.0,0.0,2.8103781644858135,G0,P0,valid,valid,zone_A,zone_A,True,0,0.0,0.0,0.0,0,False,True,
011_Et_n_Me_L,S0_outside,237,UCI309_laboratory,simulation,-3.0,1.0,-3.0,1.0,3.0,0.0,2.585547911326948,G0,P0,valid,valid,zone_A,zone_A,True,0,0.0,0.0,0.0,0,False,True,
011_Et_n_Me_L,S0_outside,238,UCI309_laboratory,simulation,-3.0,1.0,-3.0,1.0,3.0,0.0,2.922793291065246,G0,P0,valid,valid,zone_A,zone_A,True,0,0.0,0.0,0.0,0,False,True,
011_Et_n_Me_L,S0_outside,239,UCI309_laboratory,simulation,-3.0,1.0,-3.0,1.0,3.0,0.0,2.922793291065246,G0,P0,valid,valid,zone_A,zone_A,True,0,0.0,0.0,0.0,0,False,True,
011_Et_n_Me_L,S0_outside,240,UCI309_laboratory,simulation,-3.0,1.0,-3.0,1.0,3.0,0.0,2.922793291065246,G0,P0,valid,valid,zone_A,zone_A,True,0,0.0,0.0,0.0,0,False,True,
011_Et_n_Me_L,S1_early_background,26,UCI309_laboratory,simulation,-3.0,1.0,-3.0,1.0,3.0,0.0,1.1803588290840417,G0,P0,valid,valid,zone_A,zone_A,True,0,0.0,0.0,0.0,0,False,True,
011_Et_n_Me_L,S1_early_background,27,UCI309_laboratory,simulation,-2.5833333333333335,1.0,-2.5833333333333335,1.0,2.5833333333333335,0.0,1.011736139214893,G0,P0,valid,valid,zone_A,zone_A,True,0,0.0,0.0,0.0,0,False,True,
011_Et_n_Me_L,S1_early_background,28,UCI309_laboratory,simulation,-2.166666666666667,1.0,-2.166666666666667,1.0,2.166666666666667,0.0,1.1803588290840417,G0,P0,valid,valid,zone_A,zone_A,True,0,0.0,0.0,0.0,0,False,True,
011_Et_n_Me_L,S1_early_background,29,UCI309_laboratory,simulation,-1.75,1.0,-1.75,1.0,1.75,0.0,1.1803588290840417,G0,P0,valid,valid,zone_A,zone_A,True,0,0.0,0.0,0.0,0,False,True,
011_Et_n_Me_L,S1_early_background,30,UCI309_laboratory,simulation,-1.3333333333333335,1.0,-1.3333333333333335,1.0,1.3333333333333335,0.0,1.1241512657943253,G0,P0,valid,valid,zone_A,zone_A,True,0,0.0,0.0,0.0,0,False,True,
011_Et_n_Me_L,S1_early_background,31,UCI309_laboratory,simulation,-0.9166666666666665,1.0,-0.9166666666666665,1.0,0.9166666666666665,0.0,1.1241512657943253,G0,P1,valid,valid,zone_A,zone_A,True,0,1.0,0.0,1.0,1,False,True,
011_Et_n_Me_L,S1_early_background,32,UCI309_laboratory,simulation,-0.5,1.0,-0.5,1.0,0.5,0.0,1.1241512657943253,G0,P1,valid,valid,zone_A,zone_A,True,0,1.0,0.0,1.0,1,False,True,
011_Et_n_Me_L,S1_early_background,33,UCI309_laboratory,simulation,-0.375,1.0,-0.375,1.0,0.375,0.0,1.3489815189531904,G0,P1,valid,valid,zone_A,zone_A,True,0,1.0,0.0,1.0,1,False,True,
011_Et_n_Me_L,S1_early_background,34,UCI309_laboratory,simulation,-0.25,1.0,-0.25,1.0,0.25,0.0,1.1241512657943253,G0,P1,valid,valid,zone_A,zone_A,True,0,1.0,0.0,1.0,1,False,True,
011_Et_n_Me_L,S1_early_background,35,UCI309_laboratory,simulation,-0.125,1.0,-0.125,1.0,0.125,0.0,1.1803588290840417,G0,P1,valid,valid,zone_A,zone_A,True,0,1.0,0.0,1.0,1,False,True,
011_Et_n_Me_L,S1_early_background,36,UCI309_laboratory,simulation,0.0,1.0,0.0,1.0,-0.0,0.0,1.1241512657943253,G0,P2,valid,valid,zone_A,zone_A,True,0,2.0,0.0,2.0,2,False,True,
011_Et_n_Me_L,S1_early_background,37,UCI309_laboratory,simulation,0.125,1.0,0.125,1.0,-0.125,0.0,1.1241512657943253,G0,P2,valid,valid,zone_A,zone_A,True,0,2.0,0.0,2.0,2,False,True,
011_Et_n_Me_L,S1_early_background,38,UCI309_laboratory,simulation,0.25,1.0,0.25,1.0,-0.25,0.0,1.3489815189531904,G0,P2,valid,valid,zone_A,zone_A,True,0,2.0,0.0,2.0,2,False,True,
011_Et_n_Me_L,S1_early_background,39,UCI309_laboratory,simulation,0.375,1.0,0.375,1.0,-0.375,0.0,1.1241512657943253,G0,P2,valid,valid,zone_A,zone_A,True,0,2.0,0.0,2.0,2,False,True,
011_Et_n_Me_L,S1_early_background,40,UCI309_laboratory,simulation,0.5,1.0,0.5,1.0,-0.5,0.0,1.3489815189531904,G0,P2,valid,valid,zone_A,zone_A,True,0,2.0,0.0,2.0,2,False,True,
011_Et_n_Me_L,S1_early_background,41,UCI309_laboratory,simulation,0.5,1.0,0.5,1.0,-0.5,0.0,1.3489815189531904,G0,P2,valid,valid,zone_A,zone_A,True,0,2.0,0.0,2.0,2,False,True,
011_Et_n_Me_L,S1_early_background,42,UCI309_laboratory,simulation,0.5,1.0,0.5,1.0,-0.5,0.0,1.5176042088223394,G0,P2,valid,valid,zone_A,zone_A,True,0,2.0,0.0,2.0,2,False,True,
011_Et_n_Me_L,S1_early_background,43,UCI309_laboratory,simulation,0.5,1.0,0.5,1.0,-0.5,0.0,1.2365663923737578,G0,P2,valid,valid,zone_A,zone_A,True,0,2.0,0.0,2.0,2,False,True,
011_Et_n_Me_L,S1_early_background,44,UCI309_laboratory,simulation,0.5,1.0,0.5,1.0,-0.5,0.0,1.2365663923737578,G0,P2,valid,valid,zone_A,zone_A,True,0,2.0,0.0,2.0,2,False,True,
011_Et_n_Me_L,S1_early_background,45,UCI309_laboratory,simulation,0.5,1.0,0.5,1.0,-0.5,0.0,1.292773955663474,G0,P2,valid,valid,zone_A,zone_A,True,0,2.0,0.0,2.0,2,False,True,
011_Et_n_Me_L,S1_early_background,46,UCI309_laboratory,simulation,0.5,1.0,0.5,1.0,-0.5,0.0,1.1241512657943253,G0,P2,valid,valid,zone_A,zone_A,True,0,2.0,0.0,2.0,2,False,True,
011_Et_n_Me_L,S1_early_background,47,UCI309_laboratory,simulation,0.11111111111111116,1.0,0.11111111111111116,1.0,-0.11111111111111116,0.0,1.011736139214893,G0,P2,valid,valid,zone_A,zone_A,True,0,2.0,0.0,2.0,2,False,True,
011_Et_n_Me_L,S1_early_background,48,UCI309_laboratory,simulation,-0.2777777777777777,1.0,-0.2777777777777777,1.0,0.2777777777777777,0.0,1.011736139214893,G0,P1,valid,valid,zone_A,zone_A,True,0,1.0,0.0,1.0,1,False,True,
011_Et_n_Me_L,S1_early_background,49,UCI309_laboratory,simulation,-0.6666666666666665,1.0,-0.6666666666666665,1.0,0.6666666666666665,0.0,1.011736139214893,G0,P1,valid,valid,zone_A,zone_A,True,0,1.0,0.0,1.0,1,False,True,
011_Et_n_Me_L,S1_early_background,50,UCI309_laboratory,simulation,-1.0555555555555554,1.0,-1.0555555555555554,1.0,1.0555555555555554,0.0,1.1241512657943253,G0,P0,valid,valid,zone_A,zone_A,True,0,0.0,0.0,0.0,0,False,True,
011_Et_n_Me_L,S1_early_background,51,UCI309_laboratory,simulation,-1.4444444444444446,1.0,-1.4444444444444446,1.0,1.4444444444444446,0.0,1.1241512657943253,G0,P0,valid,valid,zone_A,zone_A,True,0,0.0,0.0,0.0,0,False,True,
011_Et_n_Me_L,S1_early_background,52,UCI309_laboratory,simulation,-1.833333333333333,1.0,-1.833333333333333,1.0,1.833333333333333,0.0,1.1241512657943253,G0,P0,valid,valid,zone_A,zone_A,True,0,0.0,0.0,0.0,0,False,True,
011_Et_n_Me_L,S1_early_background,53,UCI309_laboratory,simulation,-2.2222222222222223,1.0,-2.2222222222222223,1.0,2.2222222222222223,0.0,1.011736139214893,G0,P0,valid,valid,zone_A,zone_A,True,0,0.0,0.0,0.0,0,False,True,
011_Et_n_Me_L,S1_early_background,54,UCI309_laboratory,simulation,-2.6111111111111107,1.0,-2.6111111111111107,1.0,2.6111111111111107,0.0,1.011736139214893,G0,P0,valid,valid,zone_A,zone_A,True,0,0.0,0.0,0.0,0,False,True,
011_Et_n_Me_L,S1_early_background,55,UCI309_laboratory,simulation,-3.0,1.0,-3.0,1.0,3.0,0.0,1.011736139214893,G0,P0,valid,valid,zone_A,zone_A,True,0,0.0,0.0,0.0,0,False,True,
011_Et_n_Me_L,S1_early_background,56,UCI309_laboratory,simulation,-3.0,1.0,-3.0,1.0,3.0,0.0,1.011736139214893,G0,P0,valid,valid,zone_A,zone_A,True,0,0.0,0.0,0.0,0,False,True,
011_Et_n_Me_L,S1_early_background,57,UCI309_laboratory,simulation,-3.0,1.0,-3.0,1.0,3.0,0.0,0.6744907594765952,G0,P0,valid,valid,zone_A,zone_A,True,0,0.0,0.0,0.0,0,False,True,
011_Et_n_Me_L,S1_early_background,58,UCI309_laboratory,simulation,-3.0,1.0,-3.0,1.0,3.0,0.0,0.6744907594765952,G0,P0,valid,valid,zone_A,zone_A,True,0,0.0,0.0,0.0,0,False,True,
011_Et_n_Me_L,S1_early_background,59,UCI309_laboratory,simulation,-3.0,1.0,-3.0,1.0,3.0,0.0,0.6744907594765952,G0,P0,valid,valid,zone_A,zone_A,True,0,0.0,0.0,0.0,0,False,True,
011_Et_n_Me_L,S1_early_background,60,UCI309_laboratory,simulation,-3.0,1.0,-3.0,1.0,3.0,0.0,0.8431134493457441,G0,P0,valid,valid,zone_A,zone_A,True,0,0.0,0.0,0.0,0,False,True,
011_Et_n_Me_L,S2_possible_overlap,26,UCI309_laboratory,simulation,-3.0,1.0,-3.0,1.0,3.0,0.0,1.1803588290840417,G0,P0,valid,valid,zone_A,zone_A,True,0,0.0,0.0,0.0,0,False,True,
011_Et_n_Me_L,S2_possible_overlap,27,UCI309_laboratory,simulation,-3.0,1.0,-3.0,1.0,3.0,0.0,1.011736139214893,G0,P0,valid,valid,zone_A,zone_A,True,0,0.0,0.0,0.0,0,False,True,
011_Et_n_Me_L,S2_possible_overlap,28,UCI309_laboratory,simulation,-3.0,1.0,-3.0,1.0,3.0,0.0,1.1803588290840417,G0,P0,valid,valid,zone_A,zone_A,True,0,0.0,0.0,0.0,0,False,True,
011_Et_n_Me_L,S2_possible_overlap,29,UCI309_laboratory,simulation,-3.0,1.0,-3.0,1.0,3.0,0.0,1.1803588290840417,G0,P0,valid,valid,zone_A,zone_A,True,0,0.0,0.0,0.0,0,False,True,
011_Et_n_Me_L,S2_possible_overlap,30,UCI309_laboratory,simulation,-3.0,1.0,-3.0,1.0,3.0,0.0,1.1241512657943253,G0,P0,valid,valid,zone_A,zone_A,True,0,0.0,0.0,0.0,0,False,True,
011_Et_n_Me_L,S2_possible_overlap,31,UCI309_laboratory,simulation,-3.0,1.0,-3.0,1.0,3.0,0.0,1.1241512657943253,G0,P0,valid,valid,zone_A,zone_A,True,0,0.0,0.0,0.0,0,False,True,
011_Et_n_Me_L,S2_possible_overlap,32,UCI309_laboratory,simulation,-3.0,1.0,-3.0,1.0,3.0,0.0,1.1241512657943253,G0,P0,valid,valid,zone_A,zone_A,True,0,0.0,0.0,0.0,0,False,True,
011_Et_n_Me_L,S2_possible_overlap,33,UCI309_laboratory,simulation,-3.0,1.0,-3.0,1.0,3.0,0.0,1.3489815189531904,G0,P0,valid,valid,zone_A,zone_A,True,0,0.0,0.0,0.0,0,False,True,
011_Et_n_Me_L,S2_possible_overlap,34,UCI309_laboratory,simulation,-3.0,1.0,-3.0,1.0,3.0,0.0,1.1241512657943253,G0,P0,valid,valid,zone_A,zone_A,True,0,0.0,0.0,0.0,0,False,True,
011_Et_n_Me_L,S2_possible_overlap,35,UCI309_laboratory,simulation,-3.0,1.0,-3.0,1.0,3.0,0.0,1.1803588290840417,G0,P0,valid,valid,zone_A,zone_A,True,0,0.0,0.0,0.0,0,False,True,
011_Et_n_Me_L,S2_possible_overlap,36,UCI309_laboratory,simulation,-3.0,1.0,-3.0,1.0,3.0,0.0,1.1241512657943253,G0,P0,valid,valid,zone_A,zone_A,True,0,0.0,0.0,0.0,0,False,True,
011_Et_n_Me_L,S2_possible_overlap,37,UCI309_laboratory,simulation,-3.0,1.0,-3.0,1.0,3.0,0.0,1.1241512657943253,G0,P0,valid,valid,zone_A,zone_A,True,0,0.0,0.0,0.0,0,False,True,
011_Et_n_Me_L,S2_possible_overlap,38,UCI309_laboratory,simulation,-3.0,1.0,-3.0,1.0,3.0,0.0,1.3489815189531904,G0,P0,valid,valid,zone_A,zone_A,True,0,0.0,0.0,0.0,0,False,True,
011_Et_n_Me_L,S2_possible_overlap,39,UCI309_laboratory,simulation,-3.0,1.0,-3.0,1.0,3.0,0.0,1.1241512657943253,G0,P0,valid,valid,zone_A,zone_A,True,0,0.0,0.0,0.0,0,False,True,
011_Et_n_Me_L,S2_possible_overlap,40,UCI309_laboratory,simulation,-3.0,1.0,-3.0,1.0,3.0,0.0,1.3489815189531904,G0,P0,valid,valid,zone_A,zone_A,True,0,0.0,0.0,0.0,0,False,True,
011_Et_n_Me_L,S2_possible_overlap,41,UCI309_laboratory,simulation,-3.0,1.0,-3.0,1.0,3.0,0.0,1.3489815189531904,G0,P0,valid,valid,zone_A,zone_A,True,0,0.0,0.0,0.0,0,False,True,
011_Et_n_Me_L,S2_possible_overlap,42,UCI309_laboratory,simulation,-3.0,1.0,-3.0,1.0,3.0,0.0,1.5176042088223394,G0,P0,valid,valid,zone_A,zone_A,True,0,0.0,0.0,0.0,0,False,True,
011_Et_n_Me_L,S2_possible_overlap,43,UCI309_laboratory,simulation,-3.0,1.0,-3.0,1.0,3.0,0.0,1.2365663923737578,G0,P0,valid,valid,zone_A,zone_A,True,0,0.0,0.0,0.0,0,False,True,
011_Et_n_Me_L,S2_possible_overlap,44,UCI309_laboratory,simulation,-3.0,1.0,-3.0,1.0,3.0,0.0,1.2365663923737578,G0,P0,valid,valid,zone_A,zone_A,True,0,0.0,0.0,0.0,0,False,True,
011_Et_n_Me_L,S2_possible_overlap,45,UCI309_laboratory,simulation,-3.0,1.0,-3.0,1.0,3.0,0.0,1.292773955663474,G0,P0,valid,valid,zone_A,zone_A,True,0,0.0,0.0,0.0,0,False,True,
011_Et_n_Me_L,S2_possible_overlap,46,UCI309_laboratory,simulation,-3.0,1.0,-3.0,1.0,3.0,0.0,1.1241512657943253,G0,P0,valid,valid,zone_A,zone_A,True,0,0.0,0.0,0.0,0,False,True,
011_Et_n_Me_L,S2_possible_overlap,47,UCI309_laboratory,simulation,-3.0,1.0,-3.0,1.0,3.0,0.0,1.011736139214893,G0,P0,valid,valid,zone_A,zone_A,True,0,0.0,0.0,0.0,0,False,True,
011_Et_n_Me_L,S2_possible_overlap,48,UCI309_laboratory,simulation,-3.0,1.0,-3.0,1.0,3.0,0.0,1.011736139214893,G0,P0,valid,valid,zone_A,zone_A,True,0,0.0,0.0,0.0,0,False,True,
011_Et_n_Me_L,S2_possible_overlap,49,UCI309_laboratory,simulation,-3.0,1.0,-3.0,1.0,3.0,0.0,1.011736139214893,G0,P0,valid,valid,zone_A,zone_A,True,0,0.0,0.0,0.0,0,False,True,
011_Et_n_Me_L,S2_possible_overlap,50,UCI309_laboratory,simulation,-3.0,1.0,-3.0,1.0,3.0,0.0,1.1241512657943253,G0,P0,valid,valid,zone_A,zone_A,True,0,0.0,0.0,0.0,0,False,True,
011_Et_n_Me_L,S2_possible_overlap,51,UCI309_laboratory,simulation,-3.0,1.0,-3.0,1.0,3.0,0.0,1.1241512657943253,G0,P0,valid,valid,zone_A,zone_A,True,0,0.0,0.0,0.0,0,False,True,
011_Et_n_Me_L,S2_possible_overlap,52,UCI309_laboratory,simulation,-3.0,1.0,-3.0,1.0,3.0,0.0,1.1241512657943253,G0,P0,valid,valid,zone_A,zone_A,True,0,0.0,0.0,0.0,0,False,True,
011_Et_n_Me_L,S2_possible_overlap,53,UCI309_laboratory,simulation,-3.0,1.0,-3.0,1.0,3.0,0.0,1.011736139214893,G0,P0,valid,valid,zone_A,zone_A,True,0,0.0,0.0,0.0,0,False,True,
011_Et_n_Me_L,S2_possible_overlap,54,UCI309_laboratory,simulation,-3.0,1.0,-3.0,1.0,3.0,0.0,1.011736139214893,G0,P0,valid,valid,zone_A,zone_A,True,0,0.0,0.0,0.0,0,False,True,
011_Et_n_Me_L,S2_possible_overlap,55,UCI309_laboratory,simulation,-3.0,1.0,-3.0,1.0,3.0,0.0,1.011736139214893,G0,P0,valid,valid,zone_A,zone_A,True,0,0.0,0.0,0.0,0,False,True,
011_Et_n_Me_L,S2_possible_overlap,56,UCI309_laboratory,simulation,-3.0,1.0,-3.0,1.0,3.0,0.0,1.011736139214893,G0,P0,valid,valid,zone_A,zone_A,True,0,0.0,0.0,0.0,0,False,True,
011_Et_n_Me_L,S2_possible_overlap,57,UCI309_laboratory,simulation,-3.0,1.0,-3.0,1.0,3.0,0.0,0.6744907594765952,G0,P0,valid,valid,zone_A,zone_A,True,0,0.0,0.0,0.0,0,False,True,
011_Et_n_Me_L,S2_possible_overlap,58,UCI309_laboratory,simulation,-3.0,1.0,-3.0,1.0,3.0,0.0,0.6744907594765952,G0,P0,valid,valid,zone_A,zone_A,True,0,0.0,0.0,0.0,0,False,True,
011_Et_n_Me_L,S2_possible_overlap,59,UCI309_laboratory,simulation,-3.0,1.0,-3.0,1.0,3.0,0.0,0.6744907594765952,G0,P0,valid,valid,zone_A,zone_A,True,0,0.0,0.0,0.0,0,False,True,
011_Et_n_Me_L,S2_possible_overlap,60,UCI309_laboratory,simulation,-3.0,1.0,-3.0,1.0,3.0,0.0,0.8431134493457441,G0,P0,valid,valid,zone_A,zone_A,True,0,0.0,0.0,0.0,0,False,True,
011_Et_n_Me_L,S2_possible_overlap,61,UCI309_laboratory,simulation,-3.0,1.0,-3.0,1.0,3.0,0.0,0.6744907594765952,G0,P0,valid,valid,zone_A,zone_A,True,0,0.0,0.0,0.0,0,False,True,
011_Et_n_Me_L,S2_possible_overlap,62,UCI309_laboratory,simulation,-3.0,1.0,-3.0,1.0,3.0,0.0,0.6744907594765952,G0,P0,valid,valid,zone_A,zone_A,True,0,0.0,0.0,0.0,0,False,True,
011_Et_n_Me_L,S2_possible_overlap,63,UCI309_laboratory,simulation,-3.0,1.0,-3.0,1.0,3.0,0.0,0.6744907594765952,G0,P0,valid,valid,zone_A,zone_A,True,0,0.0,0.0,0.0,0,False,True,
011_Et_n_Me_L,S2_possible_overlap,64,UCI309_laboratory,simulation,-3.0,1.0,-3.0,1.0,3.0,0.0,0.5620756328971627,G0,P0,valid,valid,zone_A,zone_A,True,0,0.0,0.0,0.0,0,False,True,
011_Et_n_Me_L,S2_possible_overlap,65,UCI309_laboratory,simulation,-3.0,1.0,-3.0,1.0,3.0,0.0,0.6744907594765952,G0,P0,valid,valid,zone_A,zone_A,True,0,0.0,0.0,0.0,0,False,True,
011_Et_n_Me_L,S2_possible_overlap,66,UCI309_laboratory,simulation,-3.0,1.0,-3.0,1.0,3.0,0.0,0.6744907594765952,G0,P0,valid,valid,zone_A,zone_A,True,0,0.0,0.0,0.0,0,False,True,
011_Et_n_Me_L,S2_possible_overlap,67,UCI309_laboratory,simulation,-3.0,1.0,-3.0,1.0,3.0,0.0,0.6744907594765952,G0,P0,valid,valid,zone_A,zone_A,True,0,0.0,0.0,0.0,0,False,True,
011_Et_n_Me_L,S2_possible_overlap,68,UCI309_laboratory,simulation,-3.0,1.0,-3.0,1.0,3.0,0.0,0.6744907594765952,G0,P0,valid,valid,zone_A,zone_A,True,0,0.0,0.0,0.0,0,False,True,
011_Et_n_Me_L,S2_possible_overlap,69,UCI309_laboratory,simulation,-3.0,1.0,-3.0,1.0,3.0,0.0,0.6744907594765952,G0,P0,valid,valid,zone_A,zone_A,True,0,0.0,0.0,0.0,0,False,True,
011_Et_n_Me_L,S2_possible_overlap,70,UCI309_laboratory,simulation,-3.0,1.0,-3.0,1.0,3.0,0.0,0.8431134493457441,G0,P0,valid,valid,zone_A,zone_A,True,0,0.0,0.0,0.0,0,False,True,
011_Et_n_Me_L,S2_possible_overlap,71,UCI309_laboratory,simulation,-2.861111111111111,1.0,-2.861111111111111,1.0,2.861111111111111,0.0,0.6744907594765952,G0,P0,valid,valid,zone_A,zone_A,True,0,0.0,0.0,0.0,0,False,True,
011_Et_n_Me_L,S2_possible_overlap,72,UCI309_laboratory,simulation,-2.7222222222222223,1.0,-2.7222222222222223,1.0,2.7222222222222223,0.0,0.6744907594765952,G0,P0,valid,valid,zone_A,zone_A,True,0,0.0,0.0,0.0,0,False,True,
011_Et_n_Me_L,S2_possible_overlap,73,UCI309_laboratory,simulation,-2.5833333333333335,1.0,-2.5833333333333335,1.0,2.5833333333333335,0.0,0.6744907594765952,G0,P0,valid,valid,zone_A,zone_A,True,0,0.0,0.0,0.0,0,False,True,
011_Et_n_Me_L,S2_possible_overlap,74,UCI309_laboratory,simulation,-2.4444444444444446,1.0,-2.4444444444444446,1.0,2.4444444444444446,0.0,0.6744907594765952,G0,P0,valid,valid,zone_A,zone_A,True,0,0.0,0.0,0.0,0,False,True,
011_Et_n_Me_L,S2_possible_overlap,75,UCI309_laboratory,simulation,-2.3055555555555554,1.0,-2.3055555555555554,1.0,2.3055555555555554,0.0,0.6744907594765952,G0,P0,valid,valid,zone_A,zone_A,True,0,0.0,0.0,0.0,0,False,True,
011_Et_n_Me_L,S2_possible_overlap,76,UCI309_laboratory,simulation,-2.166666666666667,1.0,-2.166666666666667,1.0,2.166666666666667,0.0,0.6744907594765952,G0,P0,valid,valid,zone_A,zone_A,True,0,0.0,0.0,0.0,0,False,True,
011_Et_n_Me_L,S2_possible_overlap,77,UCI309_laboratory,simulation,-2.0277777777777777,1.0,-2.0277777777777777,1.0,2.0277777777777777,0.0,0.6744907594765952,G0,P0,valid,valid,zone_A,zone_A,True,0,0.0,0.0,0.0,0,False,True,
011_Et_n_Me_L,S2_possible_overlap,78,UCI309_laboratory,simulation,-1.8888888888888888,1.0,-1.8888888888888888,1.0,1.8888888888888888,0.0,0.6744907594765952,G0,P0,valid,valid,zone_A,zone_A,True,0,0.0,0.0,0.0,0,False,True,
011_Et_n_Me_L,S2_possible_overlap,79,UCI309_laboratory,simulation,-1.75,1.0,-1.75,1.0,1.75,0.0,0.6744907594765952,G0,P0,valid,valid,zone_A,zone_A,True,0,0.0,0.0,0.0,0,False,True,
011_Et_n_Me_L,S2_possible_overlap,80,UCI309_laboratory,simulation,-1.6111111111111112,1.0,-1.6111111111111112,1.0,1.6111111111111112,0.0,0.6744907594765952,G0,P0,valid,valid,zone_A,zone_A,True,0,0.0,0.0,0.0,0,False,True,
011_Et_n_Me_L,S2_possible_overlap,81,UCI309_laboratory,simulation,-1.472222222222222,1.0,-1.472222222222222,1.0,1.472222222222222,0.0,1.011736139214893,G0,P0,valid,valid,zone_A,zone_A,True,0,0.0,0.0,0.0,0,False,True,
011_Et_n_Me_L,S2_possible_overlap,82,UCI309_laboratory,simulation,-1.3333333333333335,1.0,-1.3333333333333335,1.0,1.3333333333333335,0.0,1.011736139214893,G0,P0,valid,valid,zone_A,zone_A,True,0,0.0,0.0,0.0,0,False,True,
011_Et_n_Me_L,S2_possible_overlap,83,UCI309_laboratory,simulation,-1.1944444444444444,1.0,-1.1944444444444444,1.0,1.1944444444444444,0.0,1.011736139214893,G0,P0,valid,valid,zone_A,zone_A,True,0,0.0,0.0,0.0,0,False,True,
011_Et_n_Me_L,S2_possible_overlap,84,UCI309_laboratory,simulation,-1.0555555555555556,1.0,-1.0555555555555556,1.0,1.0555555555555556,0.0,1.011736139214893,G0,P0,valid,valid,zone_A,zone_A,True,0,0.0,0.0,0.0,0,False,True,
011_Et_n_Me_L,S2_possible_overlap,85,UCI309_laboratory,simulation,-0.9166666666666665,1.0,-0.9166666666666665,1.0,0.9166666666666665,0.0,1.011736139214893,G0,P1,valid,valid,zone_A,zone_A,True,0,1.0,0.0,1.0,1,False,True,
011_Et_n_Me_L,S2_possible_overlap,86,UCI309_laboratory,simulation,-0.7777777777777777,1.0,-0.7777777777777777,1.0,0.7777777777777777,0.0,1.011736139214893,G0,P1,valid,valid,zone_A,zone_A,True,0,1.0,0.0,1.0,1,False,True,
011_Et_n_Me_L,S2_possible_overlap,87,UCI309_laboratory,simulation,-0.6388888888888888,1.0,-0.6388888888888888,1.0,0.6388888888888888,0.0,1.011736139214893,G0,P1,valid,valid,zone_A,zone_A,True,0,1.0,0.0,1.0,1,False,True,
011_Et_n_Me_L,S2_possible_overlap,88,UCI309_laboratory,simulation,-0.5,1.0,-0.5,1.0,0.5,0.0,1.3489815189531904,G0,P1,valid,valid,zone_A,zone_A,True,0,1.0,0.0,1.0,1,False,True,
011_Et_n_Me_L,S2_possible_overlap,89,UCI309_laboratory,simulation,-0.4,1.0,-0.4,1.0,0.4,0.0,1.3489815189531904,G0,P1,valid,valid,zone_A,zone_A,True,0,1.0,0.0,1.0,1,False,True,
011_Et_n_Me_L,S2_possible_overlap,90,UCI309_laboratory,simulation,-0.3,1.0,-0.3,1.0,0.3,0.0,1.6862268986914881,G0,P1,valid,valid,zone_A,zone_A,True,0,1.0,0.0,1.0,1,False,True,
011_Et_n_Me_L,S2_possible_overlap,91,UCI309_laboratory,simulation,-0.2,1.0,-0.2,1.0,0.2,0.0,2.023472278429786,G0,P1,valid,valid,zone_A,zone_A,True,0,1.0,0.0,1.0,1,False,True,
011_Et_n_Me_L,S2_possible_overlap,92,UCI309_laboratory,simulation,-0.09999999999999998,1.0,-0.09999999999999998,1.0,0.09999999999999998,0.0,2.023472278429786,G0,P1,valid,valid,zone_A,zone_A,True,0,1.0,0.0,1.0,1,False,True,
011_Et_n_Me_L,S2_possible_overlap,93,UCI309_laboratory,simulation,0.0,1.0,0.0,1.0,-0.0,0.0,2.023472278429786,G0,P2,valid,valid,zone_A,zone_A,True,0,2.0,0.0,2.0,2,False,True,
011_Et_n_Me_L,S2_possible_overlap,94,UCI309_laboratory,simulation,0.09999999999999998,1.0,0.09999999999999998,1.0,-0.09999999999999998,0.0,2.3607176581680833,G0,P2,valid,valid,zone_A,zone_A,True,0,2.0,0.0,2.0,2,False,True,
011_Et_n_Me_L,S2_possible_overlap,95,UCI309_laboratory,simulation,0.19999999999999996,1.0,0.19999999999999996,1.0,-0.19999999999999996,0.0,2.3607176581680833,G0,P2,valid,valid,zone_A,zone_A,True,0,2.0,0.0,2.0,2,False,True,
011_Et_n_Me_L,S2_possible_overlap,96,UCI309_laboratory,simulation,0.30000000000000004,1.0,0.30000000000000004,1.0,-0.30000000000000004,0.0,2.697963037906381,G0,P2,valid,valid,zone_A,zone_A,True,0,2.0,0.0,2.0,2,False,True,
011_Et_n_Me_L,S2_possible_overlap,97,UCI309_laboratory,simulation,0.4,1.0,0.4,1.0,-0.4,0.0,2.697963037906381,G0,P2,valid,valid,zone_A,zone_A,True,0,2.0,0.0,2.0,2,False,True,
011_Et_n_Me_L,S2_possible_overlap,98,UCI309_laboratory,simulation,0.5,1.0,0.5,1.0,-0.5,0.0,3.0352084176446787,G0,P2,valid,valid,zone_A,zone_A,True,0,2.0,0.0,2.0,2,False,True,
011_Et_n_Me_L,S2_possible_overlap,99,UCI309_laboratory,simulation,0.5,1.0,0.5,1.0,-0.5,0.0,3.0092664653571175,G0,P2,valid,valid,zone_A,zone_A,True,0,2.0,0.0,2.0,2,False,True,
011_Et_n_Me_L,S2_possible_overlap,100,UCI309_laboratory,simulation,0.5,1.0,0.5,1.0,-0.5,0.0,3.0092664653571175,G0,P2,valid,valid,zone_A,zone_A,True,0,2.0,0.0,2.0,2,False,True,
011_Et_n_Me_L,S2_possible_overlap,101,UCI309_laboratory,simulation,0.5,1.0,0.5,1.0,-0.5,0.0,3.06115036993224,G0,P2,valid,valid,zone_A,zone_A,True,0,2.0,0.0,2.0,2,False,True,
011_Et_n_Me_L,S2_possible_overlap,102,UCI309_laboratory,simulation,0.5,1.0,0.5,1.0,-0.5,0.0,3.0092664653571175,G0,P2,valid,valid,zone_A,zone_A,True,0,2.0,0.0,2.0,2,False,True,
011_Et_n_Me_L,S2_possible_overlap,103,UCI309_laboratory,simulation,0.5,1.0,0.5,1.0,-0.5,0.0,3.0092664653571175,G0,P2,valid,valid,zone_A,zone_A,True,0,2.0,0.0,2.0,2,False,True,
011_Et_n_Me_L,S2_possible_overlap,104,UCI309_laboratory,simulation,0.5,1.0,0.5,1.0,-0.5,0.0,3.0092664653571175,G0,P2,valid,valid,zone_A,zone_A,True,0,2.0,0.0,2.0,2,False,True,
011_Et_n_Me_L,S2_possible_overlap,105,UCI309_laboratory,simulation,0.5,1.0,0.5,1.0,-0.5,0.0,3.0092664653571175,G0,P2,valid,valid,zone_A,zone_A,True,0,2.0,0.0,2.0,2,False,True,
011_Et_n_Me_L,S2_possible_overlap,106,UCI309_laboratory,simulation,0.5,1.0,0.5,1.0,-0.5,0.0,3.0092664653571175,G0,P2,valid,valid,zone_A,zone_A,True,0,2.0,0.0,2.0,2,False,True,
011_Et_n_Me_L,S2_possible_overlap,107,UCI309_laboratory,simulation,0.5,1.0,0.5,1.0,-0.5,0.0,3.0092664653571175,G0,P2,valid,valid,zone_A,zone_A,True,0,2.0,0.0,2.0,2,False,True,
011_Et_n_Me_L,S2_possible_overlap,108,UCI309_laboratory,simulation,0.5,1.0,0.5,1.0,-0.5,0.0,3.0092664653571175,G0,P2,valid,valid,zone_A,zone_A,True,0,2.0,0.0,2.0,2,False,True,
011_Et_n_Me_L,S2_possible_overlap,109,UCI309_laboratory,simulation,0.5,1.0,0.5,1.0,-0.5,0.0,3.0092664653571175,G0,P2,valid,valid,zone_A,zone_A,True,0,2.0,0.0,2.0,2,False,True,
011_Et_n_Me_L,S2_possible_overlap,110,UCI309_laboratory,simulation,0.5,1.0,0.5,1.0,-0.5,0.0,3.0092664653571175,G0,P2,valid,valid,zone_A,zone_A,True,0,2.0,0.0,2.0,2,False,True,
011_Et_n_Me_L,S2_possible_overlap,111,UCI309_laboratory,simulation,0.5,1.0,0.5,1.0,-0.5,0.0,3.0092664653571175,G0,P2,valid,valid,zone_A,zone_A,True,0,2.0,0.0,2.0,2,False,True,
011_Et_n_Me_L,S2_possible_overlap,112,UCI309_laboratory,simulation,0.5,1.0,0.5,1.0,-0.5,0.0,3.0092664653571175,G0,P2,valid,valid,zone_A,zone_A,True,0,2.0,0.0,2.0,2,False,True,
011_Et_n_Me_L,S2_possible_overlap,113,UCI309_laboratory,simulation,0.5,1.0,0.5,1.0,-0.5,0.0,3.0092664653571175,G0,P2,valid,valid,zone_A,zone_A,True,0,2.0,0.0,2.0,2,False,True,
011_Et_n_Me_L,S2_possible_overlap,114,UCI309_laboratory,simulation,0.5,1.0,0.5,1.0,-0.5,0.0,3.0092664653571175,G0,P2,valid,valid,zone_A,zone_A,True,0,2.0,0.0,2.0,2,False,True,
011_Et_n_Me_L,S2_possible_overlap,115,UCI309_laboratory,simulation,0.5,1.0,0.5,1.0,-0.5,0.0,3.0092664653571175,G0,P2,valid,valid,zone_A,zone_A,True,0,2.0,0.0,2.0,2,False,True,
011_Et_n_Me_L,S2_possible_overlap,116,UCI309_laboratory,simulation,0.5,1.0,0.5,1.0,-0.5,0.0,3.0092664653571175,G0,P2,valid,valid,zone_A,zone_A,True,0,2.0,0.0,2.0,2,False,True,
011_Et_n_Me_L,S2_possible_overlap,117,UCI309_laboratory,simulation,0.5,1.0,0.5,1.0,-0.5,0.0,3.0092664653571175,G0,P2,valid,valid,zone_A,zone_A,True,0,2.0,0.0,2.0,2,False,True,
011_Et_n_Me_L,S2_possible_overlap,118,UCI309_laboratory,simulation,0.5,1.0,0.5,1.0,-0.5,0.0,3.0092664653571175,G0,P2,valid,valid,zone_A,zone_A,True,0,2.0,0.0,2.0,2,False,True,
011_Et_n_Me_L,S2_possible_overlap,119,UCI309_laboratory,simulation,0.5,1.0,0.5,1.0,-0.5,0.0,3.0092664653571175,G0,P2,valid,valid,zone_A,zone_A,True,0,2.0,0.0,2.0,2,False,True,
011_Et_n_Me_L,S2_possible_overlap,120,UCI309_laboratory,simulation,0.5,1.0,0.5,1.0,-0.5,0.0,3.0092664653571175,G0,P2,valid,valid,zone_A,zone_A,True,0,2.0,0.0,2.0,2,False,True,
011_Et_n_Me_L,S2_possible_overlap,121,UCI309_laboratory,simulation,0.5,1.0,0.5,1.0,-0.5,0.0,3.126005250651143,G0,P2,valid,valid,zone_A,zone_A,True,0,2.0,0.0,2.0,2,False,True,
011_Et_n_Me_L,S2_possible_overlap,122,UCI309_laboratory,simulation,0.5,1.0,0.5,1.0,-0.5,0.0,3.346511845095415,G0,P2,valid,valid,zone_A,zone_A,True,0,2.0,0.0,2.0,2,False,True,
011_Et_n_Me_L,S2_possible_overlap,123,UCI309_laboratory,simulation,0.5,1.0,0.5,1.0,-0.5,0.0,2.9054986562068716,G0,P2,valid,valid,zone_A,zone_A,True,0,2.0,0.0,2.0,2,False,True,
011_Et_n_Me_L,S2_possible_overlap,124,UCI309_laboratory,simulation,0.5,1.0,0.5,1.0,-0.5,0.0,3.2427440359451696,G0,P2,valid,valid,zone_A,zone_A,True,0,2.0,0.0,2.0,2,False,True,
011_Et_n_Me_L,S2_possible_overlap,125,UCI309_laboratory,simulation,0.5,1.0,0.5,1.0,-0.5,0.0,3.2427440359451696,G0,P2,valid,valid,zone_A,zone_A,True,0,2.0,0.0,2.0,2,False,True,
011_Et_n_Me_L,S2_possible_overlap,126,UCI309_laboratory,simulation,0.32499999999999996,1.0,0.32499999999999996,1.0,-0.32499999999999996,0.0,3.2427440359451696,G0,P2,valid,valid,zone_A,zone_A,True,0,2.0,0.0,2.0,2,False,True,
011_Et_n_Me_L,S2_possible_overlap,127,UCI309_laboratory,simulation,0.14999999999999997,1.0,0.14999999999999997,1.0,-0.14999999999999997,0.0,3.2427440359451696,G0,P2,valid,valid,zone_A,zone_A,True,0,2.0,0.0,2.0,2,False,True,
011_Et_n_Me_L,S2_possible_overlap,128,UCI309_laboratory,simulation,-0.025000000000000022,1.0,-0.025000000000000022,1.0,0.025000000000000022,0.0,3.2427440359451696,G0,P1,valid,valid,zone_A,zone_A,True,0,1.0,0.0,1.0,1,False,True,
011_Et_n_Me_L,S2_possible_overlap,129,UCI309_laboratory,simulation,-0.20000000000000007,1.0,-0.20000000000000007,1.0,0.20000000000000007,0.0,3.2427440359451696,G0,P1,valid,valid,zone_A,zone_A,True,0,1.0,0.0,1.0,1,False,True,
011_Et_n_Me_L,S2_possible_overlap,130,UCI309_laboratory,simulation,-0.375,1.0,-0.375,1.0,0.375,0.0,3.2427440359451696,G0,P1,valid,valid,zone_A,zone_A,True,0,1.0,0.0,1.0,1,False,True,
011_Et_n_Me_L,S2_possible_overlap,131,UCI309_laboratory,simulation,-0.55,1.0,-0.55,1.0,0.55,0.0,3.2427440359451696,G0,P1,valid,valid,zone_A,zone_A,True,0,1.0,0.0,1.0,1,False,True,
011_Et_n_Me_L,S2_possible_overlap,132,UCI309_laboratory,simulation,-0.7249999999999999,1.0,-0.7249999999999999,1.0,0.7249999999999999,0.0,3.2427440359451696,G0,P1,valid,valid,zone_A,zone_A,True,0,1.0,0.0,1.0,1,False,True,
011_Et_n_Me_L,S2_possible_overlap,133,UCI309_laboratory,simulation,-0.9000000000000001,1.0,-0.9000000000000001,1.0,0.9000000000000001,0.0,3.2427440359451696,G0,P1,valid,valid,zone_A,zone_A,True,0,1.0,0.0,1.0,1,False,True,
011_Et_n_Me_L,S2_possible_overlap,134,UCI309_laboratory,simulation,-1.075,1.0,-1.075,1.0,1.075,0.0,3.2427440359451696,G0,P0,valid,valid,zone_A,zone_A,True,0,0.0,0.0,0.0,0,False,True,
011_Et_n_Me_L,S2_possible_overlap,135,UCI309_laboratory,simulation,-1.25,1.0,-1.25,1.0,1.25,0.0,3.2427440359451696,G0,P0,valid,valid,zone_A,zone_A,True,0,0.0,0.0,0.0,0,False,True,
011_Et_n_Me_L,S2_possible_overlap,136,UCI309_laboratory,simulation,-1.4250000000000003,1.0,-1.4250000000000003,1.0,1.4250000000000003,0.0,3.2427440359451696,G0,P0,valid,valid,zone_A,zone_A,True,0,0.0,0.0,0.0,0,False,True,
011_Et_n_Me_L,S2_possible_overlap,137,UCI309_laboratory,simulation,-1.6,1.0,-1.6,1.0,1.6,0.0,3.2427440359451696,G0,P0,valid,valid,zone_A,zone_A,True,0,0.0,0.0,0.0,0,False,True,
011_Et_n_Me_L,S2_possible_overlap,138,UCI309_laboratory,simulation,-1.775,1.0,-1.775,1.0,1.775,0.0,3.2427440359451696,G0,P0,valid,valid,zone_A,zone_A,True,0,0.0,0.0,0.0,0,False,True,
011_Et_n_Me_L,S2_possible_overlap,139,UCI309_laboratory,simulation,-1.9499999999999997,1.0,-1.9499999999999997,1.0,1.9499999999999997,0.0,3.2427440359451696,G0,P0,valid,valid,zone_A,zone_A,True,0,0.0,0.0,0.0,0,False,True,
011_Et_n_Me_L,S2_possible_overlap,140,UCI309_laboratory,simulation,-2.125,1.0,-2.125,1.0,2.125,0.0,3.2427440359451696,G0,P0,valid,valid,zone_A,zone_A,True,0,0.0,0.0,0.0,0,False,True,
011_Et_n_Me_L,S2_possible_overlap,141,UCI309_laboratory,simulation,-2.3000000000000003,1.0,-2.3000000000000003,1.0,2.3000000000000003,0.0,3.2427440359451696,G0,P0,valid,valid,zone_A,zone_A,True,0,0.0,0.0,0.0,0,False,True,
011_Et_n_Me_L,S2_possible_overlap,142,UCI309_laboratory,simulation,-2.475,1.0,-2.475,1.0,2.475,0.0,3.579989415683467,G0,P0,valid,valid,zone_A,zone_A,True,0,0.0,0.0,0.0,0,False,True,
011_Et_n_Me_L,S2_possible_overlap,143,UCI309_laboratory,simulation,-2.65,1.0,-2.65,1.0,2.65,0.0,3.2427440359451696,G0,P0,valid,valid,zone_A,zone_A,True,0,0.0,0.0,0.0,0,False,True,
011_Et_n_Me_L,S2_possible_overlap,144,UCI309_laboratory,simulation,-2.8249999999999997,1.0,-2.8249999999999997,1.0,2.8249999999999997,0.0,3.579989415683467,G0,P0,valid,valid,zone_A,zone_A,True,0,0.0,0.0,0.0,0,False,True,
011_Et_n_Me_L,S2_possible_overlap,145,UCI309_laboratory,simulation,-3.0,1.0,-3.0,1.0,3.0,0.0,3.579989415683467,G0,P0,valid,valid,zone_A,zone_A,True,0,0.0,0.0,0.0,0,False,True,
011_Et_n_Me_L,S2_possible_overlap,146,UCI309_laboratory,simulation,-3.0,1.0,-3.0,1.0,3.0,0.0,3.579989415683467,G0,P0,valid,valid,zone_A,zone_A,True,0,0.0,0.0,0.0,0,False,True,
011_Et_n_Me_L,S2_possible_overlap,147,UCI309_laboratory,simulation,-3.0,1.0,-3.0,1.0,3.0,0.0,3.579989415683467,G0,P0,valid,valid,zone_A,zone_A,True,0,0.0,0.0,0.0,0,False,True,
011_Et_n_Me_L,S2_possible_overlap,148,UCI309_laboratory,simulation,-3.0,1.0,-3.0,1.0,3.0,0.0,3.579989415683467,G0,P0,valid,valid,zone_A,zone_A,True,0,0.0,0.0,0.0,0,False,True,
011_Et_n_Me_L,S2_possible_overlap,149,UCI309_laboratory,simulation,-3.0,1.0,-3.0,1.0,3.0,0.0,3.579989415683467,G0,P0,valid,valid,zone_A,zone_A,True,0,0.0,0.0,0.0,0,False,True,
011_Et_n_Me_L,S2_possible_overlap,150,UCI309_laboratory,simulation,-3.0,1.0,-3.0,1.0,3.0,0.0,3.579989415683467,G0,P0,valid,valid,zone_A,zone_A,True,0,0.0,0.0,0.0,0,False,True,
011_Et_n_Me_L,S2_possible_overlap,151,UCI309_laboratory,simulation,-3.0,1.0,-3.0,1.0,3.0,0.0,3.579989415683467,G0,P0,valid,valid,zone_A,zone_A,True,0,0.0,0.0,0.0,0,False,True,
011_Et_n_Me_L,S2_possible_overlap,152,UCI309_laboratory,simulation,-3.0,1.0,-3.0,1.0,3.0,0.0,3.579989415683467,G0,P0,valid,valid,zone_A,zone_A,True,0,0.0,0.0,0.0,0,False,True,
011_Et_n_Me_L,S2_possible_overlap,153,UCI309_laboratory,simulation,-3.0,1.0,-3.0,1.0,3.0,0.0,3.579989415683467,G0,P0,valid,valid,zone_A,zone_A,True,0,0.0,0.0,0.0,0,False,True,
011_Et_n_Me_L,S2_possible_overlap,154,UCI309_laboratory,simulation,-3.0,1.0,-3.0,1.0,3.0,0.0,3.4762216065332217,G0,P0,valid,valid,zone_A,zone_A,True,0,0.0,0.0,0.0,0,False,True,
011_Et_n_Me_L,S2_possible_overlap,155,UCI309_laboratory,simulation,-3.0,1.0,-3.0,1.0,3.0,0.0,3.4762216065332217,G0,P0,valid,valid,zone_A,zone_A,True,0,0.0,0.0,0.0,0,False,True,
011_Et_n_Me_L,S2_possible_overlap,156,UCI309_laboratory,simulation,-3.0,1.0,-3.0,1.0,3.0,0.0,3.4762216065332217,G0,P0,valid,valid,zone_A,zone_A,True,0,0.0,0.0,0.0,0,False,True,
011_Et_n_Me_L,S2_possible_overlap,157,UCI309_laboratory,simulation,-3.0,1.0,-3.0,1.0,3.0,0.0,3.3724537973829762,G0,P0,valid,valid,zone_A,zone_A,True,0,0.0,0.0,0.0,0,False,True,
011_Et_n_Me_L,S2_possible_overlap,158,UCI309_laboratory,simulation,-3.0,1.0,-3.0,1.0,3.0,0.0,3.3724537973829762,G0,P0,valid,valid,zone_A,zone_A,True,0,0.0,0.0,0.0,0,False,True,
011_Et_n_Me_L,S2_possible_overlap,159,UCI309_laboratory,simulation,-3.0,1.0,-3.0,1.0,3.0,0.0,3.3724537973829762,G0,P0,valid,valid,zone_A,zone_A,True,0,0.0,0.0,0.0,0,False,True,
011_Et_n_Me_L,S2_possible_overlap,160,UCI309_laboratory,simulation,-3.0,1.0,-3.0,1.0,3.0,0.0,3.3205698928078533,G0,P0,valid,valid,zone_A,zone_A,True,0,0.0,0.0,0.0,0,False,True,
011_Et_n_Me_L,S2_possible_overlap,161,UCI309_laboratory,simulation,-3.0,1.0,-3.0,1.0,3.0,0.0,3.268685988232731,G0,P0,valid,valid,zone_A,zone_A,True,0,0.0,0.0,0.0,0,False,True,
011_Et_n_Me_L,S2_possible_overlap,162,UCI309_laboratory,simulation,-3.0,1.0,-3.0,1.0,3.0,0.0,3.268685988232731,G0,P0,valid,valid,zone_A,zone_A,True,0,0.0,0.0,0.0,0,False,True,
011_Et_n_Me_L,S2_possible_overlap,163,UCI309_laboratory,simulation,-3.0,1.0,-3.0,1.0,3.0,0.0,3.268685988232731,G0,P0,valid,valid,zone_A,zone_A,True,0,0.0,0.0,0.0,0,False,True,
011_Et_n_Me_L,S2_possible_overlap,164,UCI309_laboratory,simulation,-3.0,1.0,-3.0,1.0,3.0,0.0,3.268685988232731,G0,P0,valid,valid,zone_A,zone_A,True,0,0.0,0.0,0.0,0,False,True,
011_Et_n_Me_L,S2_possible_overlap,165,UCI309_laboratory,simulation,-3.0,1.0,-3.0,1.0,3.0,0.0,3.502163558820783,G0,P0,valid,valid,zone_A,zone_A,True,0,0.0,0.0,0.0,0,False,True,
011_Et_n_Me_L,S2_possible_overlap,166,UCI309_laboratory,simulation,-3.0,1.0,-3.0,1.0,3.0,0.0,3.1649181790824854,G0,P0,valid,valid,zone_A,zone_A,True,0,0.0,0.0,0.0,0,False,True,
011_Et_n_Me_L,S2_possible_overlap,167,UCI309_laboratory,simulation,-3.0,1.0,-3.0,1.0,3.0,0.0,3.1649181790824854,G0,P0,valid,valid,zone_A,zone_A,True,0,0.0,0.0,0.0,0,False,True,
011_Et_n_Me_L,S2_possible_overlap,168,UCI309_laboratory,simulation,-3.0,1.0,-3.0,1.0,3.0,0.0,3.1649181790824854,G0,P0,valid,valid,zone_A,zone_A,True,0,0.0,0.0,0.0,0,False,True,
011_Et_n_Me_L,S2_possible_overlap,169,UCI309_laboratory,simulation,-3.0,1.0,-3.0,1.0,3.0,0.0,3.1649181790824854,G0,P0,valid,valid,zone_A,zone_A,True,0,0.0,0.0,0.0,0,False,True,
011_Et_n_Me_L,S2_possible_overlap,170,UCI309_laboratory,simulation,-3.0,1.0,-3.0,1.0,3.0,0.0,3.3335408689516344,G0,P0,valid,valid,zone_A,zone_A,True,0,0.0,0.0,0.0,0,False,True,
011_Et_n_Me_L,S2_possible_overlap,171,UCI309_laboratory,simulation,-3.0,1.0,-3.0,1.0,3.0,0.0,3.06115036993224,G0,P0,valid,valid,zone_A,zone_A,True,0,0.0,0.0,0.0,0,False,True,
011_Et_n_Me_L,S2_possible_overlap,172,UCI309_laboratory,simulation,-3.0,1.0,-3.0,1.0,3.0,0.0,3.06115036993224,G0,P0,valid,valid,zone_A,zone_A,True,0,0.0,0.0,0.0,0,False,True,
011_Et_n_Me_L,S2_possible_overlap,173,UCI309_laboratory,simulation,-3.0,1.0,-3.0,1.0,3.0,0.0,3.06115036993224,G0,P0,valid,valid,zone_A,zone_A,True,0,0.0,0.0,0.0,0,False,True,
011_Et_n_Me_L,S2_possible_overlap,174,UCI309_laboratory,simulation,-3.0,1.0,-3.0,1.0,3.0,0.0,3.06115036993224,G0,P0,valid,valid,zone_A,zone_A,True,0,0.0,0.0,0.0,0,False,True,
011_Et_n_Me_L,S2_possible_overlap,175,UCI309_laboratory,simulation,-3.0,1.0,-3.0,1.0,3.0,0.0,3.06115036993224,G0,P0,valid,valid,zone_A,zone_A,True,0,0.0,0.0,0.0,0,False,True,
011_Et_n_Me_L,S2_possible_overlap,176,UCI309_laboratory,simulation,-3.0,1.0,-3.0,1.0,3.0,0.0,3.06115036993224,G0,P0,valid,valid,zone_A,zone_A,True,0,0.0,0.0,0.0,0,False,True,
011_Et_n_Me_L,S2_possible_overlap,177,UCI309_laboratory,simulation,-3.0,1.0,-3.0,1.0,3.0,0.0,3.06115036993224,G0,P0,valid,valid,zone_A,zone_A,True,0,0.0,0.0,0.0,0,False,True,
011_Et_n_Me_L,S2_possible_overlap,178,UCI309_laboratory,simulation,-3.0,1.0,-3.0,1.0,3.0,0.0,2.957382560781994,G0,P0,valid,valid,zone_A,zone_A,True,0,0.0,0.0,0.0,0,False,True,
011_Et_n_Me_L,S2_possible_overlap,179,UCI309_laboratory,simulation,-3.0,1.0,-3.0,1.0,3.0,0.0,2.957382560781994,G0,P0,valid,valid,zone_A,zone_A,True,0,0.0,0.0,0.0,0,False,True,
011_Et_n_Me_L,S2_possible_overlap,180,UCI309_laboratory,simulation,-3.0,1.0,-3.0,1.0,3.0,0.0,2.957382560781994,G0,P0,valid,valid,zone_A,zone_A,True,0,0.0,0.0,0.0,0,False,True,
011_Et_n_Me_L,S2_possible_overlap,181,UCI309_laboratory,simulation,-3.0,1.0,-3.0,1.0,3.0,0.0,2.957382560781994,G0,P0,valid,valid,zone_A,zone_A,True,0,0.0,0.0,0.0,0,False,True,
011_Et_n_Me_L,S2_possible_overlap,182,UCI309_laboratory,simulation,-3.0,1.0,-3.0,1.0,3.0,0.0,2.957382560781994,G0,P0,valid,valid,zone_A,zone_A,True,0,0.0,0.0,0.0,0,False,True,
011_Et_n_Me_L,S2_possible_overlap,183,UCI309_laboratory,simulation,-3.0,1.0,-3.0,1.0,3.0,0.0,2.853614751631749,G0,P0,valid,valid,zone_A,zone_A,True,0,0.0,0.0,0.0,0,False,True,
011_Et_n_Me_L,S2_possible_overlap,184,UCI309_laboratory,simulation,-3.0,1.0,-3.0,1.0,3.0,0.0,2.853614751631749,G0,P0,valid,valid,zone_A,zone_A,True,0,0.0,0.0,0.0,0,False,True,
011_Et_n_Me_L,S2_possible_overlap,185,UCI309_laboratory,simulation,-3.0,1.0,-3.0,1.0,3.0,0.0,2.853614751631749,G0,P0,valid,valid,zone_A,zone_A,True,0,0.0,0.0,0.0,0,False,True,
011_Et_n_Me_L,S2_possible_overlap,186,UCI309_laboratory,simulation,-3.0,1.0,-3.0,1.0,3.0,0.0,2.853614751631749,G0,P0,valid,valid,zone_A,zone_A,True,0,0.0,0.0,0.0,0,False,True,
011_Et_n_Me_L,S2_possible_overlap,187,UCI309_laboratory,simulation,-3.0,1.0,-3.0,1.0,3.0,0.0,2.853614751631749,G0,P0,valid,valid,zone_A,zone_A,True,0,0.0,0.0,0.0,0,False,True,
011_Et_n_Me_L,S2_possible_overlap,188,UCI309_laboratory,simulation,-3.0,1.0,-3.0,1.0,3.0,0.0,2.853614751631749,G0,P0,valid,valid,zone_A,zone_A,True,0,0.0,0.0,0.0,0,False,True,
011_Et_n_Me_L,S2_possible_overlap,189,UCI309_laboratory,simulation,-3.0,1.0,-3.0,1.0,3.0,0.0,2.853614751631749,G0,P0,valid,valid,zone_A,zone_A,True,0,0.0,0.0,0.0,0,False,True,
011_Et_n_Me_L,S2_possible_overlap,190,UCI309_laboratory,simulation,-3.0,1.0,-3.0,1.0,3.0,0.0,2.853614751631749,G0,P0,valid,valid,zone_A,zone_A,True,0,0.0,0.0,0.0,0,False,True,
011_Et_n_Me_L,S2_possible_overlap,191,UCI309_laboratory,simulation,-3.0,1.0,-3.0,1.0,3.0,0.0,2.853614751631749,G0,P0,valid,valid,zone_A,zone_A,True,0,0.0,0.0,0.0,0,False,True,
011_Et_n_Me_L,S2_possible_overlap,192,UCI309_laboratory,simulation,-3.0,1.0,-3.0,1.0,3.0,0.0,2.7498469424815033,G0,P0,valid,valid,zone_A,zone_A,True,0,0.0,0.0,0.0,0,False,True,
011_Et_n_Me_L,S2_possible_overlap,193,UCI309_laboratory,simulation,-3.0,1.0,-3.0,1.0,3.0,0.0,2.7498469424815033,G0,P0,valid,valid,zone_A,zone_A,True,0,0.0,0.0,0.0,0,False,True,
011_Et_n_Me_L,S2_possible_overlap,194,UCI309_laboratory,simulation,-3.0,1.0,-3.0,1.0,3.0,0.0,2.7498469424815033,G0,P0,valid,valid,zone_A,zone_A,True,0,0.0,0.0,0.0,0,False,True,
011_Et_n_Me_L,S2_possible_overlap,195,UCI309_laboratory,simulation,-3.0,1.0,-3.0,1.0,3.0,0.0,2.7498469424815033,G0,P0,valid,valid,zone_A,zone_A,True,0,0.0,0.0,0.0,0,False,True,
011_Et_n_Me_L,S2_possible_overlap,196,UCI309_laboratory,simulation,-3.0,1.0,-3.0,1.0,3.0,0.0,2.9184696323506523,G0,P0,valid,valid,zone_A,zone_A,True,0,0.0,0.0,0.0,0,False,True,
011_Et_n_Me_L,S2_possible_overlap,197,UCI309_laboratory,simulation,-3.0,1.0,-3.0,1.0,3.0,0.0,2.7498469424815033,G0,P0,valid,valid,zone_A,zone_A,True,0,0.0,0.0,0.0,0,False,True,
011_Et_n_Me_L,S2_possible_overlap,198,UCI309_laboratory,simulation,-3.0,1.0,-3.0,1.0,3.0,0.0,2.7498469424815033,G0,P0,valid,valid,zone_A,zone_A,True,0,0.0,0.0,0.0,0,False,True,
011_Et_n_Me_L,S2_possible_overlap,199,UCI309_laboratory,simulation,-3.0,1.0,-3.0,1.0,3.0,0.0,2.7498469424815033,G0,P0,valid,valid,zone_A,zone_A,True,0,0.0,0.0,0.0,0,False,True,
011_Et_n_Me_L,S2_possible_overlap,200,UCI309_laboratory,simulation,-3.0,1.0,-3.0,1.0,3.0,0.0,2.7498469424815033,G0,P0,valid,valid,zone_A,zone_A,True,0,0.0,0.0,0.0,0,False,True,
011_Et_n_Me_L,S2_possible_overlap,201,UCI309_laboratory,simulation,-3.0,1.0,-3.0,1.0,3.0,0.0,2.9184696323506523,G0,P0,valid,valid,zone_A,zone_A,True,0,0.0,0.0,0.0,0,False,True,
011_Et_n_Me_L,S2_possible_overlap,202,UCI309_laboratory,simulation,-3.0,1.0,-3.0,1.0,3.0,0.0,2.7498469424815033,G0,P0,valid,valid,zone_A,zone_A,True,0,0.0,0.0,0.0,0,False,True,
011_Et_n_Me_L,S2_possible_overlap,203,UCI309_laboratory,simulation,-3.0,1.0,-3.0,1.0,3.0,0.0,3.0870923222198012,G0,P0,valid,valid,zone_A,zone_A,True,0,0.0,0.0,0.0,0,False,True,
011_Et_n_Me_L,S2_possible_overlap,204,UCI309_laboratory,simulation,-3.0,1.0,-3.0,1.0,3.0,0.0,2.9184696323506523,G0,P0,valid,valid,zone_A,zone_A,True,0,0.0,0.0,0.0,0,False,True,
011_Et_n_Me_L,S2_possible_overlap,205,UCI309_laboratory,simulation,-3.0,1.0,-3.0,1.0,3.0,0.0,2.7498469424815033,G0,P0,valid,valid,zone_A,zone_A,True,0,0.0,0.0,0.0,0,False,True,
011_Et_n_Me_L,S2_possible_overlap,206,UCI309_laboratory,simulation,-3.0,1.0,-3.0,1.0,3.0,0.0,2.9184696323506523,G0,P0,valid,valid,zone_A,zone_A,True,0,0.0,0.0,0.0,0,False,True,
011_Et_n_Me_L,S2_possible_overlap,207,UCI309_laboratory,simulation,-3.0,1.0,-3.0,1.0,3.0,0.0,2.7498469424815033,G0,P0,valid,valid,zone_A,zone_A,True,0,0.0,0.0,0.0,0,False,True,
011_Et_n_Me_L,S2_possible_overlap,208,UCI309_laboratory,simulation,-3.0,1.0,-3.0,1.0,3.0,0.0,3.0870923222198012,G0,P0,valid,valid,zone_A,zone_A,True,0,0.0,0.0,0.0,0,False,True,
011_Et_n_Me_L,S2_possible_overlap,209,UCI309_laboratory,simulation,-3.0,1.0,-3.0,1.0,3.0,0.0,2.983324513069556,G0,P0,valid,valid,zone_A,zone_A,True,0,0.0,0.0,0.0,0,False,True,
011_Et_n_Me_L,S2_possible_overlap,210,UCI309_laboratory,simulation,-3.0,1.0,-3.0,1.0,3.0,0.0,2.983324513069556,G0,P0,valid,valid,zone_A,zone_A,True,0,0.0,0.0,0.0,0,False,True,
011_Et_n_Me_L,S2_possible_overlap,211,UCI309_laboratory,simulation,-3.0,1.0,-3.0,1.0,3.0,0.0,2.814701823200407,G0,P0,valid,valid,zone_A,zone_A,True,0,0.0,0.0,0.0,0,False,True,
011_Et_n_Me_L,S2_possible_overlap,212,UCI309_laboratory,simulation,-3.0,1.0,-3.0,1.0,3.0,0.0,2.983324513069556,G0,P0,valid,valid,zone_A,zone_A,True,0,0.0,0.0,0.0,0,False,True,
011_Et_n_Me_L,S2_possible_overlap,213,UCI309_laboratory,simulation,-3.0,1.0,-3.0,1.0,3.0,0.0,2.6460791333312583,G0,P0,valid,valid,zone_A,zone_A,True,0,0.0,0.0,0.0,0,False,True,
011_Et_n_Me_L,S2_possible_overlap,214,UCI309_laboratory,simulation,-3.0,1.0,-3.0,1.0,3.0,0.0,2.6460791333312583,G0,P0,valid,valid,zone_A,zone_A,True,0,0.0,0.0,0.0,0,False,True,
011_Et_n_Me_L,S2_possible_overlap,215,UCI309_laboratory,simulation,-3.0,1.0,-3.0,1.0,3.0,0.0,2.7109340140501614,G0,P0,valid,valid,zone_A,zone_A,True,0,0.0,0.0,0.0,0,False,True,
011_Et_n_Me_L,S2_possible_overlap,216,UCI309_laboratory,simulation,-3.0,1.0,-3.0,1.0,3.0,0.0,2.5423113241810125,G0,P0,valid,valid,zone_A,zone_A,True,0,0.0,0.0,0.0,0,False,True,
011_Et_n_Me_L,S2_possible_overlap,217,UCI309_laboratory,simulation,-3.0,1.0,-3.0,1.0,3.0,0.0,2.5423113241810125,G0,P0,valid,valid,zone_A,zone_A,True,0,0.0,0.0,0.0,0,False,True,
011_Et_n_Me_L,S2_possible_overlap,218,UCI309_laboratory,simulation,-3.0,1.0,-3.0,1.0,3.0,0.0,2.585547911326948,G0,P0,valid,valid,zone_A,zone_A,True,0,0.0,0.0,0.0,0,False,True,
011_Et_n_Me_L,S2_possible_overlap,219,UCI309_laboratory,simulation,-3.0,1.0,-3.0,1.0,3.0,0.0,2.585547911326948,G0,P0,valid,valid,zone_A,zone_A,True,0,0.0,0.0,0.0,0,False,True,
011_Et_n_Me_L,S2_possible_overlap,220,UCI309_laboratory,simulation,-3.0,1.0,-3.0,1.0,3.0,0.0,2.5423113241810125,G0,P0,valid,valid,zone_A,zone_A,True,0,0.0,0.0,0.0,0,False,True,
011_Et_n_Me_L,S2_possible_overlap,221,UCI309_laboratory,simulation,-3.0,1.0,-3.0,1.0,3.0,0.0,2.585547911326948,G0,P0,valid,valid,zone_A,zone_A,True,0,0.0,0.0,0.0,0,False,True,
011_Et_n_Me_L,S2_possible_overlap,222,UCI309_laboratory,simulation,-3.0,1.0,-3.0,1.0,3.0,0.0,2.5423113241810125,G0,P0,valid,valid,zone_A,zone_A,True,0,0.0,0.0,0.0,0,False,True,
011_Et_n_Me_L,S2_possible_overlap,223,UCI309_laboratory,simulation,-3.0,1.0,-3.0,1.0,3.0,0.0,2.5423113241810125,G0,P0,valid,valid,zone_A,zone_A,True,0,0.0,0.0,0.0,0,False,True,
011_Et_n_Me_L,S2_possible_overlap,224,UCI309_laboratory,simulation,-3.0,1.0,-3.0,1.0,3.0,0.0,2.4385435150307675,G0,P0,valid,valid,zone_A,zone_A,True,0,0.0,0.0,0.0,0,False,True,
011_Et_n_Me_L,S2_possible_overlap,225,UCI309_laboratory,simulation,-3.0,1.0,-3.0,1.0,3.0,0.0,2.585547911326948,G0,P0,valid,valid,zone_A,zone_A,True,0,0.0,0.0,0.0,0,False,True,
011_Et_n_Me_L,S2_possible_overlap,226,UCI309_laboratory,simulation,-3.0,1.0,-3.0,1.0,3.0,0.0,2.5423113241810125,G0,P0,valid,valid,zone_A,zone_A,True,0,0.0,0.0,0.0,0,False,True,
011_Et_n_Me_L,S2_possible_overlap,227,UCI309_laboratory,simulation,-3.0,1.0,-3.0,1.0,3.0,0.0,2.5423113241810125,G0,P0,valid,valid,zone_A,zone_A,True,0,0.0,0.0,0.0,0,False,True,
011_Et_n_Me_L,S2_possible_overlap,228,UCI309_laboratory,simulation,-3.0,1.0,-3.0,1.0,3.0,0.0,2.49042741960589,G0,P0,valid,valid,zone_A,zone_A,True,0,0.0,0.0,0.0,0,False,True,
011_Et_n_Me_L,S2_possible_overlap,229,UCI309_laboratory,simulation,-3.0,1.0,-3.0,1.0,3.0,0.0,2.4385435150307675,G0,P0,valid,valid,zone_A,zone_A,True,0,0.0,0.0,0.0,0,False,True,
011_Et_n_Me_L,S2_possible_overlap,230,UCI309_laboratory,simulation,-3.0,1.0,-3.0,1.0,3.0,0.0,2.4385435150307675,G0,P0,valid,valid,zone_A,zone_A,True,0,0.0,0.0,0.0,0,False,True,
011_Et_n_Me_L,S2_possible_overlap,231,UCI309_laboratory,simulation,-3.0,1.0,-3.0,1.0,3.0,0.0,2.4385435150307675,G0,P0,valid,valid,zone_A,zone_A,True,0,0.0,0.0,0.0,0,False,True,
011_Et_n_Me_L,S2_possible_overlap,232,UCI309_laboratory,simulation,-3.0,1.0,-3.0,1.0,3.0,0.0,2.4385435150307675,G0,P0,valid,valid,zone_A,zone_A,True,0,0.0,0.0,0.0,0,False,True,
011_Et_n_Me_L,S2_possible_overlap,233,UCI309_laboratory,simulation,-3.0,1.0,-3.0,1.0,3.0,0.0,2.6417554746166645,G0,P0,valid,valid,zone_A,zone_A,True,0,0.0,0.0,0.0,0,False,True,
011_Et_n_Me_L,S2_possible_overlap,234,UCI309_laboratory,simulation,-3.0,1.0,-3.0,1.0,3.0,0.0,2.4731327847475155,G0,P0,valid,valid,zone_A,zone_A,True,0,0.0,0.0,0.0,0,False,True,
011_Et_n_Me_L,S2_possible_overlap,235,UCI309_laboratory,simulation,-3.0,1.0,-3.0,1.0,3.0,0.0,2.585547911326948,G0,P0,valid,valid,zone_A,zone_A,True,0,0.0,0.0,0.0,0,False,True,
011_Et_n_Me_L,S2_possible_overlap,236,UCI309_laboratory,simulation,-3.0,1.0,-3.0,1.0,3.0,0.0,2.8103781644858135,G0,P0,valid,valid,zone_A,zone_A,True,0,0.0,0.0,0.0,0,False,True,
011_Et_n_Me_L,S2_possible_overlap,237,UCI309_laboratory,simulation,-3.0,1.0,-3.0,1.0,3.0,0.0,2.585547911326948,G0,P0,valid,valid,zone_A,zone_A,True,0,0.0,0.0,0.0,0,False,True,
011_Et_n_Me_L,S2_possible_overlap,238,UCI309_laboratory,simulation,-3.0,1.0,-3.0,1.0,3.0,0.0,2.922793291065246,G0,P0,valid,valid,zone_A,zone_A,True,0,0.0,0.0,0.0,0,False,True,
011_Et_n_Me_L,S2_possible_overlap,239,UCI309_laboratory,simulation,-3.0,1.0,-3.0,1.0,3.0,0.0,2.922793291065246,G0,P0,valid,valid,zone_A,zone_A,True,0,0.0,0.0,0.0,0,False,True,
011_Et_n_Me_L,S2_possible_overlap,240,UCI309_laboratory,simulation,-3.0,1.0,-3.0,1.0,3.0,0.0,2.922793291065246,G0,P0,valid,valid,zone_A,zone_A,True,0,0.0,0.0,0.0,0,False,True,
011_Et_n_Me_L,S3_separate_events,26,UCI309_laboratory,simulation,-3.0,1.0,-3.0,1.0,3.0,0.0,1.1803588290840417,G0,P0,valid,valid,zone_A,zone_A,True,0,0.0,0.0,0.0,0,False,True,
011_Et_n_Me_L,S3_separate_events,27,UCI309_laboratory,simulation,-2.5833333333333335,1.0,-2.5833333333333335,1.0,2.5833333333333335,0.0,1.011736139214893,G0,P0,valid,valid,zone_A,zone_A,True,0,0.0,0.0,0.0,0,False,True,
011_Et_n_Me_L,S3_separate_events,28,UCI309_laboratory,simulation,-2.166666666666667,1.0,-2.166666666666667,1.0,2.166666666666667,0.0,1.1803588290840417,G0,P0,valid,valid,zone_A,zone_A,True,0,0.0,0.0,0.0,0,False,True,
011_Et_n_Me_L,S3_separate_events,29,UCI309_laboratory,simulation,-1.75,1.0,-1.75,1.0,1.75,0.0,1.1803588290840417,G0,P0,valid,valid,zone_A,zone_A,True,0,0.0,0.0,0.0,0,False,True,
011_Et_n_Me_L,S3_separate_events,30,UCI309_laboratory,simulation,-1.3333333333333335,1.0,-1.3333333333333335,1.0,1.3333333333333335,0.0,1.1241512657943253,G0,P0,valid,valid,zone_A,zone_A,True,0,0.0,0.0,0.0,0,False,True,
011_Et_n_Me_L,S3_separate_events,31,UCI309_laboratory,simulation,-0.9166666666666665,1.0,-0.9166666666666665,1.0,0.9166666666666665,0.0,1.1241512657943253,G0,P1,valid,valid,zone_A,zone_A,True,0,1.0,0.0,1.0,1,False,True,
011_Et_n_Me_L,S3_separate_events,32,UCI309_laboratory,simulation,-0.5,1.0,-0.5,1.0,0.5,0.0,1.1241512657943253,G0,P1,valid,valid,zone_A,zone_A,True,0,1.0,0.0,1.0,1,False,True,
011_Et_n_Me_L,S3_separate_events,33,UCI309_laboratory,simulation,-0.375,1.0,-0.375,1.0,0.375,0.0,1.3489815189531904,G0,P1,valid,valid,zone_A,zone_A,True,0,1.0,0.0,1.0,1,False,True,
011_Et_n_Me_L,S3_separate_events,34,UCI309_laboratory,simulation,-0.25,1.0,-0.25,1.0,0.25,0.0,1.1241512657943253,G0,P1,valid,valid,zone_A,zone_A,True,0,1.0,0.0,1.0,1,False,True,
011_Et_n_Me_L,S3_separate_events,35,UCI309_laboratory,simulation,-0.125,1.0,-0.125,1.0,0.125,0.0,1.1803588290840417,G0,P1,valid,valid,zone_A,zone_A,True,0,1.0,0.0,1.0,1,False,True,
011_Et_n_Me_L,S3_separate_events,36,UCI309_laboratory,simulation,0.0,1.0,0.0,1.0,-0.0,0.0,1.1241512657943253,G0,P2,valid,valid,zone_A,zone_A,True,0,2.0,0.0,2.0,2,False,True,
011_Et_n_Me_L,S3_separate_events,37,UCI309_laboratory,simulation,0.125,1.0,0.125,1.0,-0.125,0.0,1.1241512657943253,G0,P2,valid,valid,zone_A,zone_A,True,0,2.0,0.0,2.0,2,False,True,
011_Et_n_Me_L,S3_separate_events,38,UCI309_laboratory,simulation,0.25,1.0,0.25,1.0,-0.25,0.0,1.3489815189531904,G0,P2,valid,valid,zone_A,zone_A,True,0,2.0,0.0,2.0,2,False,True,
011_Et_n_Me_L,S3_separate_events,39,UCI309_laboratory,simulation,0.375,1.0,0.375,1.0,-0.375,0.0,1.1241512657943253,G0,P2,valid,valid,zone_A,zone_A,True,0,2.0,0.0,2.0,2,False,True,
011_Et_n_Me_L,S3_separate_events,40,UCI309_laboratory,simulation,0.5,1.0,0.5,1.0,-0.5,0.0,1.3489815189531904,G0,P2,valid,valid,zone_A,zone_A,True,0,2.0,0.0,2.0,2,False,True,
011_Et_n_Me_L,S3_separate_events,41,UCI309_laboratory,simulation,0.5,1.0,0.5,1.0,-0.5,0.0,1.3489815189531904,G0,P2,valid,valid,zone_A,zone_A,True,0,2.0,0.0,2.0,2,False,True,
011_Et_n_Me_L,S3_separate_events,42,UCI309_laboratory,simulation,0.5,1.0,0.5,1.0,-0.5,0.0,1.5176042088223394,G0,P2,valid,valid,zone_A,zone_A,True,0,2.0,0.0,2.0,2,False,True,
011_Et_n_Me_L,S3_separate_events,43,UCI309_laboratory,simulation,0.5,1.0,0.5,1.0,-0.5,0.0,1.2365663923737578,G0,P2,valid,valid,zone_A,zone_A,True,0,2.0,0.0,2.0,2,False,True,
011_Et_n_Me_L,S3_separate_events,44,UCI309_laboratory,simulation,0.5,1.0,0.5,1.0,-0.5,0.0,1.2365663923737578,G0,P2,valid,valid,zone_A,zone_A,True,0,2.0,0.0,2.0,2,False,True,
011_Et_n_Me_L,S3_separate_events,45,UCI309_laboratory,simulation,0.5,1.0,0.5,1.0,-0.5,0.0,1.292773955663474,G0,P2,valid,valid,zone_A,zone_A,True,0,2.0,0.0,2.0,2,False,True,
011_Et_n_Me_L,S3_separate_events,46,UCI309_laboratory,simulation,0.5,1.0,0.5,1.0,-0.5,0.0,1.1241512657943253,G0,P2,valid,valid,zone_A,zone_A,True,0,2.0,0.0,2.0,2,False,True,
011_Et_n_Me_L,S3_separate_events,47,UCI309_laboratory,simulation,0.11111111111111116,1.0,0.11111111111111116,1.0,-0.11111111111111116,0.0,1.011736139214893,G0,P2,valid,valid,zone_A,zone_A,True,0,2.0,0.0,2.0,2,False,True,
011_Et_n_Me_L,S3_separate_events,48,UCI309_laboratory,simulation,-0.2777777777777777,1.0,-0.2777777777777777,1.0,0.2777777777777777,0.0,1.011736139214893,G0,P1,valid,valid,zone_A,zone_A,True,0,1.0,0.0,1.0,1,False,True,
011_Et_n_Me_L,S3_separate_events,49,UCI309_laboratory,simulation,-0.6666666666666665,1.0,-0.6666666666666665,1.0,0.6666666666666665,0.0,1.011736139214893,G0,P1,valid,valid,zone_A,zone_A,True,0,1.0,0.0,1.0,1,False,True,
011_Et_n_Me_L,S3_separate_events,50,UCI309_laboratory,simulation,-1.0555555555555554,1.0,-1.0555555555555554,1.0,1.0555555555555554,0.0,1.1241512657943253,G0,P0,valid,valid,zone_A,zone_A,True,0,0.0,0.0,0.0,0,False,True,
011_Et_n_Me_L,S3_separate_events,51,UCI309_laboratory,simulation,-1.4444444444444446,1.0,-1.4444444444444446,1.0,1.4444444444444446,0.0,1.1241512657943253,G0,P0,valid,valid,zone_A,zone_A,True,0,0.0,0.0,0.0,0,False,True,
011_Et_n_Me_L,S3_separate_events,52,UCI309_laboratory,simulation,-1.833333333333333,1.0,-1.833333333333333,1.0,1.833333333333333,0.0,1.1241512657943253,G0,P0,valid,valid,zone_A,zone_A,True,0,0.0,0.0,0.0,0,False,True,
011_Et_n_Me_L,S3_separate_events,53,UCI309_laboratory,simulation,-2.2222222222222223,1.0,-2.2222222222222223,1.0,2.2222222222222223,0.0,1.011736139214893,G0,P0,valid,valid,zone_A,zone_A,True,0,0.0,0.0,0.0,0,False,True,
011_Et_n_Me_L,S3_separate_events,54,UCI309_laboratory,simulation,-2.6111111111111107,1.0,-2.6111111111111107,1.0,2.6111111111111107,0.0,1.011736139214893,G0,P0,valid,valid,zone_A,zone_A,True,0,0.0,0.0,0.0,0,False,True,
011_Et_n_Me_L,S3_separate_events,55,UCI309_laboratory,simulation,-3.0,1.0,-3.0,1.0,3.0,0.0,1.011736139214893,G0,P0,valid,valid,zone_A,zone_A,True,0,0.0,0.0,0.0,0,False,True,
011_Et_n_Me_L,S3_separate_events,56,UCI309_laboratory,simulation,-3.0,1.0,-3.0,1.0,3.0,0.0,1.011736139214893,G0,P0,valid,valid,zone_A,zone_A,True,0,0.0,0.0,0.0,0,False,True,
011_Et_n_Me_L,S3_separate_events,57,UCI309_laboratory,simulation,-3.0,1.0,-3.0,1.0,3.0,0.0,0.6744907594765952,G0,P0,valid,valid,zone_A,zone_A,True,0,0.0,0.0,0.0,0,False,True,
011_Et_n_Me_L,S3_separate_events,58,UCI309_laboratory,simulation,-3.0,1.0,-3.0,1.0,3.0,0.0,0.6744907594765952,G0,P0,valid,valid,zone_A,zone_A,True,0,0.0,0.0,0.0,0,False,True,
011_Et_n_Me_L,S3_separate_events,59,UCI309_laboratory,simulation,-3.0,1.0,-3.0,1.0,3.0,0.0,0.6744907594765952,G0,P0,valid,valid,zone_A,zone_A,True,0,0.0,0.0,0.0,0,False,True,
011_Et_n_Me_L,S3_separate_events,60,UCI309_laboratory,simulation,-3.0,1.0,-3.0,1.0,3.0,0.0,0.8431134493457441,G0,P0,valid,valid,zone_A,zone_A,True,0,0.0,0.0,0.0,0,False,True,
011_Et_n_Me_L,S3_separate_events,61,UCI309_laboratory,simulation,-3.0,1.0,-3.0,1.0,3.0,0.0,0.6744907594765952,G0,P0,valid,valid,zone_A,zone_A,True,0,0.0,0.0,0.0,0,False,True,
011_Et_n_Me_L,S3_separate_events,62,UCI309_laboratory,simulation,-3.0,1.0,-3.0,1.0,3.0,0.0,0.6744907594765952,G0,P0,valid,valid,zone_A,zone_A,True,0,0.0,0.0,0.0,0,False,True,
011_Et_n_Me_L,S3_separate_events,63,UCI309_laboratory,simulation,-3.0,1.0,-3.0,1.0,3.0,0.0,0.6744907594765952,G0,P0,valid,valid,zone_A,zone_A,True,0,0.0,0.0,0.0,0,False,True,
011_Et_n_Me_L,S3_separate_events,64,UCI309_laboratory,simulation,-3.0,1.0,-3.0,1.0,3.0,0.0,0.5620756328971627,G0,P0,valid,valid,zone_A,zone_A,True,0,0.0,0.0,0.0,0,False,True,
011_Et_n_Me_L,S3_separate_events,65,UCI309_laboratory,simulation,-3.0,1.0,-3.0,1.0,3.0,0.0,0.6744907594765952,G0,P0,valid,valid,zone_A,zone_A,True,0,0.0,0.0,0.0,0,False,True,
011_Et_n_Me_L,S3_separate_events,66,UCI309_laboratory,simulation,-3.0,1.0,-3.0,1.0,3.0,0.0,0.6744907594765952,G0,P0,valid,valid,zone_A,zone_A,True,0,0.0,0.0,0.0,0,False,True,
011_Et_n_Me_L,S3_separate_events,67,UCI309_laboratory,simulation,-3.0,1.0,-3.0,1.0,3.0,0.0,0.6744907594765952,G0,P0,valid,valid,zone_A,zone_A,True,0,0.0,0.0,0.0,0,False,True,
011_Et_n_Me_L,S3_separate_events,68,UCI309_laboratory,simulation,-3.0,1.0,-3.0,1.0,3.0,0.0,0.6744907594765952,G0,P0,valid,valid,zone_A,zone_A,True,0,0.0,0.0,0.0,0,False,True,
011_Et_n_Me_L,S3_separate_events,69,UCI309_laboratory,simulation,-3.0,1.0,-3.0,1.0,3.0,0.0,0.6744907594765952,G0,P0,valid,valid,zone_A,zone_A,True,0,0.0,0.0,0.0,0,False,True,
011_Et_n_Me_L,S3_separate_events,70,UCI309_laboratory,simulation,-3.0,1.0,-3.0,1.0,3.0,0.0,0.8431134493457441,G0,P0,valid,valid,zone_A,zone_A,True,0,0.0,0.0,0.0,0,False,True,
011_Et_n_Me_L,S3_separate_events,71,UCI309_laboratory,simulation,-3.0,1.0,-3.0,1.0,3.0,0.0,0.6744907594765952,G0,P0,valid,valid,zone_A,zone_A,True,0,0.0,0.0,0.0,0,False,True,
011_Et_n_Me_L,S3_separate_events,72,UCI309_laboratory,simulation,-3.0,1.0,-3.0,1.0,3.0,0.0,0.6744907594765952,G0,P0,valid,valid,zone_A,zone_A,True,0,0.0,0.0,0.0,0,False,True,
011_Et_n_Me_L,S3_separate_events,73,UCI309_laboratory,simulation,-3.0,1.0,-3.0,1.0,3.0,0.0,0.6744907594765952,G0,P0,valid,valid,zone_A,zone_A,True,0,0.0,0.0,0.0,0,False,True,
011_Et_n_Me_L,S3_separate_events,74,UCI309_laboratory,simulation,-3.0,1.0,-3.0,1.0,3.0,0.0,0.6744907594765952,G0,P0,valid,valid,zone_A,zone_A,True,0,0.0,0.0,0.0,0,False,True,
011_Et_n_Me_L,S3_separate_events,75,UCI309_laboratory,simulation,-3.0,1.0,-3.0,1.0,3.0,0.0,0.6744907594765952,G0,P0,valid,valid,zone_A,zone_A,True,0,0.0,0.0,0.0,0,False,True,
011_Et_n_Me_L,S3_separate_events,76,UCI309_laboratory,simulation,-3.0,1.0,-3.0,1.0,3.0,0.0,0.6744907594765952,G0,P0,valid,valid,zone_A,zone_A,True,0,0.0,0.0,0.0,0,False,True,
011_Et_n_Me_L,S3_separate_events,77,UCI309_laboratory,simulation,-3.0,1.0,-3.0,1.0,3.0,0.0,0.6744907594765952,G0,P0,valid,valid,zone_A,zone_A,True,0,0.0,0.0,0.0,0,False,True,
011_Et_n_Me_L,S3_separate_events,78,UCI309_laboratory,simulation,-3.0,1.0,-3.0,1.0,3.0,0.0,0.6744907594765952,G0,P0,valid,valid,zone_A,zone_A,True,0,0.0,0.0,0.0,0,False,True,
011_Et_n_Me_L,S3_separate_events,79,UCI309_laboratory,simulation,-3.0,1.0,-3.0,1.0,3.0,0.0,0.6744907594765952,G0,P0,valid,valid,zone_A,zone_A,True,0,0.0,0.0,0.0,0,False,True,
011_Et_n_Me_L,S3_separate_events,80,UCI309_laboratory,simulation,-3.0,1.0,-3.0,1.0,3.0,0.0,0.6744907594765952,G0,P0,valid,valid,zone_A,zone_A,True,0,0.0,0.0,0.0,0,False,True,
011_Et_n_Me_L,S3_separate_events,81,UCI309_laboratory,simulation,-3.0,1.0,-3.0,1.0,3.0,0.0,1.011736139214893,G0,P0,valid,valid,zone_A,zone_A,True,0,0.0,0.0,0.0,0,False,True,
011_Et_n_Me_L,S3_separate_events,82,UCI309_laboratory,simulation,-3.0,1.0,-3.0,1.0,3.0,0.0,1.011736139214893,G0,P0,valid,valid,zone_A,zone_A,True,0,0.0,0.0,0.0,0,False,True,
011_Et_n_Me_L,S3_separate_events,83,UCI309_laboratory,simulation,-3.0,1.0,-3.0,1.0,3.0,0.0,1.011736139214893,G0,P0,valid,valid,zone_A,zone_A,True,0,0.0,0.0,0.0,0,False,True,
011_Et_n_Me_L,S3_separate_events,84,UCI309_laboratory,simulation,-3.0,1.0,-3.0,1.0,3.0,0.0,1.011736139214893,G0,P0,valid,valid,zone_A,zone_A,True,0,0.0,0.0,0.0,0,False,True,
011_Et_n_Me_L,S3_separate_events,85,UCI309_laboratory,simulation,-3.0,1.0,-3.0,1.0,3.0,0.0,1.011736139214893,G0,P0,valid,valid,zone_A,zone_A,True,0,0.0,0.0,0.0,0,False,True,
011_Et_n_Me_L,S3_separate_events,86,UCI309_laboratory,simulation,-3.0,1.0,-3.0,1.0,3.0,0.0,1.011736139214893,G0,P0,valid,valid,zone_A,zone_A,True,0,0.0,0.0,0.0,0,False,True,
011_Et_n_Me_L,S3_separate_events,87,UCI309_laboratory,simulation,-3.0,1.0,-3.0,1.0,3.0,0.0,1.011736139214893,G0,P0,valid,valid,zone_A,zone_A,True,0,0.0,0.0,0.0,0,False,True,
011_Et_n_Me_L,S3_separate_events,88,UCI309_laboratory,simulation,-3.0,1.0,-3.0,1.0,3.0,0.0,1.3489815189531904,G0,P0,valid,valid,zone_A,zone_A,True,0,0.0,0.0,0.0,0,False,True,
011_Et_n_Me_L,S3_separate_events,89,UCI309_laboratory,simulation,-3.0,1.0,-3.0,1.0,3.0,0.0,1.3489815189531904,G0,P0,valid,valid,zone_A,zone_A,True,0,0.0,0.0,0.0,0,False,True,
011_Et_n_Me_L,S3_separate_events,90,UCI309_laboratory,simulation,-3.0,1.0,-3.0,1.0,3.0,0.0,1.6862268986914881,G0,P0,valid,valid,zone_A,zone_A,True,0,0.0,0.0,0.0,0,False,True,
011_Et_n_Me_L,S3_separate_events,91,UCI309_laboratory,simulation,-3.0,1.0,-3.0,1.0,3.0,0.0,2.023472278429786,G0,P0,valid,valid,zone_A,zone_A,True,0,0.0,0.0,0.0,0,False,True,
011_Et_n_Me_L,S3_separate_events,92,UCI309_laboratory,simulation,-3.0,1.0,-3.0,1.0,3.0,0.0,2.023472278429786,G0,P0,valid,valid,zone_A,zone_A,True,0,0.0,0.0,0.0,0,False,True,
011_Et_n_Me_L,S3_separate_events,93,UCI309_laboratory,simulation,-3.0,1.0,-3.0,1.0,3.0,0.0,2.023472278429786,G0,P0,valid,valid,zone_A,zone_A,True,0,0.0,0.0,0.0,0,False,True,
011_Et_n_Me_L,S3_separate_events,94,UCI309_laboratory,simulation,-3.0,1.0,-3.0,1.0,3.0,0.0,2.3607176581680833,G0,P0,valid,valid,zone_A,zone_A,True,0,0.0,0.0,0.0,0,False,True,
011_Et_n_Me_L,S3_separate_events,95,UCI309_laboratory,simulation,-3.0,1.0,-3.0,1.0,3.0,0.0,2.3607176581680833,G0,P0,valid,valid,zone_A,zone_A,True,0,0.0,0.0,0.0,0,False,True,
011_Et_n_Me_L,S3_separate_events,96,UCI309_laboratory,simulation,-3.0,1.0,-3.0,1.0,3.0,0.0,2.697963037906381,G0,P0,valid,valid,zone_A,zone_A,True,0,0.0,0.0,0.0,0,False,True,
011_Et_n_Me_L,S3_separate_events,97,UCI309_laboratory,simulation,-3.0,1.0,-3.0,1.0,3.0,0.0,2.697963037906381,G0,P0,valid,valid,zone_A,zone_A,True,0,0.0,0.0,0.0,0,False,True,
011_Et_n_Me_L,S3_separate_events,98,UCI309_laboratory,simulation,-3.0,1.0,-3.0,1.0,3.0,0.0,3.0352084176446787,G0,P0,valid,valid,zone_A,zone_A,True,0,0.0,0.0,0.0,0,False,True,
011_Et_n_Me_L,S3_separate_events,99,UCI309_laboratory,simulation,-3.0,1.0,-3.0,1.0,3.0,0.0,3.0092664653571175,G0,P0,valid,valid,zone_A,zone_A,True,0,0.0,0.0,0.0,0,False,True,
011_Et_n_Me_L,S3_separate_events,100,UCI309_laboratory,simulation,-3.0,1.0,-3.0,1.0,3.0,0.0,3.0092664653571175,G0,P0,valid,valid,zone_A,zone_A,True,0,0.0,0.0,0.0,0,False,True,
011_Et_n_Me_L,S3_separate_events,101,UCI309_laboratory,simulation,-3.0,1.0,-3.0,1.0,3.0,0.0,3.06115036993224,G0,P0,valid,valid,zone_A,zone_A,True,0,0.0,0.0,0.0,0,False,True,
011_Et_n_Me_L,S3_separate_events,102,UCI309_laboratory,simulation,-3.0,1.0,-3.0,1.0,3.0,0.0,3.0092664653571175,G0,P0,valid,valid,zone_A,zone_A,True,0,0.0,0.0,0.0,0,False,True,
011_Et_n_Me_L,S3_separate_events,103,UCI309_laboratory,simulation,-3.0,1.0,-3.0,1.0,3.0,0.0,3.0092664653571175,G0,P0,valid,valid,zone_A,zone_A,True,0,0.0,0.0,0.0,0,False,True,
011_Et_n_Me_L,S3_separate_events,104,UCI309_laboratory,simulation,-3.0,1.0,-3.0,1.0,3.0,0.0,3.0092664653571175,G0,P0,valid,valid,zone_A,zone_A,True,0,0.0,0.0,0.0,0,False,True,
011_Et_n_Me_L,S3_separate_events,105,UCI309_laboratory,simulation,-3.0,1.0,-3.0,1.0,3.0,0.0,3.0092664653571175,G0,P0,valid,valid,zone_A,zone_A,True,0,0.0,0.0,0.0,0,False,True,
011_Et_n_Me_L,S3_separate_events,106,UCI309_laboratory,simulation,-3.0,1.0,-3.0,1.0,3.0,0.0,3.0092664653571175,G0,P0,valid,valid,zone_A,zone_A,True,0,0.0,0.0,0.0,0,False,True,
011_Et_n_Me_L,S3_separate_events,107,UCI309_laboratory,simulation,-3.0,1.0,-3.0,1.0,3.0,0.0,3.0092664653571175,G0,P0,valid,valid,zone_A,zone_A,True,0,0.0,0.0,0.0,0,False,True,
011_Et_n_Me_L,S3_separate_events,108,UCI309_laboratory,simulation,-3.0,1.0,-3.0,1.0,3.0,0.0,3.0092664653571175,G0,P0,valid,valid,zone_A,zone_A,True,0,0.0,0.0,0.0,0,False,True,
011_Et_n_Me_L,S3_separate_events,109,UCI309_laboratory,simulation,-3.0,1.0,-3.0,1.0,3.0,0.0,3.0092664653571175,G0,P0,valid,valid,zone_A,zone_A,True,0,0.0,0.0,0.0,0,False,True,
011_Et_n_Me_L,S3_separate_events,110,UCI309_laboratory,simulation,-3.0,1.0,-3.0,1.0,3.0,0.0,3.0092664653571175,G0,P0,valid,valid,zone_A,zone_A,True,0,0.0,0.0,0.0,0,False,True,
011_Et_n_Me_L,S3_separate_events,111,UCI309_laboratory,simulation,-3.0,1.0,-3.0,1.0,3.0,0.0,3.0092664653571175,G0,P0,valid,valid,zone_A,zone_A,True,0,0.0,0.0,0.0,0,False,True,
011_Et_n_Me_L,S3_separate_events,112,UCI309_laboratory,simulation,-3.0,1.0,-3.0,1.0,3.0,0.0,3.0092664653571175,G0,P0,valid,valid,zone_A,zone_A,True,0,0.0,0.0,0.0,0,False,True,
011_Et_n_Me_L,S3_separate_events,113,UCI309_laboratory,simulation,-3.0,1.0,-3.0,1.0,3.0,0.0,3.0092664653571175,G0,P0,valid,valid,zone_A,zone_A,True,0,0.0,0.0,0.0,0,False,True,
011_Et_n_Me_L,S3_separate_events,114,UCI309_laboratory,simulation,-3.0,1.0,-3.0,1.0,3.0,0.0,3.0092664653571175,G0,P0,valid,valid,zone_A,zone_A,True,0,0.0,0.0,0.0,0,False,True,
011_Et_n_Me_L,S3_separate_events,115,UCI309_laboratory,simulation,-3.0,1.0,-3.0,1.0,3.0,0.0,3.0092664653571175,G0,P0,valid,valid,zone_A,zone_A,True,0,0.0,0.0,0.0,0,False,True,
011_Et_n_Me_L,S3_separate_events,116,UCI309_laboratory,simulation,-3.0,1.0,-3.0,1.0,3.0,0.0,3.0092664653571175,G0,P0,valid,valid,zone_A,zone_A,True,0,0.0,0.0,0.0,0,False,True,
011_Et_n_Me_L,S3_separate_events,117,UCI309_laboratory,simulation,-3.0,1.0,-3.0,1.0,3.0,0.0,3.0092664653571175,G0,P0,valid,valid,zone_A,zone_A,True,0,0.0,0.0,0.0,0,False,True,
011_Et_n_Me_L,S3_separate_events,118,UCI309_laboratory,simulation,-3.0,1.0,-3.0,1.0,3.0,0.0,3.0092664653571175,G0,P0,valid,valid,zone_A,zone_A,True,0,0.0,0.0,0.0,0,False,True,
011_Et_n_Me_L,S3_separate_events,119,UCI309_laboratory,simulation,-3.0,1.0,-3.0,1.0,3.0,0.0,3.0092664653571175,G0,P0,valid,valid,zone_A,zone_A,True,0,0.0,0.0,0.0,0,False,True,
011_Et_n_Me_L,S3_separate_events,120,UCI309_laboratory,simulation,-3.0,1.0,-3.0,1.0,3.0,0.0,3.0092664653571175,G0,P0,valid,valid,zone_A,zone_A,True,0,0.0,0.0,0.0,0,False,True,
011_Et_n_Me_L,S3_separate_events,121,UCI309_laboratory,simulation,-3.0,1.0,-3.0,1.0,3.0,0.0,3.126005250651143,G0,P0,valid,valid,zone_A,zone_A,True,0,0.0,0.0,0.0,0,False,True,
011_Et_n_Me_L,S3_separate_events,122,UCI309_laboratory,simulation,-3.0,1.0,-3.0,1.0,3.0,0.0,3.346511845095415,G0,P0,valid,valid,zone_A,zone_A,True,0,0.0,0.0,0.0,0,False,True,
011_Et_n_Me_L,S3_separate_events,123,UCI309_laboratory,simulation,-3.0,1.0,-3.0,1.0,3.0,0.0,2.9054986562068716,G0,P0,valid,valid,zone_A,zone_A,True,0,0.0,0.0,0.0,0,False,True,
011_Et_n_Me_L,S3_separate_events,124,UCI309_laboratory,simulation,-3.0,1.0,-3.0,1.0,3.0,0.0,3.2427440359451696,G0,P0,valid,valid,zone_A,zone_A,True,0,0.0,0.0,0.0,0,False,True,
011_Et_n_Me_L,S3_separate_events,125,UCI309_laboratory,simulation,-3.0,1.0,-3.0,1.0,3.0,0.0,3.2427440359451696,G0,P0,valid,valid,zone_A,zone_A,True,0,0.0,0.0,0.0,0,False,True,
011_Et_n_Me_L,S3_separate_events,126,UCI309_laboratory,simulation,-3.0,1.0,-3.0,1.0,3.0,0.0,3.2427440359451696,G0,P0,valid,valid,zone_A,zone_A,True,0,0.0,0.0,0.0,0,False,True,
011_Et_n_Me_L,S3_separate_events,127,UCI309_laboratory,simulation,-3.0,1.0,-3.0,1.0,3.0,0.0,3.2427440359451696,G0,P0,valid,valid,zone_A,zone_A,True,0,0.0,0.0,0.0,0,False,True,
011_Et_n_Me_L,S3_separate_events,128,UCI309_laboratory,simulation,-3.0,1.0,-3.0,1.0,3.0,0.0,3.2427440359451696,G0,P0,valid,valid,zone_A,zone_A,True,0,0.0,0.0,0.0,0,False,True,
011_Et_n_Me_L,S3_separate_events,129,UCI309_laboratory,simulation,-3.0,1.0,-3.0,1.0,3.0,0.0,3.2427440359451696,G0,P0,valid,valid,zone_A,zone_A,True,0,0.0,0.0,0.0,0,False,True,
011_Et_n_Me_L,S3_separate_events,130,UCI309_laboratory,simulation,-3.0,1.0,-3.0,1.0,3.0,0.0,3.2427440359451696,G0,P0,valid,valid,zone_A,zone_A,True,0,0.0,0.0,0.0,0,False,True,
011_Et_n_Me_L,S3_separate_events,131,UCI309_laboratory,simulation,-3.0,1.0,-3.0,1.0,3.0,0.0,3.2427440359451696,G0,P0,valid,valid,zone_A,zone_A,True,0,0.0,0.0,0.0,0,False,True,
011_Et_n_Me_L,S3_separate_events,132,UCI309_laboratory,simulation,-3.0,1.0,-3.0,1.0,3.0,0.0,3.2427440359451696,G0,P0,valid,valid,zone_A,zone_A,True,0,0.0,0.0,0.0,0,False,True,
011_Et_n_Me_L,S3_separate_events,133,UCI309_laboratory,simulation,-3.0,1.0,-3.0,1.0,3.0,0.0,3.2427440359451696,G0,P0,valid,valid,zone_A,zone_A,True,0,0.0,0.0,0.0,0,False,True,
011_Et_n_Me_L,S3_separate_events,134,UCI309_laboratory,simulation,-3.0,1.0,-3.0,1.0,3.0,0.0,3.2427440359451696,G0,P0,valid,valid,zone_A,zone_A,True,0,0.0,0.0,0.0,0,False,True,
011_Et_n_Me_L,S3_separate_events,135,UCI309_laboratory,simulation,-3.0,1.0,-3.0,1.0,3.0,0.0,3.2427440359451696,G0,P0,valid,valid,zone_A,zone_A,True,0,0.0,0.0,0.0,0,False,True,
011_Et_n_Me_L,S3_separate_events,136,UCI309_laboratory,simulation,-3.0,1.0,-3.0,1.0,3.0,0.0,3.2427440359451696,G0,P0,valid,valid,zone_A,zone_A,True,0,0.0,0.0,0.0,0,False,True,
011_Et_n_Me_L,S3_separate_events,137,UCI309_laboratory,simulation,-3.0,1.0,-3.0,1.0,3.0,0.0,3.2427440359451696,G0,P0,valid,valid,zone_A,zone_A,True,0,0.0,0.0,0.0,0,False,True,
011_Et_n_Me_L,S3_separate_events,138,UCI309_laboratory,simulation,-3.0,1.0,-3.0,1.0,3.0,0.0,3.2427440359451696,G0,P0,valid,valid,zone_A,zone_A,True,0,0.0,0.0,0.0,0,False,True,
011_Et_n_Me_L,S3_separate_events,139,UCI309_laboratory,simulation,-3.0,1.0,-3.0,1.0,3.0,0.0,3.2427440359451696,G0,P0,valid,valid,zone_A,zone_A,True,0,0.0,0.0,0.0,0,False,True,
011_Et_n_Me_L,S3_separate_events,140,UCI309_laboratory,simulation,-3.0,1.0,-3.0,1.0,3.0,0.0,3.2427440359451696,G0,P0,valid,valid,zone_A,zone_A,True,0,0.0,0.0,0.0,0,False,True,
011_Et_n_Me_L,S3_separate_events,141,UCI309_laboratory,simulation,-3.0,1.0,-3.0,1.0,3.0,0.0,3.2427440359451696,G0,P0,valid,valid,zone_A,zone_A,True,0,0.0,0.0,0.0,0,False,True,
011_Et_n_Me_L,S3_separate_events,142,UCI309_laboratory,simulation,-3.0,1.0,-3.0,1.0,3.0,0.0,3.579989415683467,G0,P0,valid,valid,zone_A,zone_A,True,0,0.0,0.0,0.0,0,False,True,
011_Et_n_Me_L,S3_separate_events,143,UCI309_laboratory,simulation,-3.0,1.0,-3.0,1.0,3.0,0.0,3.2427440359451696,G0,P0,valid,valid,zone_A,zone_A,True,0,0.0,0.0,0.0,0,False,True,
011_Et_n_Me_L,S3_separate_events,144,UCI309_laboratory,simulation,-3.0,1.0,-3.0,1.0,3.0,0.0,3.579989415683467,G0,P0,valid,valid,zone_A,zone_A,True,0,0.0,0.0,0.0,0,False,True,
011_Et_n_Me_L,S3_separate_events,145,UCI309_laboratory,simulation,-3.0,1.0,-3.0,1.0,3.0,0.0,3.579989415683467,G0,P0,valid,valid,zone_A,zone_A,True,0,0.0,0.0,0.0,0,False,True,
011_Et_n_Me_L,S3_separate_events,146,UCI309_laboratory,simulation,-3.0,1.0,-3.0,1.0,3.0,0.0,3.579989415683467,G0,P0,valid,valid,zone_A,zone_A,True,0,0.0,0.0,0.0,0,False,True,
011_Et_n_Me_L,S3_separate_events,147,UCI309_laboratory,simulation,-3.0,1.0,-3.0,1.0,3.0,0.0,3.579989415683467,G0,P0,valid,valid,zone_A,zone_A,True,0,0.0,0.0,0.0,0,False,True,
011_Et_n_Me_L,S3_separate_events,148,UCI309_laboratory,simulation,-3.0,1.0,-3.0,1.0,3.0,0.0,3.579989415683467,G0,P0,valid,valid,zone_A,zone_A,True,0,0.0,0.0,0.0,0,False,True,
011_Et_n_Me_L,S3_separate_events,149,UCI309_laboratory,simulation,-3.0,1.0,-3.0,1.0,3.0,0.0,3.579989415683467,G0,P0,valid,valid,zone_A,zone_A,True,0,0.0,0.0,0.0,0,False,True,
011_Et_n_Me_L,S3_separate_events,150,UCI309_laboratory,simulation,-3.0,1.0,-3.0,1.0,3.0,0.0,3.579989415683467,G0,P0,valid,valid,zone_A,zone_A,True,0,0.0,0.0,0.0,0,False,True,
011_Et_n_Me_L,S3_separate_events,151,UCI309_laboratory,simulation,-3.0,1.0,-3.0,1.0,3.0,0.0,3.579989415683467,G0,P0,valid,valid,zone_A,zone_A,True,0,0.0,0.0,0.0,0,False,True,
011_Et_n_Me_L,S3_separate_events,152,UCI309_laboratory,simulation,-3.0,1.0,-3.0,1.0,3.0,0.0,3.579989415683467,G0,P0,valid,valid,zone_A,zone_A,True,0,0.0,0.0,0.0,0,False,True,
011_Et_n_Me_L,S3_separate_events,153,UCI309_laboratory,simulation,-3.0,1.0,-3.0,1.0,3.0,0.0,3.579989415683467,G0,P0,valid,valid,zone_A,zone_A,True,0,0.0,0.0,0.0,0,False,True,
011_Et_n_Me_L,S3_separate_events,154,UCI309_laboratory,simulation,-3.0,1.0,-3.0,1.0,3.0,0.0,3.4762216065332217,G0,P0,valid,valid,zone_A,zone_A,True,0,0.0,0.0,0.0,0,False,True,
011_Et_n_Me_L,S3_separate_events,155,UCI309_laboratory,simulation,-3.0,1.0,-3.0,1.0,3.0,0.0,3.4762216065332217,G0,P0,valid,valid,zone_A,zone_A,True,0,0.0,0.0,0.0,0,False,True,
011_Et_n_Me_L,S3_separate_events,156,UCI309_laboratory,simulation,-3.0,1.0,-3.0,1.0,3.0,0.0,3.4762216065332217,G0,P0,valid,valid,zone_A,zone_A,True,0,0.0,0.0,0.0,0,False,True,
011_Et_n_Me_L,S3_separate_events,157,UCI309_laboratory,simulation,-3.0,1.0,-3.0,1.0,3.0,0.0,3.3724537973829762,G0,P0,valid,valid,zone_A,zone_A,True,0,0.0,0.0,0.0,0,False,True,
011_Et_n_Me_L,S3_separate_events,158,UCI309_laboratory,simulation,-3.0,1.0,-3.0,1.0,3.0,0.0,3.3724537973829762,G0,P0,valid,valid,zone_A,zone_A,True,0,0.0,0.0,0.0,0,False,True,
011_Et_n_Me_L,S3_separate_events,159,UCI309_laboratory,simulation,-3.0,1.0,-3.0,1.0,3.0,0.0,3.3724537973829762,G0,P0,valid,valid,zone_A,zone_A,True,0,0.0,0.0,0.0,0,False,True,
011_Et_n_Me_L,S3_separate_events,160,UCI309_laboratory,simulation,-3.0,1.0,-3.0,1.0,3.0,0.0,3.3205698928078533,G0,P0,valid,valid,zone_A,zone_A,True,0,0.0,0.0,0.0,0,False,True,
011_Et_n_Me_L,S3_separate_events,161,UCI309_laboratory,simulation,-3.0,1.0,-3.0,1.0,3.0,0.0,3.268685988232731,G0,P0,valid,valid,zone_A,zone_A,True,0,0.0,0.0,0.0,0,False,True,
011_Et_n_Me_L,S3_separate_events,162,UCI309_laboratory,simulation,-3.0,1.0,-3.0,1.0,3.0,0.0,3.268685988232731,G0,P0,valid,valid,zone_A,zone_A,True,0,0.0,0.0,0.0,0,False,True,
011_Et_n_Me_L,S3_separate_events,163,UCI309_laboratory,simulation,-3.0,1.0,-3.0,1.0,3.0,0.0,3.268685988232731,G0,P0,valid,valid,zone_A,zone_A,True,0,0.0,0.0,0.0,0,False,True,
011_Et_n_Me_L,S3_separate_events,164,UCI309_laboratory,simulation,-3.0,1.0,-3.0,1.0,3.0,0.0,3.268685988232731,G0,P0,valid,valid,zone_A,zone_A,True,0,0.0,0.0,0.0,0,False,True,
011_Et_n_Me_L,S3_separate_events,165,UCI309_laboratory,simulation,-3.0,1.0,-3.0,1.0,3.0,0.0,3.502163558820783,G0,P0,valid,valid,zone_A,zone_A,True,0,0.0,0.0,0.0,0,False,True,
011_Et_n_Me_L,S3_separate_events,166,UCI309_laboratory,simulation,-3.0,1.0,-3.0,1.0,3.0,0.0,3.1649181790824854,G0,P0,valid,valid,zone_A,zone_A,True,0,0.0,0.0,0.0,0,False,True,
011_Et_n_Me_L,S3_separate_events,167,UCI309_laboratory,simulation,-3.0,1.0,-3.0,1.0,3.0,0.0,3.1649181790824854,G0,P0,valid,valid,zone_A,zone_A,True,0,0.0,0.0,0.0,0,False,True,
011_Et_n_Me_L,S3_separate_events,168,UCI309_laboratory,simulation,-3.0,1.0,-3.0,1.0,3.0,0.0,3.1649181790824854,G0,P0,valid,valid,zone_A,zone_A,True,0,0.0,0.0,0.0,0,False,True,
011_Et_n_Me_L,S3_separate_events,169,UCI309_laboratory,simulation,-3.0,1.0,-3.0,1.0,3.0,0.0,3.1649181790824854,G0,P0,valid,valid,zone_A,zone_A,True,0,0.0,0.0,0.0,0,False,True,
011_Et_n_Me_L,S3_separate_events,170,UCI309_laboratory,simulation,-3.0,1.0,-3.0,1.0,3.0,0.0,3.3335408689516344,G0,P0,valid,valid,zone_A,zone_A,True,0,0.0,0.0,0.0,0,False,True,
011_Et_n_Me_L,S3_separate_events,171,UCI309_laboratory,simulation,-3.0,1.0,-3.0,1.0,3.0,0.0,3.06115036993224,G0,P0,valid,valid,zone_A,zone_A,True,0,0.0,0.0,0.0,0,False,True,
011_Et_n_Me_L,S3_separate_events,172,UCI309_laboratory,simulation,-3.0,1.0,-3.0,1.0,3.0,0.0,3.06115036993224,G0,P0,valid,valid,zone_A,zone_A,True,0,0.0,0.0,0.0,0,False,True,
011_Et_n_Me_L,S3_separate_events,173,UCI309_laboratory,simulation,-3.0,1.0,-3.0,1.0,3.0,0.0,3.06115036993224,G0,P0,valid,valid,zone_A,zone_A,True,0,0.0,0.0,0.0,0,False,True,
011_Et_n_Me_L,S3_separate_events,174,UCI309_laboratory,simulation,-3.0,1.0,-3.0,1.0,3.0,0.0,3.06115036993224,G0,P0,valid,valid,zone_A,zone_A,True,0,0.0,0.0,0.0,0,False,True,
011_Et_n_Me_L,S3_separate_events,175,UCI309_laboratory,simulation,-3.0,1.0,-3.0,1.0,3.0,0.0,3.06115036993224,G0,P0,valid,valid,zone_A,zone_A,True,0,0.0,0.0,0.0,0,False,True,
011_Et_n_Me_L,S3_separate_events,176,UCI309_laboratory,simulation,-3.0,1.0,-3.0,1.0,3.0,0.0,3.06115036993224,G0,P0,valid,valid,zone_A,zone_A,True,0,0.0,0.0,0.0,0,False,True,
011_Et_n_Me_L,S3_separate_events,177,UCI309_laboratory,simulation,-3.0,1.0,-3.0,1.0,3.0,0.0,3.06115036993224,G0,P0,valid,valid,zone_A,zone_A,True,0,0.0,0.0,0.0,0,False,True,
011_Et_n_Me_L,S3_separate_events,178,UCI309_laboratory,simulation,-3.0,1.0,-3.0,1.0,3.0,0.0,2.957382560781994,G0,P0,valid,valid,zone_A,zone_A,True,0,0.0,0.0,0.0,0,False,True,
011_Et_n_Me_L,S3_separate_events,179,UCI309_laboratory,simulation,-3.0,1.0,-3.0,1.0,3.0,0.0,2.957382560781994,G0,P0,valid,valid,zone_A,zone_A,True,0,0.0,0.0,0.0,0,False,True,
011_Et_n_Me_L,S3_separate_events,180,UCI309_laboratory,simulation,-3.0,1.0,-3.0,1.0,3.0,0.0,2.957382560781994,G0,P0,valid,valid,zone_A,zone_A,True,0,0.0,0.0,0.0,0,False,True,
011_Et_n_Me_L,S3_separate_events,181,UCI309_laboratory,simulation,-3.0,1.0,-3.0,1.0,3.0,0.0,2.957382560781994,G0,P0,valid,valid,zone_A,zone_A,True,0,0.0,0.0,0.0,0,False,True,
011_Et_n_Me_L,S3_separate_events,182,UCI309_laboratory,simulation,-3.0,1.0,-3.0,1.0,3.0,0.0,2.957382560781994,G0,P0,valid,valid,zone_A,zone_A,True,0,0.0,0.0,0.0,0,False,True,
011_Et_n_Me_L,S3_separate_events,183,UCI309_laboratory,simulation,-3.0,1.0,-3.0,1.0,3.0,0.0,2.853614751631749,G0,P0,valid,valid,zone_A,zone_A,True,0,0.0,0.0,0.0,0,False,True,
011_Et_n_Me_L,S3_separate_events,184,UCI309_laboratory,simulation,-3.0,1.0,-3.0,1.0,3.0,0.0,2.853614751631749,G0,P0,valid,valid,zone_A,zone_A,True,0,0.0,0.0,0.0,0,False,True,
011_Et_n_Me_L,S3_separate_events,185,UCI309_laboratory,simulation,-3.0,1.0,-3.0,1.0,3.0,0.0,2.853614751631749,G0,P0,valid,valid,zone_A,zone_A,True,0,0.0,0.0,0.0,0,False,True,
011_Et_n_Me_L,S3_separate_events,186,UCI309_laboratory,simulation,-3.0,1.0,-3.0,1.0,3.0,0.0,2.853614751631749,G0,P0,valid,valid,zone_A,zone_A,True,0,0.0,0.0,0.0,0,False,True,
011_Et_n_Me_L,S3_separate_events,187,UCI309_laboratory,simulation,-3.0,1.0,-3.0,1.0,3.0,0.0,2.853614751631749,G0,P0,valid,valid,zone_A,zone_A,True,0,0.0,0.0,0.0,0,False,True,
011_Et_n_Me_L,S3_separate_events,188,UCI309_laboratory,simulation,-3.0,1.0,-3.0,1.0,3.0,0.0,2.853614751631749,G0,P0,valid,valid,zone_A,zone_A,True,0,0.0,0.0,0.0,0,False,True,
011_Et_n_Me_L,S3_separate_events,189,UCI309_laboratory,simulation,-3.0,1.0,-3.0,1.0,3.0,0.0,2.853614751631749,G0,P0,valid,valid,zone_A,zone_A,True,0,0.0,0.0,0.0,0,False,True,
011_Et_n_Me_L,S3_separate_events,190,UCI309_laboratory,simulation,-3.0,1.0,-3.0,1.0,3.0,0.0,2.853614751631749,G0,P0,valid,valid,zone_A,zone_A,True,0,0.0,0.0,0.0,0,False,True,
011_Et_n_Me_L,S3_separate_events,191,UCI309_laboratory,simulation,-3.0,1.0,-3.0,1.0,3.0,0.0,2.853614751631749,G0,P0,valid,valid,zone_A,zone_A,True,0,0.0,0.0,0.0,0,False,True,
011_Et_n_Me_L,S3_separate_events,192,UCI309_laboratory,simulation,-3.0,1.0,-3.0,1.0,3.0,0.0,2.7498469424815033,G0,P0,valid,valid,zone_A,zone_A,True,0,0.0,0.0,0.0,0,False,True,
011_Et_n_Me_L,S3_separate_events,193,UCI309_laboratory,simulation,-3.0,1.0,-3.0,1.0,3.0,0.0,2.7498469424815033,G0,P0,valid,valid,zone_A,zone_A,True,0,0.0,0.0,0.0,0,False,True,
011_Et_n_Me_L,S3_separate_events,194,UCI309_laboratory,simulation,-3.0,1.0,-3.0,1.0,3.0,0.0,2.7498469424815033,G0,P0,valid,valid,zone_A,zone_A,True,0,0.0,0.0,0.0,0,False,True,
011_Et_n_Me_L,S3_separate_events,195,UCI309_laboratory,simulation,-3.0,1.0,-3.0,1.0,3.0,0.0,2.7498469424815033,G0,P0,valid,valid,zone_A,zone_A,True,0,0.0,0.0,0.0,0,False,True,
011_Et_n_Me_L,S3_separate_events,196,UCI309_laboratory,simulation,-3.0,1.0,-3.0,1.0,3.0,0.0,2.9184696323506523,G0,P0,valid,valid,zone_A,zone_A,True,0,0.0,0.0,0.0,0,False,True,
011_Et_n_Me_L,S3_separate_events,197,UCI309_laboratory,simulation,-3.0,1.0,-3.0,1.0,3.0,0.0,2.7498469424815033,G0,P0,valid,valid,zone_A,zone_A,True,0,0.0,0.0,0.0,0,False,True,
011_Et_n_Me_L,S3_separate_events,198,UCI309_laboratory,simulation,-3.0,1.0,-3.0,1.0,3.0,0.0,2.7498469424815033,G0,P0,valid,valid,zone_A,zone_A,True,0,0.0,0.0,0.0,0,False,True,
011_Et_n_Me_L,S3_separate_events,199,UCI309_laboratory,simulation,-3.0,1.0,-3.0,1.0,3.0,0.0,2.7498469424815033,G0,P0,valid,valid,zone_A,zone_A,True,0,0.0,0.0,0.0,0,False,True,
011_Et_n_Me_L,S3_separate_events,200,UCI309_laboratory,simulation,-3.0,1.0,-3.0,1.0,3.0,0.0,2.7498469424815033,G0,P0,valid,valid,zone_A,zone_A,True,0,0.0,0.0,0.0,0,False,True,
011_Et_n_Me_L,S3_separate_events,201,UCI309_laboratory,simulation,-3.0,1.0,-3.0,1.0,3.0,0.0,2.9184696323506523,G0,P0,valid,valid,zone_A,zone_A,True,0,0.0,0.0,0.0,0,False,True,
011_Et_n_Me_L,S3_separate_events,202,UCI309_laboratory,simulation,-3.0,1.0,-3.0,1.0,3.0,0.0,2.7498469424815033,G0,P0,valid,valid,zone_A,zone_A,True,0,0.0,0.0,0.0,0,False,True,
011_Et_n_Me_L,S3_separate_events,203,UCI309_laboratory,simulation,-3.0,1.0,-3.0,1.0,3.0,0.0,3.0870923222198012,G0,P0,valid,valid,zone_A,zone_A,True,0,0.0,0.0,0.0,0,False,True,
011_Et_n_Me_L,S3_separate_events,204,UCI309_laboratory,simulation,-3.0,1.0,-3.0,1.0,3.0,0.0,2.9184696323506523,G0,P0,valid,valid,zone_A,zone_A,True,0,0.0,0.0,0.0,0,False,True,
011_Et_n_Me_L,S3_separate_events,205,UCI309_laboratory,simulation,-3.0,1.0,-3.0,1.0,3.0,0.0,2.7498469424815033,G0,P0,valid,valid,zone_A,zone_A,True,0,0.0,0.0,0.0,0,False,True,
011_Et_n_Me_L,S3_separate_events,206,UCI309_laboratory,simulation,-3.0,1.0,-3.0,1.0,3.0,0.0,2.9184696323506523,G0,P0,valid,valid,zone_A,zone_A,True,0,0.0,0.0,0.0,0,False,True,
011_Et_n_Me_L,S3_separate_events,207,UCI309_laboratory,simulation,-3.0,1.0,-3.0,1.0,3.0,0.0,2.7498469424815033,G0,P0,valid,valid,zone_A,zone_A,True,0,0.0,0.0,0.0,0,False,True,
011_Et_n_Me_L,S3_separate_events,208,UCI309_laboratory,simulation,-3.0,1.0,-3.0,1.0,3.0,0.0,3.0870923222198012,G0,P0,valid,valid,zone_A,zone_A,True,0,0.0,0.0,0.0,0,False,True,
011_Et_n_Me_L,S3_separate_events,209,UCI309_laboratory,simulation,-3.0,1.0,-3.0,1.0,3.0,0.0,2.983324513069556,G0,P0,valid,valid,zone_A,zone_A,True,0,0.0,0.0,0.0,0,False,True,
011_Et_n_Me_L,S3_separate_events,210,UCI309_laboratory,simulation,-3.0,1.0,-3.0,1.0,3.0,0.0,2.983324513069556,G0,P0,valid,valid,zone_A,zone_A,True,0,0.0,0.0,0.0,0,False,True,
011_Et_n_Me_L,S3_separate_events,211,UCI309_laboratory,simulation,-3.0,1.0,-3.0,1.0,3.0,0.0,2.814701823200407,G0,P0,valid,valid,zone_A,zone_A,True,0,0.0,0.0,0.0,0,False,True,
011_Et_n_Me_L,S3_separate_events,212,UCI309_laboratory,simulation,-3.0,1.0,-3.0,1.0,3.0,0.0,2.983324513069556,G0,P0,valid,valid,zone_A,zone_A,True,0,0.0,0.0,0.0,0,False,True,
011_Et_n_Me_L,S3_separate_events,213,UCI309_laboratory,simulation,-3.0,1.0,-3.0,1.0,3.0,0.0,2.6460791333312583,G0,P0,valid,valid,zone_A,zone_A,True,0,0.0,0.0,0.0,0,False,True,
011_Et_n_Me_L,S3_separate_events,214,UCI309_laboratory,simulation,-3.0,1.0,-3.0,1.0,3.0,0.0,2.6460791333312583,G0,P0,valid,valid,zone_A,zone_A,True,0,0.0,0.0,0.0,0,False,True,
011_Et_n_Me_L,S3_separate_events,215,UCI309_laboratory,simulation,-3.0,1.0,-3.0,1.0,3.0,0.0,2.7109340140501614,G0,P0,valid,valid,zone_A,zone_A,True,0,0.0,0.0,0.0,0,False,True,
011_Et_n_Me_L,S3_separate_events,216,UCI309_laboratory,simulation,-3.0,1.0,-3.0,1.0,3.0,0.0,2.5423113241810125,G0,P0,valid,valid,zone_A,zone_A,True,0,0.0,0.0,0.0,0,False,True,
011_Et_n_Me_L,S3_separate_events,217,UCI309_laboratory,simulation,-3.0,1.0,-3.0,1.0,3.0,0.0,2.5423113241810125,G0,P0,valid,valid,zone_A,zone_A,True,0,0.0,0.0,0.0,0,False,True,
011_Et_n_Me_L,S3_separate_events,218,UCI309_laboratory,simulation,-3.0,1.0,-3.0,1.0,3.0,0.0,2.585547911326948,G0,P0,valid,valid,zone_A,zone_A,True,0,0.0,0.0,0.0,0,False,True,
011_Et_n_Me_L,S3_separate_events,219,UCI309_laboratory,simulation,-3.0,1.0,-3.0,1.0,3.0,0.0,2.585547911326948,G0,P0,valid,valid,zone_A,zone_A,True,0,0.0,0.0,0.0,0,False,True,
011_Et_n_Me_L,S3_separate_events,220,UCI309_laboratory,simulation,-3.0,1.0,-3.0,1.0,3.0,0.0,2.5423113241810125,G0,P0,valid,valid,zone_A,zone_A,True,0,0.0,0.0,0.0,0,False,True,
011_Et_n_Me_L,S3_separate_events,221,UCI309_laboratory,simulation,-3.0,1.0,-3.0,1.0,3.0,0.0,2.585547911326948,G0,P0,valid,valid,zone_A,zone_A,True,0,0.0,0.0,0.0,0,False,True,
011_Et_n_Me_L,S3_separate_events,222,UCI309_laboratory,simulation,-3.0,1.0,-3.0,1.0,3.0,0.0,2.5423113241810125,G0,P0,valid,valid,zone_A,zone_A,True,0,0.0,0.0,0.0,0,False,True,
011_Et_n_Me_L,S3_separate_events,223,UCI309_laboratory,simulation,-3.0,1.0,-3.0,1.0,3.0,0.0,2.5423113241810125,G0,P0,valid,valid,zone_A,zone_A,True,0,0.0,0.0,0.0,0,False,True,
011_Et_n_Me_L,S3_separate_events,224,UCI309_laboratory,simulation,-3.0,1.0,-3.0,1.0,3.0,0.0,2.4385435150307675,G0,P0,valid,valid,zone_A,zone_A,True,0,0.0,0.0,0.0,0,False,True,
011_Et_n_Me_L,S3_separate_events,225,UCI309_laboratory,simulation,-3.0,1.0,-3.0,1.0,3.0,0.0,2.585547911326948,G0,P0,valid,valid,zone_A,zone_A,True,0,0.0,0.0,0.0,0,False,True,
011_Et_n_Me_L,S3_separate_events,226,UCI309_laboratory,simulation,-3.0,1.0,-3.0,1.0,3.0,0.0,2.5423113241810125,G0,P0,valid,valid,zone_A,zone_A,True,0,0.0,0.0,0.0,0,False,True,
011_Et_n_Me_L,S3_separate_events,227,UCI309_laboratory,simulation,-3.0,1.0,-3.0,1.0,3.0,0.0,2.5423113241810125,G0,P0,valid,valid,zone_A,zone_A,True,0,0.0,0.0,0.0,0,False,True,
011_Et_n_Me_L,S3_separate_events,228,UCI309_laboratory,simulation,-3.0,1.0,-3.0,1.0,3.0,0.0,2.49042741960589,G0,P0,valid,valid,zone_A,zone_A,True,0,0.0,0.0,0.0,0,False,True,
011_Et_n_Me_L,S3_separate_events,229,UCI309_laboratory,simulation,-3.0,1.0,-3.0,1.0,3.0,0.0,2.4385435150307675,G0,P0,valid,valid,zone_A,zone_A,True,0,0.0,0.0,0.0,0,False,True,
011_Et_n_Me_L,S3_separate_events,230,UCI309_laboratory,simulation,-3.0,1.0,-3.0,1.0,3.0,0.0,2.4385435150307675,G0,P0,valid,valid,zone_A,zone_A,True,0,0.0,0.0,0.0,0,False,True,
011_Et_n_Me_L,S3_separate_events,231,UCI309_laboratory,simulation,-3.0,1.0,-3.0,1.0,3.0,0.0,2.4385435150307675,G0,P0,valid,valid,zone_A,zone_A,True,0,0.0,0.0,0.0,0,False,True,
011_Et_n_Me_L,S3_separate_events,232,UCI309_laboratory,simulation,-3.0,1.0,-3.0,1.0,3.0,0.0,2.4385435150307675,G0,P0,valid,valid,zone_A,zone_A,True,0,0.0,0.0,0.0,0,False,True,
011_Et_n_Me_L,S3_separate_events,233,UCI309_laboratory,simulation,-3.0,1.0,-3.0,1.0,3.0,0.0,2.6417554746166645,G0,P0,valid,valid,zone_A,zone_A,True,0,0.0,0.0,0.0,0,False,True,
011_Et_n_Me_L,S3_separate_events,234,UCI309_laboratory,simulation,-3.0,1.0,-3.0,1.0,3.0,0.0,2.4731327847475155,G0,P0,valid,valid,zone_A,zone_A,True,0,0.0,0.0,0.0,0,False,True,
011_Et_n_Me_L,S3_separate_events,235,UCI309_laboratory,simulation,-3.0,1.0,-3.0,1.0,3.0,0.0,2.585547911326948,G0,P0,valid,valid,zone_A,zone_A,True,0,0.0,0.0,0.0,0,False,True,
011_Et_n_Me_L,S3_separate_events,236,UCI309_laboratory,simulation,-3.0,1.0,-3.0,1.0,3.0,0.0,2.8103781644858135,G0,P0,valid,valid,zone_A,zone_A,True,0,0.0,0.0,0.0,0,False,True,
011_Et_n_Me_L,S3_separate_events,237,UCI309_laboratory,simulation,-3.0,1.0,-3.0,1.0,3.0,0.0,2.585547911326948,G0,P0,valid,valid,zone_A,zone_A,True,0,0.0,0.0,0.0,0,False,True,
011_Et_n_Me_L,S3_separate_events,238,UCI309_laboratory,simulation,-3.0,1.0,-3.0,1.0,3.0,0.0,2.922793291065246,G0,P0,valid,valid,zone_A,zone_A,True,0,0.0,0.0,0.0,0,False,True,
011_Et_n_Me_L,S3_separate_events,239,UCI309_laboratory,simulation,-3.0,1.0,-3.0,1.0,3.0,0.0,2.922793291065246,G0,P0,valid,valid,zone_A,zone_A,True,0,0.0,0.0,0.0,0,False,True,
011_Et_n_Me_L,S3_separate_events,240,UCI309_laboratory,simulation,-3.0,1.0,-3.0,1.0,3.0,0.0,2.922793291065246,G0,P0,valid,valid,zone_A,zone_A,True,0,0.0,0.0,0.0,0,False,True,
011_Et_n_Me_L,S4_gas_dropout,26,UCI309_laboratory,simulation,-3.0,1.0,-3.0,1.0,3.0,0.0,1.1803588290840417,G0,P0,valid,valid,zone_A,zone_A,True,0,0.0,0.0,0.0,0,False,True,
011_Et_n_Me_L,S4_gas_dropout,27,UCI309_laboratory,simulation,-3.0,1.0,-3.0,1.0,3.0,0.0,1.011736139214893,G0,P0,valid,valid,zone_A,zone_A,True,0,0.0,0.0,0.0,0,False,True,
011_Et_n_Me_L,S4_gas_dropout,28,UCI309_laboratory,simulation,-3.0,1.0,-3.0,1.0,3.0,0.0,1.1803588290840417,G0,P0,valid,valid,zone_A,zone_A,True,0,0.0,0.0,0.0,0,False,True,
011_Et_n_Me_L,S4_gas_dropout,29,UCI309_laboratory,simulation,-3.0,1.0,-3.0,1.0,3.0,0.0,1.1803588290840417,G0,P0,valid,valid,zone_A,zone_A,True,0,0.0,0.0,0.0,0,False,True,
011_Et_n_Me_L,S4_gas_dropout,30,UCI309_laboratory,simulation,-3.0,1.0,-3.0,1.0,3.0,0.0,1.1241512657943253,G0,P0,valid,valid,zone_A,zone_A,True,0,0.0,0.0,0.0,0,False,True,
011_Et_n_Me_L,S4_gas_dropout,31,UCI309_laboratory,simulation,-3.0,1.0,-3.0,1.0,3.0,0.0,1.1241512657943253,G0,P0,valid,valid,zone_A,zone_A,True,0,0.0,0.0,0.0,0,False,True,
011_Et_n_Me_L,S4_gas_dropout,32,UCI309_laboratory,simulation,-3.0,1.0,-3.0,1.0,3.0,0.0,1.1241512657943253,G0,P0,valid,valid,zone_A,zone_A,True,0,0.0,0.0,0.0,0,False,True,
011_Et_n_Me_L,S4_gas_dropout,33,UCI309_laboratory,simulation,-3.0,1.0,-3.0,1.0,3.0,0.0,1.3489815189531904,G0,P0,valid,valid,zone_A,zone_A,True,0,0.0,0.0,0.0,0,False,True,
011_Et_n_Me_L,S4_gas_dropout,34,UCI309_laboratory,simulation,-3.0,1.0,-3.0,1.0,3.0,0.0,1.1241512657943253,G0,P0,valid,valid,zone_A,zone_A,True,0,0.0,0.0,0.0,0,False,True,
011_Et_n_Me_L,S4_gas_dropout,35,UCI309_laboratory,simulation,-3.0,1.0,-3.0,1.0,3.0,0.0,1.1803588290840417,G0,P0,valid,valid,zone_A,zone_A,True,0,0.0,0.0,0.0,0,False,True,
011_Et_n_Me_L,S4_gas_dropout,36,UCI309_laboratory,simulation,-3.0,1.0,-3.0,1.0,3.0,0.0,1.1241512657943253,G0,P0,valid,valid,zone_A,zone_A,True,0,0.0,0.0,0.0,0,False,True,
011_Et_n_Me_L,S4_gas_dropout,37,UCI309_laboratory,simulation,-3.0,1.0,-3.0,1.0,3.0,0.0,1.1241512657943253,G0,P0,valid,valid,zone_A,zone_A,True,0,0.0,0.0,0.0,0,False,True,
011_Et_n_Me_L,S4_gas_dropout,38,UCI309_laboratory,simulation,-3.0,1.0,-3.0,1.0,3.0,0.0,1.3489815189531904,G0,P0,valid,valid,zone_A,zone_A,True,0,0.0,0.0,0.0,0,False,True,
011_Et_n_Me_L,S4_gas_dropout,39,UCI309_laboratory,simulation,-3.0,1.0,-3.0,1.0,3.0,0.0,1.1241512657943253,G0,P0,valid,valid,zone_A,zone_A,True,0,0.0,0.0,0.0,0,False,True,
011_Et_n_Me_L,S4_gas_dropout,40,UCI309_laboratory,simulation,-3.0,1.0,-3.0,1.0,3.0,0.0,1.3489815189531904,G0,P0,valid,valid,zone_A,zone_A,True,0,0.0,0.0,0.0,0,False,True,
011_Et_n_Me_L,S4_gas_dropout,41,UCI309_laboratory,simulation,-3.0,1.0,-3.0,1.0,3.0,0.0,1.3489815189531904,G0,P0,valid,valid,zone_A,zone_A,True,0,0.0,0.0,0.0,0,False,True,
011_Et_n_Me_L,S4_gas_dropout,42,UCI309_laboratory,simulation,-3.0,1.0,-3.0,1.0,3.0,0.0,1.5176042088223394,G0,P0,valid,valid,zone_A,zone_A,True,0,0.0,0.0,0.0,0,False,True,
011_Et_n_Me_L,S4_gas_dropout,43,UCI309_laboratory,simulation,-3.0,1.0,-3.0,1.0,3.0,0.0,1.2365663923737578,G0,P0,valid,valid,zone_A,zone_A,True,0,0.0,0.0,0.0,0,False,True,
011_Et_n_Me_L,S4_gas_dropout,44,UCI309_laboratory,simulation,-3.0,1.0,-3.0,1.0,3.0,0.0,1.2365663923737578,G0,P0,valid,valid,zone_A,zone_A,True,0,0.0,0.0,0.0,0,False,True,
011_Et_n_Me_L,S4_gas_dropout,45,UCI309_laboratory,simulation,-3.0,1.0,-3.0,1.0,3.0,0.0,1.292773955663474,G0,P0,valid,valid,zone_A,zone_A,True,0,0.0,0.0,0.0,0,False,True,
011_Et_n_Me_L,S4_gas_dropout,46,UCI309_laboratory,simulation,-3.0,1.0,-3.0,1.0,3.0,0.0,1.1241512657943253,G0,P0,valid,valid,zone_A,zone_A,True,0,0.0,0.0,0.0,0,False,True,
011_Et_n_Me_L,S4_gas_dropout,47,UCI309_laboratory,simulation,-3.0,1.0,-3.0,1.0,3.0,0.0,1.011736139214893,G0,P0,valid,valid,zone_A,zone_A,True,0,0.0,0.0,0.0,0,False,True,
011_Et_n_Me_L,S4_gas_dropout,48,UCI309_laboratory,simulation,-3.0,1.0,-3.0,1.0,3.0,0.0,1.011736139214893,G0,P0,valid,valid,zone_A,zone_A,True,0,0.0,0.0,0.0,0,False,True,
011_Et_n_Me_L,S4_gas_dropout,49,UCI309_laboratory,simulation,-3.0,1.0,-3.0,1.0,3.0,0.0,1.011736139214893,G0,P0,valid,valid,zone_A,zone_A,True,0,0.0,0.0,0.0,0,False,True,
011_Et_n_Me_L,S4_gas_dropout,50,UCI309_laboratory,simulation,-3.0,1.0,-3.0,1.0,3.0,0.0,1.1241512657943253,G0,P0,valid,valid,zone_A,zone_A,True,0,0.0,0.0,0.0,0,False,True,
011_Et_n_Me_L,S4_gas_dropout,51,UCI309_laboratory,simulation,-3.0,1.0,-3.0,1.0,3.0,0.0,1.1241512657943253,G0,P0,valid,valid,zone_A,zone_A,True,0,0.0,0.0,0.0,0,False,True,
011_Et_n_Me_L,S4_gas_dropout,52,UCI309_laboratory,simulation,-3.0,1.0,-3.0,1.0,3.0,0.0,1.1241512657943253,G0,P0,valid,valid,zone_A,zone_A,True,0,0.0,0.0,0.0,0,False,True,
011_Et_n_Me_L,S4_gas_dropout,53,UCI309_laboratory,simulation,-3.0,1.0,-3.0,1.0,3.0,0.0,1.011736139214893,G0,P0,valid,valid,zone_A,zone_A,True,0,0.0,0.0,0.0,0,False,True,
011_Et_n_Me_L,S4_gas_dropout,54,UCI309_laboratory,simulation,-3.0,1.0,-3.0,1.0,3.0,0.0,1.011736139214893,G0,P0,valid,valid,zone_A,zone_A,True,0,0.0,0.0,0.0,0,False,True,
011_Et_n_Me_L,S4_gas_dropout,55,UCI309_laboratory,simulation,-3.0,1.0,-3.0,1.0,3.0,0.0,1.011736139214893,G0,P0,valid,valid,zone_A,zone_A,True,0,0.0,0.0,0.0,0,False,True,
011_Et_n_Me_L,S4_gas_dropout,56,UCI309_laboratory,simulation,-3.0,1.0,-3.0,1.0,3.0,0.0,1.011736139214893,G0,P0,valid,valid,zone_A,zone_A,True,0,0.0,0.0,0.0,0,False,True,
011_Et_n_Me_L,S4_gas_dropout,57,UCI309_laboratory,simulation,-3.0,1.0,-3.0,1.0,3.0,0.0,0.6744907594765952,G0,P0,valid,valid,zone_A,zone_A,True,0,0.0,0.0,0.0,0,False,True,
011_Et_n_Me_L,S4_gas_dropout,58,UCI309_laboratory,simulation,-3.0,1.0,-3.0,1.0,3.0,0.0,0.6744907594765952,G0,P0,valid,valid,zone_A,zone_A,True,0,0.0,0.0,0.0,0,False,True,
011_Et_n_Me_L,S4_gas_dropout,59,UCI309_laboratory,simulation,-3.0,1.0,-3.0,1.0,3.0,0.0,0.6744907594765952,G0,P0,valid,valid,zone_A,zone_A,True,0,0.0,0.0,0.0,0,False,True,
011_Et_n_Me_L,S4_gas_dropout,60,UCI309_laboratory,simulation,-3.0,1.0,-3.0,1.0,3.0,0.0,0.8431134493457441,G0,P0,valid,valid,zone_A,zone_A,True,0,0.0,0.0,0.0,0,False,True,
011_Et_n_Me_L,S4_gas_dropout,61,UCI309_laboratory,simulation,-3.0,1.0,-3.0,1.0,3.0,0.0,0.6744907594765952,G0,P0,valid,valid,zone_A,zone_A,True,0,0.0,0.0,0.0,0,False,True,
011_Et_n_Me_L,S4_gas_dropout,62,UCI309_laboratory,simulation,-3.0,1.0,-3.0,1.0,3.0,0.0,0.6744907594765952,G0,P0,valid,valid,zone_A,zone_A,True,0,0.0,0.0,0.0,0,False,True,
011_Et_n_Me_L,S4_gas_dropout,63,UCI309_laboratory,simulation,-3.0,1.0,-3.0,1.0,3.0,0.0,0.6744907594765952,G0,P0,valid,valid,zone_A,zone_A,True,0,0.0,0.0,0.0,0,False,True,
011_Et_n_Me_L,S4_gas_dropout,64,UCI309_laboratory,simulation,-3.0,1.0,-3.0,1.0,3.0,0.0,0.5620756328971627,G0,P0,valid,valid,zone_A,zone_A,True,0,0.0,0.0,0.0,0,False,True,
011_Et_n_Me_L,S4_gas_dropout,65,UCI309_laboratory,simulation,-3.0,1.0,-3.0,1.0,3.0,0.0,0.6744907594765952,G0,P0,valid,valid,zone_A,zone_A,True,0,0.0,0.0,0.0,0,False,True,
011_Et_n_Me_L,S4_gas_dropout,66,UCI309_laboratory,simulation,-3.0,1.0,-3.0,1.0,3.0,0.0,0.6744907594765952,G0,P0,valid,valid,zone_A,zone_A,True,0,0.0,0.0,0.0,0,False,True,
011_Et_n_Me_L,S4_gas_dropout,67,UCI309_laboratory,simulation,-3.0,1.0,-3.0,1.0,3.0,0.0,0.6744907594765952,G0,P0,valid,valid,zone_A,zone_A,True,0,0.0,0.0,0.0,0,False,True,
011_Et_n_Me_L,S4_gas_dropout,68,UCI309_laboratory,simulation,-3.0,1.0,-3.0,1.0,3.0,0.0,0.6744907594765952,G0,P0,valid,valid,zone_A,zone_A,True,0,0.0,0.0,0.0,0,False,True,
011_Et_n_Me_L,S4_gas_dropout,69,UCI309_laboratory,simulation,-3.0,1.0,-3.0,1.0,3.0,0.0,0.6744907594765952,G0,P0,valid,valid,zone_A,zone_A,True,0,0.0,0.0,0.0,0,False,True,
011_Et_n_Me_L,S4_gas_dropout,70,UCI309_laboratory,simulation,-3.0,1.0,-3.0,1.0,3.0,0.0,0.8431134493457441,G0,P0,valid,valid,zone_A,zone_A,True,0,0.0,0.0,0.0,0,False,True,
011_Et_n_Me_L,S4_gas_dropout,71,UCI309_laboratory,simulation,-2.861111111111111,1.0,-2.861111111111111,1.0,2.861111111111111,0.0,0.6744907594765952,G0,P0,valid,valid,zone_A,zone_A,True,0,0.0,0.0,0.0,0,False,True,
011_Et_n_Me_L,S4_gas_dropout,72,UCI309_laboratory,simulation,-2.7222222222222223,1.0,-2.7222222222222223,1.0,2.7222222222222223,0.0,0.6744907594765952,G0,P0,valid,valid,zone_A,zone_A,True,0,0.0,0.0,0.0,0,False,True,
011_Et_n_Me_L,S4_gas_dropout,73,UCI309_laboratory,simulation,-2.5833333333333335,1.0,-2.5833333333333335,1.0,2.5833333333333335,0.0,0.6744907594765952,G0,P0,valid,valid,zone_A,zone_A,True,0,0.0,0.0,0.0,0,False,True,
011_Et_n_Me_L,S4_gas_dropout,74,UCI309_laboratory,simulation,-2.4444444444444446,1.0,-2.4444444444444446,1.0,2.4444444444444446,0.0,0.6744907594765952,G0,P0,valid,valid,zone_A,zone_A,True,0,0.0,0.0,0.0,0,False,True,
011_Et_n_Me_L,S4_gas_dropout,75,UCI309_laboratory,simulation,-2.3055555555555554,1.0,-2.3055555555555554,1.0,2.3055555555555554,0.0,0.6744907594765952,G0,P0,valid,valid,zone_A,zone_A,True,0,0.0,0.0,0.0,0,False,True,
011_Et_n_Me_L,S4_gas_dropout,76,UCI309_laboratory,simulation,-2.166666666666667,1.0,-2.166666666666667,1.0,2.166666666666667,0.0,0.6744907594765952,G0,P0,valid,valid,zone_A,zone_A,True,0,0.0,0.0,0.0,0,False,True,
011_Et_n_Me_L,S4_gas_dropout,77,UCI309_laboratory,simulation,-2.0277777777777777,1.0,-2.0277777777777777,1.0,2.0277777777777777,0.0,0.6744907594765952,G0,P0,valid,valid,zone_A,zone_A,True,0,0.0,0.0,0.0,0,False,True,
011_Et_n_Me_L,S4_gas_dropout,78,UCI309_laboratory,simulation,-1.8888888888888888,1.0,-1.8888888888888888,1.0,1.8888888888888888,0.0,0.6744907594765952,G0,P0,valid,valid,zone_A,zone_A,True,0,0.0,0.0,0.0,0,False,True,
011_Et_n_Me_L,S4_gas_dropout,79,UCI309_laboratory,simulation,-1.75,1.0,-1.75,1.0,1.75,0.0,0.6744907594765952,G0,P0,valid,valid,zone_A,zone_A,True,0,0.0,0.0,0.0,0,False,True,
011_Et_n_Me_L,S4_gas_dropout,80,UCI309_laboratory,simulation,-1.6111111111111112,1.0,-1.6111111111111112,1.0,1.6111111111111112,0.0,0.6744907594765952,G0,P0,valid,valid,zone_A,zone_A,True,0,0.0,0.0,0.0,0,False,True,
011_Et_n_Me_L,S4_gas_dropout,81,UCI309_laboratory,simulation,-1.472222222222222,1.0,-1.472222222222222,1.0,1.472222222222222,0.0,1.011736139214893,G0,P0,valid,valid,zone_A,zone_A,True,0,0.0,0.0,0.0,0,False,True,
011_Et_n_Me_L,S4_gas_dropout,82,UCI309_laboratory,simulation,-1.3333333333333335,1.0,-1.3333333333333335,1.0,1.3333333333333335,0.0,1.011736139214893,G0,P0,valid,valid,zone_A,zone_A,True,0,0.0,0.0,0.0,0,False,True,
011_Et_n_Me_L,S4_gas_dropout,83,UCI309_laboratory,simulation,-1.1944444444444444,1.0,-1.1944444444444444,1.0,1.1944444444444444,0.0,1.011736139214893,G0,P0,valid,valid,zone_A,zone_A,True,0,0.0,0.0,0.0,0,False,True,
011_Et_n_Me_L,S4_gas_dropout,84,UCI309_laboratory,simulation,-1.0555555555555556,1.0,-1.0555555555555556,1.0,1.0555555555555556,0.0,1.011736139214893,G0,P0,valid,valid,zone_A,zone_A,True,0,0.0,0.0,0.0,0,False,True,
011_Et_n_Me_L,S4_gas_dropout,85,UCI309_laboratory,simulation,-0.9166666666666665,1.0,-0.9166666666666665,1.0,0.9166666666666665,0.0,1.011736139214893,G0,P1,valid,valid,zone_A,zone_A,True,0,1.0,0.0,1.0,1,False,True,
011_Et_n_Me_L,S4_gas_dropout,86,UCI309_laboratory,simulation,-0.7777777777777777,1.0,-0.7777777777777777,1.0,0.7777777777777777,0.0,1.011736139214893,G0,P1,valid,valid,zone_A,zone_A,True,0,1.0,0.0,1.0,1,False,True,
011_Et_n_Me_L,S4_gas_dropout,87,UCI309_laboratory,simulation,-0.6388888888888888,1.0,-0.6388888888888888,1.0,0.6388888888888888,0.0,1.011736139214893,G0,P1,valid,valid,zone_A,zone_A,True,0,1.0,0.0,1.0,1,False,True,
011_Et_n_Me_L,S4_gas_dropout,88,UCI309_laboratory,simulation,-0.5,1.0,-0.5,1.0,0.5,0.0,1.3489815189531904,G0,P1,valid,valid,zone_A,zone_A,True,0,1.0,0.0,1.0,1,False,True,
011_Et_n_Me_L,S4_gas_dropout,89,UCI309_laboratory,simulation,-0.4,1.0,-0.4,1.0,0.4,0.0,1.3489815189531904,G0,P1,valid,valid,zone_A,zone_A,True,0,1.0,0.0,1.0,1,False,True,
011_Et_n_Me_L,S4_gas_dropout,90,UCI309_laboratory,simulation,-0.3,1.0,-0.3,1.0,0.3,0.0,1.6862268986914881,G0,P1,valid,valid,zone_A,zone_A,True,0,1.0,0.0,1.0,1,False,True,
011_Et_n_Me_L,S4_gas_dropout,91,UCI309_laboratory,simulation,-0.2,1.0,-0.2,1.0,0.2,0.0,2.023472278429786,G0,P1,valid,valid,zone_A,zone_A,True,0,1.0,0.0,1.0,1,False,True,
011_Et_n_Me_L,S4_gas_dropout,92,UCI309_laboratory,simulation,-0.09999999999999998,1.0,-0.09999999999999998,1.0,0.09999999999999998,0.0,2.023472278429786,G0,P1,valid,valid,zone_A,zone_A,True,0,1.0,0.0,1.0,1,False,True,
011_Et_n_Me_L,S4_gas_dropout,93,UCI309_laboratory,simulation,0.0,1.0,0.0,1.0,-0.0,0.0,2.023472278429786,G0,P2,valid,valid,zone_A,zone_A,True,0,2.0,0.0,2.0,2,False,True,
011_Et_n_Me_L,S4_gas_dropout,94,UCI309_laboratory,simulation,0.09999999999999998,1.0,0.09999999999999998,1.0,-0.09999999999999998,0.0,2.3607176581680833,G0,P2,valid,valid,zone_A,zone_A,True,0,2.0,0.0,2.0,2,False,True,
011_Et_n_Me_L,S4_gas_dropout,95,UCI309_laboratory,simulation,0.19999999999999996,1.0,0.19999999999999996,1.0,-0.19999999999999996,0.0,2.3607176581680833,G0,P2,valid,valid,zone_A,zone_A,True,0,2.0,0.0,2.0,2,False,True,
011_Et_n_Me_L,S4_gas_dropout,96,UCI309_laboratory,simulation,0.30000000000000004,1.0,0.30000000000000004,1.0,-0.30000000000000004,0.0,2.697963037906381,G0,P2,valid,valid,zone_A,zone_A,True,0,2.0,0.0,2.0,2,False,True,
011_Et_n_Me_L,S4_gas_dropout,97,UCI309_laboratory,simulation,0.4,1.0,0.4,1.0,-0.4,0.0,2.697963037906381,G0,P2,valid,valid,zone_A,zone_A,True,0,2.0,0.0,2.0,2,False,True,
011_Et_n_Me_L,S4_gas_dropout,98,UCI309_laboratory,simulation,0.5,1.0,0.5,1.0,-0.5,0.0,3.0352084176446787,G0,P2,valid,valid,zone_A,zone_A,True,0,2.0,0.0,2.0,2,False,True,
011_Et_n_Me_L,S4_gas_dropout,99,UCI309_laboratory,simulation,0.5,1.0,0.5,1.0,-0.5,0.0,3.0092664653571175,G0,P2,valid,valid,zone_A,zone_A,True,0,2.0,0.0,2.0,2,False,True,
011_Et_n_Me_L,S4_gas_dropout,100,UCI309_laboratory,simulation,0.5,1.0,0.5,1.0,-0.5,0.0,3.0092664653571175,unknown,P2,simulated_dropout,valid,zone_A,zone_A,True,0,,,2.0,2,True,False,gas_simulated_dropout
011_Et_n_Me_L,S4_gas_dropout,101,UCI309_laboratory,simulation,0.5,1.0,0.5,1.0,-0.5,0.0,3.06115036993224,unknown,P2,simulated_dropout,valid,zone_A,zone_A,True,0,,,2.0,2,True,False,gas_simulated_dropout
011_Et_n_Me_L,S4_gas_dropout,102,UCI309_laboratory,simulation,0.5,1.0,0.5,1.0,-0.5,0.0,3.0092664653571175,unknown,P2,simulated_dropout,valid,zone_A,zone_A,True,0,,,2.0,2,True,False,gas_simulated_dropout
011_Et_n_Me_L,S4_gas_dropout,103,UCI309_laboratory,simulation,0.5,1.0,0.5,1.0,-0.5,0.0,3.0092664653571175,unknown,P2,simulated_dropout,valid,zone_A,zone_A,True,0,,,2.0,2,True,False,gas_simulated_dropout
011_Et_n_Me_L,S4_gas_dropout,104,UCI309_laboratory,simulation,0.5,1.0,0.5,1.0,-0.5,0.0,3.0092664653571175,unknown,P2,simulated_dropout,valid,zone_A,zone_A,True,0,,,2.0,2,True,False,gas_simulated_dropout
011_Et_n_Me_L,S4_gas_dropout,105,UCI309_laboratory,simulation,0.5,1.0,0.5,1.0,-0.5,0.0,3.0092664653571175,unknown,P2,simulated_dropout,valid,zone_A,zone_A,True,0,,,2.0,2,True,False,gas_simulated_dropout
011_Et_n_Me_L,S4_gas_dropout,106,UCI309_laboratory,simulation,0.5,1.0,0.5,1.0,-0.5,0.0,3.0092664653571175,unknown,P2,simulated_dropout,valid,zone_A,zone_A,True,0,,,2.0,2,True,False,gas_simulated_dropout
011_Et_n_Me_L,S4_gas_dropout,107,UCI309_laboratory,simulation,0.5,1.0,0.5,1.0,-0.5,0.0,3.0092664653571175,unknown,P2,simulated_dropout,valid,zone_A,zone_A,True,0,,,2.0,2,True,False,gas_simulated_dropout
011_Et_n_Me_L,S4_gas_dropout,108,UCI309_laboratory,simulation,0.5,1.0,0.5,1.0,-0.5,0.0,3.0092664653571175,unknown,P2,simulated_dropout,valid,zone_A,zone_A,True,0,,,2.0,2,True,False,gas_simulated_dropout
011_Et_n_Me_L,S4_gas_dropout,109,UCI309_laboratory,simulation,0.5,1.0,0.5,1.0,-0.5,0.0,3.0092664653571175,unknown,P2,simulated_dropout,valid,zone_A,zone_A,True,0,,,2.0,2,True,False,gas_simulated_dropout
011_Et_n_Me_L,S4_gas_dropout,110,UCI309_laboratory,simulation,0.5,1.0,0.5,1.0,-0.5,0.0,3.0092664653571175,G0,P2,valid,valid,zone_A,zone_A,True,0,2.0,0.0,2.0,2,False,True,
011_Et_n_Me_L,S4_gas_dropout,111,UCI309_laboratory,simulation,0.5,1.0,0.5,1.0,-0.5,0.0,3.0092664653571175,G0,P2,valid,valid,zone_A,zone_A,True,0,2.0,0.0,2.0,2,False,True,
011_Et_n_Me_L,S4_gas_dropout,112,UCI309_laboratory,simulation,0.5,1.0,0.5,1.0,-0.5,0.0,3.0092664653571175,G0,P2,valid,valid,zone_A,zone_A,True,0,2.0,0.0,2.0,2,False,True,
011_Et_n_Me_L,S4_gas_dropout,113,UCI309_laboratory,simulation,0.5,1.0,0.5,1.0,-0.5,0.0,3.0092664653571175,G0,P2,valid,valid,zone_A,zone_A,True,0,2.0,0.0,2.0,2,False,True,
011_Et_n_Me_L,S4_gas_dropout,114,UCI309_laboratory,simulation,0.5,1.0,0.5,1.0,-0.5,0.0,3.0092664653571175,G0,P2,valid,valid,zone_A,zone_A,True,0,2.0,0.0,2.0,2,False,True,
011_Et_n_Me_L,S4_gas_dropout,115,UCI309_laboratory,simulation,0.5,1.0,0.5,1.0,-0.5,0.0,3.0092664653571175,G0,P2,valid,valid,zone_A,zone_A,True,0,2.0,0.0,2.0,2,False,True,
011_Et_n_Me_L,S4_gas_dropout,116,UCI309_laboratory,simulation,0.5,1.0,0.5,1.0,-0.5,0.0,3.0092664653571175,G0,P2,valid,valid,zone_A,zone_A,True,0,2.0,0.0,2.0,2,False,True,
011_Et_n_Me_L,S4_gas_dropout,117,UCI309_laboratory,simulation,0.5,1.0,0.5,1.0,-0.5,0.0,3.0092664653571175,G0,P2,valid,valid,zone_A,zone_A,True,0,2.0,0.0,2.0,2,False,True,
011_Et_n_Me_L,S4_gas_dropout,118,UCI309_laboratory,simulation,0.5,1.0,0.5,1.0,-0.5,0.0,3.0092664653571175,G0,P2,valid,valid,zone_A,zone_A,True,0,2.0,0.0,2.0,2,False,True,
011_Et_n_Me_L,S4_gas_dropout,119,UCI309_laboratory,simulation,0.5,1.0,0.5,1.0,-0.5,0.0,3.0092664653571175,G0,P2,valid,valid,zone_A,zone_A,True,0,2.0,0.0,2.0,2,False,True,
011_Et_n_Me_L,S4_gas_dropout,120,UCI309_laboratory,simulation,0.5,1.0,0.5,1.0,-0.5,0.0,3.0092664653571175,G0,P2,valid,valid,zone_A,zone_A,True,0,2.0,0.0,2.0,2,False,True,
011_Et_n_Me_L,S4_gas_dropout,121,UCI309_laboratory,simulation,0.5,1.0,0.5,1.0,-0.5,0.0,3.126005250651143,G0,P2,valid,valid,zone_A,zone_A,True,0,2.0,0.0,2.0,2,False,True,
011_Et_n_Me_L,S4_gas_dropout,122,UCI309_laboratory,simulation,0.5,1.0,0.5,1.0,-0.5,0.0,3.346511845095415,G0,P2,valid,valid,zone_A,zone_A,True,0,2.0,0.0,2.0,2,False,True,
011_Et_n_Me_L,S4_gas_dropout,123,UCI309_laboratory,simulation,0.5,1.0,0.5,1.0,-0.5,0.0,2.9054986562068716,G0,P2,valid,valid,zone_A,zone_A,True,0,2.0,0.0,2.0,2,False,True,
011_Et_n_Me_L,S4_gas_dropout,124,UCI309_laboratory,simulation,0.5,1.0,0.5,1.0,-0.5,0.0,3.2427440359451696,G0,P2,valid,valid,zone_A,zone_A,True,0,2.0,0.0,2.0,2,False,True,
011_Et_n_Me_L,S4_gas_dropout,125,UCI309_laboratory,simulation,0.5,1.0,0.5,1.0,-0.5,0.0,3.2427440359451696,G0,P2,valid,valid,zone_A,zone_A,True,0,2.0,0.0,2.0,2,False,True,
011_Et_n_Me_L,S4_gas_dropout,126,UCI309_laboratory,simulation,0.32499999999999996,1.0,0.32499999999999996,1.0,-0.32499999999999996,0.0,3.2427440359451696,G0,P2,valid,valid,zone_A,zone_A,True,0,2.0,0.0,2.0,2,False,True,
011_Et_n_Me_L,S4_gas_dropout,127,UCI309_laboratory,simulation,0.14999999999999997,1.0,0.14999999999999997,1.0,-0.14999999999999997,0.0,3.2427440359451696,G0,P2,valid,valid,zone_A,zone_A,True,0,2.0,0.0,2.0,2,False,True,
011_Et_n_Me_L,S4_gas_dropout,128,UCI309_laboratory,simulation,-0.025000000000000022,1.0,-0.025000000000000022,1.0,0.025000000000000022,0.0,3.2427440359451696,G0,P1,valid,valid,zone_A,zone_A,True,0,1.0,0.0,1.0,1,False,True,
011_Et_n_Me_L,S4_gas_dropout,129,UCI309_laboratory,simulation,-0.20000000000000007,1.0,-0.20000000000000007,1.0,0.20000000000000007,0.0,3.2427440359451696,G0,P1,valid,valid,zone_A,zone_A,True,0,1.0,0.0,1.0,1,False,True,
011_Et_n_Me_L,S4_gas_dropout,130,UCI309_laboratory,simulation,-0.375,1.0,-0.375,1.0,0.375,0.0,3.2427440359451696,G0,P1,valid,valid,zone_A,zone_A,True,0,1.0,0.0,1.0,1,False,True,
011_Et_n_Me_L,S4_gas_dropout,131,UCI309_laboratory,simulation,-0.55,1.0,-0.55,1.0,0.55,0.0,3.2427440359451696,G0,P1,valid,valid,zone_A,zone_A,True,0,1.0,0.0,1.0,1,False,True,
011_Et_n_Me_L,S4_gas_dropout,132,UCI309_laboratory,simulation,-0.7249999999999999,1.0,-0.7249999999999999,1.0,0.7249999999999999,0.0,3.2427440359451696,G0,P1,valid,valid,zone_A,zone_A,True,0,1.0,0.0,1.0,1,False,True,
011_Et_n_Me_L,S4_gas_dropout,133,UCI309_laboratory,simulation,-0.9000000000000001,1.0,-0.9000000000000001,1.0,0.9000000000000001,0.0,3.2427440359451696,G0,P1,valid,valid,zone_A,zone_A,True,0,1.0,0.0,1.0,1,False,True,
011_Et_n_Me_L,S4_gas_dropout,134,UCI309_laboratory,simulation,-1.075,1.0,-1.075,1.0,1.075,0.0,3.2427440359451696,G0,P0,valid,valid,zone_A,zone_A,True,0,0.0,0.0,0.0,0,False,True,
011_Et_n_Me_L,S4_gas_dropout,135,UCI309_laboratory,simulation,-1.25,1.0,-1.25,1.0,1.25,0.0,3.2427440359451696,G0,P0,valid,valid,zone_A,zone_A,True,0,0.0,0.0,0.0,0,False,True,
011_Et_n_Me_L,S4_gas_dropout,136,UCI309_laboratory,simulation,-1.4250000000000003,1.0,-1.4250000000000003,1.0,1.4250000000000003,0.0,3.2427440359451696,G0,P0,valid,valid,zone_A,zone_A,True,0,0.0,0.0,0.0,0,False,True,
011_Et_n_Me_L,S4_gas_dropout,137,UCI309_laboratory,simulation,-1.6,1.0,-1.6,1.0,1.6,0.0,3.2427440359451696,G0,P0,valid,valid,zone_A,zone_A,True,0,0.0,0.0,0.0,0,False,True,
011_Et_n_Me_L,S4_gas_dropout,138,UCI309_laboratory,simulation,-1.775,1.0,-1.775,1.0,1.775,0.0,3.2427440359451696,G0,P0,valid,valid,zone_A,zone_A,True,0,0.0,0.0,0.0,0,False,True,
011_Et_n_Me_L,S4_gas_dropout,139,UCI309_laboratory,simulation,-1.9499999999999997,1.0,-1.9499999999999997,1.0,1.9499999999999997,0.0,3.2427440359451696,G0,P0,valid,valid,zone_A,zone_A,True,0,0.0,0.0,0.0,0,False,True,
011_Et_n_Me_L,S4_gas_dropout,140,UCI309_laboratory,simulation,-2.125,1.0,-2.125,1.0,2.125,0.0,3.2427440359451696,G0,P0,valid,valid,zone_A,zone_A,True,0,0.0,0.0,0.0,0,False,True,
011_Et_n_Me_L,S4_gas_dropout,141,UCI309_laboratory,simulation,-2.3000000000000003,1.0,-2.3000000000000003,1.0,2.3000000000000003,0.0,3.2427440359451696,G0,P0,valid,valid,zone_A,zone_A,True,0,0.0,0.0,0.0,0,False,True,
011_Et_n_Me_L,S4_gas_dropout,142,UCI309_laboratory,simulation,-2.475,1.0,-2.475,1.0,2.475,0.0,3.579989415683467,G0,P0,valid,valid,zone_A,zone_A,True,0,0.0,0.0,0.0,0,False,True,
011_Et_n_Me_L,S4_gas_dropout,143,UCI309_laboratory,simulation,-2.65,1.0,-2.65,1.0,2.65,0.0,3.2427440359451696,G0,P0,valid,valid,zone_A,zone_A,True,0,0.0,0.0,0.0,0,False,True,
011_Et_n_Me_L,S4_gas_dropout,144,UCI309_laboratory,simulation,-2.8249999999999997,1.0,-2.8249999999999997,1.0,2.8249999999999997,0.0,3.579989415683467,G0,P0,valid,valid,zone_A,zone_A,True,0,0.0,0.0,0.0,0,False,True,
011_Et_n_Me_L,S4_gas_dropout,145,UCI309_laboratory,simulation,-3.0,1.0,-3.0,1.0,3.0,0.0,3.579989415683467,G0,P0,valid,valid,zone_A,zone_A,True,0,0.0,0.0,0.0,0,False,True,
011_Et_n_Me_L,S4_gas_dropout,146,UCI309_laboratory,simulation,-3.0,1.0,-3.0,1.0,3.0,0.0,3.579989415683467,G0,P0,valid,valid,zone_A,zone_A,True,0,0.0,0.0,0.0,0,False,True,
011_Et_n_Me_L,S4_gas_dropout,147,UCI309_laboratory,simulation,-3.0,1.0,-3.0,1.0,3.0,0.0,3.579989415683467,G0,P0,valid,valid,zone_A,zone_A,True,0,0.0,0.0,0.0,0,False,True,
011_Et_n_Me_L,S4_gas_dropout,148,UCI309_laboratory,simulation,-3.0,1.0,-3.0,1.0,3.0,0.0,3.579989415683467,G0,P0,valid,valid,zone_A,zone_A,True,0,0.0,0.0,0.0,0,False,True,
011_Et_n_Me_L,S4_gas_dropout,149,UCI309_laboratory,simulation,-3.0,1.0,-3.0,1.0,3.0,0.0,3.579989415683467,G0,P0,valid,valid,zone_A,zone_A,True,0,0.0,0.0,0.0,0,False,True,
011_Et_n_Me_L,S4_gas_dropout,150,UCI309_laboratory,simulation,-3.0,1.0,-3.0,1.0,3.0,0.0,3.579989415683467,G0,P0,valid,valid,zone_A,zone_A,True,0,0.0,0.0,0.0,0,False,True,
011_Et_n_Me_L,S4_gas_dropout,151,UCI309_laboratory,simulation,-3.0,1.0,-3.0,1.0,3.0,0.0,3.579989415683467,G0,P0,valid,valid,zone_A,zone_A,True,0,0.0,0.0,0.0,0,False,True,
011_Et_n_Me_L,S4_gas_dropout,152,UCI309_laboratory,simulation,-3.0,1.0,-3.0,1.0,3.0,0.0,3.579989415683467,G0,P0,valid,valid,zone_A,zone_A,True,0,0.0,0.0,0.0,0,False,True,
011_Et_n_Me_L,S4_gas_dropout,153,UCI309_laboratory,simulation,-3.0,1.0,-3.0,1.0,3.0,0.0,3.579989415683467,G0,P0,valid,valid,zone_A,zone_A,True,0,0.0,0.0,0.0,0,False,True,
011_Et_n_Me_L,S4_gas_dropout,154,UCI309_laboratory,simulation,-3.0,1.0,-3.0,1.0,3.0,0.0,3.4762216065332217,G0,P0,valid,valid,zone_A,zone_A,True,0,0.0,0.0,0.0,0,False,True,
011_Et_n_Me_L,S4_gas_dropout,155,UCI309_laboratory,simulation,-3.0,1.0,-3.0,1.0,3.0,0.0,3.4762216065332217,G0,P0,valid,valid,zone_A,zone_A,True,0,0.0,0.0,0.0,0,False,True,
011_Et_n_Me_L,S4_gas_dropout,156,UCI309_laboratory,simulation,-3.0,1.0,-3.0,1.0,3.0,0.0,3.4762216065332217,G0,P0,valid,valid,zone_A,zone_A,True,0,0.0,0.0,0.0,0,False,True,
011_Et_n_Me_L,S4_gas_dropout,157,UCI309_laboratory,simulation,-3.0,1.0,-3.0,1.0,3.0,0.0,3.3724537973829762,G0,P0,valid,valid,zone_A,zone_A,True,0,0.0,0.0,0.0,0,False,True,
011_Et_n_Me_L,S4_gas_dropout,158,UCI309_laboratory,simulation,-3.0,1.0,-3.0,1.0,3.0,0.0,3.3724537973829762,G0,P0,valid,valid,zone_A,zone_A,True,0,0.0,0.0,0.0,0,False,True,
011_Et_n_Me_L,S4_gas_dropout,159,UCI309_laboratory,simulation,-3.0,1.0,-3.0,1.0,3.0,0.0,3.3724537973829762,G0,P0,valid,valid,zone_A,zone_A,True,0,0.0,0.0,0.0,0,False,True,
011_Et_n_Me_L,S4_gas_dropout,160,UCI309_laboratory,simulation,-3.0,1.0,-3.0,1.0,3.0,0.0,3.3205698928078533,G0,P0,valid,valid,zone_A,zone_A,True,0,0.0,0.0,0.0,0,False,True,
011_Et_n_Me_L,S4_gas_dropout,161,UCI309_laboratory,simulation,-3.0,1.0,-3.0,1.0,3.0,0.0,3.268685988232731,G0,P0,valid,valid,zone_A,zone_A,True,0,0.0,0.0,0.0,0,False,True,
011_Et_n_Me_L,S4_gas_dropout,162,UCI309_laboratory,simulation,-3.0,1.0,-3.0,1.0,3.0,0.0,3.268685988232731,G0,P0,valid,valid,zone_A,zone_A,True,0,0.0,0.0,0.0,0,False,True,
011_Et_n_Me_L,S4_gas_dropout,163,UCI309_laboratory,simulation,-3.0,1.0,-3.0,1.0,3.0,0.0,3.268685988232731,G0,P0,valid,valid,zone_A,zone_A,True,0,0.0,0.0,0.0,0,False,True,
011_Et_n_Me_L,S4_gas_dropout,164,UCI309_laboratory,simulation,-3.0,1.0,-3.0,1.0,3.0,0.0,3.268685988232731,G0,P0,valid,valid,zone_A,zone_A,True,0,0.0,0.0,0.0,0,False,True,
011_Et_n_Me_L,S4_gas_dropout,165,UCI309_laboratory,simulation,-3.0,1.0,-3.0,1.0,3.0,0.0,3.502163558820783,G0,P0,valid,valid,zone_A,zone_A,True,0,0.0,0.0,0.0,0,False,True,
011_Et_n_Me_L,S4_gas_dropout,166,UCI309_laboratory,simulation,-3.0,1.0,-3.0,1.0,3.0,0.0,3.1649181790824854,G0,P0,valid,valid,zone_A,zone_A,True,0,0.0,0.0,0.0,0,False,True,
011_Et_n_Me_L,S4_gas_dropout,167,UCI309_laboratory,simulation,-3.0,1.0,-3.0,1.0,3.0,0.0,3.1649181790824854,G0,P0,valid,valid,zone_A,zone_A,True,0,0.0,0.0,0.0,0,False,True,
011_Et_n_Me_L,S4_gas_dropout,168,UCI309_laboratory,simulation,-3.0,1.0,-3.0,1.0,3.0,0.0,3.1649181790824854,G0,P0,valid,valid,zone_A,zone_A,True,0,0.0,0.0,0.0,0,False,True,
011_Et_n_Me_L,S4_gas_dropout,169,UCI309_laboratory,simulation,-3.0,1.0,-3.0,1.0,3.0,0.0,3.1649181790824854,G0,P0,valid,valid,zone_A,zone_A,True,0,0.0,0.0,0.0,0,False,True,
011_Et_n_Me_L,S4_gas_dropout,170,UCI309_laboratory,simulation,-3.0,1.0,-3.0,1.0,3.0,0.0,3.3335408689516344,G0,P0,valid,valid,zone_A,zone_A,True,0,0.0,0.0,0.0,0,False,True,
011_Et_n_Me_L,S4_gas_dropout,171,UCI309_laboratory,simulation,-3.0,1.0,-3.0,1.0,3.0,0.0,3.06115036993224,G0,P0,valid,valid,zone_A,zone_A,True,0,0.0,0.0,0.0,0,False,True,
011_Et_n_Me_L,S4_gas_dropout,172,UCI309_laboratory,simulation,-3.0,1.0,-3.0,1.0,3.0,0.0,3.06115036993224,G0,P0,valid,valid,zone_A,zone_A,True,0,0.0,0.0,0.0,0,False,True,
011_Et_n_Me_L,S4_gas_dropout,173,UCI309_laboratory,simulation,-3.0,1.0,-3.0,1.0,3.0,0.0,3.06115036993224,G0,P0,valid,valid,zone_A,zone_A,True,0,0.0,0.0,0.0,0,False,True,
011_Et_n_Me_L,S4_gas_dropout,174,UCI309_laboratory,simulation,-3.0,1.0,-3.0,1.0,3.0,0.0,3.06115036993224,G0,P0,valid,valid,zone_A,zone_A,True,0,0.0,0.0,0.0,0,False,True,
011_Et_n_Me_L,S4_gas_dropout,175,UCI309_laboratory,simulation,-3.0,1.0,-3.0,1.0,3.0,0.0,3.06115036993224,G0,P0,valid,valid,zone_A,zone_A,True,0,0.0,0.0,0.0,0,False,True,
011_Et_n_Me_L,S4_gas_dropout,176,UCI309_laboratory,simulation,-3.0,1.0,-3.0,1.0,3.0,0.0,3.06115036993224,G0,P0,valid,valid,zone_A,zone_A,True,0,0.0,0.0,0.0,0,False,True,
011_Et_n_Me_L,S4_gas_dropout,177,UCI309_laboratory,simulation,-3.0,1.0,-3.0,1.0,3.0,0.0,3.06115036993224,G0,P0,valid,valid,zone_A,zone_A,True,0,0.0,0.0,0.0,0,False,True,
011_Et_n_Me_L,S4_gas_dropout,178,UCI309_laboratory,simulation,-3.0,1.0,-3.0,1.0,3.0,0.0,2.957382560781994,G0,P0,valid,valid,zone_A,zone_A,True,0,0.0,0.0,0.0,0,False,True,
011_Et_n_Me_L,S4_gas_dropout,179,UCI309_laboratory,simulation,-3.0,1.0,-3.0,1.0,3.0,0.0,2.957382560781994,G0,P0,valid,valid,zone_A,zone_A,True,0,0.0,0.0,0.0,0,False,True,
011_Et_n_Me_L,S4_gas_dropout,180,UCI309_laboratory,simulation,-3.0,1.0,-3.0,1.0,3.0,0.0,2.957382560781994,G0,P0,valid,valid,zone_A,zone_A,True,0,0.0,0.0,0.0,0,False,True,
011_Et_n_Me_L,S4_gas_dropout,181,UCI309_laboratory,simulation,-3.0,1.0,-3.0,1.0,3.0,0.0,2.957382560781994,G0,P0,valid,valid,zone_A,zone_A,True,0,0.0,0.0,0.0,0,False,True,
011_Et_n_Me_L,S4_gas_dropout,182,UCI309_laboratory,simulation,-3.0,1.0,-3.0,1.0,3.0,0.0,2.957382560781994,G0,P0,valid,valid,zone_A,zone_A,True,0,0.0,0.0,0.0,0,False,True,
011_Et_n_Me_L,S4_gas_dropout,183,UCI309_laboratory,simulation,-3.0,1.0,-3.0,1.0,3.0,0.0,2.853614751631749,G0,P0,valid,valid,zone_A,zone_A,True,0,0.0,0.0,0.0,0,False,True,
011_Et_n_Me_L,S4_gas_dropout,184,UCI309_laboratory,simulation,-3.0,1.0,-3.0,1.0,3.0,0.0,2.853614751631749,G0,P0,valid,valid,zone_A,zone_A,True,0,0.0,0.0,0.0,0,False,True,
011_Et_n_Me_L,S4_gas_dropout,185,UCI309_laboratory,simulation,-3.0,1.0,-3.0,1.0,3.0,0.0,2.853614751631749,G0,P0,valid,valid,zone_A,zone_A,True,0,0.0,0.0,0.0,0,False,True,
011_Et_n_Me_L,S4_gas_dropout,186,UCI309_laboratory,simulation,-3.0,1.0,-3.0,1.0,3.0,0.0,2.853614751631749,G0,P0,valid,valid,zone_A,zone_A,True,0,0.0,0.0,0.0,0,False,True,
011_Et_n_Me_L,S4_gas_dropout,187,UCI309_laboratory,simulation,-3.0,1.0,-3.0,1.0,3.0,0.0,2.853614751631749,G0,P0,valid,valid,zone_A,zone_A,True,0,0.0,0.0,0.0,0,False,True,
011_Et_n_Me_L,S4_gas_dropout,188,UCI309_laboratory,simulation,-3.0,1.0,-3.0,1.0,3.0,0.0,2.853614751631749,G0,P0,valid,valid,zone_A,zone_A,True,0,0.0,0.0,0.0,0,False,True,
011_Et_n_Me_L,S4_gas_dropout,189,UCI309_laboratory,simulation,-3.0,1.0,-3.0,1.0,3.0,0.0,2.853614751631749,G0,P0,valid,valid,zone_A,zone_A,True,0,0.0,0.0,0.0,0,False,True,
011_Et_n_Me_L,S4_gas_dropout,190,UCI309_laboratory,simulation,-3.0,1.0,-3.0,1.0,3.0,0.0,2.853614751631749,G0,P0,valid,valid,zone_A,zone_A,True,0,0.0,0.0,0.0,0,False,True,
011_Et_n_Me_L,S4_gas_dropout,191,UCI309_laboratory,simulation,-3.0,1.0,-3.0,1.0,3.0,0.0,2.853614751631749,G0,P0,valid,valid,zone_A,zone_A,True,0,0.0,0.0,0.0,0,False,True,
011_Et_n_Me_L,S4_gas_dropout,192,UCI309_laboratory,simulation,-3.0,1.0,-3.0,1.0,3.0,0.0,2.7498469424815033,G0,P0,valid,valid,zone_A,zone_A,True,0,0.0,0.0,0.0,0,False,True,
011_Et_n_Me_L,S4_gas_dropout,193,UCI309_laboratory,simulation,-3.0,1.0,-3.0,1.0,3.0,0.0,2.7498469424815033,G0,P0,valid,valid,zone_A,zone_A,True,0,0.0,0.0,0.0,0,False,True,
011_Et_n_Me_L,S4_gas_dropout,194,UCI309_laboratory,simulation,-3.0,1.0,-3.0,1.0,3.0,0.0,2.7498469424815033,G0,P0,valid,valid,zone_A,zone_A,True,0,0.0,0.0,0.0,0,False,True,
011_Et_n_Me_L,S4_gas_dropout,195,UCI309_laboratory,simulation,-3.0,1.0,-3.0,1.0,3.0,0.0,2.7498469424815033,G0,P0,valid,valid,zone_A,zone_A,True,0,0.0,0.0,0.0,0,False,True,
011_Et_n_Me_L,S4_gas_dropout,196,UCI309_laboratory,simulation,-3.0,1.0,-3.0,1.0,3.0,0.0,2.9184696323506523,G0,P0,valid,valid,zone_A,zone_A,True,0,0.0,0.0,0.0,0,False,True,
011_Et_n_Me_L,S4_gas_dropout,197,UCI309_laboratory,simulation,-3.0,1.0,-3.0,1.0,3.0,0.0,2.7498469424815033,G0,P0,valid,valid,zone_A,zone_A,True,0,0.0,0.0,0.0,0,False,True,
011_Et_n_Me_L,S4_gas_dropout,198,UCI309_laboratory,simulation,-3.0,1.0,-3.0,1.0,3.0,0.0,2.7498469424815033,G0,P0,valid,valid,zone_A,zone_A,True,0,0.0,0.0,0.0,0,False,True,
011_Et_n_Me_L,S4_gas_dropout,199,UCI309_laboratory,simulation,-3.0,1.0,-3.0,1.0,3.0,0.0,2.7498469424815033,G0,P0,valid,valid,zone_A,zone_A,True,0,0.0,0.0,0.0,0,False,True,
011_Et_n_Me_L,S4_gas_dropout,200,UCI309_laboratory,simulation,-3.0,1.0,-3.0,1.0,3.0,0.0,2.7498469424815033,G0,P0,valid,valid,zone_A,zone_A,True,0,0.0,0.0,0.0,0,False,True,
011_Et_n_Me_L,S4_gas_dropout,201,UCI309_laboratory,simulation,-3.0,1.0,-3.0,1.0,3.0,0.0,2.9184696323506523,G0,P0,valid,valid,zone_A,zone_A,True,0,0.0,0.0,0.0,0,False,True,
011_Et_n_Me_L,S4_gas_dropout,202,UCI309_laboratory,simulation,-3.0,1.0,-3.0,1.0,3.0,0.0,2.7498469424815033,G0,P0,valid,valid,zone_A,zone_A,True,0,0.0,0.0,0.0,0,False,True,
011_Et_n_Me_L,S4_gas_dropout,203,UCI309_laboratory,simulation,-3.0,1.0,-3.0,1.0,3.0,0.0,3.0870923222198012,G0,P0,valid,valid,zone_A,zone_A,True,0,0.0,0.0,0.0,0,False,True,
011_Et_n_Me_L,S4_gas_dropout,204,UCI309_laboratory,simulation,-3.0,1.0,-3.0,1.0,3.0,0.0,2.9184696323506523,G0,P0,valid,valid,zone_A,zone_A,True,0,0.0,0.0,0.0,0,False,True,
011_Et_n_Me_L,S4_gas_dropout,205,UCI309_laboratory,simulation,-3.0,1.0,-3.0,1.0,3.0,0.0,2.7498469424815033,G0,P0,valid,valid,zone_A,zone_A,True,0,0.0,0.0,0.0,0,False,True,
011_Et_n_Me_L,S4_gas_dropout,206,UCI309_laboratory,simulation,-3.0,1.0,-3.0,1.0,3.0,0.0,2.9184696323506523,G0,P0,valid,valid,zone_A,zone_A,True,0,0.0,0.0,0.0,0,False,True,
011_Et_n_Me_L,S4_gas_dropout,207,UCI309_laboratory,simulation,-3.0,1.0,-3.0,1.0,3.0,0.0,2.7498469424815033,G0,P0,valid,valid,zone_A,zone_A,True,0,0.0,0.0,0.0,0,False,True,
011_Et_n_Me_L,S4_gas_dropout,208,UCI309_laboratory,simulation,-3.0,1.0,-3.0,1.0,3.0,0.0,3.0870923222198012,G0,P0,valid,valid,zone_A,zone_A,True,0,0.0,0.0,0.0,0,False,True,
011_Et_n_Me_L,S4_gas_dropout,209,UCI309_laboratory,simulation,-3.0,1.0,-3.0,1.0,3.0,0.0,2.983324513069556,G0,P0,valid,valid,zone_A,zone_A,True,0,0.0,0.0,0.0,0,False,True,
011_Et_n_Me_L,S4_gas_dropout,210,UCI309_laboratory,simulation,-3.0,1.0,-3.0,1.0,3.0,0.0,2.983324513069556,G0,P0,valid,valid,zone_A,zone_A,True,0,0.0,0.0,0.0,0,False,True,
011_Et_n_Me_L,S4_gas_dropout,211,UCI309_laboratory,simulation,-3.0,1.0,-3.0,1.0,3.0,0.0,2.814701823200407,G0,P0,valid,valid,zone_A,zone_A,True,0,0.0,0.0,0.0,0,False,True,
011_Et_n_Me_L,S4_gas_dropout,212,UCI309_laboratory,simulation,-3.0,1.0,-3.0,1.0,3.0,0.0,2.983324513069556,G0,P0,valid,valid,zone_A,zone_A,True,0,0.0,0.0,0.0,0,False,True,
011_Et_n_Me_L,S4_gas_dropout,213,UCI309_laboratory,simulation,-3.0,1.0,-3.0,1.0,3.0,0.0,2.6460791333312583,G0,P0,valid,valid,zone_A,zone_A,True,0,0.0,0.0,0.0,0,False,True,
011_Et_n_Me_L,S4_gas_dropout,214,UCI309_laboratory,simulation,-3.0,1.0,-3.0,1.0,3.0,0.0,2.6460791333312583,G0,P0,valid,valid,zone_A,zone_A,True,0,0.0,0.0,0.0,0,False,True,
011_Et_n_Me_L,S4_gas_dropout,215,UCI309_laboratory,simulation,-3.0,1.0,-3.0,1.0,3.0,0.0,2.7109340140501614,G0,P0,valid,valid,zone_A,zone_A,True,0,0.0,0.0,0.0,0,False,True,
011_Et_n_Me_L,S4_gas_dropout,216,UCI309_laboratory,simulation,-3.0,1.0,-3.0,1.0,3.0,0.0,2.5423113241810125,G0,P0,valid,valid,zone_A,zone_A,True,0,0.0,0.0,0.0,0,False,True,
011_Et_n_Me_L,S4_gas_dropout,217,UCI309_laboratory,simulation,-3.0,1.0,-3.0,1.0,3.0,0.0,2.5423113241810125,G0,P0,valid,valid,zone_A,zone_A,True,0,0.0,0.0,0.0,0,False,True,
011_Et_n_Me_L,S4_gas_dropout,218,UCI309_laboratory,simulation,-3.0,1.0,-3.0,1.0,3.0,0.0,2.585547911326948,G0,P0,valid,valid,zone_A,zone_A,True,0,0.0,0.0,0.0,0,False,True,
011_Et_n_Me_L,S4_gas_dropout,219,UCI309_laboratory,simulation,-3.0,1.0,-3.0,1.0,3.0,0.0,2.585547911326948,G0,P0,valid,valid,zone_A,zone_A,True,0,0.0,0.0,0.0,0,False,True,
011_Et_n_Me_L,S4_gas_dropout,220,UCI309_laboratory,simulation,-3.0,1.0,-3.0,1.0,3.0,0.0,2.5423113241810125,G0,P0,valid,valid,zone_A,zone_A,True,0,0.0,0.0,0.0,0,False,True,
011_Et_n_Me_L,S4_gas_dropout,221,UCI309_laboratory,simulation,-3.0,1.0,-3.0,1.0,3.0,0.0,2.585547911326948,G0,P0,valid,valid,zone_A,zone_A,True,0,0.0,0.0,0.0,0,False,True,
011_Et_n_Me_L,S4_gas_dropout,222,UCI309_laboratory,simulation,-3.0,1.0,-3.0,1.0,3.0,0.0,2.5423113241810125,G0,P0,valid,valid,zone_A,zone_A,True,0,0.0,0.0,0.0,0,False,True,
011_Et_n_Me_L,S4_gas_dropout,223,UCI309_laboratory,simulation,-3.0,1.0,-3.0,1.0,3.0,0.0,2.5423113241810125,G0,P0,valid,valid,zone_A,zone_A,True,0,0.0,0.0,0.0,0,False,True,
011_Et_n_Me_L,S4_gas_dropout,224,UCI309_laboratory,simulation,-3.0,1.0,-3.0,1.0,3.0,0.0,2.4385435150307675,G0,P0,valid,valid,zone_A,zone_A,True,0,0.0,0.0,0.0,0,False,True,
011_Et_n_Me_L,S4_gas_dropout,225,UCI309_laboratory,simulation,-3.0,1.0,-3.0,1.0,3.0,0.0,2.585547911326948,G0,P0,valid,valid,zone_A,zone_A,True,0,0.0,0.0,0.0,0,False,True,
011_Et_n_Me_L,S4_gas_dropout,226,UCI309_laboratory,simulation,-3.0,1.0,-3.0,1.0,3.0,0.0,2.5423113241810125,G0,P0,valid,valid,zone_A,zone_A,True,0,0.0,0.0,0.0,0,False,True,
011_Et_n_Me_L,S4_gas_dropout,227,UCI309_laboratory,simulation,-3.0,1.0,-3.0,1.0,3.0,0.0,2.5423113241810125,G0,P0,valid,valid,zone_A,zone_A,True,0,0.0,0.0,0.0,0,False,True,
011_Et_n_Me_L,S4_gas_dropout,228,UCI309_laboratory,simulation,-3.0,1.0,-3.0,1.0,3.0,0.0,2.49042741960589,G0,P0,valid,valid,zone_A,zone_A,True,0,0.0,0.0,0.0,0,False,True,
011_Et_n_Me_L,S4_gas_dropout,229,UCI309_laboratory,simulation,-3.0,1.0,-3.0,1.0,3.0,0.0,2.4385435150307675,G0,P0,valid,valid,zone_A,zone_A,True,0,0.0,0.0,0.0,0,False,True,
011_Et_n_Me_L,S4_gas_dropout,230,UCI309_laboratory,simulation,-3.0,1.0,-3.0,1.0,3.0,0.0,2.4385435150307675,G0,P0,valid,valid,zone_A,zone_A,True,0,0.0,0.0,0.0,0,False,True,
011_Et_n_Me_L,S4_gas_dropout,231,UCI309_laboratory,simulation,-3.0,1.0,-3.0,1.0,3.0,0.0,2.4385435150307675,G0,P0,valid,valid,zone_A,zone_A,True,0,0.0,0.0,0.0,0,False,True,
011_Et_n_Me_L,S4_gas_dropout,232,UCI309_laboratory,simulation,-3.0,1.0,-3.0,1.0,3.0,0.0,2.4385435150307675,G0,P0,valid,valid,zone_A,zone_A,True,0,0.0,0.0,0.0,0,False,True,
011_Et_n_Me_L,S4_gas_dropout,233,UCI309_laboratory,simulation,-3.0,1.0,-3.0,1.0,3.0,0.0,2.6417554746166645,G0,P0,valid,valid,zone_A,zone_A,True,0,0.0,0.0,0.0,0,False,True,
011_Et_n_Me_L,S4_gas_dropout,234,UCI309_laboratory,simulation,-3.0,1.0,-3.0,1.0,3.0,0.0,2.4731327847475155,G0,P0,valid,valid,zone_A,zone_A,True,0,0.0,0.0,0.0,0,False,True,
011_Et_n_Me_L,S4_gas_dropout,235,UCI309_laboratory,simulation,-3.0,1.0,-3.0,1.0,3.0,0.0,2.585547911326948,G0,P0,valid,valid,zone_A,zone_A,True,0,0.0,0.0,0.0,0,False,True,
011_Et_n_Me_L,S4_gas_dropout,236,UCI309_laboratory,simulation,-3.0,1.0,-3.0,1.0,3.0,0.0,2.8103781644858135,G0,P0,valid,valid,zone_A,zone_A,True,0,0.0,0.0,0.0,0,False,True,
011_Et_n_Me_L,S4_gas_dropout,237,UCI309_laboratory,simulation,-3.0,1.0,-3.0,1.0,3.0,0.0,2.585547911326948,G0,P0,valid,valid,zone_A,zone_A,True,0,0.0,0.0,0.0,0,False,True,
011_Et_n_Me_L,S4_gas_dropout,238,UCI309_laboratory,simulation,-3.0,1.0,-3.0,1.0,3.0,0.0,2.922793291065246,G0,P0,valid,valid,zone_A,zone_A,True,0,0.0,0.0,0.0,0,False,True,
011_Et_n_Me_L,S4_gas_dropout,239,UCI309_laboratory,simulation,-3.0,1.0,-3.0,1.0,3.0,0.0,2.922793291065246,G0,P0,valid,valid,zone_A,zone_A,True,0,0.0,0.0,0.0,0,False,True,
011_Et_n_Me_L,S4_gas_dropout,240,UCI309_laboratory,simulation,-3.0,1.0,-3.0,1.0,3.0,0.0,2.922793291065246,G0,P0,valid,valid,zone_A,zone_A,True,0,0.0,0.0,0.0,0,False,True,
011_Et_n_Me_L,S4_person_dropout,26,UCI309_laboratory,simulation,-3.0,1.0,-3.0,1.0,3.0,0.0,1.1803588290840417,G0,P0,valid,valid,zone_A,zone_A,True,0,0.0,0.0,0.0,0,False,True,
011_Et_n_Me_L,S4_person_dropout,27,UCI309_laboratory,simulation,-3.0,1.0,-3.0,1.0,3.0,0.0,1.011736139214893,G0,P0,valid,valid,zone_A,zone_A,True,0,0.0,0.0,0.0,0,False,True,
011_Et_n_Me_L,S4_person_dropout,28,UCI309_laboratory,simulation,-3.0,1.0,-3.0,1.0,3.0,0.0,1.1803588290840417,G0,P0,valid,valid,zone_A,zone_A,True,0,0.0,0.0,0.0,0,False,True,
011_Et_n_Me_L,S4_person_dropout,29,UCI309_laboratory,simulation,-3.0,1.0,-3.0,1.0,3.0,0.0,1.1803588290840417,G0,P0,valid,valid,zone_A,zone_A,True,0,0.0,0.0,0.0,0,False,True,
011_Et_n_Me_L,S4_person_dropout,30,UCI309_laboratory,simulation,-3.0,1.0,-3.0,1.0,3.0,0.0,1.1241512657943253,G0,P0,valid,valid,zone_A,zone_A,True,0,0.0,0.0,0.0,0,False,True,
011_Et_n_Me_L,S4_person_dropout,31,UCI309_laboratory,simulation,-3.0,1.0,-3.0,1.0,3.0,0.0,1.1241512657943253,G0,P0,valid,valid,zone_A,zone_A,True,0,0.0,0.0,0.0,0,False,True,
011_Et_n_Me_L,S4_person_dropout,32,UCI309_laboratory,simulation,-3.0,1.0,-3.0,1.0,3.0,0.0,1.1241512657943253,G0,P0,valid,valid,zone_A,zone_A,True,0,0.0,0.0,0.0,0,False,True,
011_Et_n_Me_L,S4_person_dropout,33,UCI309_laboratory,simulation,-3.0,1.0,-3.0,1.0,3.0,0.0,1.3489815189531904,G0,P0,valid,valid,zone_A,zone_A,True,0,0.0,0.0,0.0,0,False,True,
011_Et_n_Me_L,S4_person_dropout,34,UCI309_laboratory,simulation,-3.0,1.0,-3.0,1.0,3.0,0.0,1.1241512657943253,G0,P0,valid,valid,zone_A,zone_A,True,0,0.0,0.0,0.0,0,False,True,
011_Et_n_Me_L,S4_person_dropout,35,UCI309_laboratory,simulation,-3.0,1.0,-3.0,1.0,3.0,0.0,1.1803588290840417,G0,P0,valid,valid,zone_A,zone_A,True,0,0.0,0.0,0.0,0,False,True,
011_Et_n_Me_L,S4_person_dropout,36,UCI309_laboratory,simulation,-3.0,1.0,-3.0,1.0,3.0,0.0,1.1241512657943253,G0,P0,valid,valid,zone_A,zone_A,True,0,0.0,0.0,0.0,0,False,True,
011_Et_n_Me_L,S4_person_dropout,37,UCI309_laboratory,simulation,-3.0,1.0,-3.0,1.0,3.0,0.0,1.1241512657943253,G0,P0,valid,valid,zone_A,zone_A,True,0,0.0,0.0,0.0,0,False,True,
011_Et_n_Me_L,S4_person_dropout,38,UCI309_laboratory,simulation,-3.0,1.0,-3.0,1.0,3.0,0.0,1.3489815189531904,G0,P0,valid,valid,zone_A,zone_A,True,0,0.0,0.0,0.0,0,False,True,
011_Et_n_Me_L,S4_person_dropout,39,UCI309_laboratory,simulation,-3.0,1.0,-3.0,1.0,3.0,0.0,1.1241512657943253,G0,P0,valid,valid,zone_A,zone_A,True,0,0.0,0.0,0.0,0,False,True,
011_Et_n_Me_L,S4_person_dropout,40,UCI309_laboratory,simulation,-3.0,1.0,-3.0,1.0,3.0,0.0,1.3489815189531904,G0,P0,valid,valid,zone_A,zone_A,True,0,0.0,0.0,0.0,0,False,True,
011_Et_n_Me_L,S4_person_dropout,41,UCI309_laboratory,simulation,-3.0,1.0,-3.0,1.0,3.0,0.0,1.3489815189531904,G0,P0,valid,valid,zone_A,zone_A,True,0,0.0,0.0,0.0,0,False,True,
011_Et_n_Me_L,S4_person_dropout,42,UCI309_laboratory,simulation,-3.0,1.0,-3.0,1.0,3.0,0.0,1.5176042088223394,G0,P0,valid,valid,zone_A,zone_A,True,0,0.0,0.0,0.0,0,False,True,
011_Et_n_Me_L,S4_person_dropout,43,UCI309_laboratory,simulation,-3.0,1.0,-3.0,1.0,3.0,0.0,1.2365663923737578,G0,P0,valid,valid,zone_A,zone_A,True,0,0.0,0.0,0.0,0,False,True,
011_Et_n_Me_L,S4_person_dropout,44,UCI309_laboratory,simulation,-3.0,1.0,-3.0,1.0,3.0,0.0,1.2365663923737578,G0,P0,valid,valid,zone_A,zone_A,True,0,0.0,0.0,0.0,0,False,True,
011_Et_n_Me_L,S4_person_dropout,45,UCI309_laboratory,simulation,-3.0,1.0,-3.0,1.0,3.0,0.0,1.292773955663474,G0,P0,valid,valid,zone_A,zone_A,True,0,0.0,0.0,0.0,0,False,True,
011_Et_n_Me_L,S4_person_dropout,46,UCI309_laboratory,simulation,-3.0,1.0,-3.0,1.0,3.0,0.0,1.1241512657943253,G0,P0,valid,valid,zone_A,zone_A,True,0,0.0,0.0,0.0,0,False,True,
011_Et_n_Me_L,S4_person_dropout,47,UCI309_laboratory,simulation,-3.0,1.0,-3.0,1.0,3.0,0.0,1.011736139214893,G0,P0,valid,valid,zone_A,zone_A,True,0,0.0,0.0,0.0,0,False,True,
011_Et_n_Me_L,S4_person_dropout,48,UCI309_laboratory,simulation,-3.0,1.0,-3.0,1.0,3.0,0.0,1.011736139214893,G0,P0,valid,valid,zone_A,zone_A,True,0,0.0,0.0,0.0,0,False,True,
011_Et_n_Me_L,S4_person_dropout,49,UCI309_laboratory,simulation,-3.0,1.0,-3.0,1.0,3.0,0.0,1.011736139214893,G0,P0,valid,valid,zone_A,zone_A,True,0,0.0,0.0,0.0,0,False,True,
011_Et_n_Me_L,S4_person_dropout,50,UCI309_laboratory,simulation,-3.0,1.0,-3.0,1.0,3.0,0.0,1.1241512657943253,G0,P0,valid,valid,zone_A,zone_A,True,0,0.0,0.0,0.0,0,False,True,
011_Et_n_Me_L,S4_person_dropout,51,UCI309_laboratory,simulation,-3.0,1.0,-3.0,1.0,3.0,0.0,1.1241512657943253,G0,P0,valid,valid,zone_A,zone_A,True,0,0.0,0.0,0.0,0,False,True,
011_Et_n_Me_L,S4_person_dropout,52,UCI309_laboratory,simulation,-3.0,1.0,-3.0,1.0,3.0,0.0,1.1241512657943253,G0,P0,valid,valid,zone_A,zone_A,True,0,0.0,0.0,0.0,0,False,True,
011_Et_n_Me_L,S4_person_dropout,53,UCI309_laboratory,simulation,-3.0,1.0,-3.0,1.0,3.0,0.0,1.011736139214893,G0,P0,valid,valid,zone_A,zone_A,True,0,0.0,0.0,0.0,0,False,True,
011_Et_n_Me_L,S4_person_dropout,54,UCI309_laboratory,simulation,-3.0,1.0,-3.0,1.0,3.0,0.0,1.011736139214893,G0,P0,valid,valid,zone_A,zone_A,True,0,0.0,0.0,0.0,0,False,True,
011_Et_n_Me_L,S4_person_dropout,55,UCI309_laboratory,simulation,-3.0,1.0,-3.0,1.0,3.0,0.0,1.011736139214893,G0,P0,valid,valid,zone_A,zone_A,True,0,0.0,0.0,0.0,0,False,True,
011_Et_n_Me_L,S4_person_dropout,56,UCI309_laboratory,simulation,-3.0,1.0,-3.0,1.0,3.0,0.0,1.011736139214893,G0,P0,valid,valid,zone_A,zone_A,True,0,0.0,0.0,0.0,0,False,True,
011_Et_n_Me_L,S4_person_dropout,57,UCI309_laboratory,simulation,-3.0,1.0,-3.0,1.0,3.0,0.0,0.6744907594765952,G0,P0,valid,valid,zone_A,zone_A,True,0,0.0,0.0,0.0,0,False,True,
011_Et_n_Me_L,S4_person_dropout,58,UCI309_laboratory,simulation,-3.0,1.0,-3.0,1.0,3.0,0.0,0.6744907594765952,G0,P0,valid,valid,zone_A,zone_A,True,0,0.0,0.0,0.0,0,False,True,
011_Et_n_Me_L,S4_person_dropout,59,UCI309_laboratory,simulation,-3.0,1.0,-3.0,1.0,3.0,0.0,0.6744907594765952,G0,P0,valid,valid,zone_A,zone_A,True,0,0.0,0.0,0.0,0,False,True,
011_Et_n_Me_L,S4_person_dropout,60,UCI309_laboratory,simulation,-3.0,1.0,-3.0,1.0,3.0,0.0,0.8431134493457441,G0,P0,valid,valid,zone_A,zone_A,True,0,0.0,0.0,0.0,0,False,True,
011_Et_n_Me_L,S4_person_dropout,61,UCI309_laboratory,simulation,-3.0,1.0,-3.0,1.0,3.0,0.0,0.6744907594765952,G0,P0,valid,valid,zone_A,zone_A,True,0,0.0,0.0,0.0,0,False,True,
011_Et_n_Me_L,S4_person_dropout,62,UCI309_laboratory,simulation,-3.0,1.0,-3.0,1.0,3.0,0.0,0.6744907594765952,G0,P0,valid,valid,zone_A,zone_A,True,0,0.0,0.0,0.0,0,False,True,
011_Et_n_Me_L,S4_person_dropout,63,UCI309_laboratory,simulation,-3.0,1.0,-3.0,1.0,3.0,0.0,0.6744907594765952,G0,P0,valid,valid,zone_A,zone_A,True,0,0.0,0.0,0.0,0,False,True,
011_Et_n_Me_L,S4_person_dropout,64,UCI309_laboratory,simulation,-3.0,1.0,-3.0,1.0,3.0,0.0,0.5620756328971627,G0,P0,valid,valid,zone_A,zone_A,True,0,0.0,0.0,0.0,0,False,True,
011_Et_n_Me_L,S4_person_dropout,65,UCI309_laboratory,simulation,-3.0,1.0,-3.0,1.0,3.0,0.0,0.6744907594765952,G0,P0,valid,valid,zone_A,zone_A,True,0,0.0,0.0,0.0,0,False,True,
011_Et_n_Me_L,S4_person_dropout,66,UCI309_laboratory,simulation,-3.0,1.0,-3.0,1.0,3.0,0.0,0.6744907594765952,G0,P0,valid,valid,zone_A,zone_A,True,0,0.0,0.0,0.0,0,False,True,
011_Et_n_Me_L,S4_person_dropout,67,UCI309_laboratory,simulation,-3.0,1.0,-3.0,1.0,3.0,0.0,0.6744907594765952,G0,P0,valid,valid,zone_A,zone_A,True,0,0.0,0.0,0.0,0,False,True,
011_Et_n_Me_L,S4_person_dropout,68,UCI309_laboratory,simulation,-3.0,1.0,-3.0,1.0,3.0,0.0,0.6744907594765952,G0,P0,valid,valid,zone_A,zone_A,True,0,0.0,0.0,0.0,0,False,True,
011_Et_n_Me_L,S4_person_dropout,69,UCI309_laboratory,simulation,-3.0,1.0,-3.0,1.0,3.0,0.0,0.6744907594765952,G0,P0,valid,valid,zone_A,zone_A,True,0,0.0,0.0,0.0,0,False,True,
011_Et_n_Me_L,S4_person_dropout,70,UCI309_laboratory,simulation,-3.0,1.0,-3.0,1.0,3.0,0.0,0.8431134493457441,G0,P0,valid,valid,zone_A,zone_A,True,0,0.0,0.0,0.0,0,False,True,
011_Et_n_Me_L,S4_person_dropout,71,UCI309_laboratory,simulation,-2.861111111111111,1.0,-2.861111111111111,1.0,2.861111111111111,0.0,0.6744907594765952,G0,P0,valid,valid,zone_A,zone_A,True,0,0.0,0.0,0.0,0,False,True,
011_Et_n_Me_L,S4_person_dropout,72,UCI309_laboratory,simulation,-2.7222222222222223,1.0,-2.7222222222222223,1.0,2.7222222222222223,0.0,0.6744907594765952,G0,P0,valid,valid,zone_A,zone_A,True,0,0.0,0.0,0.0,0,False,True,
011_Et_n_Me_L,S4_person_dropout,73,UCI309_laboratory,simulation,-2.5833333333333335,1.0,-2.5833333333333335,1.0,2.5833333333333335,0.0,0.6744907594765952,G0,P0,valid,valid,zone_A,zone_A,True,0,0.0,0.0,0.0,0,False,True,
011_Et_n_Me_L,S4_person_dropout,74,UCI309_laboratory,simulation,-2.4444444444444446,1.0,-2.4444444444444446,1.0,2.4444444444444446,0.0,0.6744907594765952,G0,P0,valid,valid,zone_A,zone_A,True,0,0.0,0.0,0.0,0,False,True,
011_Et_n_Me_L,S4_person_dropout,75,UCI309_laboratory,simulation,-2.3055555555555554,1.0,-2.3055555555555554,1.0,2.3055555555555554,0.0,0.6744907594765952,G0,P0,valid,valid,zone_A,zone_A,True,0,0.0,0.0,0.0,0,False,True,
011_Et_n_Me_L,S4_person_dropout,76,UCI309_laboratory,simulation,-2.166666666666667,1.0,-2.166666666666667,1.0,2.166666666666667,0.0,0.6744907594765952,G0,P0,valid,valid,zone_A,zone_A,True,0,0.0,0.0,0.0,0,False,True,
011_Et_n_Me_L,S4_person_dropout,77,UCI309_laboratory,simulation,-2.0277777777777777,1.0,-2.0277777777777777,1.0,2.0277777777777777,0.0,0.6744907594765952,G0,P0,valid,valid,zone_A,zone_A,True,0,0.0,0.0,0.0,0,False,True,
011_Et_n_Me_L,S4_person_dropout,78,UCI309_laboratory,simulation,-1.8888888888888888,1.0,-1.8888888888888888,1.0,1.8888888888888888,0.0,0.6744907594765952,G0,P0,valid,valid,zone_A,zone_A,True,0,0.0,0.0,0.0,0,False,True,
011_Et_n_Me_L,S4_person_dropout,79,UCI309_laboratory,simulation,-1.75,1.0,-1.75,1.0,1.75,0.0,0.6744907594765952,G0,P0,valid,valid,zone_A,zone_A,True,0,0.0,0.0,0.0,0,False,True,
011_Et_n_Me_L,S4_person_dropout,80,UCI309_laboratory,simulation,-1.6111111111111112,1.0,-1.6111111111111112,1.0,1.6111111111111112,0.0,0.6744907594765952,G0,P0,valid,valid,zone_A,zone_A,True,0,0.0,0.0,0.0,0,False,True,
011_Et_n_Me_L,S4_person_dropout,81,UCI309_laboratory,simulation,-1.472222222222222,1.0,-1.472222222222222,1.0,1.472222222222222,0.0,1.011736139214893,G0,P0,valid,valid,zone_A,zone_A,True,0,0.0,0.0,0.0,0,False,True,
011_Et_n_Me_L,S4_person_dropout,82,UCI309_laboratory,simulation,-1.3333333333333335,1.0,-1.3333333333333335,1.0,1.3333333333333335,0.0,1.011736139214893,G0,P0,valid,valid,zone_A,zone_A,True,0,0.0,0.0,0.0,0,False,True,
011_Et_n_Me_L,S4_person_dropout,83,UCI309_laboratory,simulation,-1.1944444444444444,1.0,-1.1944444444444444,1.0,1.1944444444444444,0.0,1.011736139214893,G0,P0,valid,valid,zone_A,zone_A,True,0,0.0,0.0,0.0,0,False,True,
011_Et_n_Me_L,S4_person_dropout,84,UCI309_laboratory,simulation,-1.0555555555555556,1.0,-1.0555555555555556,1.0,1.0555555555555556,0.0,1.011736139214893,G0,P0,valid,valid,zone_A,zone_A,True,0,0.0,0.0,0.0,0,False,True,
011_Et_n_Me_L,S4_person_dropout,85,UCI309_laboratory,simulation,-0.9166666666666665,1.0,-0.9166666666666665,1.0,0.9166666666666665,0.0,1.011736139214893,G0,P1,valid,valid,zone_A,zone_A,True,0,1.0,0.0,1.0,1,False,True,
011_Et_n_Me_L,S4_person_dropout,86,UCI309_laboratory,simulation,-0.7777777777777777,1.0,-0.7777777777777777,1.0,0.7777777777777777,0.0,1.011736139214893,G0,P1,valid,valid,zone_A,zone_A,True,0,1.0,0.0,1.0,1,False,True,
011_Et_n_Me_L,S4_person_dropout,87,UCI309_laboratory,simulation,-0.6388888888888888,1.0,-0.6388888888888888,1.0,0.6388888888888888,0.0,1.011736139214893,G0,P1,valid,valid,zone_A,zone_A,True,0,1.0,0.0,1.0,1,False,True,
011_Et_n_Me_L,S4_person_dropout,88,UCI309_laboratory,simulation,-0.5,1.0,-0.5,1.0,0.5,0.0,1.3489815189531904,G0,P1,valid,valid,zone_A,zone_A,True,0,1.0,0.0,1.0,1,False,True,
011_Et_n_Me_L,S4_person_dropout,89,UCI309_laboratory,simulation,-0.4,1.0,-0.4,1.0,0.4,0.0,1.3489815189531904,G0,P1,valid,valid,zone_A,zone_A,True,0,1.0,0.0,1.0,1,False,True,
011_Et_n_Me_L,S4_person_dropout,90,UCI309_laboratory,simulation,-0.3,1.0,-0.3,1.0,0.3,0.0,1.6862268986914881,G0,P1,valid,valid,zone_A,zone_A,True,0,1.0,0.0,1.0,1,False,True,
011_Et_n_Me_L,S4_person_dropout,91,UCI309_laboratory,simulation,-0.2,1.0,-0.2,1.0,0.2,0.0,2.023472278429786,G0,P1,valid,valid,zone_A,zone_A,True,0,1.0,0.0,1.0,1,False,True,
011_Et_n_Me_L,S4_person_dropout,92,UCI309_laboratory,simulation,-0.09999999999999998,1.0,-0.09999999999999998,1.0,0.09999999999999998,0.0,2.023472278429786,G0,P1,valid,valid,zone_A,zone_A,True,0,1.0,0.0,1.0,1,False,True,
011_Et_n_Me_L,S4_person_dropout,93,UCI309_laboratory,simulation,0.0,1.0,0.0,1.0,-0.0,0.0,2.023472278429786,G0,P2,valid,valid,zone_A,zone_A,True,0,2.0,0.0,2.0,2,False,True,
011_Et_n_Me_L,S4_person_dropout,94,UCI309_laboratory,simulation,0.09999999999999998,1.0,0.09999999999999998,1.0,-0.09999999999999998,0.0,2.3607176581680833,G0,P2,valid,valid,zone_A,zone_A,True,0,2.0,0.0,2.0,2,False,True,
011_Et_n_Me_L,S4_person_dropout,95,UCI309_laboratory,simulation,0.19999999999999996,1.0,0.19999999999999996,1.0,-0.19999999999999996,0.0,2.3607176581680833,G0,P2,valid,valid,zone_A,zone_A,True,0,2.0,0.0,2.0,2,False,True,
011_Et_n_Me_L,S4_person_dropout,96,UCI309_laboratory,simulation,0.30000000000000004,1.0,0.30000000000000004,1.0,-0.30000000000000004,0.0,2.697963037906381,G0,P2,valid,valid,zone_A,zone_A,True,0,2.0,0.0,2.0,2,False,True,
011_Et_n_Me_L,S4_person_dropout,97,UCI309_laboratory,simulation,0.4,1.0,0.4,1.0,-0.4,0.0,2.697963037906381,G0,P2,valid,valid,zone_A,zone_A,True,0,2.0,0.0,2.0,2,False,True,
011_Et_n_Me_L,S4_person_dropout,98,UCI309_laboratory,simulation,0.5,1.0,0.5,1.0,-0.5,0.0,3.0352084176446787,G0,P2,valid,valid,zone_A,zone_A,True,0,2.0,0.0,2.0,2,False,True,
011_Et_n_Me_L,S4_person_dropout,99,UCI309_laboratory,simulation,0.5,1.0,0.5,1.0,-0.5,0.0,3.0092664653571175,G0,P2,valid,valid,zone_A,zone_A,True,0,2.0,0.0,2.0,2,False,True,
011_Et_n_Me_L,S4_person_dropout,100,UCI309_laboratory,simulation,0.5,1.0,,,,0.0,3.0092664653571175,G0,unknown,valid,simulated_dropout,zone_A,zone_A,True,0,,0.0,,0,True,False,person_simulated_dropout
011_Et_n_Me_L,S4_person_dropout,101,UCI309_laboratory,simulation,0.5,1.0,,,,0.0,3.06115036993224,G0,unknown,valid,simulated_dropout,zone_A,zone_A,True,0,,0.0,,0,True,False,person_simulated_dropout
011_Et_n_Me_L,S4_person_dropout,102,UCI309_laboratory,simulation,0.5,1.0,,,,0.0,3.0092664653571175,G0,unknown,valid,simulated_dropout,zone_A,zone_A,True,0,,0.0,,0,True,False,person_simulated_dropout
011_Et_n_Me_L,S4_person_dropout,103,UCI309_laboratory,simulation,0.5,1.0,,,,0.0,3.0092664653571175,G0,unknown,valid,simulated_dropout,zone_A,zone_A,True,0,,0.0,,0,True,False,person_simulated_dropout
011_Et_n_Me_L,S4_person_dropout,104,UCI309_laboratory,simulation,0.5,1.0,,,,0.0,3.0092664653571175,G0,unknown,valid,simulated_dropout,zone_A,zone_A,True,0,,0.0,,0,True,False,person_simulated_dropout
011_Et_n_Me_L,S4_person_dropout,105,UCI309_laboratory,simulation,0.5,1.0,,,,0.0,3.0092664653571175,G0,unknown,valid,simulated_dropout,zone_A,zone_A,True,0,,0.0,,0,True,False,person_simulated_dropout
011_Et_n_Me_L,S4_person_dropout,106,UCI309_laboratory,simulation,0.5,1.0,,,,0.0,3.0092664653571175,G0,unknown,valid,simulated_dropout,zone_A,zone_A,True,0,,0.0,,0,True,False,person_simulated_dropout
011_Et_n_Me_L,S4_person_dropout,107,UCI309_laboratory,simulation,0.5,1.0,,,,0.0,3.0092664653571175,G0,unknown,valid,simulated_dropout,zone_A,zone_A,True,0,,0.0,,0,True,False,person_simulated_dropout
011_Et_n_Me_L,S4_person_dropout,108,UCI309_laboratory,simulation,0.5,1.0,,,,0.0,3.0092664653571175,G0,unknown,valid,simulated_dropout,zone_A,zone_A,True,0,,0.0,,0,True,False,person_simulated_dropout
011_Et_n_Me_L,S4_person_dropout,109,UCI309_laboratory,simulation,0.5,1.0,,,,0.0,3.0092664653571175,G0,unknown,valid,simulated_dropout,zone_A,zone_A,True,0,,0.0,,0,True,False,person_simulated_dropout
011_Et_n_Me_L,S4_person_dropout,110,UCI309_laboratory,simulation,0.5,1.0,0.5,1.0,-0.5,0.0,3.0092664653571175,G0,P2,valid,valid,zone_A,zone_A,True,0,2.0,0.0,2.0,2,False,True,
011_Et_n_Me_L,S4_person_dropout,111,UCI309_laboratory,simulation,0.5,1.0,0.5,1.0,-0.5,0.0,3.0092664653571175,G0,P2,valid,valid,zone_A,zone_A,True,0,2.0,0.0,2.0,2,False,True,
011_Et_n_Me_L,S4_person_dropout,112,UCI309_laboratory,simulation,0.5,1.0,0.5,1.0,-0.5,0.0,3.0092664653571175,G0,P2,valid,valid,zone_A,zone_A,True,0,2.0,0.0,2.0,2,False,True,
011_Et_n_Me_L,S4_person_dropout,113,UCI309_laboratory,simulation,0.5,1.0,0.5,1.0,-0.5,0.0,3.0092664653571175,G0,P2,valid,valid,zone_A,zone_A,True,0,2.0,0.0,2.0,2,False,True,
011_Et_n_Me_L,S4_person_dropout,114,UCI309_laboratory,simulation,0.5,1.0,0.5,1.0,-0.5,0.0,3.0092664653571175,G0,P2,valid,valid,zone_A,zone_A,True,0,2.0,0.0,2.0,2,False,True,
011_Et_n_Me_L,S4_person_dropout,115,UCI309_laboratory,simulation,0.5,1.0,0.5,1.0,-0.5,0.0,3.0092664653571175,G0,P2,valid,valid,zone_A,zone_A,True,0,2.0,0.0,2.0,2,False,True,
011_Et_n_Me_L,S4_person_dropout,116,UCI309_laboratory,simulation,0.5,1.0,0.5,1.0,-0.5,0.0,3.0092664653571175,G0,P2,valid,valid,zone_A,zone_A,True,0,2.0,0.0,2.0,2,False,True,
011_Et_n_Me_L,S4_person_dropout,117,UCI309_laboratory,simulation,0.5,1.0,0.5,1.0,-0.5,0.0,3.0092664653571175,G0,P2,valid,valid,zone_A,zone_A,True,0,2.0,0.0,2.0,2,False,True,
011_Et_n_Me_L,S4_person_dropout,118,UCI309_laboratory,simulation,0.5,1.0,0.5,1.0,-0.5,0.0,3.0092664653571175,G0,P2,valid,valid,zone_A,zone_A,True,0,2.0,0.0,2.0,2,False,True,
011_Et_n_Me_L,S4_person_dropout,119,UCI309_laboratory,simulation,0.5,1.0,0.5,1.0,-0.5,0.0,3.0092664653571175,G0,P2,valid,valid,zone_A,zone_A,True,0,2.0,0.0,2.0,2,False,True,
011_Et_n_Me_L,S4_person_dropout,120,UCI309_laboratory,simulation,0.5,1.0,0.5,1.0,-0.5,0.0,3.0092664653571175,G0,P2,valid,valid,zone_A,zone_A,True,0,2.0,0.0,2.0,2,False,True,
011_Et_n_Me_L,S4_person_dropout,121,UCI309_laboratory,simulation,0.5,1.0,0.5,1.0,-0.5,0.0,3.126005250651143,G0,P2,valid,valid,zone_A,zone_A,True,0,2.0,0.0,2.0,2,False,True,
011_Et_n_Me_L,S4_person_dropout,122,UCI309_laboratory,simulation,0.5,1.0,0.5,1.0,-0.5,0.0,3.346511845095415,G0,P2,valid,valid,zone_A,zone_A,True,0,2.0,0.0,2.0,2,False,True,
011_Et_n_Me_L,S4_person_dropout,123,UCI309_laboratory,simulation,0.5,1.0,0.5,1.0,-0.5,0.0,2.9054986562068716,G0,P2,valid,valid,zone_A,zone_A,True,0,2.0,0.0,2.0,2,False,True,
011_Et_n_Me_L,S4_person_dropout,124,UCI309_laboratory,simulation,0.5,1.0,0.5,1.0,-0.5,0.0,3.2427440359451696,G0,P2,valid,valid,zone_A,zone_A,True,0,2.0,0.0,2.0,2,False,True,
011_Et_n_Me_L,S4_person_dropout,125,UCI309_laboratory,simulation,0.5,1.0,0.5,1.0,-0.5,0.0,3.2427440359451696,G0,P2,valid,valid,zone_A,zone_A,True,0,2.0,0.0,2.0,2,False,True,
011_Et_n_Me_L,S4_person_dropout,126,UCI309_laboratory,simulation,0.32499999999999996,1.0,0.32499999999999996,1.0,-0.32499999999999996,0.0,3.2427440359451696,G0,P2,valid,valid,zone_A,zone_A,True,0,2.0,0.0,2.0,2,False,True,
011_Et_n_Me_L,S4_person_dropout,127,UCI309_laboratory,simulation,0.14999999999999997,1.0,0.14999999999999997,1.0,-0.14999999999999997,0.0,3.2427440359451696,G0,P2,valid,valid,zone_A,zone_A,True,0,2.0,0.0,2.0,2,False,True,
011_Et_n_Me_L,S4_person_dropout,128,UCI309_laboratory,simulation,-0.025000000000000022,1.0,-0.025000000000000022,1.0,0.025000000000000022,0.0,3.2427440359451696,G0,P1,valid,valid,zone_A,zone_A,True,0,1.0,0.0,1.0,1,False,True,
011_Et_n_Me_L,S4_person_dropout,129,UCI309_laboratory,simulation,-0.20000000000000007,1.0,-0.20000000000000007,1.0,0.20000000000000007,0.0,3.2427440359451696,G0,P1,valid,valid,zone_A,zone_A,True,0,1.0,0.0,1.0,1,False,True,
011_Et_n_Me_L,S4_person_dropout,130,UCI309_laboratory,simulation,-0.375,1.0,-0.375,1.0,0.375,0.0,3.2427440359451696,G0,P1,valid,valid,zone_A,zone_A,True,0,1.0,0.0,1.0,1,False,True,
011_Et_n_Me_L,S4_person_dropout,131,UCI309_laboratory,simulation,-0.55,1.0,-0.55,1.0,0.55,0.0,3.2427440359451696,G0,P1,valid,valid,zone_A,zone_A,True,0,1.0,0.0,1.0,1,False,True,
011_Et_n_Me_L,S4_person_dropout,132,UCI309_laboratory,simulation,-0.7249999999999999,1.0,-0.7249999999999999,1.0,0.7249999999999999,0.0,3.2427440359451696,G0,P1,valid,valid,zone_A,zone_A,True,0,1.0,0.0,1.0,1,False,True,
011_Et_n_Me_L,S4_person_dropout,133,UCI309_laboratory,simulation,-0.9000000000000001,1.0,-0.9000000000000001,1.0,0.9000000000000001,0.0,3.2427440359451696,G0,P1,valid,valid,zone_A,zone_A,True,0,1.0,0.0,1.0,1,False,True,
011_Et_n_Me_L,S4_person_dropout,134,UCI309_laboratory,simulation,-1.075,1.0,-1.075,1.0,1.075,0.0,3.2427440359451696,G0,P0,valid,valid,zone_A,zone_A,True,0,0.0,0.0,0.0,0,False,True,
011_Et_n_Me_L,S4_person_dropout,135,UCI309_laboratory,simulation,-1.25,1.0,-1.25,1.0,1.25,0.0,3.2427440359451696,G0,P0,valid,valid,zone_A,zone_A,True,0,0.0,0.0,0.0,0,False,True,
011_Et_n_Me_L,S4_person_dropout,136,UCI309_laboratory,simulation,-1.4250000000000003,1.0,-1.4250000000000003,1.0,1.4250000000000003,0.0,3.2427440359451696,G0,P0,valid,valid,zone_A,zone_A,True,0,0.0,0.0,0.0,0,False,True,
011_Et_n_Me_L,S4_person_dropout,137,UCI309_laboratory,simulation,-1.6,1.0,-1.6,1.0,1.6,0.0,3.2427440359451696,G0,P0,valid,valid,zone_A,zone_A,True,0,0.0,0.0,0.0,0,False,True,
011_Et_n_Me_L,S4_person_dropout,138,UCI309_laboratory,simulation,-1.775,1.0,-1.775,1.0,1.775,0.0,3.2427440359451696,G0,P0,valid,valid,zone_A,zone_A,True,0,0.0,0.0,0.0,0,False,True,
011_Et_n_Me_L,S4_person_dropout,139,UCI309_laboratory,simulation,-1.9499999999999997,1.0,-1.9499999999999997,1.0,1.9499999999999997,0.0,3.2427440359451696,G0,P0,valid,valid,zone_A,zone_A,True,0,0.0,0.0,0.0,0,False,True,
011_Et_n_Me_L,S4_person_dropout,140,UCI309_laboratory,simulation,-2.125,1.0,-2.125,1.0,2.125,0.0,3.2427440359451696,G0,P0,valid,valid,zone_A,zone_A,True,0,0.0,0.0,0.0,0,False,True,
011_Et_n_Me_L,S4_person_dropout,141,UCI309_laboratory,simulation,-2.3000000000000003,1.0,-2.3000000000000003,1.0,2.3000000000000003,0.0,3.2427440359451696,G0,P0,valid,valid,zone_A,zone_A,True,0,0.0,0.0,0.0,0,False,True,
011_Et_n_Me_L,S4_person_dropout,142,UCI309_laboratory,simulation,-2.475,1.0,-2.475,1.0,2.475,0.0,3.579989415683467,G0,P0,valid,valid,zone_A,zone_A,True,0,0.0,0.0,0.0,0,False,True,
011_Et_n_Me_L,S4_person_dropout,143,UCI309_laboratory,simulation,-2.65,1.0,-2.65,1.0,2.65,0.0,3.2427440359451696,G0,P0,valid,valid,zone_A,zone_A,True,0,0.0,0.0,0.0,0,False,True,
011_Et_n_Me_L,S4_person_dropout,144,UCI309_laboratory,simulation,-2.8249999999999997,1.0,-2.8249999999999997,1.0,2.8249999999999997,0.0,3.579989415683467,G0,P0,valid,valid,zone_A,zone_A,True,0,0.0,0.0,0.0,0,False,True,
011_Et_n_Me_L,S4_person_dropout,145,UCI309_laboratory,simulation,-3.0,1.0,-3.0,1.0,3.0,0.0,3.579989415683467,G0,P0,valid,valid,zone_A,zone_A,True,0,0.0,0.0,0.0,0,False,True,
011_Et_n_Me_L,S4_person_dropout,146,UCI309_laboratory,simulation,-3.0,1.0,-3.0,1.0,3.0,0.0,3.579989415683467,G0,P0,valid,valid,zone_A,zone_A,True,0,0.0,0.0,0.0,0,False,True,
011_Et_n_Me_L,S4_person_dropout,147,UCI309_laboratory,simulation,-3.0,1.0,-3.0,1.0,3.0,0.0,3.579989415683467,G0,P0,valid,valid,zone_A,zone_A,True,0,0.0,0.0,0.0,0,False,True,
011_Et_n_Me_L,S4_person_dropout,148,UCI309_laboratory,simulation,-3.0,1.0,-3.0,1.0,3.0,0.0,3.579989415683467,G0,P0,valid,valid,zone_A,zone_A,True,0,0.0,0.0,0.0,0,False,True,
011_Et_n_Me_L,S4_person_dropout,149,UCI309_laboratory,simulation,-3.0,1.0,-3.0,1.0,3.0,0.0,3.579989415683467,G0,P0,valid,valid,zone_A,zone_A,True,0,0.0,0.0,0.0,0,False,True,
011_Et_n_Me_L,S4_person_dropout,150,UCI309_laboratory,simulation,-3.0,1.0,-3.0,1.0,3.0,0.0,3.579989415683467,G0,P0,valid,valid,zone_A,zone_A,True,0,0.0,0.0,0.0,0,False,True,
011_Et_n_Me_L,S4_person_dropout,151,UCI309_laboratory,simulation,-3.0,1.0,-3.0,1.0,3.0,0.0,3.579989415683467,G0,P0,valid,valid,zone_A,zone_A,True,0,0.0,0.0,0.0,0,False,True,
011_Et_n_Me_L,S4_person_dropout,152,UCI309_laboratory,simulation,-3.0,1.0,-3.0,1.0,3.0,0.0,3.579989415683467,G0,P0,valid,valid,zone_A,zone_A,True,0,0.0,0.0,0.0,0,False,True,
011_Et_n_Me_L,S4_person_dropout,153,UCI309_laboratory,simulation,-3.0,1.0,-3.0,1.0,3.0,0.0,3.579989415683467,G0,P0,valid,valid,zone_A,zone_A,True,0,0.0,0.0,0.0,0,False,True,
011_Et_n_Me_L,S4_person_dropout,154,UCI309_laboratory,simulation,-3.0,1.0,-3.0,1.0,3.0,0.0,3.4762216065332217,G0,P0,valid,valid,zone_A,zone_A,True,0,0.0,0.0,0.0,0,False,True,
011_Et_n_Me_L,S4_person_dropout,155,UCI309_laboratory,simulation,-3.0,1.0,-3.0,1.0,3.0,0.0,3.4762216065332217,G0,P0,valid,valid,zone_A,zone_A,True,0,0.0,0.0,0.0,0,False,True,
011_Et_n_Me_L,S4_person_dropout,156,UCI309_laboratory,simulation,-3.0,1.0,-3.0,1.0,3.0,0.0,3.4762216065332217,G0,P0,valid,valid,zone_A,zone_A,True,0,0.0,0.0,0.0,0,False,True,
011_Et_n_Me_L,S4_person_dropout,157,UCI309_laboratory,simulation,-3.0,1.0,-3.0,1.0,3.0,0.0,3.3724537973829762,G0,P0,valid,valid,zone_A,zone_A,True,0,0.0,0.0,0.0,0,False,True,
011_Et_n_Me_L,S4_person_dropout,158,UCI309_laboratory,simulation,-3.0,1.0,-3.0,1.0,3.0,0.0,3.3724537973829762,G0,P0,valid,valid,zone_A,zone_A,True,0,0.0,0.0,0.0,0,False,True,
011_Et_n_Me_L,S4_person_dropout,159,UCI309_laboratory,simulation,-3.0,1.0,-3.0,1.0,3.0,0.0,3.3724537973829762,G0,P0,valid,valid,zone_A,zone_A,True,0,0.0,0.0,0.0,0,False,True,
011_Et_n_Me_L,S4_person_dropout,160,UCI309_laboratory,simulation,-3.0,1.0,-3.0,1.0,3.0,0.0,3.3205698928078533,G0,P0,valid,valid,zone_A,zone_A,True,0,0.0,0.0,0.0,0,False,True,
011_Et_n_Me_L,S4_person_dropout,161,UCI309_laboratory,simulation,-3.0,1.0,-3.0,1.0,3.0,0.0,3.268685988232731,G0,P0,valid,valid,zone_A,zone_A,True,0,0.0,0.0,0.0,0,False,True,
011_Et_n_Me_L,S4_person_dropout,162,UCI309_laboratory,simulation,-3.0,1.0,-3.0,1.0,3.0,0.0,3.268685988232731,G0,P0,valid,valid,zone_A,zone_A,True,0,0.0,0.0,0.0,0,False,True,
011_Et_n_Me_L,S4_person_dropout,163,UCI309_laboratory,simulation,-3.0,1.0,-3.0,1.0,3.0,0.0,3.268685988232731,G0,P0,valid,valid,zone_A,zone_A,True,0,0.0,0.0,0.0,0,False,True,
011_Et_n_Me_L,S4_person_dropout,164,UCI309_laboratory,simulation,-3.0,1.0,-3.0,1.0,3.0,0.0,3.268685988232731,G0,P0,valid,valid,zone_A,zone_A,True,0,0.0,0.0,0.0,0,False,True,
011_Et_n_Me_L,S4_person_dropout,165,UCI309_laboratory,simulation,-3.0,1.0,-3.0,1.0,3.0,0.0,3.502163558820783,G0,P0,valid,valid,zone_A,zone_A,True,0,0.0,0.0,0.0,0,False,True,
011_Et_n_Me_L,S4_person_dropout,166,UCI309_laboratory,simulation,-3.0,1.0,-3.0,1.0,3.0,0.0,3.1649181790824854,G0,P0,valid,valid,zone_A,zone_A,True,0,0.0,0.0,0.0,0,False,True,
011_Et_n_Me_L,S4_person_dropout,167,UCI309_laboratory,simulation,-3.0,1.0,-3.0,1.0,3.0,0.0,3.1649181790824854,G0,P0,valid,valid,zone_A,zone_A,True,0,0.0,0.0,0.0,0,False,True,
011_Et_n_Me_L,S4_person_dropout,168,UCI309_laboratory,simulation,-3.0,1.0,-3.0,1.0,3.0,0.0,3.1649181790824854,G0,P0,valid,valid,zone_A,zone_A,True,0,0.0,0.0,0.0,0,False,True,
011_Et_n_Me_L,S4_person_dropout,169,UCI309_laboratory,simulation,-3.0,1.0,-3.0,1.0,3.0,0.0,3.1649181790824854,G0,P0,valid,valid,zone_A,zone_A,True,0,0.0,0.0,0.0,0,False,True,
011_Et_n_Me_L,S4_person_dropout,170,UCI309_laboratory,simulation,-3.0,1.0,-3.0,1.0,3.0,0.0,3.3335408689516344,G0,P0,valid,valid,zone_A,zone_A,True,0,0.0,0.0,0.0,0,False,True,
011_Et_n_Me_L,S4_person_dropout,171,UCI309_laboratory,simulation,-3.0,1.0,-3.0,1.0,3.0,0.0,3.06115036993224,G0,P0,valid,valid,zone_A,zone_A,True,0,0.0,0.0,0.0,0,False,True,
011_Et_n_Me_L,S4_person_dropout,172,UCI309_laboratory,simulation,-3.0,1.0,-3.0,1.0,3.0,0.0,3.06115036993224,G0,P0,valid,valid,zone_A,zone_A,True,0,0.0,0.0,0.0,0,False,True,
011_Et_n_Me_L,S4_person_dropout,173,UCI309_laboratory,simulation,-3.0,1.0,-3.0,1.0,3.0,0.0,3.06115036993224,G0,P0,valid,valid,zone_A,zone_A,True,0,0.0,0.0,0.0,0,False,True,
011_Et_n_Me_L,S4_person_dropout,174,UCI309_laboratory,simulation,-3.0,1.0,-3.0,1.0,3.0,0.0,3.06115036993224,G0,P0,valid,valid,zone_A,zone_A,True,0,0.0,0.0,0.0,0,False,True,
011_Et_n_Me_L,S4_person_dropout,175,UCI309_laboratory,simulation,-3.0,1.0,-3.0,1.0,3.0,0.0,3.06115036993224,G0,P0,valid,valid,zone_A,zone_A,True,0,0.0,0.0,0.0,0,False,True,
011_Et_n_Me_L,S4_person_dropout,176,UCI309_laboratory,simulation,-3.0,1.0,-3.0,1.0,3.0,0.0,3.06115036993224,G0,P0,valid,valid,zone_A,zone_A,True,0,0.0,0.0,0.0,0,False,True,
011_Et_n_Me_L,S4_person_dropout,177,UCI309_laboratory,simulation,-3.0,1.0,-3.0,1.0,3.0,0.0,3.06115036993224,G0,P0,valid,valid,zone_A,zone_A,True,0,0.0,0.0,0.0,0,False,True,
011_Et_n_Me_L,S4_person_dropout,178,UCI309_laboratory,simulation,-3.0,1.0,-3.0,1.0,3.0,0.0,2.957382560781994,G0,P0,valid,valid,zone_A,zone_A,True,0,0.0,0.0,0.0,0,False,True,
011_Et_n_Me_L,S4_person_dropout,179,UCI309_laboratory,simulation,-3.0,1.0,-3.0,1.0,3.0,0.0,2.957382560781994,G0,P0,valid,valid,zone_A,zone_A,True,0,0.0,0.0,0.0,0,False,True,
011_Et_n_Me_L,S4_person_dropout,180,UCI309_laboratory,simulation,-3.0,1.0,-3.0,1.0,3.0,0.0,2.957382560781994,G0,P0,valid,valid,zone_A,zone_A,True,0,0.0,0.0,0.0,0,False,True,
011_Et_n_Me_L,S4_person_dropout,181,UCI309_laboratory,simulation,-3.0,1.0,-3.0,1.0,3.0,0.0,2.957382560781994,G0,P0,valid,valid,zone_A,zone_A,True,0,0.0,0.0,0.0,0,False,True,
011_Et_n_Me_L,S4_person_dropout,182,UCI309_laboratory,simulation,-3.0,1.0,-3.0,1.0,3.0,0.0,2.957382560781994,G0,P0,valid,valid,zone_A,zone_A,True,0,0.0,0.0,0.0,0,False,True,
011_Et_n_Me_L,S4_person_dropout,183,UCI309_laboratory,simulation,-3.0,1.0,-3.0,1.0,3.0,0.0,2.853614751631749,G0,P0,valid,valid,zone_A,zone_A,True,0,0.0,0.0,0.0,0,False,True,
011_Et_n_Me_L,S4_person_dropout,184,UCI309_laboratory,simulation,-3.0,1.0,-3.0,1.0,3.0,0.0,2.853614751631749,G0,P0,valid,valid,zone_A,zone_A,True,0,0.0,0.0,0.0,0,False,True,
011_Et_n_Me_L,S4_person_dropout,185,UCI309_laboratory,simulation,-3.0,1.0,-3.0,1.0,3.0,0.0,2.853614751631749,G0,P0,valid,valid,zone_A,zone_A,True,0,0.0,0.0,0.0,0,False,True,
011_Et_n_Me_L,S4_person_dropout,186,UCI309_laboratory,simulation,-3.0,1.0,-3.0,1.0,3.0,0.0,2.853614751631749,G0,P0,valid,valid,zone_A,zone_A,True,0,0.0,0.0,0.0,0,False,True,
011_Et_n_Me_L,S4_person_dropout,187,UCI309_laboratory,simulation,-3.0,1.0,-3.0,1.0,3.0,0.0,2.853614751631749,G0,P0,valid,valid,zone_A,zone_A,True,0,0.0,0.0,0.0,0,False,True,
011_Et_n_Me_L,S4_person_dropout,188,UCI309_laboratory,simulation,-3.0,1.0,-3.0,1.0,3.0,0.0,2.853614751631749,G0,P0,valid,valid,zone_A,zone_A,True,0,0.0,0.0,0.0,0,False,True,
011_Et_n_Me_L,S4_person_dropout,189,UCI309_laboratory,simulation,-3.0,1.0,-3.0,1.0,3.0,0.0,2.853614751631749,G0,P0,valid,valid,zone_A,zone_A,True,0,0.0,0.0,0.0,0,False,True,
011_Et_n_Me_L,S4_person_dropout,190,UCI309_laboratory,simulation,-3.0,1.0,-3.0,1.0,3.0,0.0,2.853614751631749,G0,P0,valid,valid,zone_A,zone_A,True,0,0.0,0.0,0.0,0,False,True,
011_Et_n_Me_L,S4_person_dropout,191,UCI309_laboratory,simulation,-3.0,1.0,-3.0,1.0,3.0,0.0,2.853614751631749,G0,P0,valid,valid,zone_A,zone_A,True,0,0.0,0.0,0.0,0,False,True,
011_Et_n_Me_L,S4_person_dropout,192,UCI309_laboratory,simulation,-3.0,1.0,-3.0,1.0,3.0,0.0,2.7498469424815033,G0,P0,valid,valid,zone_A,zone_A,True,0,0.0,0.0,0.0,0,False,True,
011_Et_n_Me_L,S4_person_dropout,193,UCI309_laboratory,simulation,-3.0,1.0,-3.0,1.0,3.0,0.0,2.7498469424815033,G0,P0,valid,valid,zone_A,zone_A,True,0,0.0,0.0,0.0,0,False,True,
011_Et_n_Me_L,S4_person_dropout,194,UCI309_laboratory,simulation,-3.0,1.0,-3.0,1.0,3.0,0.0,2.7498469424815033,G0,P0,valid,valid,zone_A,zone_A,True,0,0.0,0.0,0.0,0,False,True,
011_Et_n_Me_L,S4_person_dropout,195,UCI309_laboratory,simulation,-3.0,1.0,-3.0,1.0,3.0,0.0,2.7498469424815033,G0,P0,valid,valid,zone_A,zone_A,True,0,0.0,0.0,0.0,0,False,True,
011_Et_n_Me_L,S4_person_dropout,196,UCI309_laboratory,simulation,-3.0,1.0,-3.0,1.0,3.0,0.0,2.9184696323506523,G0,P0,valid,valid,zone_A,zone_A,True,0,0.0,0.0,0.0,0,False,True,
011_Et_n_Me_L,S4_person_dropout,197,UCI309_laboratory,simulation,-3.0,1.0,-3.0,1.0,3.0,0.0,2.7498469424815033,G0,P0,valid,valid,zone_A,zone_A,True,0,0.0,0.0,0.0,0,False,True,
011_Et_n_Me_L,S4_person_dropout,198,UCI309_laboratory,simulation,-3.0,1.0,-3.0,1.0,3.0,0.0,2.7498469424815033,G0,P0,valid,valid,zone_A,zone_A,True,0,0.0,0.0,0.0,0,False,True,
011_Et_n_Me_L,S4_person_dropout,199,UCI309_laboratory,simulation,-3.0,1.0,-3.0,1.0,3.0,0.0,2.7498469424815033,G0,P0,valid,valid,zone_A,zone_A,True,0,0.0,0.0,0.0,0,False,True,
011_Et_n_Me_L,S4_person_dropout,200,UCI309_laboratory,simulation,-3.0,1.0,-3.0,1.0,3.0,0.0,2.7498469424815033,G0,P0,valid,valid,zone_A,zone_A,True,0,0.0,0.0,0.0,0,False,True,
011_Et_n_Me_L,S4_person_dropout,201,UCI309_laboratory,simulation,-3.0,1.0,-3.0,1.0,3.0,0.0,2.9184696323506523,G0,P0,valid,valid,zone_A,zone_A,True,0,0.0,0.0,0.0,0,False,True,
011_Et_n_Me_L,S4_person_dropout,202,UCI309_laboratory,simulation,-3.0,1.0,-3.0,1.0,3.0,0.0,2.7498469424815033,G0,P0,valid,valid,zone_A,zone_A,True,0,0.0,0.0,0.0,0,False,True,
011_Et_n_Me_L,S4_person_dropout,203,UCI309_laboratory,simulation,-3.0,1.0,-3.0,1.0,3.0,0.0,3.0870923222198012,G0,P0,valid,valid,zone_A,zone_A,True,0,0.0,0.0,0.0,0,False,True,
011_Et_n_Me_L,S4_person_dropout,204,UCI309_laboratory,simulation,-3.0,1.0,-3.0,1.0,3.0,0.0,2.9184696323506523,G0,P0,valid,valid,zone_A,zone_A,True,0,0.0,0.0,0.0,0,False,True,
011_Et_n_Me_L,S4_person_dropout,205,UCI309_laboratory,simulation,-3.0,1.0,-3.0,1.0,3.0,0.0,2.7498469424815033,G0,P0,valid,valid,zone_A,zone_A,True,0,0.0,0.0,0.0,0,False,True,
011_Et_n_Me_L,S4_person_dropout,206,UCI309_laboratory,simulation,-3.0,1.0,-3.0,1.0,3.0,0.0,2.9184696323506523,G0,P0,valid,valid,zone_A,zone_A,True,0,0.0,0.0,0.0,0,False,True,
011_Et_n_Me_L,S4_person_dropout,207,UCI309_laboratory,simulation,-3.0,1.0,-3.0,1.0,3.0,0.0,2.7498469424815033,G0,P0,valid,valid,zone_A,zone_A,True,0,0.0,0.0,0.0,0,False,True,
011_Et_n_Me_L,S4_person_dropout,208,UCI309_laboratory,simulation,-3.0,1.0,-3.0,1.0,3.0,0.0,3.0870923222198012,G0,P0,valid,valid,zone_A,zone_A,True,0,0.0,0.0,0.0,0,False,True,
011_Et_n_Me_L,S4_person_dropout,209,UCI309_laboratory,simulation,-3.0,1.0,-3.0,1.0,3.0,0.0,2.983324513069556,G0,P0,valid,valid,zone_A,zone_A,True,0,0.0,0.0,0.0,0,False,True,
011_Et_n_Me_L,S4_person_dropout,210,UCI309_laboratory,simulation,-3.0,1.0,-3.0,1.0,3.0,0.0,2.983324513069556,G0,P0,valid,valid,zone_A,zone_A,True,0,0.0,0.0,0.0,0,False,True,
011_Et_n_Me_L,S4_person_dropout,211,UCI309_laboratory,simulation,-3.0,1.0,-3.0,1.0,3.0,0.0,2.814701823200407,G0,P0,valid,valid,zone_A,zone_A,True,0,0.0,0.0,0.0,0,False,True,
011_Et_n_Me_L,S4_person_dropout,212,UCI309_laboratory,simulation,-3.0,1.0,-3.0,1.0,3.0,0.0,2.983324513069556,G0,P0,valid,valid,zone_A,zone_A,True,0,0.0,0.0,0.0,0,False,True,
011_Et_n_Me_L,S4_person_dropout,213,UCI309_laboratory,simulation,-3.0,1.0,-3.0,1.0,3.0,0.0,2.6460791333312583,G0,P0,valid,valid,zone_A,zone_A,True,0,0.0,0.0,0.0,0,False,True,
011_Et_n_Me_L,S4_person_dropout,214,UCI309_laboratory,simulation,-3.0,1.0,-3.0,1.0,3.0,0.0,2.6460791333312583,G0,P0,valid,valid,zone_A,zone_A,True,0,0.0,0.0,0.0,0,False,True,
011_Et_n_Me_L,S4_person_dropout,215,UCI309_laboratory,simulation,-3.0,1.0,-3.0,1.0,3.0,0.0,2.7109340140501614,G0,P0,valid,valid,zone_A,zone_A,True,0,0.0,0.0,0.0,0,False,True,
011_Et_n_Me_L,S4_person_dropout,216,UCI309_laboratory,simulation,-3.0,1.0,-3.0,1.0,3.0,0.0,2.5423113241810125,G0,P0,valid,valid,zone_A,zone_A,True,0,0.0,0.0,0.0,0,False,True,
011_Et_n_Me_L,S4_person_dropout,217,UCI309_laboratory,simulation,-3.0,1.0,-3.0,1.0,3.0,0.0,2.5423113241810125,G0,P0,valid,valid,zone_A,zone_A,True,0,0.0,0.0,0.0,0,False,True,
011_Et_n_Me_L,S4_person_dropout,218,UCI309_laboratory,simulation,-3.0,1.0,-3.0,1.0,3.0,0.0,2.585547911326948,G0,P0,valid,valid,zone_A,zone_A,True,0,0.0,0.0,0.0,0,False,True,
011_Et_n_Me_L,S4_person_dropout,219,UCI309_laboratory,simulation,-3.0,1.0,-3.0,1.0,3.0,0.0,2.585547911326948,G0,P0,valid,valid,zone_A,zone_A,True,0,0.0,0.0,0.0,0,False,True,
011_Et_n_Me_L,S4_person_dropout,220,UCI309_laboratory,simulation,-3.0,1.0,-3.0,1.0,3.0,0.0,2.5423113241810125,G0,P0,valid,valid,zone_A,zone_A,True,0,0.0,0.0,0.0,0,False,True,
011_Et_n_Me_L,S4_person_dropout,221,UCI309_laboratory,simulation,-3.0,1.0,-3.0,1.0,3.0,0.0,2.585547911326948,G0,P0,valid,valid,zone_A,zone_A,True,0,0.0,0.0,0.0,0,False,True,
011_Et_n_Me_L,S4_person_dropout,222,UCI309_laboratory,simulation,-3.0,1.0,-3.0,1.0,3.0,0.0,2.5423113241810125,G0,P0,valid,valid,zone_A,zone_A,True,0,0.0,0.0,0.0,0,False,True,
011_Et_n_Me_L,S4_person_dropout,223,UCI309_laboratory,simulation,-3.0,1.0,-3.0,1.0,3.0,0.0,2.5423113241810125,G0,P0,valid,valid,zone_A,zone_A,True,0,0.0,0.0,0.0,0,False,True,
011_Et_n_Me_L,S4_person_dropout,224,UCI309_laboratory,simulation,-3.0,1.0,-3.0,1.0,3.0,0.0,2.4385435150307675,G0,P0,valid,valid,zone_A,zone_A,True,0,0.0,0.0,0.0,0,False,True,
011_Et_n_Me_L,S4_person_dropout,225,UCI309_laboratory,simulation,-3.0,1.0,-3.0,1.0,3.0,0.0,2.585547911326948,G0,P0,valid,valid,zone_A,zone_A,True,0,0.0,0.0,0.0,0,False,True,
011_Et_n_Me_L,S4_person_dropout,226,UCI309_laboratory,simulation,-3.0,1.0,-3.0,1.0,3.0,0.0,2.5423113241810125,G0,P0,valid,valid,zone_A,zone_A,True,0,0.0,0.0,0.0,0,False,True,
011_Et_n_Me_L,S4_person_dropout,227,UCI309_laboratory,simulation,-3.0,1.0,-3.0,1.0,3.0,0.0,2.5423113241810125,G0,P0,valid,valid,zone_A,zone_A,True,0,0.0,0.0,0.0,0,False,True,
011_Et_n_Me_L,S4_person_dropout,228,UCI309_laboratory,simulation,-3.0,1.0,-3.0,1.0,3.0,0.0,2.49042741960589,G0,P0,valid,valid,zone_A,zone_A,True,0,0.0,0.0,0.0,0,False,True,
011_Et_n_Me_L,S4_person_dropout,229,UCI309_laboratory,simulation,-3.0,1.0,-3.0,1.0,3.0,0.0,2.4385435150307675,G0,P0,valid,valid,zone_A,zone_A,True,0,0.0,0.0,0.0,0,False,True,
011_Et_n_Me_L,S4_person_dropout,230,UCI309_laboratory,simulation,-3.0,1.0,-3.0,1.0,3.0,0.0,2.4385435150307675,G0,P0,valid,valid,zone_A,zone_A,True,0,0.0,0.0,0.0,0,False,True,
011_Et_n_Me_L,S4_person_dropout,231,UCI309_laboratory,simulation,-3.0,1.0,-3.0,1.0,3.0,0.0,2.4385435150307675,G0,P0,valid,valid,zone_A,zone_A,True,0,0.0,0.0,0.0,0,False,True,
011_Et_n_Me_L,S4_person_dropout,232,UCI309_laboratory,simulation,-3.0,1.0,-3.0,1.0,3.0,0.0,2.4385435150307675,G0,P0,valid,valid,zone_A,zone_A,True,0,0.0,0.0,0.0,0,False,True,
011_Et_n_Me_L,S4_person_dropout,233,UCI309_laboratory,simulation,-3.0,1.0,-3.0,1.0,3.0,0.0,2.6417554746166645,G0,P0,valid,valid,zone_A,zone_A,True,0,0.0,0.0,0.0,0,False,True,
011_Et_n_Me_L,S4_person_dropout,234,UCI309_laboratory,simulation,-3.0,1.0,-3.0,1.0,3.0,0.0,2.4731327847475155,G0,P0,valid,valid,zone_A,zone_A,True,0,0.0,0.0,0.0,0,False,True,
011_Et_n_Me_L,S4_person_dropout,235,UCI309_laboratory,simulation,-3.0,1.0,-3.0,1.0,3.0,0.0,2.585547911326948,G0,P0,valid,valid,zone_A,zone_A,True,0,0.0,0.0,0.0,0,False,True,
011_Et_n_Me_L,S4_person_dropout,236,UCI309_laboratory,simulation,-3.0,1.0,-3.0,1.0,3.0,0.0,2.8103781644858135,G0,P0,valid,valid,zone_A,zone_A,True,0,0.0,0.0,0.0,0,False,True,
011_Et_n_Me_L,S4_person_dropout,237,UCI309_laboratory,simulation,-3.0,1.0,-3.0,1.0,3.0,0.0,2.585547911326948,G0,P0,valid,valid,zone_A,zone_A,True,0,0.0,0.0,0.0,0,False,True,
011_Et_n_Me_L,S4_person_dropout,238,UCI309_laboratory,simulation,-3.0,1.0,-3.0,1.0,3.0,0.0,2.922793291065246,G0,P0,valid,valid,zone_A,zone_A,True,0,0.0,0.0,0.0,0,False,True,
011_Et_n_Me_L,S4_person_dropout,239,UCI309_laboratory,simulation,-3.0,1.0,-3.0,1.0,3.0,0.0,2.922793291065246,G0,P0,valid,valid,zone_A,zone_A,True,0,0.0,0.0,0.0,0,False,True,
011_Et_n_Me_L,S4_person_dropout,240,UCI309_laboratory,simulation,-3.0,1.0,-3.0,1.0,3.0,0.0,2.922793291065246,G0,P0,valid,valid,zone_A,zone_A,True,0,0.0,0.0,0.0,0,False,True,
011_Et_n_Me_L,S4_wrong_zone,26,UCI309_laboratory,simulation,-3.0,1.0,-3.0,1.0,3.0,0.0,1.1803588290840417,G0,P0,valid,valid,zone_A,zone_A,True,0,0.0,0.0,0.0,0,False,True,
011_Et_n_Me_L,S4_wrong_zone,27,UCI309_laboratory,simulation,-3.0,1.0,-3.0,1.0,3.0,0.0,1.011736139214893,G0,P0,valid,valid,zone_A,zone_A,True,0,0.0,0.0,0.0,0,False,True,
011_Et_n_Me_L,S4_wrong_zone,28,UCI309_laboratory,simulation,-3.0,1.0,-3.0,1.0,3.0,0.0,1.1803588290840417,G0,P0,valid,valid,zone_A,zone_A,True,0,0.0,0.0,0.0,0,False,True,
011_Et_n_Me_L,S4_wrong_zone,29,UCI309_laboratory,simulation,-3.0,1.0,-3.0,1.0,3.0,0.0,1.1803588290840417,G0,P0,valid,valid,zone_A,zone_A,True,0,0.0,0.0,0.0,0,False,True,
011_Et_n_Me_L,S4_wrong_zone,30,UCI309_laboratory,simulation,-3.0,1.0,-3.0,1.0,3.0,0.0,1.1241512657943253,G0,P0,valid,valid,zone_A,zone_A,True,0,0.0,0.0,0.0,0,False,True,
011_Et_n_Me_L,S4_wrong_zone,31,UCI309_laboratory,simulation,-3.0,1.0,-3.0,1.0,3.0,0.0,1.1241512657943253,G0,P0,valid,valid,zone_A,zone_A,True,0,0.0,0.0,0.0,0,False,True,
011_Et_n_Me_L,S4_wrong_zone,32,UCI309_laboratory,simulation,-3.0,1.0,-3.0,1.0,3.0,0.0,1.1241512657943253,G0,P0,valid,valid,zone_A,zone_A,True,0,0.0,0.0,0.0,0,False,True,
011_Et_n_Me_L,S4_wrong_zone,33,UCI309_laboratory,simulation,-3.0,1.0,-3.0,1.0,3.0,0.0,1.3489815189531904,G0,P0,valid,valid,zone_A,zone_A,True,0,0.0,0.0,0.0,0,False,True,
011_Et_n_Me_L,S4_wrong_zone,34,UCI309_laboratory,simulation,-3.0,1.0,-3.0,1.0,3.0,0.0,1.1241512657943253,G0,P0,valid,valid,zone_A,zone_A,True,0,0.0,0.0,0.0,0,False,True,
011_Et_n_Me_L,S4_wrong_zone,35,UCI309_laboratory,simulation,-3.0,1.0,-3.0,1.0,3.0,0.0,1.1803588290840417,G0,P0,valid,valid,zone_A,zone_A,True,0,0.0,0.0,0.0,0,False,True,
011_Et_n_Me_L,S4_wrong_zone,36,UCI309_laboratory,simulation,-3.0,1.0,-3.0,1.0,3.0,0.0,1.1241512657943253,G0,P0,valid,valid,zone_A,zone_A,True,0,0.0,0.0,0.0,0,False,True,
011_Et_n_Me_L,S4_wrong_zone,37,UCI309_laboratory,simulation,-3.0,1.0,-3.0,1.0,3.0,0.0,1.1241512657943253,G0,P0,valid,valid,zone_A,zone_A,True,0,0.0,0.0,0.0,0,False,True,
011_Et_n_Me_L,S4_wrong_zone,38,UCI309_laboratory,simulation,-3.0,1.0,-3.0,1.0,3.0,0.0,1.3489815189531904,G0,P0,valid,valid,zone_A,zone_A,True,0,0.0,0.0,0.0,0,False,True,
011_Et_n_Me_L,S4_wrong_zone,39,UCI309_laboratory,simulation,-3.0,1.0,-3.0,1.0,3.0,0.0,1.1241512657943253,G0,P0,valid,valid,zone_A,zone_A,True,0,0.0,0.0,0.0,0,False,True,
011_Et_n_Me_L,S4_wrong_zone,40,UCI309_laboratory,simulation,-3.0,1.0,-3.0,1.0,3.0,0.0,1.3489815189531904,G0,P0,valid,valid,zone_A,zone_A,True,0,0.0,0.0,0.0,0,False,True,
011_Et_n_Me_L,S4_wrong_zone,41,UCI309_laboratory,simulation,-3.0,1.0,-3.0,1.0,3.0,0.0,1.3489815189531904,G0,P0,valid,valid,zone_A,zone_A,True,0,0.0,0.0,0.0,0,False,True,
011_Et_n_Me_L,S4_wrong_zone,42,UCI309_laboratory,simulation,-3.0,1.0,-3.0,1.0,3.0,0.0,1.5176042088223394,G0,P0,valid,valid,zone_A,zone_A,True,0,0.0,0.0,0.0,0,False,True,
011_Et_n_Me_L,S4_wrong_zone,43,UCI309_laboratory,simulation,-3.0,1.0,-3.0,1.0,3.0,0.0,1.2365663923737578,G0,P0,valid,valid,zone_A,zone_A,True,0,0.0,0.0,0.0,0,False,True,
011_Et_n_Me_L,S4_wrong_zone,44,UCI309_laboratory,simulation,-3.0,1.0,-3.0,1.0,3.0,0.0,1.2365663923737578,G0,P0,valid,valid,zone_A,zone_A,True,0,0.0,0.0,0.0,0,False,True,
011_Et_n_Me_L,S4_wrong_zone,45,UCI309_laboratory,simulation,-3.0,1.0,-3.0,1.0,3.0,0.0,1.292773955663474,G0,P0,valid,valid,zone_A,zone_A,True,0,0.0,0.0,0.0,0,False,True,
011_Et_n_Me_L,S4_wrong_zone,46,UCI309_laboratory,simulation,-3.0,1.0,-3.0,1.0,3.0,0.0,1.1241512657943253,G0,P0,valid,valid,zone_A,zone_A,True,0,0.0,0.0,0.0,0,False,True,
011_Et_n_Me_L,S4_wrong_zone,47,UCI309_laboratory,simulation,-3.0,1.0,-3.0,1.0,3.0,0.0,1.011736139214893,G0,P0,valid,valid,zone_A,zone_A,True,0,0.0,0.0,0.0,0,False,True,
011_Et_n_Me_L,S4_wrong_zone,48,UCI309_laboratory,simulation,-3.0,1.0,-3.0,1.0,3.0,0.0,1.011736139214893,G0,P0,valid,valid,zone_A,zone_A,True,0,0.0,0.0,0.0,0,False,True,
011_Et_n_Me_L,S4_wrong_zone,49,UCI309_laboratory,simulation,-3.0,1.0,-3.0,1.0,3.0,0.0,1.011736139214893,G0,P0,valid,valid,zone_A,zone_A,True,0,0.0,0.0,0.0,0,False,True,
011_Et_n_Me_L,S4_wrong_zone,50,UCI309_laboratory,simulation,-3.0,1.0,-3.0,1.0,3.0,0.0,1.1241512657943253,G0,P0,valid,valid,zone_A,zone_A,True,0,0.0,0.0,0.0,0,False,True,
011_Et_n_Me_L,S4_wrong_zone,51,UCI309_laboratory,simulation,-3.0,1.0,-3.0,1.0,3.0,0.0,1.1241512657943253,G0,P0,valid,valid,zone_A,zone_A,True,0,0.0,0.0,0.0,0,False,True,
011_Et_n_Me_L,S4_wrong_zone,52,UCI309_laboratory,simulation,-3.0,1.0,-3.0,1.0,3.0,0.0,1.1241512657943253,G0,P0,valid,valid,zone_A,zone_A,True,0,0.0,0.0,0.0,0,False,True,
011_Et_n_Me_L,S4_wrong_zone,53,UCI309_laboratory,simulation,-3.0,1.0,-3.0,1.0,3.0,0.0,1.011736139214893,G0,P0,valid,valid,zone_A,zone_A,True,0,0.0,0.0,0.0,0,False,True,
011_Et_n_Me_L,S4_wrong_zone,54,UCI309_laboratory,simulation,-3.0,1.0,-3.0,1.0,3.0,0.0,1.011736139214893,G0,P0,valid,valid,zone_A,zone_A,True,0,0.0,0.0,0.0,0,False,True,
011_Et_n_Me_L,S4_wrong_zone,55,UCI309_laboratory,simulation,-3.0,1.0,-3.0,1.0,3.0,0.0,1.011736139214893,G0,P0,valid,valid,zone_A,zone_A,True,0,0.0,0.0,0.0,0,False,True,
011_Et_n_Me_L,S4_wrong_zone,56,UCI309_laboratory,simulation,-3.0,1.0,-3.0,1.0,3.0,0.0,1.011736139214893,G0,P0,valid,valid,zone_A,zone_A,True,0,0.0,0.0,0.0,0,False,True,
011_Et_n_Me_L,S4_wrong_zone,57,UCI309_laboratory,simulation,-3.0,1.0,-3.0,1.0,3.0,0.0,0.6744907594765952,G0,P0,valid,valid,zone_A,zone_A,True,0,0.0,0.0,0.0,0,False,True,
011_Et_n_Me_L,S4_wrong_zone,58,UCI309_laboratory,simulation,-3.0,1.0,-3.0,1.0,3.0,0.0,0.6744907594765952,G0,P0,valid,valid,zone_A,zone_A,True,0,0.0,0.0,0.0,0,False,True,
011_Et_n_Me_L,S4_wrong_zone,59,UCI309_laboratory,simulation,-3.0,1.0,-3.0,1.0,3.0,0.0,0.6744907594765952,G0,P0,valid,valid,zone_A,zone_A,True,0,0.0,0.0,0.0,0,False,True,
011_Et_n_Me_L,S4_wrong_zone,60,UCI309_laboratory,simulation,-3.0,1.0,-3.0,1.0,3.0,0.0,0.8431134493457441,G0,P0,valid,valid,zone_A,zone_A,True,0,0.0,0.0,0.0,0,False,True,
011_Et_n_Me_L,S4_wrong_zone,61,UCI309_laboratory,simulation,-3.0,1.0,-3.0,1.0,3.0,0.0,0.6744907594765952,G0,P0,valid,valid,zone_A,zone_A,True,0,0.0,0.0,0.0,0,False,True,
011_Et_n_Me_L,S4_wrong_zone,62,UCI309_laboratory,simulation,-3.0,1.0,-3.0,1.0,3.0,0.0,0.6744907594765952,G0,P0,valid,valid,zone_A,zone_A,True,0,0.0,0.0,0.0,0,False,True,
011_Et_n_Me_L,S4_wrong_zone,63,UCI309_laboratory,simulation,-3.0,1.0,-3.0,1.0,3.0,0.0,0.6744907594765952,G0,P0,valid,valid,zone_A,zone_A,True,0,0.0,0.0,0.0,0,False,True,
011_Et_n_Me_L,S4_wrong_zone,64,UCI309_laboratory,simulation,-3.0,1.0,-3.0,1.0,3.0,0.0,0.5620756328971627,G0,P0,valid,valid,zone_A,zone_A,True,0,0.0,0.0,0.0,0,False,True,
011_Et_n_Me_L,S4_wrong_zone,65,UCI309_laboratory,simulation,-3.0,1.0,-3.0,1.0,3.0,0.0,0.6744907594765952,G0,P0,valid,valid,zone_A,zone_A,True,0,0.0,0.0,0.0,0,False,True,
011_Et_n_Me_L,S4_wrong_zone,66,UCI309_laboratory,simulation,-3.0,1.0,-3.0,1.0,3.0,0.0,0.6744907594765952,G0,P0,valid,valid,zone_A,zone_A,True,0,0.0,0.0,0.0,0,False,True,
011_Et_n_Me_L,S4_wrong_zone,67,UCI309_laboratory,simulation,-3.0,1.0,-3.0,1.0,3.0,0.0,0.6744907594765952,G0,P0,valid,valid,zone_A,zone_A,True,0,0.0,0.0,0.0,0,False,True,
011_Et_n_Me_L,S4_wrong_zone,68,UCI309_laboratory,simulation,-3.0,1.0,-3.0,1.0,3.0,0.0,0.6744907594765952,G0,P0,valid,valid,zone_A,zone_A,True,0,0.0,0.0,0.0,0,False,True,
011_Et_n_Me_L,S4_wrong_zone,69,UCI309_laboratory,simulation,-3.0,1.0,-3.0,1.0,3.0,0.0,0.6744907594765952,G0,P0,valid,valid,zone_A,zone_A,True,0,0.0,0.0,0.0,0,False,True,
011_Et_n_Me_L,S4_wrong_zone,70,UCI309_laboratory,simulation,-3.0,1.0,-3.0,1.0,3.0,0.0,0.8431134493457441,G0,P0,valid,valid,zone_A,zone_A,True,0,0.0,0.0,0.0,0,False,True,
011_Et_n_Me_L,S4_wrong_zone,71,UCI309_laboratory,simulation,-2.861111111111111,1.0,-2.861111111111111,1.0,2.861111111111111,0.0,0.6744907594765952,G0,P0,valid,valid,zone_A,zone_A,True,0,0.0,0.0,0.0,0,False,True,
011_Et_n_Me_L,S4_wrong_zone,72,UCI309_laboratory,simulation,-2.7222222222222223,1.0,-2.7222222222222223,1.0,2.7222222222222223,0.0,0.6744907594765952,G0,P0,valid,valid,zone_A,zone_A,True,0,0.0,0.0,0.0,0,False,True,
011_Et_n_Me_L,S4_wrong_zone,73,UCI309_laboratory,simulation,-2.5833333333333335,1.0,-2.5833333333333335,1.0,2.5833333333333335,0.0,0.6744907594765952,G0,P0,valid,valid,zone_A,zone_A,True,0,0.0,0.0,0.0,0,False,True,
011_Et_n_Me_L,S4_wrong_zone,74,UCI309_laboratory,simulation,-2.4444444444444446,1.0,-2.4444444444444446,1.0,2.4444444444444446,0.0,0.6744907594765952,G0,P0,valid,valid,zone_A,zone_A,True,0,0.0,0.0,0.0,0,False,True,
011_Et_n_Me_L,S4_wrong_zone,75,UCI309_laboratory,simulation,-2.3055555555555554,1.0,-2.3055555555555554,1.0,2.3055555555555554,0.0,0.6744907594765952,G0,P0,valid,valid,zone_A,zone_A,True,0,0.0,0.0,0.0,0,False,True,
011_Et_n_Me_L,S4_wrong_zone,76,UCI309_laboratory,simulation,-2.166666666666667,1.0,-2.166666666666667,1.0,2.166666666666667,0.0,0.6744907594765952,G0,P0,valid,valid,zone_A,zone_A,True,0,0.0,0.0,0.0,0,False,True,
011_Et_n_Me_L,S4_wrong_zone,77,UCI309_laboratory,simulation,-2.0277777777777777,1.0,-2.0277777777777777,1.0,2.0277777777777777,0.0,0.6744907594765952,G0,P0,valid,valid,zone_A,zone_A,True,0,0.0,0.0,0.0,0,False,True,
011_Et_n_Me_L,S4_wrong_zone,78,UCI309_laboratory,simulation,-1.8888888888888888,1.0,-1.8888888888888888,1.0,1.8888888888888888,0.0,0.6744907594765952,G0,P0,valid,valid,zone_A,zone_A,True,0,0.0,0.0,0.0,0,False,True,
011_Et_n_Me_L,S4_wrong_zone,79,UCI309_laboratory,simulation,-1.75,1.0,-1.75,1.0,1.75,0.0,0.6744907594765952,G0,P0,valid,valid,zone_A,zone_A,True,0,0.0,0.0,0.0,0,False,True,
011_Et_n_Me_L,S4_wrong_zone,80,UCI309_laboratory,simulation,-1.6111111111111112,1.0,-1.6111111111111112,1.0,1.6111111111111112,0.0,0.6744907594765952,G0,P0,valid,valid,zone_A,zone_A,True,0,0.0,0.0,0.0,0,False,True,
011_Et_n_Me_L,S4_wrong_zone,81,UCI309_laboratory,simulation,-1.472222222222222,1.0,-1.472222222222222,1.0,1.472222222222222,0.0,1.011736139214893,G0,P0,valid,valid,zone_A,zone_A,True,0,0.0,0.0,0.0,0,False,True,
011_Et_n_Me_L,S4_wrong_zone,82,UCI309_laboratory,simulation,-1.3333333333333335,1.0,-1.3333333333333335,1.0,1.3333333333333335,0.0,1.011736139214893,G0,P0,valid,valid,zone_A,zone_A,True,0,0.0,0.0,0.0,0,False,True,
011_Et_n_Me_L,S4_wrong_zone,83,UCI309_laboratory,simulation,-1.1944444444444444,1.0,-1.1944444444444444,1.0,1.1944444444444444,0.0,1.011736139214893,G0,P0,valid,valid,zone_A,zone_A,True,0,0.0,0.0,0.0,0,False,True,
011_Et_n_Me_L,S4_wrong_zone,84,UCI309_laboratory,simulation,-1.0555555555555556,1.0,-1.0555555555555556,1.0,1.0555555555555556,0.0,1.011736139214893,G0,P0,valid,valid,zone_A,zone_A,True,0,0.0,0.0,0.0,0,False,True,
011_Et_n_Me_L,S4_wrong_zone,85,UCI309_laboratory,simulation,-0.9166666666666665,1.0,-0.9166666666666665,1.0,0.9166666666666665,0.0,1.011736139214893,G0,P1,valid,valid,zone_A,zone_A,True,0,1.0,0.0,1.0,1,False,True,
011_Et_n_Me_L,S4_wrong_zone,86,UCI309_laboratory,simulation,-0.7777777777777777,1.0,-0.7777777777777777,1.0,0.7777777777777777,0.0,1.011736139214893,G0,P1,valid,valid,zone_A,zone_A,True,0,1.0,0.0,1.0,1,False,True,
011_Et_n_Me_L,S4_wrong_zone,87,UCI309_laboratory,simulation,-0.6388888888888888,1.0,-0.6388888888888888,1.0,0.6388888888888888,0.0,1.011736139214893,G0,P1,valid,valid,zone_A,zone_A,True,0,1.0,0.0,1.0,1,False,True,
011_Et_n_Me_L,S4_wrong_zone,88,UCI309_laboratory,simulation,-0.5,1.0,-0.5,1.0,0.5,0.0,1.3489815189531904,G0,P1,valid,valid,zone_A,zone_A,True,0,1.0,0.0,1.0,1,False,True,
011_Et_n_Me_L,S4_wrong_zone,89,UCI309_laboratory,simulation,-0.4,1.0,-0.4,1.0,0.4,0.0,1.3489815189531904,G0,P1,valid,valid,zone_A,zone_A,True,0,1.0,0.0,1.0,1,False,True,
011_Et_n_Me_L,S4_wrong_zone,90,UCI309_laboratory,simulation,-0.3,1.0,-0.3,1.0,0.3,0.0,1.6862268986914881,G0,P1,valid,valid,zone_A,zone_A,True,0,1.0,0.0,1.0,1,False,True,
011_Et_n_Me_L,S4_wrong_zone,91,UCI309_laboratory,simulation,-0.2,1.0,-0.2,1.0,0.2,0.0,2.023472278429786,G0,P1,valid,valid,zone_A,zone_A,True,0,1.0,0.0,1.0,1,False,True,
011_Et_n_Me_L,S4_wrong_zone,92,UCI309_laboratory,simulation,-0.09999999999999998,1.0,-0.09999999999999998,1.0,0.09999999999999998,0.0,2.023472278429786,G0,P1,valid,valid,zone_A,zone_A,True,0,1.0,0.0,1.0,1,False,True,
011_Et_n_Me_L,S4_wrong_zone,93,UCI309_laboratory,simulation,0.0,1.0,0.0,1.0,-0.0,0.0,2.023472278429786,G0,P2,valid,valid,zone_A,zone_A,True,0,2.0,0.0,2.0,2,False,True,
011_Et_n_Me_L,S4_wrong_zone,94,UCI309_laboratory,simulation,0.09999999999999998,1.0,0.09999999999999998,1.0,-0.09999999999999998,0.0,2.3607176581680833,G0,P2,valid,valid,zone_A,zone_A,True,0,2.0,0.0,2.0,2,False,True,
011_Et_n_Me_L,S4_wrong_zone,95,UCI309_laboratory,simulation,0.19999999999999996,1.0,0.19999999999999996,1.0,-0.19999999999999996,0.0,2.3607176581680833,G0,P2,valid,valid,zone_A,zone_A,True,0,2.0,0.0,2.0,2,False,True,
011_Et_n_Me_L,S4_wrong_zone,96,UCI309_laboratory,simulation,0.30000000000000004,1.0,0.30000000000000004,1.0,-0.30000000000000004,0.0,2.697963037906381,G0,P2,valid,valid,zone_A,zone_A,True,0,2.0,0.0,2.0,2,False,True,
011_Et_n_Me_L,S4_wrong_zone,97,UCI309_laboratory,simulation,0.4,1.0,0.4,1.0,-0.4,0.0,2.697963037906381,G0,P2,valid,valid,zone_A,zone_A,True,0,2.0,0.0,2.0,2,False,True,
011_Et_n_Me_L,S4_wrong_zone,98,UCI309_laboratory,simulation,0.5,1.0,0.5,1.0,-0.5,0.0,3.0352084176446787,G0,P2,valid,valid,zone_A,zone_A,True,0,2.0,0.0,2.0,2,False,True,
011_Et_n_Me_L,S4_wrong_zone,99,UCI309_laboratory,simulation,0.5,1.0,0.5,1.0,-0.5,0.0,3.0092664653571175,G0,P2,valid,valid,zone_A,zone_A,True,0,2.0,0.0,2.0,2,False,True,
011_Et_n_Me_L,S4_wrong_zone,100,UCI309_laboratory,simulation,0.5,1.0,0.5,1.0,-0.5,0.0,3.0092664653571175,G0,P2,valid,valid,zone_B,zone_A,False,0,,0.0,2.0,2,True,False,zone_mismatch
011_Et_n_Me_L,S4_wrong_zone,101,UCI309_laboratory,simulation,0.5,1.0,0.5,1.0,-0.5,0.0,3.06115036993224,G0,P2,valid,valid,zone_B,zone_A,False,0,,0.0,2.0,2,True,False,zone_mismatch
011_Et_n_Me_L,S4_wrong_zone,102,UCI309_laboratory,simulation,0.5,1.0,0.5,1.0,-0.5,0.0,3.0092664653571175,G0,P2,valid,valid,zone_B,zone_A,False,0,,0.0,2.0,2,True,False,zone_mismatch
011_Et_n_Me_L,S4_wrong_zone,103,UCI309_laboratory,simulation,0.5,1.0,0.5,1.0,-0.5,0.0,3.0092664653571175,G0,P2,valid,valid,zone_B,zone_A,False,0,,0.0,2.0,2,True,False,zone_mismatch
011_Et_n_Me_L,S4_wrong_zone,104,UCI309_laboratory,simulation,0.5,1.0,0.5,1.0,-0.5,0.0,3.0092664653571175,G0,P2,valid,valid,zone_B,zone_A,False,0,,0.0,2.0,2,True,False,zone_mismatch
011_Et_n_Me_L,S4_wrong_zone,105,UCI309_laboratory,simulation,0.5,1.0,0.5,1.0,-0.5,0.0,3.0092664653571175,G0,P2,valid,valid,zone_B,zone_A,False,0,,0.0,2.0,2,True,False,zone_mismatch
011_Et_n_Me_L,S4_wrong_zone,106,UCI309_laboratory,simulation,0.5,1.0,0.5,1.0,-0.5,0.0,3.0092664653571175,G0,P2,valid,valid,zone_B,zone_A,False,0,,0.0,2.0,2,True,False,zone_mismatch
011_Et_n_Me_L,S4_wrong_zone,107,UCI309_laboratory,simulation,0.5,1.0,0.5,1.0,-0.5,0.0,3.0092664653571175,G0,P2,valid,valid,zone_B,zone_A,False,0,,0.0,2.0,2,True,False,zone_mismatch
011_Et_n_Me_L,S4_wrong_zone,108,UCI309_laboratory,simulation,0.5,1.0,0.5,1.0,-0.5,0.0,3.0092664653571175,G0,P2,valid,valid,zone_B,zone_A,False,0,,0.0,2.0,2,True,False,zone_mismatch
011_Et_n_Me_L,S4_wrong_zone,109,UCI309_laboratory,simulation,0.5,1.0,0.5,1.0,-0.5,0.0,3.0092664653571175,G0,P2,valid,valid,zone_B,zone_A,False,0,,0.0,2.0,2,True,False,zone_mismatch
011_Et_n_Me_L,S4_wrong_zone,110,UCI309_laboratory,simulation,0.5,1.0,0.5,1.0,-0.5,0.0,3.0092664653571175,G0,P2,valid,valid,zone_A,zone_A,True,0,2.0,0.0,2.0,2,False,True,
011_Et_n_Me_L,S4_wrong_zone,111,UCI309_laboratory,simulation,0.5,1.0,0.5,1.0,-0.5,0.0,3.0092664653571175,G0,P2,valid,valid,zone_A,zone_A,True,0,2.0,0.0,2.0,2,False,True,
011_Et_n_Me_L,S4_wrong_zone,112,UCI309_laboratory,simulation,0.5,1.0,0.5,1.0,-0.5,0.0,3.0092664653571175,G0,P2,valid,valid,zone_A,zone_A,True,0,2.0,0.0,2.0,2,False,True,
011_Et_n_Me_L,S4_wrong_zone,113,UCI309_laboratory,simulation,0.5,1.0,0.5,1.0,-0.5,0.0,3.0092664653571175,G0,P2,valid,valid,zone_A,zone_A,True,0,2.0,0.0,2.0,2,False,True,
011_Et_n_Me_L,S4_wrong_zone,114,UCI309_laboratory,simulation,0.5,1.0,0.5,1.0,-0.5,0.0,3.0092664653571175,G0,P2,valid,valid,zone_A,zone_A,True,0,2.0,0.0,2.0,2,False,True,
011_Et_n_Me_L,S4_wrong_zone,115,UCI309_laboratory,simulation,0.5,1.0,0.5,1.0,-0.5,0.0,3.0092664653571175,G0,P2,valid,valid,zone_A,zone_A,True,0,2.0,0.0,2.0,2,False,True,
011_Et_n_Me_L,S4_wrong_zone,116,UCI309_laboratory,simulation,0.5,1.0,0.5,1.0,-0.5,0.0,3.0092664653571175,G0,P2,valid,valid,zone_A,zone_A,True,0,2.0,0.0,2.0,2,False,True,
011_Et_n_Me_L,S4_wrong_zone,117,UCI309_laboratory,simulation,0.5,1.0,0.5,1.0,-0.5,0.0,3.0092664653571175,G0,P2,valid,valid,zone_A,zone_A,True,0,2.0,0.0,2.0,2,False,True,
011_Et_n_Me_L,S4_wrong_zone,118,UCI309_laboratory,simulation,0.5,1.0,0.5,1.0,-0.5,0.0,3.0092664653571175,G0,P2,valid,valid,zone_A,zone_A,True,0,2.0,0.0,2.0,2,False,True,
011_Et_n_Me_L,S4_wrong_zone,119,UCI309_laboratory,simulation,0.5,1.0,0.5,1.0,-0.5,0.0,3.0092664653571175,G0,P2,valid,valid,zone_A,zone_A,True,0,2.0,0.0,2.0,2,False,True,
011_Et_n_Me_L,S4_wrong_zone,120,UCI309_laboratory,simulation,0.5,1.0,0.5,1.0,-0.5,0.0,3.0092664653571175,G0,P2,valid,valid,zone_A,zone_A,True,0,2.0,0.0,2.0,2,False,True,
011_Et_n_Me_L,S4_wrong_zone,121,UCI309_laboratory,simulation,0.5,1.0,0.5,1.0,-0.5,0.0,3.126005250651143,G0,P2,valid,valid,zone_A,zone_A,True,0,2.0,0.0,2.0,2,False,True,
011_Et_n_Me_L,S4_wrong_zone,122,UCI309_laboratory,simulation,0.5,1.0,0.5,1.0,-0.5,0.0,3.346511845095415,G0,P2,valid,valid,zone_A,zone_A,True,0,2.0,0.0,2.0,2,False,True,
011_Et_n_Me_L,S4_wrong_zone,123,UCI309_laboratory,simulation,0.5,1.0,0.5,1.0,-0.5,0.0,2.9054986562068716,G0,P2,valid,valid,zone_A,zone_A,True,0,2.0,0.0,2.0,2,False,True,
011_Et_n_Me_L,S4_wrong_zone,124,UCI309_laboratory,simulation,0.5,1.0,0.5,1.0,-0.5,0.0,3.2427440359451696,G0,P2,valid,valid,zone_A,zone_A,True,0,2.0,0.0,2.0,2,False,True,
011_Et_n_Me_L,S4_wrong_zone,125,UCI309_laboratory,simulation,0.5,1.0,0.5,1.0,-0.5,0.0,3.2427440359451696,G0,P2,valid,valid,zone_A,zone_A,True,0,2.0,0.0,2.0,2,False,True,
011_Et_n_Me_L,S4_wrong_zone,126,UCI309_laboratory,simulation,0.32499999999999996,1.0,0.32499999999999996,1.0,-0.32499999999999996,0.0,3.2427440359451696,G0,P2,valid,valid,zone_A,zone_A,True,0,2.0,0.0,2.0,2,False,True,
011_Et_n_Me_L,S4_wrong_zone,127,UCI309_laboratory,simulation,0.14999999999999997,1.0,0.14999999999999997,1.0,-0.14999999999999997,0.0,3.2427440359451696,G0,P2,valid,valid,zone_A,zone_A,True,0,2.0,0.0,2.0,2,False,True,
011_Et_n_Me_L,S4_wrong_zone,128,UCI309_laboratory,simulation,-0.025000000000000022,1.0,-0.025000000000000022,1.0,0.025000000000000022,0.0,3.2427440359451696,G0,P1,valid,valid,zone_A,zone_A,True,0,1.0,0.0,1.0,1,False,True,
011_Et_n_Me_L,S4_wrong_zone,129,UCI309_laboratory,simulation,-0.20000000000000007,1.0,-0.20000000000000007,1.0,0.20000000000000007,0.0,3.2427440359451696,G0,P1,valid,valid,zone_A,zone_A,True,0,1.0,0.0,1.0,1,False,True,
011_Et_n_Me_L,S4_wrong_zone,130,UCI309_laboratory,simulation,-0.375,1.0,-0.375,1.0,0.375,0.0,3.2427440359451696,G0,P1,valid,valid,zone_A,zone_A,True,0,1.0,0.0,1.0,1,False,True,
011_Et_n_Me_L,S4_wrong_zone,131,UCI309_laboratory,simulation,-0.55,1.0,-0.55,1.0,0.55,0.0,3.2427440359451696,G0,P1,valid,valid,zone_A,zone_A,True,0,1.0,0.0,1.0,1,False,True,
011_Et_n_Me_L,S4_wrong_zone,132,UCI309_laboratory,simulation,-0.7249999999999999,1.0,-0.7249999999999999,1.0,0.7249999999999999,0.0,3.2427440359451696,G0,P1,valid,valid,zone_A,zone_A,True,0,1.0,0.0,1.0,1,False,True,
011_Et_n_Me_L,S4_wrong_zone,133,UCI309_laboratory,simulation,-0.9000000000000001,1.0,-0.9000000000000001,1.0,0.9000000000000001,0.0,3.2427440359451696,G0,P1,valid,valid,zone_A,zone_A,True,0,1.0,0.0,1.0,1,False,True,
011_Et_n_Me_L,S4_wrong_zone,134,UCI309_laboratory,simulation,-1.075,1.0,-1.075,1.0,1.075,0.0,3.2427440359451696,G0,P0,valid,valid,zone_A,zone_A,True,0,0.0,0.0,0.0,0,False,True,
011_Et_n_Me_L,S4_wrong_zone,135,UCI309_laboratory,simulation,-1.25,1.0,-1.25,1.0,1.25,0.0,3.2427440359451696,G0,P0,valid,valid,zone_A,zone_A,True,0,0.0,0.0,0.0,0,False,True,
011_Et_n_Me_L,S4_wrong_zone,136,UCI309_laboratory,simulation,-1.4250000000000003,1.0,-1.4250000000000003,1.0,1.4250000000000003,0.0,3.2427440359451696,G0,P0,valid,valid,zone_A,zone_A,True,0,0.0,0.0,0.0,0,False,True,
011_Et_n_Me_L,S4_wrong_zone,137,UCI309_laboratory,simulation,-1.6,1.0,-1.6,1.0,1.6,0.0,3.2427440359451696,G0,P0,valid,valid,zone_A,zone_A,True,0,0.0,0.0,0.0,0,False,True,
011_Et_n_Me_L,S4_wrong_zone,138,UCI309_laboratory,simulation,-1.775,1.0,-1.775,1.0,1.775,0.0,3.2427440359451696,G0,P0,valid,valid,zone_A,zone_A,True,0,0.0,0.0,0.0,0,False,True,
011_Et_n_Me_L,S4_wrong_zone,139,UCI309_laboratory,simulation,-1.9499999999999997,1.0,-1.9499999999999997,1.0,1.9499999999999997,0.0,3.2427440359451696,G0,P0,valid,valid,zone_A,zone_A,True,0,0.0,0.0,0.0,0,False,True,
011_Et_n_Me_L,S4_wrong_zone,140,UCI309_laboratory,simulation,-2.125,1.0,-2.125,1.0,2.125,0.0,3.2427440359451696,G0,P0,valid,valid,zone_A,zone_A,True,0,0.0,0.0,0.0,0,False,True,
011_Et_n_Me_L,S4_wrong_zone,141,UCI309_laboratory,simulation,-2.3000000000000003,1.0,-2.3000000000000003,1.0,2.3000000000000003,0.0,3.2427440359451696,G0,P0,valid,valid,zone_A,zone_A,True,0,0.0,0.0,0.0,0,False,True,
011_Et_n_Me_L,S4_wrong_zone,142,UCI309_laboratory,simulation,-2.475,1.0,-2.475,1.0,2.475,0.0,3.579989415683467,G0,P0,valid,valid,zone_A,zone_A,True,0,0.0,0.0,0.0,0,False,True,
011_Et_n_Me_L,S4_wrong_zone,143,UCI309_laboratory,simulation,-2.65,1.0,-2.65,1.0,2.65,0.0,3.2427440359451696,G0,P0,valid,valid,zone_A,zone_A,True,0,0.0,0.0,0.0,0,False,True,
011_Et_n_Me_L,S4_wrong_zone,144,UCI309_laboratory,simulation,-2.8249999999999997,1.0,-2.8249999999999997,1.0,2.8249999999999997,0.0,3.579989415683467,G0,P0,valid,valid,zone_A,zone_A,True,0,0.0,0.0,0.0,0,False,True,
011_Et_n_Me_L,S4_wrong_zone,145,UCI309_laboratory,simulation,-3.0,1.0,-3.0,1.0,3.0,0.0,3.579989415683467,G0,P0,valid,valid,zone_A,zone_A,True,0,0.0,0.0,0.0,0,False,True,
011_Et_n_Me_L,S4_wrong_zone,146,UCI309_laboratory,simulation,-3.0,1.0,-3.0,1.0,3.0,0.0,3.579989415683467,G0,P0,valid,valid,zone_A,zone_A,True,0,0.0,0.0,0.0,0,False,True,
011_Et_n_Me_L,S4_wrong_zone,147,UCI309_laboratory,simulation,-3.0,1.0,-3.0,1.0,3.0,0.0,3.579989415683467,G0,P0,valid,valid,zone_A,zone_A,True,0,0.0,0.0,0.0,0,False,True,
011_Et_n_Me_L,S4_wrong_zone,148,UCI309_laboratory,simulation,-3.0,1.0,-3.0,1.0,3.0,0.0,3.579989415683467,G0,P0,valid,valid,zone_A,zone_A,True,0,0.0,0.0,0.0,0,False,True,
011_Et_n_Me_L,S4_wrong_zone,149,UCI309_laboratory,simulation,-3.0,1.0,-3.0,1.0,3.0,0.0,3.579989415683467,G0,P0,valid,valid,zone_A,zone_A,True,0,0.0,0.0,0.0,0,False,True,
011_Et_n_Me_L,S4_wrong_zone,150,UCI309_laboratory,simulation,-3.0,1.0,-3.0,1.0,3.0,0.0,3.579989415683467,G0,P0,valid,valid,zone_A,zone_A,True,0,0.0,0.0,0.0,0,False,True,
011_Et_n_Me_L,S4_wrong_zone,151,UCI309_laboratory,simulation,-3.0,1.0,-3.0,1.0,3.0,0.0,3.579989415683467,G0,P0,valid,valid,zone_A,zone_A,True,0,0.0,0.0,0.0,0,False,True,
011_Et_n_Me_L,S4_wrong_zone,152,UCI309_laboratory,simulation,-3.0,1.0,-3.0,1.0,3.0,0.0,3.579989415683467,G0,P0,valid,valid,zone_A,zone_A,True,0,0.0,0.0,0.0,0,False,True,
011_Et_n_Me_L,S4_wrong_zone,153,UCI309_laboratory,simulation,-3.0,1.0,-3.0,1.0,3.0,0.0,3.579989415683467,G0,P0,valid,valid,zone_A,zone_A,True,0,0.0,0.0,0.0,0,False,True,
011_Et_n_Me_L,S4_wrong_zone,154,UCI309_laboratory,simulation,-3.0,1.0,-3.0,1.0,3.0,0.0,3.4762216065332217,G0,P0,valid,valid,zone_A,zone_A,True,0,0.0,0.0,0.0,0,False,True,
011_Et_n_Me_L,S4_wrong_zone,155,UCI309_laboratory,simulation,-3.0,1.0,-3.0,1.0,3.0,0.0,3.4762216065332217,G0,P0,valid,valid,zone_A,zone_A,True,0,0.0,0.0,0.0,0,False,True,
011_Et_n_Me_L,S4_wrong_zone,156,UCI309_laboratory,simulation,-3.0,1.0,-3.0,1.0,3.0,0.0,3.4762216065332217,G0,P0,valid,valid,zone_A,zone_A,True,0,0.0,0.0,0.0,0,False,True,
011_Et_n_Me_L,S4_wrong_zone,157,UCI309_laboratory,simulation,-3.0,1.0,-3.0,1.0,3.0,0.0,3.3724537973829762,G0,P0,valid,valid,zone_A,zone_A,True,0,0.0,0.0,0.0,0,False,True,
011_Et_n_Me_L,S4_wrong_zone,158,UCI309_laboratory,simulation,-3.0,1.0,-3.0,1.0,3.0,0.0,3.3724537973829762,G0,P0,valid,valid,zone_A,zone_A,True,0,0.0,0.0,0.0,0,False,True,
011_Et_n_Me_L,S4_wrong_zone,159,UCI309_laboratory,simulation,-3.0,1.0,-3.0,1.0,3.0,0.0,3.3724537973829762,G0,P0,valid,valid,zone_A,zone_A,True,0,0.0,0.0,0.0,0,False,True,
011_Et_n_Me_L,S4_wrong_zone,160,UCI309_laboratory,simulation,-3.0,1.0,-3.0,1.0,3.0,0.0,3.3205698928078533,G0,P0,valid,valid,zone_A,zone_A,True,0,0.0,0.0,0.0,0,False,True,
011_Et_n_Me_L,S4_wrong_zone,161,UCI309_laboratory,simulation,-3.0,1.0,-3.0,1.0,3.0,0.0,3.268685988232731,G0,P0,valid,valid,zone_A,zone_A,True,0,0.0,0.0,0.0,0,False,True,
011_Et_n_Me_L,S4_wrong_zone,162,UCI309_laboratory,simulation,-3.0,1.0,-3.0,1.0,3.0,0.0,3.268685988232731,G0,P0,valid,valid,zone_A,zone_A,True,0,0.0,0.0,0.0,0,False,True,
011_Et_n_Me_L,S4_wrong_zone,163,UCI309_laboratory,simulation,-3.0,1.0,-3.0,1.0,3.0,0.0,3.268685988232731,G0,P0,valid,valid,zone_A,zone_A,True,0,0.0,0.0,0.0,0,False,True,
011_Et_n_Me_L,S4_wrong_zone,164,UCI309_laboratory,simulation,-3.0,1.0,-3.0,1.0,3.0,0.0,3.268685988232731,G0,P0,valid,valid,zone_A,zone_A,True,0,0.0,0.0,0.0,0,False,True,
011_Et_n_Me_L,S4_wrong_zone,165,UCI309_laboratory,simulation,-3.0,1.0,-3.0,1.0,3.0,0.0,3.502163558820783,G0,P0,valid,valid,zone_A,zone_A,True,0,0.0,0.0,0.0,0,False,True,
011_Et_n_Me_L,S4_wrong_zone,166,UCI309_laboratory,simulation,-3.0,1.0,-3.0,1.0,3.0,0.0,3.1649181790824854,G0,P0,valid,valid,zone_A,zone_A,True,0,0.0,0.0,0.0,0,False,True,
011_Et_n_Me_L,S4_wrong_zone,167,UCI309_laboratory,simulation,-3.0,1.0,-3.0,1.0,3.0,0.0,3.1649181790824854,G0,P0,valid,valid,zone_A,zone_A,True,0,0.0,0.0,0.0,0,False,True,
011_Et_n_Me_L,S4_wrong_zone,168,UCI309_laboratory,simulation,-3.0,1.0,-3.0,1.0,3.0,0.0,3.1649181790824854,G0,P0,valid,valid,zone_A,zone_A,True,0,0.0,0.0,0.0,0,False,True,
011_Et_n_Me_L,S4_wrong_zone,169,UCI309_laboratory,simulation,-3.0,1.0,-3.0,1.0,3.0,0.0,3.1649181790824854,G0,P0,valid,valid,zone_A,zone_A,True,0,0.0,0.0,0.0,0,False,True,
011_Et_n_Me_L,S4_wrong_zone,170,UCI309_laboratory,simulation,-3.0,1.0,-3.0,1.0,3.0,0.0,3.3335408689516344,G0,P0,valid,valid,zone_A,zone_A,True,0,0.0,0.0,0.0,0,False,True,
011_Et_n_Me_L,S4_wrong_zone,171,UCI309_laboratory,simulation,-3.0,1.0,-3.0,1.0,3.0,0.0,3.06115036993224,G0,P0,valid,valid,zone_A,zone_A,True,0,0.0,0.0,0.0,0,False,True,
011_Et_n_Me_L,S4_wrong_zone,172,UCI309_laboratory,simulation,-3.0,1.0,-3.0,1.0,3.0,0.0,3.06115036993224,G0,P0,valid,valid,zone_A,zone_A,True,0,0.0,0.0,0.0,0,False,True,
011_Et_n_Me_L,S4_wrong_zone,173,UCI309_laboratory,simulation,-3.0,1.0,-3.0,1.0,3.0,0.0,3.06115036993224,G0,P0,valid,valid,zone_A,zone_A,True,0,0.0,0.0,0.0,0,False,True,
011_Et_n_Me_L,S4_wrong_zone,174,UCI309_laboratory,simulation,-3.0,1.0,-3.0,1.0,3.0,0.0,3.06115036993224,G0,P0,valid,valid,zone_A,zone_A,True,0,0.0,0.0,0.0,0,False,True,
011_Et_n_Me_L,S4_wrong_zone,175,UCI309_laboratory,simulation,-3.0,1.0,-3.0,1.0,3.0,0.0,3.06115036993224,G0,P0,valid,valid,zone_A,zone_A,True,0,0.0,0.0,0.0,0,False,True,
011_Et_n_Me_L,S4_wrong_zone,176,UCI309_laboratory,simulation,-3.0,1.0,-3.0,1.0,3.0,0.0,3.06115036993224,G0,P0,valid,valid,zone_A,zone_A,True,0,0.0,0.0,0.0,0,False,True,
011_Et_n_Me_L,S4_wrong_zone,177,UCI309_laboratory,simulation,-3.0,1.0,-3.0,1.0,3.0,0.0,3.06115036993224,G0,P0,valid,valid,zone_A,zone_A,True,0,0.0,0.0,0.0,0,False,True,
011_Et_n_Me_L,S4_wrong_zone,178,UCI309_laboratory,simulation,-3.0,1.0,-3.0,1.0,3.0,0.0,2.957382560781994,G0,P0,valid,valid,zone_A,zone_A,True,0,0.0,0.0,0.0,0,False,True,
011_Et_n_Me_L,S4_wrong_zone,179,UCI309_laboratory,simulation,-3.0,1.0,-3.0,1.0,3.0,0.0,2.957382560781994,G0,P0,valid,valid,zone_A,zone_A,True,0,0.0,0.0,0.0,0,False,True,
011_Et_n_Me_L,S4_wrong_zone,180,UCI309_laboratory,simulation,-3.0,1.0,-3.0,1.0,3.0,0.0,2.957382560781994,G0,P0,valid,valid,zone_A,zone_A,True,0,0.0,0.0,0.0,0,False,True,
011_Et_n_Me_L,S4_wrong_zone,181,UCI309_laboratory,simulation,-3.0,1.0,-3.0,1.0,3.0,0.0,2.957382560781994,G0,P0,valid,valid,zone_A,zone_A,True,0,0.0,0.0,0.0,0,False,True,
011_Et_n_Me_L,S4_wrong_zone,182,UCI309_laboratory,simulation,-3.0,1.0,-3.0,1.0,3.0,0.0,2.957382560781994,G0,P0,valid,valid,zone_A,zone_A,True,0,0.0,0.0,0.0,0,False,True,
011_Et_n_Me_L,S4_wrong_zone,183,UCI309_laboratory,simulation,-3.0,1.0,-3.0,1.0,3.0,0.0,2.853614751631749,G0,P0,valid,valid,zone_A,zone_A,True,0,0.0,0.0,0.0,0,False,True,
011_Et_n_Me_L,S4_wrong_zone,184,UCI309_laboratory,simulation,-3.0,1.0,-3.0,1.0,3.0,0.0,2.853614751631749,G0,P0,valid,valid,zone_A,zone_A,True,0,0.0,0.0,0.0,0,False,True,
011_Et_n_Me_L,S4_wrong_zone,185,UCI309_laboratory,simulation,-3.0,1.0,-3.0,1.0,3.0,0.0,2.853614751631749,G0,P0,valid,valid,zone_A,zone_A,True,0,0.0,0.0,0.0,0,False,True,
011_Et_n_Me_L,S4_wrong_zone,186,UCI309_laboratory,simulation,-3.0,1.0,-3.0,1.0,3.0,0.0,2.853614751631749,G0,P0,valid,valid,zone_A,zone_A,True,0,0.0,0.0,0.0,0,False,True,
011_Et_n_Me_L,S4_wrong_zone,187,UCI309_laboratory,simulation,-3.0,1.0,-3.0,1.0,3.0,0.0,2.853614751631749,G0,P0,valid,valid,zone_A,zone_A,True,0,0.0,0.0,0.0,0,False,True,
011_Et_n_Me_L,S4_wrong_zone,188,UCI309_laboratory,simulation,-3.0,1.0,-3.0,1.0,3.0,0.0,2.853614751631749,G0,P0,valid,valid,zone_A,zone_A,True,0,0.0,0.0,0.0,0,False,True,
011_Et_n_Me_L,S4_wrong_zone,189,UCI309_laboratory,simulation,-3.0,1.0,-3.0,1.0,3.0,0.0,2.853614751631749,G0,P0,valid,valid,zone_A,zone_A,True,0,0.0,0.0,0.0,0,False,True,
011_Et_n_Me_L,S4_wrong_zone,190,UCI309_laboratory,simulation,-3.0,1.0,-3.0,1.0,3.0,0.0,2.853614751631749,G0,P0,valid,valid,zone_A,zone_A,True,0,0.0,0.0,0.0,0,False,True,
011_Et_n_Me_L,S4_wrong_zone,191,UCI309_laboratory,simulation,-3.0,1.0,-3.0,1.0,3.0,0.0,2.853614751631749,G0,P0,valid,valid,zone_A,zone_A,True,0,0.0,0.0,0.0,0,False,True,
011_Et_n_Me_L,S4_wrong_zone,192,UCI309_laboratory,simulation,-3.0,1.0,-3.0,1.0,3.0,0.0,2.7498469424815033,G0,P0,valid,valid,zone_A,zone_A,True,0,0.0,0.0,0.0,0,False,True,
011_Et_n_Me_L,S4_wrong_zone,193,UCI309_laboratory,simulation,-3.0,1.0,-3.0,1.0,3.0,0.0,2.7498469424815033,G0,P0,valid,valid,zone_A,zone_A,True,0,0.0,0.0,0.0,0,False,True,
011_Et_n_Me_L,S4_wrong_zone,194,UCI309_laboratory,simulation,-3.0,1.0,-3.0,1.0,3.0,0.0,2.7498469424815033,G0,P0,valid,valid,zone_A,zone_A,True,0,0.0,0.0,0.0,0,False,True,
011_Et_n_Me_L,S4_wrong_zone,195,UCI309_laboratory,simulation,-3.0,1.0,-3.0,1.0,3.0,0.0,2.7498469424815033,G0,P0,valid,valid,zone_A,zone_A,True,0,0.0,0.0,0.0,0,False,True,
011_Et_n_Me_L,S4_wrong_zone,196,UCI309_laboratory,simulation,-3.0,1.0,-3.0,1.0,3.0,0.0,2.9184696323506523,G0,P0,valid,valid,zone_A,zone_A,True,0,0.0,0.0,0.0,0,False,True,
011_Et_n_Me_L,S4_wrong_zone,197,UCI309_laboratory,simulation,-3.0,1.0,-3.0,1.0,3.0,0.0,2.7498469424815033,G0,P0,valid,valid,zone_A,zone_A,True,0,0.0,0.0,0.0,0,False,True,
011_Et_n_Me_L,S4_wrong_zone,198,UCI309_laboratory,simulation,-3.0,1.0,-3.0,1.0,3.0,0.0,2.7498469424815033,G0,P0,valid,valid,zone_A,zone_A,True,0,0.0,0.0,0.0,0,False,True,
011_Et_n_Me_L,S4_wrong_zone,199,UCI309_laboratory,simulation,-3.0,1.0,-3.0,1.0,3.0,0.0,2.7498469424815033,G0,P0,valid,valid,zone_A,zone_A,True,0,0.0,0.0,0.0,0,False,True,
011_Et_n_Me_L,S4_wrong_zone,200,UCI309_laboratory,simulation,-3.0,1.0,-3.0,1.0,3.0,0.0,2.7498469424815033,G0,P0,valid,valid,zone_A,zone_A,True,0,0.0,0.0,0.0,0,False,True,
011_Et_n_Me_L,S4_wrong_zone,201,UCI309_laboratory,simulation,-3.0,1.0,-3.0,1.0,3.0,0.0,2.9184696323506523,G0,P0,valid,valid,zone_A,zone_A,True,0,0.0,0.0,0.0,0,False,True,
011_Et_n_Me_L,S4_wrong_zone,202,UCI309_laboratory,simulation,-3.0,1.0,-3.0,1.0,3.0,0.0,2.7498469424815033,G0,P0,valid,valid,zone_A,zone_A,True,0,0.0,0.0,0.0,0,False,True,
011_Et_n_Me_L,S4_wrong_zone,203,UCI309_laboratory,simulation,-3.0,1.0,-3.0,1.0,3.0,0.0,3.0870923222198012,G0,P0,valid,valid,zone_A,zone_A,True,0,0.0,0.0,0.0,0,False,True,
011_Et_n_Me_L,S4_wrong_zone,204,UCI309_laboratory,simulation,-3.0,1.0,-3.0,1.0,3.0,0.0,2.9184696323506523,G0,P0,valid,valid,zone_A,zone_A,True,0,0.0,0.0,0.0,0,False,True,
011_Et_n_Me_L,S4_wrong_zone,205,UCI309_laboratory,simulation,-3.0,1.0,-3.0,1.0,3.0,0.0,2.7498469424815033,G0,P0,valid,valid,zone_A,zone_A,True,0,0.0,0.0,0.0,0,False,True,
011_Et_n_Me_L,S4_wrong_zone,206,UCI309_laboratory,simulation,-3.0,1.0,-3.0,1.0,3.0,0.0,2.9184696323506523,G0,P0,valid,valid,zone_A,zone_A,True,0,0.0,0.0,0.0,0,False,True,
011_Et_n_Me_L,S4_wrong_zone,207,UCI309_laboratory,simulation,-3.0,1.0,-3.0,1.0,3.0,0.0,2.7498469424815033,G0,P0,valid,valid,zone_A,zone_A,True,0,0.0,0.0,0.0,0,False,True,
011_Et_n_Me_L,S4_wrong_zone,208,UCI309_laboratory,simulation,-3.0,1.0,-3.0,1.0,3.0,0.0,3.0870923222198012,G0,P0,valid,valid,zone_A,zone_A,True,0,0.0,0.0,0.0,0,False,True,
011_Et_n_Me_L,S4_wrong_zone,209,UCI309_laboratory,simulation,-3.0,1.0,-3.0,1.0,3.0,0.0,2.983324513069556,G0,P0,valid,valid,zone_A,zone_A,True,0,0.0,0.0,0.0,0,False,True,
011_Et_n_Me_L,S4_wrong_zone,210,UCI309_laboratory,simulation,-3.0,1.0,-3.0,1.0,3.0,0.0,2.983324513069556,G0,P0,valid,valid,zone_A,zone_A,True,0,0.0,0.0,0.0,0,False,True,
011_Et_n_Me_L,S4_wrong_zone,211,UCI309_laboratory,simulation,-3.0,1.0,-3.0,1.0,3.0,0.0,2.814701823200407,G0,P0,valid,valid,zone_A,zone_A,True,0,0.0,0.0,0.0,0,False,True,
011_Et_n_Me_L,S4_wrong_zone,212,UCI309_laboratory,simulation,-3.0,1.0,-3.0,1.0,3.0,0.0,2.983324513069556,G0,P0,valid,valid,zone_A,zone_A,True,0,0.0,0.0,0.0,0,False,True,
011_Et_n_Me_L,S4_wrong_zone,213,UCI309_laboratory,simulation,-3.0,1.0,-3.0,1.0,3.0,0.0,2.6460791333312583,G0,P0,valid,valid,zone_A,zone_A,True,0,0.0,0.0,0.0,0,False,True,
011_Et_n_Me_L,S4_wrong_zone,214,UCI309_laboratory,simulation,-3.0,1.0,-3.0,1.0,3.0,0.0,2.6460791333312583,G0,P0,valid,valid,zone_A,zone_A,True,0,0.0,0.0,0.0,0,False,True,
011_Et_n_Me_L,S4_wrong_zone,215,UCI309_laboratory,simulation,-3.0,1.0,-3.0,1.0,3.0,0.0,2.7109340140501614,G0,P0,valid,valid,zone_A,zone_A,True,0,0.0,0.0,0.0,0,False,True,
011_Et_n_Me_L,S4_wrong_zone,216,UCI309_laboratory,simulation,-3.0,1.0,-3.0,1.0,3.0,0.0,2.5423113241810125,G0,P0,valid,valid,zone_A,zone_A,True,0,0.0,0.0,0.0,0,False,True,
011_Et_n_Me_L,S4_wrong_zone,217,UCI309_laboratory,simulation,-3.0,1.0,-3.0,1.0,3.0,0.0,2.5423113241810125,G0,P0,valid,valid,zone_A,zone_A,True,0,0.0,0.0,0.0,0,False,True,
011_Et_n_Me_L,S4_wrong_zone,218,UCI309_laboratory,simulation,-3.0,1.0,-3.0,1.0,3.0,0.0,2.585547911326948,G0,P0,valid,valid,zone_A,zone_A,True,0,0.0,0.0,0.0,0,False,True,
011_Et_n_Me_L,S4_wrong_zone,219,UCI309_laboratory,simulation,-3.0,1.0,-3.0,1.0,3.0,0.0,2.585547911326948,G0,P0,valid,valid,zone_A,zone_A,True,0,0.0,0.0,0.0,0,False,True,
011_Et_n_Me_L,S4_wrong_zone,220,UCI309_laboratory,simulation,-3.0,1.0,-3.0,1.0,3.0,0.0,2.5423113241810125,G0,P0,valid,valid,zone_A,zone_A,True,0,0.0,0.0,0.0,0,False,True,
011_Et_n_Me_L,S4_wrong_zone,221,UCI309_laboratory,simulation,-3.0,1.0,-3.0,1.0,3.0,0.0,2.585547911326948,G0,P0,valid,valid,zone_A,zone_A,True,0,0.0,0.0,0.0,0,False,True,
011_Et_n_Me_L,S4_wrong_zone,222,UCI309_laboratory,simulation,-3.0,1.0,-3.0,1.0,3.0,0.0,2.5423113241810125,G0,P0,valid,valid,zone_A,zone_A,True,0,0.0,0.0,0.0,0,False,True,
011_Et_n_Me_L,S4_wrong_zone,223,UCI309_laboratory,simulation,-3.0,1.0,-3.0,1.0,3.0,0.0,2.5423113241810125,G0,P0,valid,valid,zone_A,zone_A,True,0,0.0,0.0,0.0,0,False,True,
011_Et_n_Me_L,S4_wrong_zone,224,UCI309_laboratory,simulation,-3.0,1.0,-3.0,1.0,3.0,0.0,2.4385435150307675,G0,P0,valid,valid,zone_A,zone_A,True,0,0.0,0.0,0.0,0,False,True,
011_Et_n_Me_L,S4_wrong_zone,225,UCI309_laboratory,simulation,-3.0,1.0,-3.0,1.0,3.0,0.0,2.585547911326948,G0,P0,valid,valid,zone_A,zone_A,True,0,0.0,0.0,0.0,0,False,True,
011_Et_n_Me_L,S4_wrong_zone,226,UCI309_laboratory,simulation,-3.0,1.0,-3.0,1.0,3.0,0.0,2.5423113241810125,G0,P0,valid,valid,zone_A,zone_A,True,0,0.0,0.0,0.0,0,False,True,
011_Et_n_Me_L,S4_wrong_zone,227,UCI309_laboratory,simulation,-3.0,1.0,-3.0,1.0,3.0,0.0,2.5423113241810125,G0,P0,valid,valid,zone_A,zone_A,True,0,0.0,0.0,0.0,0,False,True,
011_Et_n_Me_L,S4_wrong_zone,228,UCI309_laboratory,simulation,-3.0,1.0,-3.0,1.0,3.0,0.0,2.49042741960589,G0,P0,valid,valid,zone_A,zone_A,True,0,0.0,0.0,0.0,0,False,True,
011_Et_n_Me_L,S4_wrong_zone,229,UCI309_laboratory,simulation,-3.0,1.0,-3.0,1.0,3.0,0.0,2.4385435150307675,G0,P0,valid,valid,zone_A,zone_A,True,0,0.0,0.0,0.0,0,False,True,
011_Et_n_Me_L,S4_wrong_zone,230,UCI309_laboratory,simulation,-3.0,1.0,-3.0,1.0,3.0,0.0,2.4385435150307675,G0,P0,valid,valid,zone_A,zone_A,True,0,0.0,0.0,0.0,0,False,True,
011_Et_n_Me_L,S4_wrong_zone,231,UCI309_laboratory,simulation,-3.0,1.0,-3.0,1.0,3.0,0.0,2.4385435150307675,G0,P0,valid,valid,zone_A,zone_A,True,0,0.0,0.0,0.0,0,False,True,
011_Et_n_Me_L,S4_wrong_zone,232,UCI309_laboratory,simulation,-3.0,1.0,-3.0,1.0,3.0,0.0,2.4385435150307675,G0,P0,valid,valid,zone_A,zone_A,True,0,0.0,0.0,0.0,0,False,True,
011_Et_n_Me_L,S4_wrong_zone,233,UCI309_laboratory,simulation,-3.0,1.0,-3.0,1.0,3.0,0.0,2.6417554746166645,G0,P0,valid,valid,zone_A,zone_A,True,0,0.0,0.0,0.0,0,False,True,
011_Et_n_Me_L,S4_wrong_zone,234,UCI309_laboratory,simulation,-3.0,1.0,-3.0,1.0,3.0,0.0,2.4731327847475155,G0,P0,valid,valid,zone_A,zone_A,True,0,0.0,0.0,0.0,0,False,True,
011_Et_n_Me_L,S4_wrong_zone,235,UCI309_laboratory,simulation,-3.0,1.0,-3.0,1.0,3.0,0.0,2.585547911326948,G0,P0,valid,valid,zone_A,zone_A,True,0,0.0,0.0,0.0,0,False,True,
011_Et_n_Me_L,S4_wrong_zone,236,UCI309_laboratory,simulation,-3.0,1.0,-3.0,1.0,3.0,0.0,2.8103781644858135,G0,P0,valid,valid,zone_A,zone_A,True,0,0.0,0.0,0.0,0,False,True,
011_Et_n_Me_L,S4_wrong_zone,237,UCI309_laboratory,simulation,-3.0,1.0,-3.0,1.0,3.0,0.0,2.585547911326948,G0,P0,valid,valid,zone_A,zone_A,True,0,0.0,0.0,0.0,0,False,True,
011_Et_n_Me_L,S4_wrong_zone,238,UCI309_laboratory,simulation,-3.0,1.0,-3.0,1.0,3.0,0.0,2.922793291065246,G0,P0,valid,valid,zone_A,zone_A,True,0,0.0,0.0,0.0,0,False,True,
011_Et_n_Me_L,S4_wrong_zone,239,UCI309_laboratory,simulation,-3.0,1.0,-3.0,1.0,3.0,0.0,2.922793291065246,G0,P0,valid,valid,zone_A,zone_A,True,0,0.0,0.0,0.0,0,False,True,
011_Et_n_Me_L,S4_wrong_zone,240,UCI309_laboratory,simulation,-3.0,1.0,-3.0,1.0,3.0,0.0,2.922793291065246,G0,P0,valid,valid,zone_A,zone_A,True,0,0.0,0.0,0.0,0,False,True,
011_Et_n_Me_L,S4_stale_gas,26,UCI309_laboratory,simulation,-3.0,1.0,-3.0,1.0,3.0,0.0,1.1803588290840417,G0,P0,valid,valid,zone_A,zone_A,True,0,0.0,0.0,0.0,0,False,True,
011_Et_n_Me_L,S4_stale_gas,27,UCI309_laboratory,simulation,-3.0,1.0,-3.0,1.0,3.0,0.0,1.011736139214893,G0,P0,valid,valid,zone_A,zone_A,True,0,0.0,0.0,0.0,0,False,True,
011_Et_n_Me_L,S4_stale_gas,28,UCI309_laboratory,simulation,-3.0,1.0,-3.0,1.0,3.0,0.0,1.1803588290840417,G0,P0,valid,valid,zone_A,zone_A,True,0,0.0,0.0,0.0,0,False,True,
011_Et_n_Me_L,S4_stale_gas,29,UCI309_laboratory,simulation,-3.0,1.0,-3.0,1.0,3.0,0.0,1.1803588290840417,G0,P0,valid,valid,zone_A,zone_A,True,0,0.0,0.0,0.0,0,False,True,
011_Et_n_Me_L,S4_stale_gas,30,UCI309_laboratory,simulation,-3.0,1.0,-3.0,1.0,3.0,0.0,1.1241512657943253,G0,P0,valid,valid,zone_A,zone_A,True,0,0.0,0.0,0.0,0,False,True,
011_Et_n_Me_L,S4_stale_gas,31,UCI309_laboratory,simulation,-3.0,1.0,-3.0,1.0,3.0,0.0,1.1241512657943253,G0,P0,valid,valid,zone_A,zone_A,True,0,0.0,0.0,0.0,0,False,True,
011_Et_n_Me_L,S4_stale_gas,32,UCI309_laboratory,simulation,-3.0,1.0,-3.0,1.0,3.0,0.0,1.1241512657943253,G0,P0,valid,valid,zone_A,zone_A,True,0,0.0,0.0,0.0,0,False,True,
011_Et_n_Me_L,S4_stale_gas,33,UCI309_laboratory,simulation,-3.0,1.0,-3.0,1.0,3.0,0.0,1.3489815189531904,G0,P0,valid,valid,zone_A,zone_A,True,0,0.0,0.0,0.0,0,False,True,
011_Et_n_Me_L,S4_stale_gas,34,UCI309_laboratory,simulation,-3.0,1.0,-3.0,1.0,3.0,0.0,1.1241512657943253,G0,P0,valid,valid,zone_A,zone_A,True,0,0.0,0.0,0.0,0,False,True,
011_Et_n_Me_L,S4_stale_gas,35,UCI309_laboratory,simulation,-3.0,1.0,-3.0,1.0,3.0,0.0,1.1803588290840417,G0,P0,valid,valid,zone_A,zone_A,True,0,0.0,0.0,0.0,0,False,True,
011_Et_n_Me_L,S4_stale_gas,36,UCI309_laboratory,simulation,-3.0,1.0,-3.0,1.0,3.0,0.0,1.1241512657943253,G0,P0,valid,valid,zone_A,zone_A,True,0,0.0,0.0,0.0,0,False,True,
011_Et_n_Me_L,S4_stale_gas,37,UCI309_laboratory,simulation,-3.0,1.0,-3.0,1.0,3.0,0.0,1.1241512657943253,G0,P0,valid,valid,zone_A,zone_A,True,0,0.0,0.0,0.0,0,False,True,
011_Et_n_Me_L,S4_stale_gas,38,UCI309_laboratory,simulation,-3.0,1.0,-3.0,1.0,3.0,0.0,1.3489815189531904,G0,P0,valid,valid,zone_A,zone_A,True,0,0.0,0.0,0.0,0,False,True,
011_Et_n_Me_L,S4_stale_gas,39,UCI309_laboratory,simulation,-3.0,1.0,-3.0,1.0,3.0,0.0,1.1241512657943253,G0,P0,valid,valid,zone_A,zone_A,True,0,0.0,0.0,0.0,0,False,True,
011_Et_n_Me_L,S4_stale_gas,40,UCI309_laboratory,simulation,-3.0,1.0,-3.0,1.0,3.0,0.0,1.3489815189531904,G0,P0,valid,valid,zone_A,zone_A,True,0,0.0,0.0,0.0,0,False,True,
011_Et_n_Me_L,S4_stale_gas,41,UCI309_laboratory,simulation,-3.0,1.0,-3.0,1.0,3.0,0.0,1.3489815189531904,G0,P0,valid,valid,zone_A,zone_A,True,0,0.0,0.0,0.0,0,False,True,
011_Et_n_Me_L,S4_stale_gas,42,UCI309_laboratory,simulation,-3.0,1.0,-3.0,1.0,3.0,0.0,1.5176042088223394,G0,P0,valid,valid,zone_A,zone_A,True,0,0.0,0.0,0.0,0,False,True,
011_Et_n_Me_L,S4_stale_gas,43,UCI309_laboratory,simulation,-3.0,1.0,-3.0,1.0,3.0,0.0,1.2365663923737578,G0,P0,valid,valid,zone_A,zone_A,True,0,0.0,0.0,0.0,0,False,True,
011_Et_n_Me_L,S4_stale_gas,44,UCI309_laboratory,simulation,-3.0,1.0,-3.0,1.0,3.0,0.0,1.2365663923737578,G0,P0,valid,valid,zone_A,zone_A,True,0,0.0,0.0,0.0,0,False,True,
011_Et_n_Me_L,S4_stale_gas,45,UCI309_laboratory,simulation,-3.0,1.0,-3.0,1.0,3.0,0.0,1.292773955663474,G0,P0,valid,valid,zone_A,zone_A,True,0,0.0,0.0,0.0,0,False,True,
011_Et_n_Me_L,S4_stale_gas,46,UCI309_laboratory,simulation,-3.0,1.0,-3.0,1.0,3.0,0.0,1.1241512657943253,G0,P0,valid,valid,zone_A,zone_A,True,0,0.0,0.0,0.0,0,False,True,
011_Et_n_Me_L,S4_stale_gas,47,UCI309_laboratory,simulation,-3.0,1.0,-3.0,1.0,3.0,0.0,1.011736139214893,G0,P0,valid,valid,zone_A,zone_A,True,0,0.0,0.0,0.0,0,False,True,
011_Et_n_Me_L,S4_stale_gas,48,UCI309_laboratory,simulation,-3.0,1.0,-3.0,1.0,3.0,0.0,1.011736139214893,G0,P0,valid,valid,zone_A,zone_A,True,0,0.0,0.0,0.0,0,False,True,
011_Et_n_Me_L,S4_stale_gas,49,UCI309_laboratory,simulation,-3.0,1.0,-3.0,1.0,3.0,0.0,1.011736139214893,G0,P0,valid,valid,zone_A,zone_A,True,0,0.0,0.0,0.0,0,False,True,
011_Et_n_Me_L,S4_stale_gas,50,UCI309_laboratory,simulation,-3.0,1.0,-3.0,1.0,3.0,0.0,1.1241512657943253,G0,P0,valid,valid,zone_A,zone_A,True,0,0.0,0.0,0.0,0,False,True,
011_Et_n_Me_L,S4_stale_gas,51,UCI309_laboratory,simulation,-3.0,1.0,-3.0,1.0,3.0,0.0,1.1241512657943253,G0,P0,valid,valid,zone_A,zone_A,True,0,0.0,0.0,0.0,0,False,True,
011_Et_n_Me_L,S4_stale_gas,52,UCI309_laboratory,simulation,-3.0,1.0,-3.0,1.0,3.0,0.0,1.1241512657943253,G0,P0,valid,valid,zone_A,zone_A,True,0,0.0,0.0,0.0,0,False,True,
011_Et_n_Me_L,S4_stale_gas,53,UCI309_laboratory,simulation,-3.0,1.0,-3.0,1.0,3.0,0.0,1.011736139214893,G0,P0,valid,valid,zone_A,zone_A,True,0,0.0,0.0,0.0,0,False,True,
011_Et_n_Me_L,S4_stale_gas,54,UCI309_laboratory,simulation,-3.0,1.0,-3.0,1.0,3.0,0.0,1.011736139214893,G0,P0,valid,valid,zone_A,zone_A,True,0,0.0,0.0,0.0,0,False,True,
011_Et_n_Me_L,S4_stale_gas,55,UCI309_laboratory,simulation,-3.0,1.0,-3.0,1.0,3.0,0.0,1.011736139214893,G0,P0,valid,valid,zone_A,zone_A,True,0,0.0,0.0,0.0,0,False,True,
011_Et_n_Me_L,S4_stale_gas,56,UCI309_laboratory,simulation,-3.0,1.0,-3.0,1.0,3.0,0.0,1.011736139214893,G0,P0,valid,valid,zone_A,zone_A,True,0,0.0,0.0,0.0,0,False,True,
011_Et_n_Me_L,S4_stale_gas,57,UCI309_laboratory,simulation,-3.0,1.0,-3.0,1.0,3.0,0.0,0.6744907594765952,G0,P0,valid,valid,zone_A,zone_A,True,0,0.0,0.0,0.0,0,False,True,
011_Et_n_Me_L,S4_stale_gas,58,UCI309_laboratory,simulation,-3.0,1.0,-3.0,1.0,3.0,0.0,0.6744907594765952,G0,P0,valid,valid,zone_A,zone_A,True,0,0.0,0.0,0.0,0,False,True,
011_Et_n_Me_L,S4_stale_gas,59,UCI309_laboratory,simulation,-3.0,1.0,-3.0,1.0,3.0,0.0,0.6744907594765952,G0,P0,valid,valid,zone_A,zone_A,True,0,0.0,0.0,0.0,0,False,True,
011_Et_n_Me_L,S4_stale_gas,60,UCI309_laboratory,simulation,-3.0,1.0,-3.0,1.0,3.0,0.0,0.8431134493457441,G0,P0,valid,valid,zone_A,zone_A,True,0,0.0,0.0,0.0,0,False,True,
011_Et_n_Me_L,S4_stale_gas,61,UCI309_laboratory,simulation,-3.0,1.0,-3.0,1.0,3.0,0.0,0.6744907594765952,G0,P0,valid,valid,zone_A,zone_A,True,0,0.0,0.0,0.0,0,False,True,
011_Et_n_Me_L,S4_stale_gas,62,UCI309_laboratory,simulation,-3.0,1.0,-3.0,1.0,3.0,0.0,0.6744907594765952,G0,P0,valid,valid,zone_A,zone_A,True,0,0.0,0.0,0.0,0,False,True,
011_Et_n_Me_L,S4_stale_gas,63,UCI309_laboratory,simulation,-3.0,1.0,-3.0,1.0,3.0,0.0,0.6744907594765952,G0,P0,valid,valid,zone_A,zone_A,True,0,0.0,0.0,0.0,0,False,True,
011_Et_n_Me_L,S4_stale_gas,64,UCI309_laboratory,simulation,-3.0,1.0,-3.0,1.0,3.0,0.0,0.5620756328971627,G0,P0,valid,valid,zone_A,zone_A,True,0,0.0,0.0,0.0,0,False,True,
011_Et_n_Me_L,S4_stale_gas,65,UCI309_laboratory,simulation,-3.0,1.0,-3.0,1.0,3.0,0.0,0.6744907594765952,G0,P0,valid,valid,zone_A,zone_A,True,0,0.0,0.0,0.0,0,False,True,
011_Et_n_Me_L,S4_stale_gas,66,UCI309_laboratory,simulation,-3.0,1.0,-3.0,1.0,3.0,0.0,0.6744907594765952,G0,P0,valid,valid,zone_A,zone_A,True,0,0.0,0.0,0.0,0,False,True,
011_Et_n_Me_L,S4_stale_gas,67,UCI309_laboratory,simulation,-3.0,1.0,-3.0,1.0,3.0,0.0,0.6744907594765952,G0,P0,valid,valid,zone_A,zone_A,True,0,0.0,0.0,0.0,0,False,True,
011_Et_n_Me_L,S4_stale_gas,68,UCI309_laboratory,simulation,-3.0,1.0,-3.0,1.0,3.0,0.0,0.6744907594765952,G0,P0,valid,valid,zone_A,zone_A,True,0,0.0,0.0,0.0,0,False,True,
011_Et_n_Me_L,S4_stale_gas,69,UCI309_laboratory,simulation,-3.0,1.0,-3.0,1.0,3.0,0.0,0.6744907594765952,G0,P0,valid,valid,zone_A,zone_A,True,0,0.0,0.0,0.0,0,False,True,
011_Et_n_Me_L,S4_stale_gas,70,UCI309_laboratory,simulation,-3.0,1.0,-3.0,1.0,3.0,0.0,0.8431134493457441,G0,P0,valid,valid,zone_A,zone_A,True,0,0.0,0.0,0.0,0,False,True,
011_Et_n_Me_L,S4_stale_gas,71,UCI309_laboratory,simulation,-2.861111111111111,1.0,-2.861111111111111,1.0,2.861111111111111,0.0,0.6744907594765952,G0,P0,valid,valid,zone_A,zone_A,True,0,0.0,0.0,0.0,0,False,True,
011_Et_n_Me_L,S4_stale_gas,72,UCI309_laboratory,simulation,-2.7222222222222223,1.0,-2.7222222222222223,1.0,2.7222222222222223,0.0,0.6744907594765952,G0,P0,valid,valid,zone_A,zone_A,True,0,0.0,0.0,0.0,0,False,True,
011_Et_n_Me_L,S4_stale_gas,73,UCI309_laboratory,simulation,-2.5833333333333335,1.0,-2.5833333333333335,1.0,2.5833333333333335,0.0,0.6744907594765952,G0,P0,valid,valid,zone_A,zone_A,True,0,0.0,0.0,0.0,0,False,True,
011_Et_n_Me_L,S4_stale_gas,74,UCI309_laboratory,simulation,-2.4444444444444446,1.0,-2.4444444444444446,1.0,2.4444444444444446,0.0,0.6744907594765952,G0,P0,valid,valid,zone_A,zone_A,True,0,0.0,0.0,0.0,0,False,True,
011_Et_n_Me_L,S4_stale_gas,75,UCI309_laboratory,simulation,-2.3055555555555554,1.0,-2.3055555555555554,1.0,2.3055555555555554,0.0,0.6744907594765952,G0,P0,valid,valid,zone_A,zone_A,True,0,0.0,0.0,0.0,0,False,True,
011_Et_n_Me_L,S4_stale_gas,76,UCI309_laboratory,simulation,-2.166666666666667,1.0,-2.166666666666667,1.0,2.166666666666667,0.0,0.6744907594765952,G0,P0,valid,valid,zone_A,zone_A,True,0,0.0,0.0,0.0,0,False,True,
011_Et_n_Me_L,S4_stale_gas,77,UCI309_laboratory,simulation,-2.0277777777777777,1.0,-2.0277777777777777,1.0,2.0277777777777777,0.0,0.6744907594765952,G0,P0,valid,valid,zone_A,zone_A,True,0,0.0,0.0,0.0,0,False,True,
011_Et_n_Me_L,S4_stale_gas,78,UCI309_laboratory,simulation,-1.8888888888888888,1.0,-1.8888888888888888,1.0,1.8888888888888888,0.0,0.6744907594765952,G0,P0,valid,valid,zone_A,zone_A,True,0,0.0,0.0,0.0,0,False,True,
011_Et_n_Me_L,S4_stale_gas,79,UCI309_laboratory,simulation,-1.75,1.0,-1.75,1.0,1.75,0.0,0.6744907594765952,G0,P0,valid,valid,zone_A,zone_A,True,0,0.0,0.0,0.0,0,False,True,
011_Et_n_Me_L,S4_stale_gas,80,UCI309_laboratory,simulation,-1.6111111111111112,1.0,-1.6111111111111112,1.0,1.6111111111111112,0.0,0.6744907594765952,G0,P0,valid,valid,zone_A,zone_A,True,0,0.0,0.0,0.0,0,False,True,
011_Et_n_Me_L,S4_stale_gas,81,UCI309_laboratory,simulation,-1.472222222222222,1.0,-1.472222222222222,1.0,1.472222222222222,0.0,1.011736139214893,G0,P0,valid,valid,zone_A,zone_A,True,0,0.0,0.0,0.0,0,False,True,
011_Et_n_Me_L,S4_stale_gas,82,UCI309_laboratory,simulation,-1.3333333333333335,1.0,-1.3333333333333335,1.0,1.3333333333333335,0.0,1.011736139214893,G0,P0,valid,valid,zone_A,zone_A,True,0,0.0,0.0,0.0,0,False,True,
011_Et_n_Me_L,S4_stale_gas,83,UCI309_laboratory,simulation,-1.1944444444444444,1.0,-1.1944444444444444,1.0,1.1944444444444444,0.0,1.011736139214893,G0,P0,valid,valid,zone_A,zone_A,True,0,0.0,0.0,0.0,0,False,True,
011_Et_n_Me_L,S4_stale_gas,84,UCI309_laboratory,simulation,-1.0555555555555556,1.0,-1.0555555555555556,1.0,1.0555555555555556,0.0,1.011736139214893,G0,P0,valid,valid,zone_A,zone_A,True,0,0.0,0.0,0.0,0,False,True,
011_Et_n_Me_L,S4_stale_gas,85,UCI309_laboratory,simulation,-0.9166666666666665,1.0,-0.9166666666666665,1.0,0.9166666666666665,0.0,1.011736139214893,G0,P1,valid,valid,zone_A,zone_A,True,0,1.0,0.0,1.0,1,False,True,
011_Et_n_Me_L,S4_stale_gas,86,UCI309_laboratory,simulation,-0.7777777777777777,1.0,-0.7777777777777777,1.0,0.7777777777777777,0.0,1.011736139214893,G0,P1,valid,valid,zone_A,zone_A,True,0,1.0,0.0,1.0,1,False,True,
011_Et_n_Me_L,S4_stale_gas,87,UCI309_laboratory,simulation,-0.6388888888888888,1.0,-0.6388888888888888,1.0,0.6388888888888888,0.0,1.011736139214893,G0,P1,valid,valid,zone_A,zone_A,True,0,1.0,0.0,1.0,1,False,True,
011_Et_n_Me_L,S4_stale_gas,88,UCI309_laboratory,simulation,-0.5,1.0,-0.5,1.0,0.5,0.0,1.3489815189531904,G0,P1,valid,valid,zone_A,zone_A,True,0,1.0,0.0,1.0,1,False,True,
011_Et_n_Me_L,S4_stale_gas,89,UCI309_laboratory,simulation,-0.4,1.0,-0.4,1.0,0.4,0.0,1.3489815189531904,G0,P1,valid,valid,zone_A,zone_A,True,0,1.0,0.0,1.0,1,False,True,
011_Et_n_Me_L,S4_stale_gas,90,UCI309_laboratory,simulation,-0.3,1.0,-0.3,1.0,0.3,0.0,1.6862268986914881,G0,P1,valid,valid,zone_A,zone_A,True,0,1.0,0.0,1.0,1,False,True,
011_Et_n_Me_L,S4_stale_gas,91,UCI309_laboratory,simulation,-0.2,1.0,-0.2,1.0,0.2,0.0,2.023472278429786,G0,P1,valid,valid,zone_A,zone_A,True,0,1.0,0.0,1.0,1,False,True,
011_Et_n_Me_L,S4_stale_gas,92,UCI309_laboratory,simulation,-0.09999999999999998,1.0,-0.09999999999999998,1.0,0.09999999999999998,0.0,2.023472278429786,G0,P1,valid,valid,zone_A,zone_A,True,0,1.0,0.0,1.0,1,False,True,
011_Et_n_Me_L,S4_stale_gas,93,UCI309_laboratory,simulation,0.0,1.0,0.0,1.0,-0.0,0.0,2.023472278429786,G0,P2,valid,valid,zone_A,zone_A,True,0,2.0,0.0,2.0,2,False,True,
011_Et_n_Me_L,S4_stale_gas,94,UCI309_laboratory,simulation,0.09999999999999998,1.0,0.09999999999999998,1.0,-0.09999999999999998,0.0,2.3607176581680833,G0,P2,valid,valid,zone_A,zone_A,True,0,2.0,0.0,2.0,2,False,True,
011_Et_n_Me_L,S4_stale_gas,95,UCI309_laboratory,simulation,0.19999999999999996,1.0,0.19999999999999996,1.0,-0.19999999999999996,0.0,2.3607176581680833,G0,P2,valid,valid,zone_A,zone_A,True,0,2.0,0.0,2.0,2,False,True,
011_Et_n_Me_L,S4_stale_gas,96,UCI309_laboratory,simulation,0.30000000000000004,1.0,0.30000000000000004,1.0,-0.30000000000000004,0.0,2.697963037906381,G0,P2,valid,valid,zone_A,zone_A,True,0,2.0,0.0,2.0,2,False,True,
011_Et_n_Me_L,S4_stale_gas,97,UCI309_laboratory,simulation,0.4,1.0,0.4,1.0,-0.4,0.0,2.697963037906381,G0,P2,valid,valid,zone_A,zone_A,True,0,2.0,0.0,2.0,2,False,True,
011_Et_n_Me_L,S4_stale_gas,98,UCI309_laboratory,simulation,0.5,1.0,0.5,1.0,-0.5,0.0,3.0352084176446787,G0,P2,valid,valid,zone_A,zone_A,True,0,2.0,0.0,2.0,2,False,True,
011_Et_n_Me_L,S4_stale_gas,99,UCI309_laboratory,simulation,0.5,1.0,0.5,1.0,-0.5,0.0,3.0092664653571175,G0,P2,valid,valid,zone_A,zone_A,True,0,2.0,0.0,2.0,2,False,True,
011_Et_n_Me_L,S4_stale_gas,100,UCI309_laboratory,simulation,0.5,1.0,0.5,1.0,-0.5,0.0,3.0092664653571175,unknown,P2,simulated_stale,valid,zone_A,zone_A,True,2,,,2.0,2,True,False,gas_simulated_stale
011_Et_n_Me_L,S4_stale_gas,101,UCI309_laboratory,simulation,0.5,1.0,0.5,1.0,-0.5,0.0,3.06115036993224,unknown,P2,simulated_stale,valid,zone_A,zone_A,True,2,,,2.0,2,True,False,gas_simulated_stale
011_Et_n_Me_L,S4_stale_gas,102,UCI309_laboratory,simulation,0.5,1.0,0.5,1.0,-0.5,0.0,3.0092664653571175,unknown,P2,simulated_stale,valid,zone_A,zone_A,True,2,,,2.0,2,True,False,gas_simulated_stale
011_Et_n_Me_L,S4_stale_gas,103,UCI309_laboratory,simulation,0.5,1.0,0.5,1.0,-0.5,0.0,3.0092664653571175,unknown,P2,simulated_stale,valid,zone_A,zone_A,True,2,,,2.0,2,True,False,gas_simulated_stale
011_Et_n_Me_L,S4_stale_gas,104,UCI309_laboratory,simulation,0.5,1.0,0.5,1.0,-0.5,0.0,3.0092664653571175,unknown,P2,simulated_stale,valid,zone_A,zone_A,True,2,,,2.0,2,True,False,gas_simulated_stale
011_Et_n_Me_L,S4_stale_gas,105,UCI309_laboratory,simulation,0.5,1.0,0.5,1.0,-0.5,0.0,3.0092664653571175,unknown,P2,simulated_stale,valid,zone_A,zone_A,True,2,,,2.0,2,True,False,gas_simulated_stale
011_Et_n_Me_L,S4_stale_gas,106,UCI309_laboratory,simulation,0.5,1.0,0.5,1.0,-0.5,0.0,3.0092664653571175,unknown,P2,simulated_stale,valid,zone_A,zone_A,True,2,,,2.0,2,True,False,gas_simulated_stale
011_Et_n_Me_L,S4_stale_gas,107,UCI309_laboratory,simulation,0.5,1.0,0.5,1.0,-0.5,0.0,3.0092664653571175,unknown,P2,simulated_stale,valid,zone_A,zone_A,True,2,,,2.0,2,True,False,gas_simulated_stale
011_Et_n_Me_L,S4_stale_gas,108,UCI309_laboratory,simulation,0.5,1.0,0.5,1.0,-0.5,0.0,3.0092664653571175,unknown,P2,simulated_stale,valid,zone_A,zone_A,True,2,,,2.0,2,True,False,gas_simulated_stale
011_Et_n_Me_L,S4_stale_gas,109,UCI309_laboratory,simulation,0.5,1.0,0.5,1.0,-0.5,0.0,3.0092664653571175,unknown,P2,simulated_stale,valid,zone_A,zone_A,True,2,,,2.0,2,True,False,gas_simulated_stale
011_Et_n_Me_L,S4_stale_gas,110,UCI309_laboratory,simulation,0.5,1.0,0.5,1.0,-0.5,0.0,3.0092664653571175,G0,P2,valid,valid,zone_A,zone_A,True,0,2.0,0.0,2.0,2,False,True,
011_Et_n_Me_L,S4_stale_gas,111,UCI309_laboratory,simulation,0.5,1.0,0.5,1.0,-0.5,0.0,3.0092664653571175,G0,P2,valid,valid,zone_A,zone_A,True,0,2.0,0.0,2.0,2,False,True,
011_Et_n_Me_L,S4_stale_gas,112,UCI309_laboratory,simulation,0.5,1.0,0.5,1.0,-0.5,0.0,3.0092664653571175,G0,P2,valid,valid,zone_A,zone_A,True,0,2.0,0.0,2.0,2,False,True,
011_Et_n_Me_L,S4_stale_gas,113,UCI309_laboratory,simulation,0.5,1.0,0.5,1.0,-0.5,0.0,3.0092664653571175,G0,P2,valid,valid,zone_A,zone_A,True,0,2.0,0.0,2.0,2,False,True,
011_Et_n_Me_L,S4_stale_gas,114,UCI309_laboratory,simulation,0.5,1.0,0.5,1.0,-0.5,0.0,3.0092664653571175,G0,P2,valid,valid,zone_A,zone_A,True,0,2.0,0.0,2.0,2,False,True,
011_Et_n_Me_L,S4_stale_gas,115,UCI309_laboratory,simulation,0.5,1.0,0.5,1.0,-0.5,0.0,3.0092664653571175,G0,P2,valid,valid,zone_A,zone_A,True,0,2.0,0.0,2.0,2,False,True,
011_Et_n_Me_L,S4_stale_gas,116,UCI309_laboratory,simulation,0.5,1.0,0.5,1.0,-0.5,0.0,3.0092664653571175,G0,P2,valid,valid,zone_A,zone_A,True,0,2.0,0.0,2.0,2,False,True,
011_Et_n_Me_L,S4_stale_gas,117,UCI309_laboratory,simulation,0.5,1.0,0.5,1.0,-0.5,0.0,3.0092664653571175,G0,P2,valid,valid,zone_A,zone_A,True,0,2.0,0.0,2.0,2,False,True,
011_Et_n_Me_L,S4_stale_gas,118,UCI309_laboratory,simulation,0.5,1.0,0.5,1.0,-0.5,0.0,3.0092664653571175,G0,P2,valid,valid,zone_A,zone_A,True,0,2.0,0.0,2.0,2,False,True,
011_Et_n_Me_L,S4_stale_gas,119,UCI309_laboratory,simulation,0.5,1.0,0.5,1.0,-0.5,0.0,3.0092664653571175,G0,P2,valid,valid,zone_A,zone_A,True,0,2.0,0.0,2.0,2,False,True,
011_Et_n_Me_L,S4_stale_gas,120,UCI309_laboratory,simulation,0.5,1.0,0.5,1.0,-0.5,0.0,3.0092664653571175,G0,P2,valid,valid,zone_A,zone_A,True,0,2.0,0.0,2.0,2,False,True,
011_Et_n_Me_L,S4_stale_gas,121,UCI309_laboratory,simulation,0.5,1.0,0.5,1.0,-0.5,0.0,3.126005250651143,G0,P2,valid,valid,zone_A,zone_A,True,0,2.0,0.0,2.0,2,False,True,
011_Et_n_Me_L,S4_stale_gas,122,UCI309_laboratory,simulation,0.5,1.0,0.5,1.0,-0.5,0.0,3.346511845095415,G0,P2,valid,valid,zone_A,zone_A,True,0,2.0,0.0,2.0,2,False,True,
011_Et_n_Me_L,S4_stale_gas,123,UCI309_laboratory,simulation,0.5,1.0,0.5,1.0,-0.5,0.0,2.9054986562068716,G0,P2,valid,valid,zone_A,zone_A,True,0,2.0,0.0,2.0,2,False,True,
011_Et_n_Me_L,S4_stale_gas,124,UCI309_laboratory,simulation,0.5,1.0,0.5,1.0,-0.5,0.0,3.2427440359451696,G0,P2,valid,valid,zone_A,zone_A,True,0,2.0,0.0,2.0,2,False,True,
011_Et_n_Me_L,S4_stale_gas,125,UCI309_laboratory,simulation,0.5,1.0,0.5,1.0,-0.5,0.0,3.2427440359451696,G0,P2,valid,valid,zone_A,zone_A,True,0,2.0,0.0,2.0,2,False,True,
011_Et_n_Me_L,S4_stale_gas,126,UCI309_laboratory,simulation,0.32499999999999996,1.0,0.32499999999999996,1.0,-0.32499999999999996,0.0,3.2427440359451696,G0,P2,valid,valid,zone_A,zone_A,True,0,2.0,0.0,2.0,2,False,True,
011_Et_n_Me_L,S4_stale_gas,127,UCI309_laboratory,simulation,0.14999999999999997,1.0,0.14999999999999997,1.0,-0.14999999999999997,0.0,3.2427440359451696,G0,P2,valid,valid,zone_A,zone_A,True,0,2.0,0.0,2.0,2,False,True,
011_Et_n_Me_L,S4_stale_gas,128,UCI309_laboratory,simulation,-0.025000000000000022,1.0,-0.025000000000000022,1.0,0.025000000000000022,0.0,3.2427440359451696,G0,P1,valid,valid,zone_A,zone_A,True,0,1.0,0.0,1.0,1,False,True,
011_Et_n_Me_L,S4_stale_gas,129,UCI309_laboratory,simulation,-0.20000000000000007,1.0,-0.20000000000000007,1.0,0.20000000000000007,0.0,3.2427440359451696,G0,P1,valid,valid,zone_A,zone_A,True,0,1.0,0.0,1.0,1,False,True,
011_Et_n_Me_L,S4_stale_gas,130,UCI309_laboratory,simulation,-0.375,1.0,-0.375,1.0,0.375,0.0,3.2427440359451696,G0,P1,valid,valid,zone_A,zone_A,True,0,1.0,0.0,1.0,1,False,True,
011_Et_n_Me_L,S4_stale_gas,131,UCI309_laboratory,simulation,-0.55,1.0,-0.55,1.0,0.55,0.0,3.2427440359451696,G0,P1,valid,valid,zone_A,zone_A,True,0,1.0,0.0,1.0,1,False,True,
011_Et_n_Me_L,S4_stale_gas,132,UCI309_laboratory,simulation,-0.7249999999999999,1.0,-0.7249999999999999,1.0,0.7249999999999999,0.0,3.2427440359451696,G0,P1,valid,valid,zone_A,zone_A,True,0,1.0,0.0,1.0,1,False,True,
011_Et_n_Me_L,S4_stale_gas,133,UCI309_laboratory,simulation,-0.9000000000000001,1.0,-0.9000000000000001,1.0,0.9000000000000001,0.0,3.2427440359451696,G0,P1,valid,valid,zone_A,zone_A,True,0,1.0,0.0,1.0,1,False,True,
011_Et_n_Me_L,S4_stale_gas,134,UCI309_laboratory,simulation,-1.075,1.0,-1.075,1.0,1.075,0.0,3.2427440359451696,G0,P0,valid,valid,zone_A,zone_A,True,0,0.0,0.0,0.0,0,False,True,
011_Et_n_Me_L,S4_stale_gas,135,UCI309_laboratory,simulation,-1.25,1.0,-1.25,1.0,1.25,0.0,3.2427440359451696,G0,P0,valid,valid,zone_A,zone_A,True,0,0.0,0.0,0.0,0,False,True,
011_Et_n_Me_L,S4_stale_gas,136,UCI309_laboratory,simulation,-1.4250000000000003,1.0,-1.4250000000000003,1.0,1.4250000000000003,0.0,3.2427440359451696,G0,P0,valid,valid,zone_A,zone_A,True,0,0.0,0.0,0.0,0,False,True,
011_Et_n_Me_L,S4_stale_gas,137,UCI309_laboratory,simulation,-1.6,1.0,-1.6,1.0,1.6,0.0,3.2427440359451696,G0,P0,valid,valid,zone_A,zone_A,True,0,0.0,0.0,0.0,0,False,True,
011_Et_n_Me_L,S4_stale_gas,138,UCI309_laboratory,simulation,-1.775,1.0,-1.775,1.0,1.775,0.0,3.2427440359451696,G0,P0,valid,valid,zone_A,zone_A,True,0,0.0,0.0,0.0,0,False,True,
011_Et_n_Me_L,S4_stale_gas,139,UCI309_laboratory,simulation,-1.9499999999999997,1.0,-1.9499999999999997,1.0,1.9499999999999997,0.0,3.2427440359451696,G0,P0,valid,valid,zone_A,zone_A,True,0,0.0,0.0,0.0,0,False,True,
011_Et_n_Me_L,S4_stale_gas,140,UCI309_laboratory,simulation,-2.125,1.0,-2.125,1.0,2.125,0.0,3.2427440359451696,G0,P0,valid,valid,zone_A,zone_A,True,0,0.0,0.0,0.0,0,False,True,
011_Et_n_Me_L,S4_stale_gas,141,UCI309_laboratory,simulation,-2.3000000000000003,1.0,-2.3000000000000003,1.0,2.3000000000000003,0.0,3.2427440359451696,G0,P0,valid,valid,zone_A,zone_A,True,0,0.0,0.0,0.0,0,False,True,
011_Et_n_Me_L,S4_stale_gas,142,UCI309_laboratory,simulation,-2.475,1.0,-2.475,1.0,2.475,0.0,3.579989415683467,G0,P0,valid,valid,zone_A,zone_A,True,0,0.0,0.0,0.0,0,False,True,
011_Et_n_Me_L,S4_stale_gas,143,UCI309_laboratory,simulation,-2.65,1.0,-2.65,1.0,2.65,0.0,3.2427440359451696,G0,P0,valid,valid,zone_A,zone_A,True,0,0.0,0.0,0.0,0,False,True,
011_Et_n_Me_L,S4_stale_gas,144,UCI309_laboratory,simulation,-2.8249999999999997,1.0,-2.8249999999999997,1.0,2.8249999999999997,0.0,3.579989415683467,G0,P0,valid,valid,zone_A,zone_A,True,0,0.0,0.0,0.0,0,False,True,
011_Et_n_Me_L,S4_stale_gas,145,UCI309_laboratory,simulation,-3.0,1.0,-3.0,1.0,3.0,0.0,3.579989415683467,G0,P0,valid,valid,zone_A,zone_A,True,0,0.0,0.0,0.0,0,False,True,
011_Et_n_Me_L,S4_stale_gas,146,UCI309_laboratory,simulation,-3.0,1.0,-3.0,1.0,3.0,0.0,3.579989415683467,G0,P0,valid,valid,zone_A,zone_A,True,0,0.0,0.0,0.0,0,False,True,
011_Et_n_Me_L,S4_stale_gas,147,UCI309_laboratory,simulation,-3.0,1.0,-3.0,1.0,3.0,0.0,3.579989415683467,G0,P0,valid,valid,zone_A,zone_A,True,0,0.0,0.0,0.0,0,False,True,
011_Et_n_Me_L,S4_stale_gas,148,UCI309_laboratory,simulation,-3.0,1.0,-3.0,1.0,3.0,0.0,3.579989415683467,G0,P0,valid,valid,zone_A,zone_A,True,0,0.0,0.0,0.0,0,False,True,
011_Et_n_Me_L,S4_stale_gas,149,UCI309_laboratory,simulation,-3.0,1.0,-3.0,1.0,3.0,0.0,3.579989415683467,G0,P0,valid,valid,zone_A,zone_A,True,0,0.0,0.0,0.0,0,False,True,
011_Et_n_Me_L,S4_stale_gas,150,UCI309_laboratory,simulation,-3.0,1.0,-3.0,1.0,3.0,0.0,3.579989415683467,G0,P0,valid,valid,zone_A,zone_A,True,0,0.0,0.0,0.0,0,False,True,
011_Et_n_Me_L,S4_stale_gas,151,UCI309_laboratory,simulation,-3.0,1.0,-3.0,1.0,3.0,0.0,3.579989415683467,G0,P0,valid,valid,zone_A,zone_A,True,0,0.0,0.0,0.0,0,False,True,
011_Et_n_Me_L,S4_stale_gas,152,UCI309_laboratory,simulation,-3.0,1.0,-3.0,1.0,3.0,0.0,3.579989415683467,G0,P0,valid,valid,zone_A,zone_A,True,0,0.0,0.0,0.0,0,False,True,
011_Et_n_Me_L,S4_stale_gas,153,UCI309_laboratory,simulation,-3.0,1.0,-3.0,1.0,3.0,0.0,3.579989415683467,G0,P0,valid,valid,zone_A,zone_A,True,0,0.0,0.0,0.0,0,False,True,
011_Et_n_Me_L,S4_stale_gas,154,UCI309_laboratory,simulation,-3.0,1.0,-3.0,1.0,3.0,0.0,3.4762216065332217,G0,P0,valid,valid,zone_A,zone_A,True,0,0.0,0.0,0.0,0,False,True,
011_Et_n_Me_L,S4_stale_gas,155,UCI309_laboratory,simulation,-3.0,1.0,-3.0,1.0,3.0,0.0,3.4762216065332217,G0,P0,valid,valid,zone_A,zone_A,True,0,0.0,0.0,0.0,0,False,True,
011_Et_n_Me_L,S4_stale_gas,156,UCI309_laboratory,simulation,-3.0,1.0,-3.0,1.0,3.0,0.0,3.4762216065332217,G0,P0,valid,valid,zone_A,zone_A,True,0,0.0,0.0,0.0,0,False,True,
011_Et_n_Me_L,S4_stale_gas,157,UCI309_laboratory,simulation,-3.0,1.0,-3.0,1.0,3.0,0.0,3.3724537973829762,G0,P0,valid,valid,zone_A,zone_A,True,0,0.0,0.0,0.0,0,False,True,
011_Et_n_Me_L,S4_stale_gas,158,UCI309_laboratory,simulation,-3.0,1.0,-3.0,1.0,3.0,0.0,3.3724537973829762,G0,P0,valid,valid,zone_A,zone_A,True,0,0.0,0.0,0.0,0,False,True,
011_Et_n_Me_L,S4_stale_gas,159,UCI309_laboratory,simulation,-3.0,1.0,-3.0,1.0,3.0,0.0,3.3724537973829762,G0,P0,valid,valid,zone_A,zone_A,True,0,0.0,0.0,0.0,0,False,True,
011_Et_n_Me_L,S4_stale_gas,160,UCI309_laboratory,simulation,-3.0,1.0,-3.0,1.0,3.0,0.0,3.3205698928078533,G0,P0,valid,valid,zone_A,zone_A,True,0,0.0,0.0,0.0,0,False,True,
011_Et_n_Me_L,S4_stale_gas,161,UCI309_laboratory,simulation,-3.0,1.0,-3.0,1.0,3.0,0.0,3.268685988232731,G0,P0,valid,valid,zone_A,zone_A,True,0,0.0,0.0,0.0,0,False,True,
011_Et_n_Me_L,S4_stale_gas,162,UCI309_laboratory,simulation,-3.0,1.0,-3.0,1.0,3.0,0.0,3.268685988232731,G0,P0,valid,valid,zone_A,zone_A,True,0,0.0,0.0,0.0,0,False,True,
011_Et_n_Me_L,S4_stale_gas,163,UCI309_laboratory,simulation,-3.0,1.0,-3.0,1.0,3.0,0.0,3.268685988232731,G0,P0,valid,valid,zone_A,zone_A,True,0,0.0,0.0,0.0,0,False,True,
011_Et_n_Me_L,S4_stale_gas,164,UCI309_laboratory,simulation,-3.0,1.0,-3.0,1.0,3.0,0.0,3.268685988232731,G0,P0,valid,valid,zone_A,zone_A,True,0,0.0,0.0,0.0,0,False,True,
011_Et_n_Me_L,S4_stale_gas,165,UCI309_laboratory,simulation,-3.0,1.0,-3.0,1.0,3.0,0.0,3.502163558820783,G0,P0,valid,valid,zone_A,zone_A,True,0,0.0,0.0,0.0,0,False,True,
011_Et_n_Me_L,S4_stale_gas,166,UCI309_laboratory,simulation,-3.0,1.0,-3.0,1.0,3.0,0.0,3.1649181790824854,G0,P0,valid,valid,zone_A,zone_A,True,0,0.0,0.0,0.0,0,False,True,
011_Et_n_Me_L,S4_stale_gas,167,UCI309_laboratory,simulation,-3.0,1.0,-3.0,1.0,3.0,0.0,3.1649181790824854,G0,P0,valid,valid,zone_A,zone_A,True,0,0.0,0.0,0.0,0,False,True,
011_Et_n_Me_L,S4_stale_gas,168,UCI309_laboratory,simulation,-3.0,1.0,-3.0,1.0,3.0,0.0,3.1649181790824854,G0,P0,valid,valid,zone_A,zone_A,True,0,0.0,0.0,0.0,0,False,True,
011_Et_n_Me_L,S4_stale_gas,169,UCI309_laboratory,simulation,-3.0,1.0,-3.0,1.0,3.0,0.0,3.1649181790824854,G0,P0,valid,valid,zone_A,zone_A,True,0,0.0,0.0,0.0,0,False,True,
011_Et_n_Me_L,S4_stale_gas,170,UCI309_laboratory,simulation,-3.0,1.0,-3.0,1.0,3.0,0.0,3.3335408689516344,G0,P0,valid,valid,zone_A,zone_A,True,0,0.0,0.0,0.0,0,False,True,
011_Et_n_Me_L,S4_stale_gas,171,UCI309_laboratory,simulation,-3.0,1.0,-3.0,1.0,3.0,0.0,3.06115036993224,G0,P0,valid,valid,zone_A,zone_A,True,0,0.0,0.0,0.0,0,False,True,
011_Et_n_Me_L,S4_stale_gas,172,UCI309_laboratory,simulation,-3.0,1.0,-3.0,1.0,3.0,0.0,3.06115036993224,G0,P0,valid,valid,zone_A,zone_A,True,0,0.0,0.0,0.0,0,False,True,
011_Et_n_Me_L,S4_stale_gas,173,UCI309_laboratory,simulation,-3.0,1.0,-3.0,1.0,3.0,0.0,3.06115036993224,G0,P0,valid,valid,zone_A,zone_A,True,0,0.0,0.0,0.0,0,False,True,
011_Et_n_Me_L,S4_stale_gas,174,UCI309_laboratory,simulation,-3.0,1.0,-3.0,1.0,3.0,0.0,3.06115036993224,G0,P0,valid,valid,zone_A,zone_A,True,0,0.0,0.0,0.0,0,False,True,
011_Et_n_Me_L,S4_stale_gas,175,UCI309_laboratory,simulation,-3.0,1.0,-3.0,1.0,3.0,0.0,3.06115036993224,G0,P0,valid,valid,zone_A,zone_A,True,0,0.0,0.0,0.0,0,False,True,
011_Et_n_Me_L,S4_stale_gas,176,UCI309_laboratory,simulation,-3.0,1.0,-3.0,1.0,3.0,0.0,3.06115036993224,G0,P0,valid,valid,zone_A,zone_A,True,0,0.0,0.0,0.0,0,False,True,
011_Et_n_Me_L,S4_stale_gas,177,UCI309_laboratory,simulation,-3.0,1.0,-3.0,1.0,3.0,0.0,3.06115036993224,G0,P0,valid,valid,zone_A,zone_A,True,0,0.0,0.0,0.0,0,False,True,
011_Et_n_Me_L,S4_stale_gas,178,UCI309_laboratory,simulation,-3.0,1.0,-3.0,1.0,3.0,0.0,2.957382560781994,G0,P0,valid,valid,zone_A,zone_A,True,0,0.0,0.0,0.0,0,False,True,
011_Et_n_Me_L,S4_stale_gas,179,UCI309_laboratory,simulation,-3.0,1.0,-3.0,1.0,3.0,0.0,2.957382560781994,G0,P0,valid,valid,zone_A,zone_A,True,0,0.0,0.0,0.0,0,False,True,
011_Et_n_Me_L,S4_stale_gas,180,UCI309_laboratory,simulation,-3.0,1.0,-3.0,1.0,3.0,0.0,2.957382560781994,G0,P0,valid,valid,zone_A,zone_A,True,0,0.0,0.0,0.0,0,False,True,
011_Et_n_Me_L,S4_stale_gas,181,UCI309_laboratory,simulation,-3.0,1.0,-3.0,1.0,3.0,0.0,2.957382560781994,G0,P0,valid,valid,zone_A,zone_A,True,0,0.0,0.0,0.0,0,False,True,
011_Et_n_Me_L,S4_stale_gas,182,UCI309_laboratory,simulation,-3.0,1.0,-3.0,1.0,3.0,0.0,2.957382560781994,G0,P0,valid,valid,zone_A,zone_A,True,0,0.0,0.0,0.0,0,False,True,
011_Et_n_Me_L,S4_stale_gas,183,UCI309_laboratory,simulation,-3.0,1.0,-3.0,1.0,3.0,0.0,2.853614751631749,G0,P0,valid,valid,zone_A,zone_A,True,0,0.0,0.0,0.0,0,False,True,
011_Et_n_Me_L,S4_stale_gas,184,UCI309_laboratory,simulation,-3.0,1.0,-3.0,1.0,3.0,0.0,2.853614751631749,G0,P0,valid,valid,zone_A,zone_A,True,0,0.0,0.0,0.0,0,False,True,
011_Et_n_Me_L,S4_stale_gas,185,UCI309_laboratory,simulation,-3.0,1.0,-3.0,1.0,3.0,0.0,2.853614751631749,G0,P0,valid,valid,zone_A,zone_A,True,0,0.0,0.0,0.0,0,False,True,
011_Et_n_Me_L,S4_stale_gas,186,UCI309_laboratory,simulation,-3.0,1.0,-3.0,1.0,3.0,0.0,2.853614751631749,G0,P0,valid,valid,zone_A,zone_A,True,0,0.0,0.0,0.0,0,False,True,
011_Et_n_Me_L,S4_stale_gas,187,UCI309_laboratory,simulation,-3.0,1.0,-3.0,1.0,3.0,0.0,2.853614751631749,G0,P0,valid,valid,zone_A,zone_A,True,0,0.0,0.0,0.0,0,False,True,
011_Et_n_Me_L,S4_stale_gas,188,UCI309_laboratory,simulation,-3.0,1.0,-3.0,1.0,3.0,0.0,2.853614751631749,G0,P0,valid,valid,zone_A,zone_A,True,0,0.0,0.0,0.0,0,False,True,
011_Et_n_Me_L,S4_stale_gas,189,UCI309_laboratory,simulation,-3.0,1.0,-3.0,1.0,3.0,0.0,2.853614751631749,G0,P0,valid,valid,zone_A,zone_A,True,0,0.0,0.0,0.0,0,False,True,
011_Et_n_Me_L,S4_stale_gas,190,UCI309_laboratory,simulation,-3.0,1.0,-3.0,1.0,3.0,0.0,2.853614751631749,G0,P0,valid,valid,zone_A,zone_A,True,0,0.0,0.0,0.0,0,False,True,
011_Et_n_Me_L,S4_stale_gas,191,UCI309_laboratory,simulation,-3.0,1.0,-3.0,1.0,3.0,0.0,2.853614751631749,G0,P0,valid,valid,zone_A,zone_A,True,0,0.0,0.0,0.0,0,False,True,
011_Et_n_Me_L,S4_stale_gas,192,UCI309_laboratory,simulation,-3.0,1.0,-3.0,1.0,3.0,0.0,2.7498469424815033,G0,P0,valid,valid,zone_A,zone_A,True,0,0.0,0.0,0.0,0,False,True,
011_Et_n_Me_L,S4_stale_gas,193,UCI309_laboratory,simulation,-3.0,1.0,-3.0,1.0,3.0,0.0,2.7498469424815033,G0,P0,valid,valid,zone_A,zone_A,True,0,0.0,0.0,0.0,0,False,True,
011_Et_n_Me_L,S4_stale_gas,194,UCI309_laboratory,simulation,-3.0,1.0,-3.0,1.0,3.0,0.0,2.7498469424815033,G0,P0,valid,valid,zone_A,zone_A,True,0,0.0,0.0,0.0,0,False,True,
011_Et_n_Me_L,S4_stale_gas,195,UCI309_laboratory,simulation,-3.0,1.0,-3.0,1.0,3.0,0.0,2.7498469424815033,G0,P0,valid,valid,zone_A,zone_A,True,0,0.0,0.0,0.0,0,False,True,
011_Et_n_Me_L,S4_stale_gas,196,UCI309_laboratory,simulation,-3.0,1.0,-3.0,1.0,3.0,0.0,2.9184696323506523,G0,P0,valid,valid,zone_A,zone_A,True,0,0.0,0.0,0.0,0,False,True,
011_Et_n_Me_L,S4_stale_gas,197,UCI309_laboratory,simulation,-3.0,1.0,-3.0,1.0,3.0,0.0,2.7498469424815033,G0,P0,valid,valid,zone_A,zone_A,True,0,0.0,0.0,0.0,0,False,True,
011_Et_n_Me_L,S4_stale_gas,198,UCI309_laboratory,simulation,-3.0,1.0,-3.0,1.0,3.0,0.0,2.7498469424815033,G0,P0,valid,valid,zone_A,zone_A,True,0,0.0,0.0,0.0,0,False,True,
011_Et_n_Me_L,S4_stale_gas,199,UCI309_laboratory,simulation,-3.0,1.0,-3.0,1.0,3.0,0.0,2.7498469424815033,G0,P0,valid,valid,zone_A,zone_A,True,0,0.0,0.0,0.0,0,False,True,
011_Et_n_Me_L,S4_stale_gas,200,UCI309_laboratory,simulation,-3.0,1.0,-3.0,1.0,3.0,0.0,2.7498469424815033,G0,P0,valid,valid,zone_A,zone_A,True,0,0.0,0.0,0.0,0,False,True,
011_Et_n_Me_L,S4_stale_gas,201,UCI309_laboratory,simulation,-3.0,1.0,-3.0,1.0,3.0,0.0,2.9184696323506523,G0,P0,valid,valid,zone_A,zone_A,True,0,0.0,0.0,0.0,0,False,True,
011_Et_n_Me_L,S4_stale_gas,202,UCI309_laboratory,simulation,-3.0,1.0,-3.0,1.0,3.0,0.0,2.7498469424815033,G0,P0,valid,valid,zone_A,zone_A,True,0,0.0,0.0,0.0,0,False,True,
011_Et_n_Me_L,S4_stale_gas,203,UCI309_laboratory,simulation,-3.0,1.0,-3.0,1.0,3.0,0.0,3.0870923222198012,G0,P0,valid,valid,zone_A,zone_A,True,0,0.0,0.0,0.0,0,False,True,
011_Et_n_Me_L,S4_stale_gas,204,UCI309_laboratory,simulation,-3.0,1.0,-3.0,1.0,3.0,0.0,2.9184696323506523,G0,P0,valid,valid,zone_A,zone_A,True,0,0.0,0.0,0.0,0,False,True,
011_Et_n_Me_L,S4_stale_gas,205,UCI309_laboratory,simulation,-3.0,1.0,-3.0,1.0,3.0,0.0,2.7498469424815033,G0,P0,valid,valid,zone_A,zone_A,True,0,0.0,0.0,0.0,0,False,True,
011_Et_n_Me_L,S4_stale_gas,206,UCI309_laboratory,simulation,-3.0,1.0,-3.0,1.0,3.0,0.0,2.9184696323506523,G0,P0,valid,valid,zone_A,zone_A,True,0,0.0,0.0,0.0,0,False,True,
011_Et_n_Me_L,S4_stale_gas,207,UCI309_laboratory,simulation,-3.0,1.0,-3.0,1.0,3.0,0.0,2.7498469424815033,G0,P0,valid,valid,zone_A,zone_A,True,0,0.0,0.0,0.0,0,False,True,
011_Et_n_Me_L,S4_stale_gas,208,UCI309_laboratory,simulation,-3.0,1.0,-3.0,1.0,3.0,0.0,3.0870923222198012,G0,P0,valid,valid,zone_A,zone_A,True,0,0.0,0.0,0.0,0,False,True,
011_Et_n_Me_L,S4_stale_gas,209,UCI309_laboratory,simulation,-3.0,1.0,-3.0,1.0,3.0,0.0,2.983324513069556,G0,P0,valid,valid,zone_A,zone_A,True,0,0.0,0.0,0.0,0,False,True,
011_Et_n_Me_L,S4_stale_gas,210,UCI309_laboratory,simulation,-3.0,1.0,-3.0,1.0,3.0,0.0,2.983324513069556,G0,P0,valid,valid,zone_A,zone_A,True,0,0.0,0.0,0.0,0,False,True,
011_Et_n_Me_L,S4_stale_gas,211,UCI309_laboratory,simulation,-3.0,1.0,-3.0,1.0,3.0,0.0,2.814701823200407,G0,P0,valid,valid,zone_A,zone_A,True,0,0.0,0.0,0.0,0,False,True,
011_Et_n_Me_L,S4_stale_gas,212,UCI309_laboratory,simulation,-3.0,1.0,-3.0,1.0,3.0,0.0,2.983324513069556,G0,P0,valid,valid,zone_A,zone_A,True,0,0.0,0.0,0.0,0,False,True,
011_Et_n_Me_L,S4_stale_gas,213,UCI309_laboratory,simulation,-3.0,1.0,-3.0,1.0,3.0,0.0,2.6460791333312583,G0,P0,valid,valid,zone_A,zone_A,True,0,0.0,0.0,0.0,0,False,True,
011_Et_n_Me_L,S4_stale_gas,214,UCI309_laboratory,simulation,-3.0,1.0,-3.0,1.0,3.0,0.0,2.6460791333312583,G0,P0,valid,valid,zone_A,zone_A,True,0,0.0,0.0,0.0,0,False,True,
011_Et_n_Me_L,S4_stale_gas,215,UCI309_laboratory,simulation,-3.0,1.0,-3.0,1.0,3.0,0.0,2.7109340140501614,G0,P0,valid,valid,zone_A,zone_A,True,0,0.0,0.0,0.0,0,False,True,
011_Et_n_Me_L,S4_stale_gas,216,UCI309_laboratory,simulation,-3.0,1.0,-3.0,1.0,3.0,0.0,2.5423113241810125,G0,P0,valid,valid,zone_A,zone_A,True,0,0.0,0.0,0.0,0,False,True,
011_Et_n_Me_L,S4_stale_gas,217,UCI309_laboratory,simulation,-3.0,1.0,-3.0,1.0,3.0,0.0,2.5423113241810125,G0,P0,valid,valid,zone_A,zone_A,True,0,0.0,0.0,0.0,0,False,True,
011_Et_n_Me_L,S4_stale_gas,218,UCI309_laboratory,simulation,-3.0,1.0,-3.0,1.0,3.0,0.0,2.585547911326948,G0,P0,valid,valid,zone_A,zone_A,True,0,0.0,0.0,0.0,0,False,True,
011_Et_n_Me_L,S4_stale_gas,219,UCI309_laboratory,simulation,-3.0,1.0,-3.0,1.0,3.0,0.0,2.585547911326948,G0,P0,valid,valid,zone_A,zone_A,True,0,0.0,0.0,0.0,0,False,True,
011_Et_n_Me_L,S4_stale_gas,220,UCI309_laboratory,simulation,-3.0,1.0,-3.0,1.0,3.0,0.0,2.5423113241810125,G0,P0,valid,valid,zone_A,zone_A,True,0,0.0,0.0,0.0,0,False,True,
011_Et_n_Me_L,S4_stale_gas,221,UCI309_laboratory,simulation,-3.0,1.0,-3.0,1.0,3.0,0.0,2.585547911326948,G0,P0,valid,valid,zone_A,zone_A,True,0,0.0,0.0,0.0,0,False,True,
011_Et_n_Me_L,S4_stale_gas,222,UCI309_laboratory,simulation,-3.0,1.0,-3.0,1.0,3.0,0.0,2.5423113241810125,G0,P0,valid,valid,zone_A,zone_A,True,0,0.0,0.0,0.0,0,False,True,
011_Et_n_Me_L,S4_stale_gas,223,UCI309_laboratory,simulation,-3.0,1.0,-3.0,1.0,3.0,0.0,2.5423113241810125,G0,P0,valid,valid,zone_A,zone_A,True,0,0.0,0.0,0.0,0,False,True,
011_Et_n_Me_L,S4_stale_gas,224,UCI309_laboratory,simulation,-3.0,1.0,-3.0,1.0,3.0,0.0,2.4385435150307675,G0,P0,valid,valid,zone_A,zone_A,True,0,0.0,0.0,0.0,0,False,True,
011_Et_n_Me_L,S4_stale_gas,225,UCI309_laboratory,simulation,-3.0,1.0,-3.0,1.0,3.0,0.0,2.585547911326948,G0,P0,valid,valid,zone_A,zone_A,True,0,0.0,0.0,0.0,0,False,True,
011_Et_n_Me_L,S4_stale_gas,226,UCI309_laboratory,simulation,-3.0,1.0,-3.0,1.0,3.0,0.0,2.5423113241810125,G0,P0,valid,valid,zone_A,zone_A,True,0,0.0,0.0,0.0,0,False,True,
011_Et_n_Me_L,S4_stale_gas,227,UCI309_laboratory,simulation,-3.0,1.0,-3.0,1.0,3.0,0.0,2.5423113241810125,G0,P0,valid,valid,zone_A,zone_A,True,0,0.0,0.0,0.0,0,False,True,
011_Et_n_Me_L,S4_stale_gas,228,UCI309_laboratory,simulation,-3.0,1.0,-3.0,1.0,3.0,0.0,2.49042741960589,G0,P0,valid,valid,zone_A,zone_A,True,0,0.0,0.0,0.0,0,False,True,
011_Et_n_Me_L,S4_stale_gas,229,UCI309_laboratory,simulation,-3.0,1.0,-3.0,1.0,3.0,0.0,2.4385435150307675,G0,P0,valid,valid,zone_A,zone_A,True,0,0.0,0.0,0.0,0,False,True,
011_Et_n_Me_L,S4_stale_gas,230,UCI309_laboratory,simulation,-3.0,1.0,-3.0,1.0,3.0,0.0,2.4385435150307675,G0,P0,valid,valid,zone_A,zone_A,True,0,0.0,0.0,0.0,0,False,True,
011_Et_n_Me_L,S4_stale_gas,231,UCI309_laboratory,simulation,-3.0,1.0,-3.0,1.0,3.0,0.0,2.4385435150307675,G0,P0,valid,valid,zone_A,zone_A,True,0,0.0,0.0,0.0,0,False,True,
011_Et_n_Me_L,S4_stale_gas,232,UCI309_laboratory,simulation,-3.0,1.0,-3.0,1.0,3.0,0.0,2.4385435150307675,G0,P0,valid,valid,zone_A,zone_A,True,0,0.0,0.0,0.0,0,False,True,
011_Et_n_Me_L,S4_stale_gas,233,UCI309_laboratory,simulation,-3.0,1.0,-3.0,1.0,3.0,0.0,2.6417554746166645,G0,P0,valid,valid,zone_A,zone_A,True,0,0.0,0.0,0.0,0,False,True,
011_Et_n_Me_L,S4_stale_gas,234,UCI309_laboratory,simulation,-3.0,1.0,-3.0,1.0,3.0,0.0,2.4731327847475155,G0,P0,valid,valid,zone_A,zone_A,True,0,0.0,0.0,0.0,0,False,True,
011_Et_n_Me_L,S4_stale_gas,235,UCI309_laboratory,simulation,-3.0,1.0,-3.0,1.0,3.0,0.0,2.585547911326948,G0,P0,valid,valid,zone_A,zone_A,True,0,0.0,0.0,0.0,0,False,True,
011_Et_n_Me_L,S4_stale_gas,236,UCI309_laboratory,simulation,-3.0,1.0,-3.0,1.0,3.0,0.0,2.8103781644858135,G0,P0,valid,valid,zone_A,zone_A,True,0,0.0,0.0,0.0,0,False,True,
011_Et_n_Me_L,S4_stale_gas,237,UCI309_laboratory,simulation,-3.0,1.0,-3.0,1.0,3.0,0.0,2.585547911326948,G0,P0,valid,valid,zone_A,zone_A,True,0,0.0,0.0,0.0,0,False,True,
011_Et_n_Me_L,S4_stale_gas,238,UCI309_laboratory,simulation,-3.0,1.0,-3.0,1.0,3.0,0.0,2.922793291065246,G0,P0,valid,valid,zone_A,zone_A,True,0,0.0,0.0,0.0,0,False,True,
011_Et_n_Me_L,S4_stale_gas,239,UCI309_laboratory,simulation,-3.0,1.0,-3.0,1.0,3.0,0.0,2.922793291065246,G0,P0,valid,valid,zone_A,zone_A,True,0,0.0,0.0,0.0,0,False,True,
011_Et_n_Me_L,S4_stale_gas,240,UCI309_laboratory,simulation,-3.0,1.0,-3.0,1.0,3.0,0.0,2.922793291065246,G0,P0,valid,valid,zone_A,zone_A,True,0,0.0,0.0,0.0,0,False,True,
