trial,scenario,duration_s,buffer_m,position_error_bound_m,steps,g2_seconds,p2_seconds,joint_l3_seconds,first_joint_l3_s,pre_release_joint_l3_seconds,unknown_seconds,paired_seconds,zone_mismatch_seconds,boundary_uncertain_seconds,gas_invalid_seconds,person_invalid_seconds,person_p2_gas_missing_lower_bound_fail,gas_g2_person_missing_lower_bound_fail
002_Et_H_CO_H,S2_possible_overlap,1,0.5,0.0,215,163,35,43,88.0,0,0,215,0,0,0,0,0,0
002_Et_H_CO_H,S2_possible_overlap,1,0.5,0.2,215,163,32,35,89.0,0,11,204,0,11,0,11,0,0
002_Et_H_CO_H,S2_possible_overlap,1,0.5,0.5,215,163,15,15,95.0,0,32,183,0,32,0,32,0,0
002_Et_H_CO_H,S2_possible_overlap,1,1.0,0.0,215,163,35,49,85.0,0,0,215,0,0,0,0,0,0
002_Et_H_CO_H,S2_possible_overlap,1,1.0,0.2,215,163,32,40,86.0,0,10,205,0,10,0,10,0,0
002_Et_H_CO_H,S2_possible_overlap,1,1.0,0.5,215,163,15,15,95.0,0,41,174,0,41,0,41,0,0
002_Et_H_CO_H,S2_possible_overlap,1,2.0,0.0,215,163,35,62,78.0,0,0,215,0,0,0,0,0,0
002_Et_H_CO_H,S2_possible_overlap,1,2.0,0.2,215,163,32,52,79.0,0,15,200,0,15,0,15,0,0
002_Et_H_CO_H,S2_possible_overlap,1,2.0,0.5,215,163,15,26,80.0,0,45,170,0,45,0,45,0,0
002_Et_H_CO_H,S2_possible_overlap,3,0.5,0.0,215,161,35,43,88.0,0,0,215,0,0,0,0,0,0
002_Et_H_CO_H,S2_possible_overlap,3,0.5,0.2,215,161,32,35,89.0,0,11,204,0,11,0,11,0,0
002_Et_H_CO_H,S2_possible_overlap,3,0.5,0.5,215,161,15,15,95.0,0,32,183,0,32,0,32,0,0
002_Et_H_CO_H,S2_possible_overlap,3,1.0,0.0,215,161,35,49,85.0,0,0,215,0,0,0,0,0,0
002_Et_H_CO_H,S2_possible_overlap,3,1.0,0.2,215,161,32,40,86.0,0,10,205,0,10,0,10,0,0
002_Et_H_CO_H,S2_possible_overlap,3,1.0,0.5,215,161,15,15,95.0,0,41,174,0,41,0,41,0,0
002_Et_H_CO_H,S2_possible_overlap,3,2.0,0.0,215,161,35,60,80.0,0,0,215,0,0,0,0,0,0
002_Et_H_CO_H,S2_possible_overlap,3,2.0,0.2,215,161,32,51,80.0,0,15,200,0,15,0,15,0,0
002_Et_H_CO_H,S2_possible_overlap,3,2.0,0.5,215,161,15,26,80.0,0,45,170,0,45,0,45,0,0
002_Et_H_CO_H,S2_possible_overlap,5,0.5,0.0,215,159,35,43,88.0,0,0,215,0,0,0,0,0,0
002_Et_H_CO_H,S2_possible_overlap,5,0.5,0.2,215,159,32,35,89.0,0,11,204,0,11,0,11,0,0
002_Et_H_CO_H,S2_possible_overlap,5,0.5,0.5,215,159,15,15,95.0,0,32,183,0,32,0,32,0,0
002_Et_H_CO_H,S2_possible_overlap,5,1.0,0.0,215,159,35,49,85.0,0,0,215,0,0,0,0,0,0
002_Et_H_CO_H,S2_possible_overlap,5,1.0,0.2,215,159,32,40,86.0,0,10,205,0,10,0,10,0,0
002_Et_H_CO_H,S2_possible_overlap,5,1.0,0.5,215,159,15,15,95.0,0,41,174,0,41,0,41,0,0
002_Et_H_CO_H,S2_possible_overlap,5,2.0,0.0,215,159,35,58,82.0,0,0,215,0,0,0,0,0,0
002_Et_H_CO_H,S2_possible_overlap,5,2.0,0.2,215,159,32,49,82.0,0,15,200,0,15,0,15,0,0
002_Et_H_CO_H,S2_possible_overlap,5,2.0,0.5,215,159,15,24,82.0,0,45,170,0,45,0,45,0,0
007_Et_L_Me_L,S2_possible_overlap,1,0.5,0.0,215,158,35,43,88.0,0,0,215,0,0,0,0,0,0
007_Et_L_Me_L,S2_possible_overlap,1,0.5,0.2,215,158,32,35,89.0,0,11,204,0,11,0,11,0,0
007_Et_L_Me_L,S2_possible_overlap,1,0.5,0.5,215,158,15,15,95.0,0,32,183,0,32,0,32,0,0
007_Et_L_Me_L,S2_possible_overlap,1,1.0,0.0,215,158,35,49,85.0,0,0,215,0,0,0,0,0,0
007_Et_L_Me_L,S2_possible_overlap,1,1.0,0.2,215,158,32,40,86.0,0,10,205,0,10,0,10,0,0
007_Et_L_Me_L,S2_possible_overlap,1,1.0,0.5,215,158,15,15,95.0,0,41,174,0,41,0,41,0,0
007_Et_L_Me_L,S2_possible_overlap,1,2.0,0.0,215,158,35,57,83.0,0,0,215,0,0,0,0,0,0
007_Et_L_Me_L,S2_possible_overlap,1,2.0,0.2,215,158,32,48,83.0,0,15,200,0,15,0,15,0,0
007_Et_L_Me_L,S2_possible_overlap,1,2.0,0.5,215,158,15,23,83.0,0,45,170,0,45,0,45,0,0
007_Et_L_Me_L,S2_possible_overlap,3,0.5,0.0,215,156,35,43,88.0,0,0,215,0,0,0,0,0,0
007_Et_L_Me_L,S2_possible_overlap,3,0.5,0.2,215,156,32,35,89.0,0,11,204,0,11,0,11,0,0
007_Et_L_Me_L,S2_possible_overlap,3,0.5,0.5,215,156,15,15,95.0,0,32,183,0,32,0,32,0,0
007_Et_L_Me_L,S2_possible_overlap,3,1.0,0.0,215,156,35,49,85.0,0,0,215,0,0,0,0,0,0
007_Et_L_Me_L,S2_possible_overlap,3,1.0,0.2,215,156,32,40,86.0,0,10,205,0,10,0,10,0,0
007_Et_L_Me_L,S2_possible_overlap,3,1.0,0.5,215,156,15,15,95.0,0,41,174,0,41,0,41,0,0
007_Et_L_Me_L,S2_possible_overlap,3,2.0,0.0,215,156,35,55,85.0,0,0,215,0,0,0,0,0,0
007_Et_L_Me_L,S2_possible_overlap,3,2.0,0.2,215,156,32,46,85.0,0,15,200,0,15,0,15,0,0
007_Et_L_Me_L,S2_possible_overlap,3,2.0,0.5,215,156,15,22,85.0,0,45,170,0,45,0,45,0,0
007_Et_L_Me_L,S2_possible_overlap,5,0.5,0.0,215,154,35,43,88.0,0,0,215,0,0,0,0,0,0
007_Et_L_Me_L,S2_possible_overlap,5,0.5,0.2,215,154,32,35,89.0,0,11,204,0,11,0,11,0,0
007_Et_L_Me_L,S2_possible_overlap,5,0.5,0.5,215,154,15,15,95.0,0,32,183,0,32,0,32,0,0
007_Et_L_Me_L,S2_possible_overlap,5,1.0,0.0,215,154,35,47,87.0,0,0,215,0,0,0,0,0,0
007_Et_L_Me_L,S2_possible_overlap,5,1.0,0.2,215,154,32,39,87.0,0,10,205,0,10,0,10,0,0
007_Et_L_Me_L,S2_possible_overlap,5,1.0,0.5,215,154,15,15,95.0,0,41,174,0,41,0,41,0,0
007_Et_L_Me_L,S2_possible_overlap,5,2.0,0.0,215,154,35,53,87.0,0,0,215,0,0,0,0,0,0
007_Et_L_Me_L,S2_possible_overlap,5,2.0,0.2,215,154,32,44,87.0,0,15,200,0,15,0,15,0,0
007_Et_L_Me_L,S2_possible_overlap,5,2.0,0.5,215,154,15,21,87.0,0,45,170,0,45,0,45,0,0
008_Et_H_CO_L,S2_possible_overlap,1,0.5,0.0,215,161,35,43,88.0,0,0,215,0,0,0,0,0,0
008_Et_H_CO_L,S2_possible_overlap,1,0.5,0.2,215,161,32,35,89.0,0,11,204,0,11,0,11,0,0
008_Et_H_CO_L,S2_possible_overlap,1,0.5,0.5,215,161,15,15,95.0,0,32,183,0,32,0,32,0,0
008_Et_H_CO_L,S2_possible_overlap,1,1.0,0.0,215,161,35,49,85.0,0,0,215,0,0,0,0,0,0
008_Et_H_CO_L,S2_possible_overlap,1,1.0,0.2,215,161,32,40,86.0,0,10,205,0,10,0,10,0,0
008_Et_H_CO_L,S2_possible_overlap,1,1.0,0.5,215,161,15,15,95.0,0,41,174,0,41,0,41,0,0
008_Et_H_CO_L,S2_possible_overlap,1,2.0,0.0,215,161,35,60,80.0,0,0,215,0,0,0,0,0,0
008_Et_H_CO_L,S2_possible_overlap,1,2.0,0.2,215,161,32,51,80.0,0,15,200,0,15,0,15,0,0
008_Et_H_CO_L,S2_possible_overlap,1,2.0,0.5,215,161,15,26,80.0,0,45,170,0,45,0,45,0,0
008_Et_H_CO_L,S2_possible_overlap,3,0.5,0.0,215,159,35,43,88.0,0,0,215,0,0,0,0,0,0
008_Et_H_CO_L,S2_possible_overlap,3,0.5,0.2,215,159,32,35,89.0,0,11,204,0,11,0,11,0,0
008_Et_H_CO_L,S2_possible_overlap,3,0.5,0.5,215,159,15,15,95.0,0,32,183,0,32,0,32,0,0
008_Et_H_CO_L,S2_possible_overlap,3,1.0,0.0,215,159,35,49,85.0,0,0,215,0,0,0,0,0,0
008_Et_H_CO_L,S2_possible_overlap,3,1.0,0.2,215,159,32,40,86.0,0,10,205,0,10,0,10,0,0
008_Et_H_CO_L,S2_possible_overlap,3,1.0,0.5,215,159,15,15,95.0,0,41,174,0,41,0,41,0,0
008_Et_H_CO_L,S2_possible_overlap,3,2.0,0.0,215,159,35,58,82.0,0,0,215,0,0,0,0,0,0
008_Et_H_CO_L,S2_possible_overlap,3,2.0,0.2,215,159,32,49,82.0,0,15,200,0,15,0,15,0,0
008_Et_H_CO_L,S2_possible_overlap,3,2.0,0.5,215,159,15,24,82.0,0,45,170,0,45,0,45,0,0
008_Et_H_CO_L,S2_possible_overlap,5,0.5,0.0,215,157,35,43,88.0,0,0,215,0,0,0,0,0,0
008_Et_H_CO_L,S2_possible_overlap,5,0.5,0.2,215,157,32,35,89.0,0,11,204,0,11,0,11,0,0
008_Et_H_CO_L,S2_possible_overlap,5,0.5,0.5,215,157,15,15,95.0,0,32,183,0,32,0,32,0,0
008_Et_H_CO_L,S2_possible_overlap,5,1.0,0.0,215,157,35,49,85.0,0,0,215,0,0,0,0,0,0
008_Et_H_CO_L,S2_possible_overlap,5,1.0,0.2,215,157,32,40,86.0,0,10,205,0,10,0,10,0,0
008_Et_H_CO_L,S2_possible_overlap,5,1.0,0.5,215,157,15,15,95.0,0,41,174,0,41,0,41,0,0
008_Et_H_CO_L,S2_possible_overlap,5,2.0,0.0,215,157,35,56,84.0,0,0,215,0,0,0,0,0,0
008_Et_H_CO_L,S2_possible_overlap,5,2.0,0.2,215,157,32,47,84.0,0,15,200,0,15,0,15,0,0
008_Et_H_CO_L,S2_possible_overlap,5,2.0,0.5,215,157,15,22,85.0,0,45,170,0,45,0,45,0,0
009_Et_M_Me_L,S2_possible_overlap,1,0.5,0.0,215,162,35,43,88.0,0,0,215,0,0,0,0,0,0
009_Et_M_Me_L,S2_possible_overlap,1,0.5,0.2,215,162,32,35,89.0,0,11,204,0,11,0,11,0,0
009_Et_M_Me_L,S2_possible_overlap,1,0.5,0.5,215,162,15,15,95.0,0,32,183,0,32,0,32,0,0
009_Et_M_Me_L,S2_possible_overlap,1,1.0,0.0,215,162,35,49,85.0,0,0,215,0,0,0,0,0,0
009_Et_M_Me_L,S2_possible_overlap,1,1.0,0.2,215,162,32,40,86.0,0,10,205,0,10,0,10,0,0
009_Et_M_Me_L,S2_possible_overlap,1,1.0,0.5,215,162,15,15,95.0,0,41,174,0,41,0,41,0,0
009_Et_M_Me_L,S2_possible_overlap,1,2.0,0.0,215,162,35,61,79.0,0,0,215,0,0,0,0,0,0
009_Et_M_Me_L,S2_possible_overlap,1,2.0,0.2,215,162,32,52,79.0,0,15,200,0,15,0,15,0,0
009_Et_M_Me_L,S2_possible_overlap,1,2.0,0.5,215,162,15,26,80.0,0,45,170,0,45,0,45,0,0
009_Et_M_Me_L,S2_possible_overlap,3,0.5,0.0,215,160,35,43,88.0,0,0,215,0,0,0,0,0,0
009_Et_M_Me_L,S2_possible_overlap,3,0.5,0.2,215,160,32,35,89.0,0,11,204,0,11,0,11,0,0
009_Et_M_Me_L,S2_possible_overlap,3,0.5,0.5,215,160,15,15,95.0,0,32,183,0,32,0,32,0,0
009_Et_M_Me_L,S2_possible_overlap,3,1.0,0.0,215,160,35,49,85.0,0,0,215,0,0,0,0,0,0
009_Et_M_Me_L,S2_possible_overlap,3,1.0,0.2,215,160,32,40,86.0,0,10,205,0,10,0,10,0,0
009_Et_M_Me_L,S2_possible_overlap,3,1.0,0.5,215,160,15,15,95.0,0,41,174,0,41,0,41,0,0
009_Et_M_Me_L,S2_possible_overlap,3,2.0,0.0,215,160,35,59,81.0,0,0,215,0,0,0,0,0,0
009_Et_M_Me_L,S2_possible_overlap,3,2.0,0.2,215,160,32,50,81.0,0,15,200,0,15,0,15,0,0
009_Et_M_Me_L,S2_possible_overlap,3,2.0,0.5,215,160,15,25,81.0,0,45,170,0,45,0,45,0,0
009_Et_M_Me_L,S2_possible_overlap,5,0.5,0.0,215,158,35,43,88.0,0,0,215,0,0,0,0,0,0
009_Et_M_Me_L,S2_possible_overlap,5,0.5,0.2,215,158,32,35,89.0,0,11,204,0,11,0,11,0,0
009_Et_M_Me_L,S2_possible_overlap,5,0.5,0.5,215,158,15,15,95.0,0,32,183,0,32,0,32,0,0
009_Et_M_Me_L,S2_possible_overlap,5,1.0,0.0,215,158,35,49,85.0,0,0,215,0,0,0,0,0,0
009_Et_M_Me_L,S2_possible_overlap,5,1.0,0.2,215,158,32,40,86.0,0,10,205,0,10,0,10,0,0
009_Et_M_Me_L,S2_possible_overlap,5,1.0,0.5,215,158,15,15,95.0,0,41,174,0,41,0,41,0,0
009_Et_M_Me_L,S2_possible_overlap,5,2.0,0.0,215,158,35,57,83.0,0,0,215,0,0,0,0,0,0
009_Et_M_Me_L,S2_possible_overlap,5,2.0,0.2,215,158,32,48,83.0,0,15,200,0,15,0,15,0,0
009_Et_M_Me_L,S2_possible_overlap,5,2.0,0.5,215,158,15,23,83.0,0,45,170,0,45,0,45,0,0
011_Et_n_Me_L,S2_possible_overlap,1,0.5,0.0,215,0,35,0,,0,0,215,0,0,0,0,0,0
011_Et_n_Me_L,S2_possible_overlap,1,0.5,0.2,215,0,32,0,,0,11,204,0,11,0,11,0,0
011_Et_n_Me_L,S2_possible_overlap,1,0.5,0.5,215,0,15,0,,0,32,183,0,32,0,32,0,0
011_Et_n_Me_L,S2_possible_overlap,1,1.0,0.0,215,0,35,0,,0,0,215,0,0,0,0,0,0
011_Et_n_Me_L,S2_possible_overlap,1,1.0,0.2,215,0,32,0,,0,10,205,0,10,0,10,0,0
011_Et_n_Me_L,S2_possible_overlap,1,1.0,0.5,215,0,15,0,,0,41,174,0,41,0,41,0,0
011_Et_n_Me_L,S2_possible_overlap,1,2.0,0.0,215,0,35,0,,0,0,215,0,0,0,0,0,0
011_Et_n_Me_L,S2_possible_overlap,1,2.0,0.2,215,0,32,0,,0,15,200,0,15,0,15,0,0
011_Et_n_Me_L,S2_possible_overlap,1,2.0,0.5,215,0,15,0,,0,45,170,0,45,0,45,0,0
011_Et_n_Me_L,S2_possible_overlap,3,0.5,0.0,215,0,35,0,,0,0,215,0,0,0,0,0,0
011_Et_n_Me_L,S2_possible_overlap,3,0.5,0.2,215,0,32,0,,0,11,204,0,11,0,11,0,0
011_Et_n_Me_L,S2_possible_overlap,3,0.5,0.5,215,0,15,0,,0,32,183,0,32,0,32,0,0
011_Et_n_Me_L,S2_possible_overlap,3,1.0,0.0,215,0,35,0,,0,0,215,0,0,0,0,0,0
011_Et_n_Me_L,S2_possible_overlap,3,1.0,0.2,215,0,32,0,,0,10,205,0,10,0,10,0,0
011_Et_n_Me_L,S2_possible_overlap,3,1.0,0.5,215,0,15,0,,0,41,174,0,41,0,41,0,0
011_Et_n_Me_L,S2_possible_overlap,3,2.0,0.0,215,0,35,0,,0,0,215,0,0,0,0,0,0
011_Et_n_Me_L,S2_possible_overlap,3,2.0,0.2,215,0,32,0,,0,15,200,0,15,0,15,0,0
011_Et_n_Me_L,S2_possible_overlap,3,2.0,0.5,215,0,15,0,,0,45,170,0,45,0,45,0,0
011_Et_n_Me_L,S2_possible_overlap,5,0.5,0.0,215,0,35,0,,0,0,215,0,0,0,0,0,0
011_Et_n_Me_L,S2_possible_overlap,5,0.5,0.2,215,0,32,0,,0,11,204,0,11,0,11,0,0
011_Et_n_Me_L,S2_possible_overlap,5,0.5,0.5,215,0,15,0,,0,32,183,0,32,0,32,0,0
011_Et_n_Me_L,S2_possible_overlap,5,1.0,0.0,215,0,35,0,,0,0,215,0,0,0,0,0,0
011_Et_n_Me_L,S2_possible_overlap,5,1.0,0.2,215,0,32,0,,0,10,205,0,10,0,10,0,0
011_Et_n_Me_L,S2_possible_overlap,5,1.0,0.5,215,0,15,0,,0,41,174,0,41,0,41,0,0
011_Et_n_Me_L,S2_possible_overlap,5,2.0,0.0,215,0,35,0,,0,0,215,0,0,0,0,0,0
011_Et_n_Me_L,S2_possible_overlap,5,2.0,0.2,215,0,32,0,,0,15,200,0,15,0,15,0,0
011_Et_n_Me_L,S2_possible_overlap,5,2.0,0.5,215,0,15,0,,0,45,170,0,45,0,45,0,0
012_Et_n_CO_H,S2_possible_overlap,1,0.5,0.0,215,162,35,43,88.0,0,0,215,0,0,0,0,0,0
012_Et_n_CO_H,S2_possible_overlap,1,0.5,0.2,215,162,32,35,89.0,0,11,204,0,11,0,11,0,0
012_Et_n_CO_H,S2_possible_overlap,1,0.5,0.5,215,162,15,15,95.0,0,32,183,0,32,0,32,0,0
012_Et_n_CO_H,S2_possible_overlap,1,1.0,0.0,215,162,35,49,85.0,0,0,215,0,0,0,0,0,0
012_Et_n_CO_H,S2_possible_overlap,1,1.0,0.2,215,162,32,40,86.0,0,10,205,0,10,0,10,0,0
012_Et_n_CO_H,S2_possible_overlap,1,1.0,0.5,215,162,15,15,95.0,0,41,174,0,41,0,41,0,0
012_Et_n_CO_H,S2_possible_overlap,1,2.0,0.0,215,162,35,61,79.0,0,0,215,0,0,0,0,0,0
012_Et_n_CO_H,S2_possible_overlap,1,2.0,0.2,215,162,32,52,79.0,0,15,200,0,15,0,15,0,0
012_Et_n_CO_H,S2_possible_overlap,1,2.0,0.5,215,162,15,26,80.0,0,45,170,0,45,0,45,0,0
012_Et_n_CO_H,S2_possible_overlap,3,0.5,0.0,215,160,35,43,88.0,0,0,215,0,0,0,0,0,0
012_Et_n_CO_H,S2_possible_overlap,3,0.5,0.2,215,160,32,35,89.0,0,11,204,0,11,0,11,0,0
012_Et_n_CO_H,S2_possible_overlap,3,0.5,0.5,215,160,15,15,95.0,0,32,183,0,32,0,32,0,0
012_Et_n_CO_H,S2_possible_overlap,3,1.0,0.0,215,160,35,49,85.0,0,0,215,0,0,0,0,0,0
012_Et_n_CO_H,S2_possible_overlap,3,1.0,0.2,215,160,32,40,86.0,0,10,205,0,10,0,10,0,0
012_Et_n_CO_H,S2_possible_overlap,3,1.0,0.5,215,160,15,15,95.0,0,41,174,0,41,0,41,0,0
012_Et_n_CO_H,S2_possible_overlap,3,2.0,0.0,215,160,35,59,81.0,0,0,215,0,0,0,0,0,0
012_Et_n_CO_H,S2_possible_overlap,3,2.0,0.2,215,160,32,50,81.0,0,15,200,0,15,0,15,0,0
012_Et_n_CO_H,S2_possible_overlap,3,2.0,0.5,215,160,15,25,81.0,0,45,170,0,45,0,45,0,0
012_Et_n_CO_H,S2_possible_overlap,5,0.5,0.0,215,158,35,43,88.0,0,0,215,0,0,0,0,0,0
012_Et_n_CO_H,S2_possible_overlap,5,0.5,0.2,215,158,32,35,89.0,0,11,204,0,11,0,11,0,0
012_Et_n_CO_H,S2_possible_overlap,5,0.5,0.5,215,158,15,15,95.0,0,32,183,0,32,0,32,0,0
012_Et_n_CO_H,S2_possible_overlap,5,1.0,0.0,215,158,35,49,85.0,0,0,215,0,0,0,0,0,0
012_Et_n_CO_H,S2_possible_overlap,5,1.0,0.2,215,158,32,40,86.0,0,10,205,0,10,0,10,0,0
012_Et_n_CO_H,S2_possible_overlap,5,1.0,0.5,215,158,15,15,95.0,0,41,174,0,41,0,41,0,0
012_Et_n_CO_H,S2_possible_overlap,5,2.0,0.0,215,158,35,57,83.0,0,0,215,0,0,0,0,0,0
012_Et_n_CO_H,S2_possible_overlap,5,2.0,0.2,215,158,32,48,83.0,0,15,200,0,15,0,15,0,0
012_Et_n_CO_H,S2_possible_overlap,5,2.0,0.5,215,158,15,23,83.0,0,45,170,0,45,0,45,0,0
014_Et_L_CO_n,S2_possible_overlap,1,0.5,0.0,215,152,35,42,89.0,0,0,215,0,0,0,0,0,0
014_Et_L_CO_n,S2_possible_overlap,1,0.5,0.2,215,152,32,35,89.0,0,11,204,0,11,0,11,0,0
014_Et_L_CO_n,S2_possible_overlap,1,0.5,0.5,215,152,15,15,95.0,0,32,183,0,32,0,32,0,0
014_Et_L_CO_n,S2_possible_overlap,1,1.0,0.0,215,152,35,45,89.0,0,0,215,0,0,0,0,0,0
014_Et_L_CO_n,S2_possible_overlap,1,1.0,0.2,215,152,32,37,89.0,0,10,205,0,10,0,10,0,0
014_Et_L_CO_n,S2_possible_overlap,1,1.0,0.5,215,152,15,15,95.0,0,41,174,0,41,0,41,0,0
014_Et_L_CO_n,S2_possible_overlap,1,2.0,0.0,215,152,35,51,89.0,0,0,215,0,0,0,0,0,0
014_Et_L_CO_n,S2_possible_overlap,1,2.0,0.2,215,152,32,42,89.0,0,15,200,0,15,0,15,0,0
014_Et_L_CO_n,S2_possible_overlap,1,2.0,0.5,215,152,15,20,95.0,0,45,170,0,45,0,45,0,0
014_Et_L_CO_n,S2_possible_overlap,3,0.5,0.0,215,150,35,40,91.0,0,0,215,0,0,0,0,0,0
014_Et_L_CO_n,S2_possible_overlap,3,0.5,0.2,215,150,32,34,91.0,0,11,204,0,11,0,11,0,0
014_Et_L_CO_n,S2_possible_overlap,3,0.5,0.5,215,150,15,15,95.0,0,32,183,0,32,0,32,0,0
014_Et_L_CO_n,S2_possible_overlap,3,1.0,0.0,215,150,35,43,91.0,0,0,215,0,0,0,0,0,0
014_Et_L_CO_n,S2_possible_overlap,3,1.0,0.2,215,150,32,36,91.0,0,10,205,0,10,0,10,0,0
014_Et_L_CO_n,S2_possible_overlap,3,1.0,0.5,215,150,15,15,95.0,0,41,174,0,41,0,41,0,0
014_Et_L_CO_n,S2_possible_overlap,3,2.0,0.0,215,150,35,49,91.0,0,0,215,0,0,0,0,0,0
014_Et_L_CO_n,S2_possible_overlap,3,2.0,0.2,215,150,32,41,91.0,0,15,200,0,15,0,15,0,0
014_Et_L_CO_n,S2_possible_overlap,3,2.0,0.5,215,150,15,20,95.0,0,45,170,0,45,0,45,0,0
014_Et_L_CO_n,S2_possible_overlap,5,0.5,0.0,215,148,35,38,93.0,0,0,215,0,0,0,0,0,0
014_Et_L_CO_n,S2_possible_overlap,5,0.5,0.2,215,148,32,33,95.0,0,11,204,0,11,0,11,0,0
014_Et_L_CO_n,S2_possible_overlap,5,0.5,0.5,215,148,15,15,95.0,0,32,183,0,32,0,32,0,0
014_Et_L_CO_n,S2_possible_overlap,5,1.0,0.0,215,148,35,41,93.0,0,0,215,0,0,0,0,0,0
014_Et_L_CO_n,S2_possible_overlap,5,1.0,0.2,215,148,32,35,95.0,0,10,205,0,10,0,10,0,0
014_Et_L_CO_n,S2_possible_overlap,5,1.0,0.5,215,148,15,15,95.0,0,41,174,0,41,0,41,0,0
014_Et_L_CO_n,S2_possible_overlap,5,2.0,0.0,215,148,35,47,93.0,0,0,215,0,0,0,0,0,0
014_Et_L_CO_n,S2_possible_overlap,5,2.0,0.2,215,148,32,40,95.0,0,15,200,0,15,0,15,0,0
014_Et_L_CO_n,S2_possible_overlap,5,2.0,0.5,215,148,15,20,95.0,0,45,170,0,45,0,45,0,0
019_Et_M_Me_H,S2_possible_overlap,1,0.5,0.0,215,159,35,43,88.0,0,0,215,0,0,0,0,0,0
019_Et_M_Me_H,S2_possible_overlap,1,0.5,0.2,215,159,32,35,89.0,0,11,204,0,11,0,11,0,0
019_Et_M_Me_H,S2_possible_overlap,1,0.5,0.5,215,159,15,15,95.0,0,32,183,0,32,0,32,0,0
019_Et_M_Me_H,S2_possible_overlap,1,1.0,0.0,215,159,35,49,85.0,0,0,215,0,0,0,0,0,0
019_Et_M_Me_H,S2_possible_overlap,1,1.0,0.2,215,159,32,40,86.0,0,10,205,0,10,0,10,0,0
019_Et_M_Me_H,S2_possible_overlap,1,1.0,0.5,215,159,15,15,95.0,0,41,174,0,41,0,41,0,0
019_Et_M_Me_H,S2_possible_overlap,1,2.0,0.0,215,159,35,58,82.0,0,0,215,0,0,0,0,0,0
019_Et_M_Me_H,S2_possible_overlap,1,2.0,0.2,215,159,32,49,82.0,0,15,200,0,15,0,15,0,0
019_Et_M_Me_H,S2_possible_overlap,1,2.0,0.5,215,159,15,24,82.0,0,45,170,0,45,0,45,0,0
019_Et_M_Me_H,S2_possible_overlap,3,0.5,0.0,215,157,35,43,88.0,0,0,215,0,0,0,0,0,0
019_Et_M_Me_H,S2_possible_overlap,3,0.5,0.2,215,157,32,35,89.0,0,11,204,0,11,0,11,0,0
019_Et_M_Me_H,S2_possible_overlap,3,0.5,0.5,215,157,15,15,95.0,0,32,183,0,32,0,32,0,0
019_Et_M_Me_H,S2_possible_overlap,3,1.0,0.0,215,157,35,49,85.0,0,0,215,0,0,0,0,0,0
019_Et_M_Me_H,S2_possible_overlap,3,1.0,0.2,215,157,32,40,86.0,0,10,205,0,10,0,10,0,0
019_Et_M_Me_H,S2_possible_overlap,3,1.0,0.5,215,157,15,15,95.0,0,41,174,0,41,0,41,0,0
019_Et_M_Me_H,S2_possible_overlap,3,2.0,0.0,215,157,35,56,84.0,0,0,215,0,0,0,0,0,0
019_Et_M_Me_H,S2_possible_overlap,3,2.0,0.2,215,157,32,47,84.0,0,15,200,0,15,0,15,0,0
019_Et_M_Me_H,S2_possible_overlap,3,2.0,0.5,215,157,15,22,85.0,0,45,170,0,45,0,45,0,0
019_Et_M_Me_H,S2_possible_overlap,5,0.5,0.0,215,155,35,43,88.0,0,0,215,0,0,0,0,0,0
019_Et_M_Me_H,S2_possible_overlap,5,0.5,0.2,215,155,32,35,89.0,0,11,204,0,11,0,11,0,0
019_Et_M_Me_H,S2_possible_overlap,5,0.5,0.5,215,155,15,15,95.0,0,32,183,0,32,0,32,0,0
019_Et_M_Me_H,S2_possible_overlap,5,1.0,0.0,215,155,35,48,86.0,0,0,215,0,0,0,0,0,0
019_Et_M_Me_H,S2_possible_overlap,5,1.0,0.2,215,155,32,40,86.0,0,10,205,0,10,0,10,0,0
019_Et_M_Me_H,S2_possible_overlap,5,1.0,0.5,215,155,15,15,95.0,0,41,174,0,41,0,41,0,0
019_Et_M_Me_H,S2_possible_overlap,5,2.0,0.0,215,155,35,54,86.0,0,0,215,0,0,0,0,0,0
019_Et_M_Me_H,S2_possible_overlap,5,2.0,0.2,215,155,32,45,86.0,0,15,200,0,15,0,15,0,0
019_Et_M_Me_H,S2_possible_overlap,5,2.0,0.5,215,155,15,21,87.0,0,45,170,0,45,0,45,0,0
022_Et_M_CO_L,S2_possible_overlap,1,0.5,0.0,215,161,35,43,88.0,0,0,215,0,0,0,0,0,0
022_Et_M_CO_L,S2_possible_overlap,1,0.5,0.2,215,161,32,35,89.0,0,11,204,0,11,0,11,0,0
022_Et_M_CO_L,S2_possible_overlap,1,0.5,0.5,215,161,15,15,95.0,0,32,183,0,32,0,32,0,0
022_Et_M_CO_L,S2_possible_overlap,1,1.0,0.0,215,161,35,49,85.0,0,0,215,0,0,0,0,0,0
022_Et_M_CO_L,S2_possible_overlap,1,1.0,0.2,215,161,32,40,86.0,0,10,205,0,10,0,10,0,0
022_Et_M_CO_L,S2_possible_overlap,1,1.0,0.5,215,161,15,15,95.0,0,41,174,0,41,0,41,0,0
022_Et_M_CO_L,S2_possible_overlap,1,2.0,0.0,215,161,35,60,80.0,0,0,215,0,0,0,0,0,0
022_Et_M_CO_L,S2_possible_overlap,1,2.0,0.2,215,161,32,51,80.0,0,15,200,0,15,0,15,0,0
022_Et_M_CO_L,S2_possible_overlap,1,2.0,0.5,215,161,15,26,80.0,0,45,170,0,45,0,45,0,0
022_Et_M_CO_L,S2_possible_overlap,3,0.5,0.0,215,159,35,43,88.0,0,0,215,0,0,0,0,0,0
022_Et_M_CO_L,S2_possible_overlap,3,0.5,0.2,215,159,32,35,89.0,0,11,204,0,11,0,11,0,0
022_Et_M_CO_L,S2_possible_overlap,3,0.5,0.5,215,159,15,15,95.0,0,32,183,0,32,0,32,0,0
022_Et_M_CO_L,S2_possible_overlap,3,1.0,0.0,215,159,35,49,85.0,0,0,215,0,0,0,0,0,0
022_Et_M_CO_L,S2_possible_overlap,3,1.0,0.2,215,159,32,40,86.0,0,10,205,0,10,0,10,0,0
022_Et_M_CO_L,S2_possible_overlap,3,1.0,0.5,215,159,15,15,95.0,0,41,174,0,41,0,41,0,0
022_Et_M_CO_L,S2_possible_overlap,3,2.0,0.0,215,159,35,58,82.0,0,0,215,0,0,0,0,0,0
022_Et_M_CO_L,S2_possible_overlap,3,2.0,0.2,215,159,32,49,82.0,0,15,200,0,15,0,15,0,0
022_Et_M_CO_L,S2_possible_overlap,3,2.0,0.5,215,159,15,24,82.0,0,45,170,0,45,0,45,0,0
022_Et_M_CO_L,S2_possible_overlap,5,0.5,0.0,215,157,35,43,88.0,0,0,215,0,0,0,0,0,0
022_Et_M_CO_L,S2_possible_overlap,5,0.5,0.2,215,157,32,35,89.0,0,11,204,0,11,0,11,0,0
022_Et_M_CO_L,S2_possible_overlap,5,0.5,0.5,215,157,15,15,95.0,0,32,183,0,32,0,32,0,0
022_Et_M_CO_L,S2_possible_overlap,5,1.0,0.0,215,157,35,49,85.0,0,0,215,0,0,0,0,0,0
022_Et_M_CO_L,S2_possible_overlap,5,1.0,0.2,215,157,32,40,86.0,0,10,205,0,10,0,10,0,0
022_Et_M_CO_L,S2_possible_overlap,5,1.0,0.5,215,157,15,15,95.0,0,41,174,0,41,0,41,0,0
022_Et_M_CO_L,S2_possible_overlap,5,2.0,0.0,215,157,35,56,84.0,0,0,215,0,0,0,0,0,0
022_Et_M_CO_L,S2_possible_overlap,5,2.0,0.2,215,157,32,47,84.0,0,15,200,0,15,0,15,0,0
022_Et_M_CO_L,S2_possible_overlap,5,2.0,0.5,215,157,15,22,85.0,0,45,170,0,45,0,45,0,0
027_Et_M_Me_M,S2_possible_overlap,1,0.5,0.0,215,158,35,43,88.0,0,0,215,0,0,0,0,0,0
027_Et_M_Me_M,S2_possible_overlap,1,0.5,0.2,215,158,32,35,89.0,0,11,204,0,11,0,11,0,0
027_Et_M_Me_M,S2_possible_overlap,1,0.5,0.5,215,158,15,15,95.0,0,32,183,0,32,0,32,0,0
027_Et_M_Me_M,S2_possible_overlap,1,1.0,0.0,215,158,35,49,85.0,0,0,215,0,0,0,0,0,0
027_Et_M_Me_M,S2_possible_overlap,1,1.0,0.2,215,158,32,40,86.0,0,10,205,0,10,0,10,0,0
027_Et_M_Me_M,S2_possible_overlap,1,1.0,0.5,215,158,15,15,95.0,0,41,174,0,41,0,41,0,0
027_Et_M_Me_M,S2_possible_overlap,1,2.0,0.0,215,158,35,57,83.0,0,0,215,0,0,0,0,0,0
027_Et_M_Me_M,S2_possible_overlap,1,2.0,0.2,215,158,32,48,83.0,0,15,200,0,15,0,15,0,0
027_Et_M_Me_M,S2_possible_overlap,1,2.0,0.5,215,158,15,23,83.0,0,45,170,0,45,0,45,0,0
027_Et_M_Me_M,S2_possible_overlap,3,0.5,0.0,215,156,35,43,88.0,0,0,215,0,0,0,0,0,0
027_Et_M_Me_M,S2_possible_overlap,3,0.5,0.2,215,156,32,35,89.0,0,11,204,0,11,0,11,0,0
027_Et_M_Me_M,S2_possible_overlap,3,0.5,0.5,215,156,15,15,95.0,0,32,183,0,32,0,32,0,0
027_Et_M_Me_M,S2_possible_overlap,3,1.0,0.0,215,156,35,49,85.0,0,0,215,0,0,0,0,0,0
027_Et_M_Me_M,S2_possible_overlap,3,1.0,0.2,215,156,32,40,86.0,0,10,205,0,10,0,10,0,0
027_Et_M_Me_M,S2_possible_overlap,3,1.0,0.5,215,156,15,15,95.0,0,41,174,0,41,0,41,0,0
027_Et_M_Me_M,S2_possible_overlap,3,2.0,0.0,215,156,35,55,85.0,0,0,215,0,0,0,0,0,0
027_Et_M_Me_M,S2_possible_overlap,3,2.0,0.2,215,156,32,46,85.0,0,15,200,0,15,0,15,0,0
027_Et_M_Me_M,S2_possible_overlap,3,2.0,0.5,215,156,15,22,85.0,0,45,170,0,45,0,45,0,0
027_Et_M_Me_M,S2_possible_overlap,5,0.5,0.0,215,154,35,43,88.0,0,0,215,0,0,0,0,0,0
027_Et_M_Me_M,S2_possible_overlap,5,0.5,0.2,215,154,32,35,89.0,0,11,204,0,11,0,11,0,0
027_Et_M_Me_M,S2_possible_overlap,5,0.5,0.5,215,154,15,15,95.0,0,32,183,0,32,0,32,0,0
027_Et_M_Me_M,S2_possible_overlap,5,1.0,0.0,215,154,35,47,87.0,0,0,215,0,0,0,0,0,0
027_Et_M_Me_M,S2_possible_overlap,5,1.0,0.2,215,154,32,39,87.0,0,10,205,0,10,0,10,0,0
027_Et_M_Me_M,S2_possible_overlap,5,1.0,0.5,215,154,15,15,95.0,0,41,174,0,41,0,41,0,0
027_Et_M_Me_M,S2_possible_overlap,5,2.0,0.0,215,154,35,53,87.0,0,0,215,0,0,0,0,0,0
027_Et_M_Me_M,S2_possible_overlap,5,2.0,0.2,215,154,32,44,87.0,0,15,200,0,15,0,15,0,0
027_Et_M_Me_M,S2_possible_overlap,5,2.0,0.5,215,154,15,21,87.0,0,45,170,0,45,0,45,0,0
028_Et_H_CO_M,S2_possible_overlap,1,0.5,0.0,215,162,35,43,88.0,0,0,215,0,0,0,0,0,0
028_Et_H_CO_M,S2_possible_overlap,1,0.5,0.2,215,162,32,35,89.0,0,11,204,0,11,0,11,0,0
028_Et_H_CO_M,S2_possible_overlap,1,0.5,0.5,215,162,15,15,95.0,0,32,183,0,32,0,32,0,0
028_Et_H_CO_M,S2_possible_overlap,1,1.0,0.0,215,162,35,49,85.0,0,0,215,0,0,0,0,0,0
028_Et_H_CO_M,S2_possible_overlap,1,1.0,0.2,215,162,32,40,86.0,0,10,205,0,10,0,10,0,0
028_Et_H_CO_M,S2_possible_overlap,1,1.0,0.5,215,162,15,15,95.0,0,41,174,0,41,0,41,0,0
028_Et_H_CO_M,S2_possible_overlap,1,2.0,0.0,215,162,35,61,79.0,0,0,215,0,0,0,0,0,0
028_Et_H_CO_M,S2_possible_overlap,1,2.0,0.2,215,162,32,52,79.0,0,15,200,0,15,0,15,0,0
028_Et_H_CO_M,S2_possible_overlap,1,2.0,0.5,215,162,15,26,80.0,0,45,170,0,45,0,45,0,0
028_Et_H_CO_M,S2_possible_overlap,3,0.5,0.0,215,160,35,43,88.0,0,0,215,0,0,0,0,0,0
028_Et_H_CO_M,S2_possible_overlap,3,0.5,0.2,215,160,32,35,89.0,0,11,204,0,11,0,11,0,0
028_Et_H_CO_M,S2_possible_overlap,3,0.5,0.5,215,160,15,15,95.0,0,32,183,0,32,0,32,0,0
028_Et_H_CO_M,S2_possible_overlap,3,1.0,0.0,215,160,35,49,85.0,0,0,215,0,0,0,0,0,0
028_Et_H_CO_M,S2_possible_overlap,3,1.0,0.2,215,160,32,40,86.0,0,10,205,0,10,0,10,0,0
028_Et_H_CO_M,S2_possible_overlap,3,1.0,0.5,215,160,15,15,95.0,0,41,174,0,41,0,41,0,0
028_Et_H_CO_M,S2_possible_overlap,3,2.0,0.0,215,160,35,59,81.0,0,0,215,0,0,0,0,0,0
028_Et_H_CO_M,S2_possible_overlap,3,2.0,0.2,215,160,32,50,81.0,0,15,200,0,15,0,15,0,0
028_Et_H_CO_M,S2_possible_overlap,3,2.0,0.5,215,160,15,25,81.0,0,45,170,0,45,0,45,0,0
028_Et_H_CO_M,S2_possible_overlap,5,0.5,0.0,215,158,35,43,88.0,0,0,215,0,0,0,0,0,0
028_Et_H_CO_M,S2_possible_overlap,5,0.5,0.2,215,158,32,35,89.0,0,11,204,0,11,0,11,0,0
028_Et_H_CO_M,S2_possible_overlap,5,0.5,0.5,215,158,15,15,95.0,0,32,183,0,32,0,32,0,0
028_Et_H_CO_M,S2_possible_overlap,5,1.0,0.0,215,158,35,49,85.0,0,0,215,0,0,0,0,0,0
028_Et_H_CO_M,S2_possible_overlap,5,1.0,0.2,215,158,32,40,86.0,0,10,205,0,10,0,10,0,0
028_Et_H_CO_M,S2_possible_overlap,5,1.0,0.5,215,158,15,15,95.0,0,41,174,0,41,0,41,0,0
028_Et_H_CO_M,S2_possible_overlap,5,2.0,0.0,215,158,35,57,83.0,0,0,215,0,0,0,0,0,0
028_Et_H_CO_M,S2_possible_overlap,5,2.0,0.2,215,158,32,48,83.0,0,15,200,0,15,0,15,0,0
028_Et_H_CO_M,S2_possible_overlap,5,2.0,0.5,215,158,15,23,83.0,0,45,170,0,45,0,45,0,0
033_Et_L_Me_H,S2_possible_overlap,1,0.5,0.0,215,156,35,43,88.0,0,0,215,0,0,0,0,0,0
033_Et_L_Me_H,S2_possible_overlap,1,0.5,0.2,215,156,32,35,89.0,0,11,204,0,11,0,11,0,0
033_Et_L_Me_H,S2_possible_overlap,1,0.5,0.5,215,156,15,15,95.0,0,32,183,0,32,0,32,0,0
033_Et_L_Me_H,S2_possible_overlap,1,1.0,0.0,215,156,35,49,85.0,0,0,215,0,0,0,0,0,0
033_Et_L_Me_H,S2_possible_overlap,1,1.0,0.2,215,156,32,40,86.0,0,10,205,0,10,0,10,0,0
033_Et_L_Me_H,S2_possible_overlap,1,1.0,0.5,215,156,15,15,95.0,0,41,174,0,41,0,41,0,0
033_Et_L_Me_H,S2_possible_overlap,1,2.0,0.0,215,156,35,55,85.0,0,0,215,0,0,0,0,0,0
033_Et_L_Me_H,S2_possible_overlap,1,2.0,0.2,215,156,32,46,85.0,0,15,200,0,15,0,15,0,0
033_Et_L_Me_H,S2_possible_overlap,1,2.0,0.5,215,156,15,22,85.0,0,45,170,0,45,0,45,0,0
033_Et_L_Me_H,S2_possible_overlap,3,0.5,0.0,215,154,35,43,88.0,0,0,215,0,0,0,0,0,0
033_Et_L_Me_H,S2_possible_overlap,3,0.5,0.2,215,154,32,35,89.0,0,11,204,0,11,0,11,0,0
033_Et_L_Me_H,S2_possible_overlap,3,0.5,0.5,215,154,15,15,95.0,0,32,183,0,32,0,32,0,0
033_Et_L_Me_H,S2_possible_overlap,3,1.0,0.0,215,154,35,47,87.0,0,0,215,0,0,0,0,0,0
033_Et_L_Me_H,S2_possible_overlap,3,1.0,0.2,215,154,32,39,87.0,0,10,205,0,10,0,10,0,0
033_Et_L_Me_H,S2_possible_overlap,3,1.0,0.5,215,154,15,15,95.0,0,41,174,0,41,0,41,0,0
033_Et_L_Me_H,S2_possible_overlap,3,2.0,0.0,215,154,35,53,87.0,0,0,215,0,0,0,0,0,0
033_Et_L_Me_H,S2_possible_overlap,3,2.0,0.2,215,154,32,44,87.0,0,15,200,0,15,0,15,0,0
033_Et_L_Me_H,S2_possible_overlap,3,2.0,0.5,215,154,15,21,87.0,0,45,170,0,45,0,45,0,0
033_Et_L_Me_H,S2_possible_overlap,5,0.5,0.0,215,152,35,42,89.0,0,0,215,0,0,0,0,0,0
033_Et_L_Me_H,S2_possible_overlap,5,0.5,0.2,215,152,32,35,89.0,0,11,204,0,11,0,11,0,0
033_Et_L_Me_H,S2_possible_overlap,5,0.5,0.5,215,152,15,15,95.0,0,32,183,0,32,0,32,0,0
033_Et_L_Me_H,S2_possible_overlap,5,1.0,0.0,215,152,35,45,89.0,0,0,215,0,0,0,0,0,0
033_Et_L_Me_H,S2_possible_overlap,5,1.0,0.2,215,152,32,37,89.0,0,10,205,0,10,0,10,0,0
033_Et_L_Me_H,S2_possible_overlap,5,1.0,0.5,215,152,15,15,95.0,0,41,174,0,41,0,41,0,0
033_Et_L_Me_H,S2_possible_overlap,5,2.0,0.0,215,152,35,51,89.0,0,0,215,0,0,0,0,0,0
033_Et_L_Me_H,S2_possible_overlap,5,2.0,0.2,215,152,32,42,89.0,0,15,200,0,15,0,15,0,0
033_Et_L_Me_H,S2_possible_overlap,5,2.0,0.5,215,152,15,20,95.0,0,45,170,0,45,0,45,0,0
035_Et_H_Me_n,S2_possible_overlap,1,0.5,0.0,215,161,35,43,88.0,0,0,215,0,0,0,0,0,0
035_Et_H_Me_n,S2_possible_overlap,1,0.5,0.2,215,161,32,35,89.0,0,11,204,0,11,0,11,0,0
035_Et_H_Me_n,S2_possible_overlap,1,0.5,0.5,215,161,15,15,95.0,0,32,183,0,32,0,32,0,0
035_Et_H_Me_n,S2_possible_overlap,1,1.0,0.0,215,161,35,49,85.0,0,0,215,0,0,0,0,0,0
035_Et_H_Me_n,S2_possible_overlap,1,1.0,0.2,215,161,32,40,86.0,0,10,205,0,10,0,10,0,0
035_Et_H_Me_n,S2_possible_overlap,1,1.0,0.5,215,161,15,15,95.0,0,41,174,0,41,0,41,0,0
035_Et_H_Me_n,S2_possible_overlap,1,2.0,0.0,215,161,35,60,80.0,0,0,215,0,0,0,0,0,0
035_Et_H_Me_n,S2_possible_overlap,1,2.0,0.2,215,161,32,51,80.0,0,15,200,0,15,0,15,0,0
035_Et_H_Me_n,S2_possible_overlap,1,2.0,0.5,215,161,15,26,80.0,0,45,170,0,45,0,45,0,0
035_Et_H_Me_n,S2_possible_overlap,3,0.5,0.0,215,159,35,43,88.0,0,0,215,0,0,0,0,0,0
035_Et_H_Me_n,S2_possible_overlap,3,0.5,0.2,215,159,32,35,89.0,0,11,204,0,11,0,11,0,0
035_Et_H_Me_n,S2_possible_overlap,3,0.5,0.5,215,159,15,15,95.0,0,32,183,0,32,0,32,0,0
035_Et_H_Me_n,S2_possible_overlap,3,1.0,0.0,215,159,35,49,85.0,0,0,215,0,0,0,0,0,0
035_Et_H_Me_n,S2_possible_overlap,3,1.0,0.2,215,159,32,40,86.0,0,10,205,0,10,0,10,0,0
035_Et_H_Me_n,S2_possible_overlap,3,1.0,0.5,215,159,15,15,95.0,0,41,174,0,41,0,41,0,0
035_Et_H_Me_n,S2_possible_overlap,3,2.0,0.0,215,159,35,58,82.0,0,0,215,0,0,0,0,0,0
035_Et_H_Me_n,S2_possible_overlap,3,2.0,0.2,215,159,32,49,82.0,0,15,200,0,15,0,15,0,0
035_Et_H_Me_n,S2_possible_overlap,3,2.0,0.5,215,159,15,24,82.0,0,45,170,0,45,0,45,0,0
035_Et_H_Me_n,S2_possible_overlap,5,0.5,0.0,215,157,35,43,88.0,0,0,215,0,0,0,0,0,0
035_Et_H_Me_n,S2_possible_overlap,5,0.5,0.2,215,157,32,35,89.0,0,11,204,0,11,0,11,0,0
035_Et_H_Me_n,S2_possible_overlap,5,0.5,0.5,215,157,15,15,95.0,0,32,183,0,32,0,32,0,0
035_Et_H_Me_n,S2_possible_overlap,5,1.0,0.0,215,157,35,49,85.0,0,0,215,0,0,0,0,0,0
035_Et_H_Me_n,S2_possible_overlap,5,1.0,0.2,215,157,32,40,86.0,0,10,205,0,10,0,10,0,0
035_Et_H_Me_n,S2_possible_overlap,5,1.0,0.5,215,157,15,15,95.0,0,41,174,0,41,0,41,0,0
035_Et_H_Me_n,S2_possible_overlap,5,2.0,0.0,215,157,35,56,84.0,0,0,215,0,0,0,0,0,0
035_Et_H_Me_n,S2_possible_overlap,5,2.0,0.2,215,157,32,47,84.0,0,15,200,0,15,0,15,0,0
035_Et_H_Me_n,S2_possible_overlap,5,2.0,0.5,215,157,15,22,85.0,0,45,170,0,45,0,45,0,0
036_Et_L_CO_H,S2_possible_overlap,1,0.5,0.0,215,163,35,43,88.0,0,0,215,0,0,0,0,0,0
036_Et_L_CO_H,S2_possible_overlap,1,0.5,0.2,215,163,32,35,89.0,0,11,204,0,11,0,11,0,0
036_Et_L_CO_H,S2_possible_overlap,1,0.5,0.5,215,163,15,15,95.0,0,32,183,0,32,0,32,0,0
036_Et_L_CO_H,S2_possible_overlap,1,1.0,0.0,215,163,35,49,85.0,0,0,215,0,0,0,0,0,0
036_Et_L_CO_H,S2_possible_overlap,1,1.0,0.2,215,163,32,40,86.0,0,10,205,0,10,0,10,0,0
036_Et_L_CO_H,S2_possible_overlap,1,1.0,0.5,215,163,15,15,95.0,0,41,174,0,41,0,41,0,0
036_Et_L_CO_H,S2_possible_overlap,1,2.0,0.0,215,163,35,62,78.0,0,0,215,0,0,0,0,0,0
036_Et_L_CO_H,S2_possible_overlap,1,2.0,0.2,215,163,32,52,79.0,0,15,200,0,15,0,15,0,0
036_Et_L_CO_H,S2_possible_overlap,1,2.0,0.5,215,163,15,26,80.0,0,45,170,0,45,0,45,0,0
036_Et_L_CO_H,S2_possible_overlap,3,0.5,0.0,215,161,35,43,88.0,0,0,215,0,0,0,0,0,0
036_Et_L_CO_H,S2_possible_overlap,3,0.5,0.2,215,161,32,35,89.0,0,11,204,0,11,0,11,0,0
036_Et_L_CO_H,S2_possible_overlap,3,0.5,0.5,215,161,15,15,95.0,0,32,183,0,32,0,32,0,0
036_Et_L_CO_H,S2_possible_overlap,3,1.0,0.0,215,161,35,49,85.0,0,0,215,0,0,0,0,0,0
036_Et_L_CO_H,S2_possible_overlap,3,1.0,0.2,215,161,32,40,86.0,0,10,205,0,10,0,10,0,0
036_Et_L_CO_H,S2_possible_overlap,3,1.0,0.5,215,161,15,15,95.0,0,41,174,0,41,0,41,0,0
036_Et_L_CO_H,S2_possible_overlap,3,2.0,0.0,215,161,35,60,80.0,0,0,215,0,0,0,0,0,0
036_Et_L_CO_H,S2_possible_overlap,3,2.0,0.2,215,161,32,51,80.0,0,15,200,0,15,0,15,0,0
036_Et_L_CO_H,S2_possible_overlap,3,2.0,0.5,215,161,15,26,80.0,0,45,170,0,45,0,45,0,0
036_Et_L_CO_H,S2_possible_overlap,5,0.5,0.0,215,159,35,43,88.0,0,0,215,0,0,0,0,0,0
036_Et_L_CO_H,S2_possible_overlap,5,0.5,0.2,215,159,32,35,89.0,0,11,204,0,11,0,11,0,0
036_Et_L_CO_H,S2_possible_overlap,5,0.5,0.5,215,159,15,15,95.0,0,32,183,0,32,0,32,0,0
036_Et_L_CO_H,S2_possible_overlap,5,1.0,0.0,215,159,35,49,85.0,0,0,215,0,0,0,0,0,0
036_Et_L_CO_H,S2_possible_overlap,5,1.0,0.2,215,159,32,40,86.0,0,10,205,0,10,0,10,0,0
036_Et_L_CO_H,S2_possible_overlap,5,1.0,0.5,215,159,15,15,95.0,0,41,174,0,41,0,41,0,0
036_Et_L_CO_H,S2_possible_overlap,5,2.0,0.0,215,159,35,58,82.0,0,0,215,0,0,0,0,0,0
036_Et_L_CO_H,S2_possible_overlap,5,2.0,0.2,215,159,32,49,82.0,0,15,200,0,15,0,15,0,0
036_Et_L_CO_H,S2_possible_overlap,5,2.0,0.5,215,159,15,24,82.0,0,45,170,0,45,0,45,0,0
039_Et_L_Me_L,S2_possible_overlap,1,0.5,0.0,215,156,35,43,88.0,0,0,215,0,0,0,0,0,0
039_Et_L_Me_L,S2_possible_overlap,1,0.5,0.2,215,156,32,35,89.0,0,11,204,0,11,0,11,0,0
039_Et_L_Me_L,S2_possible_overlap,1,0.5,0.5,215,156,15,15,95.0,0,32,183,0,32,0,32,0,0
039_Et_L_Me_L,S2_possible_overlap,1,1.0,0.0,215,156,35,49,85.0,0,0,215,0,0,0,0,0,0
039_Et_L_Me_L,S2_possible_overlap,1,1.0,0.2,215,156,32,40,86.0,0,10,205,0,10,0,10,0,0
039_Et_L_Me_L,S2_possible_overlap,1,1.0,0.5,215,156,15,15,95.0,0,41,174,0,41,0,41,0,0
039_Et_L_Me_L,S2_possible_overlap,1,2.0,0.0,215,156,35,55,85.0,0,0,215,0,0,0,0,0,0
039_Et_L_Me_L,S2_possible_overlap,1,2.0,0.2,215,156,32,46,85.0,0,15,200,0,15,0,15,0,0
039_Et_L_Me_L,S2_possible_overlap,1,2.0,0.5,215,156,15,22,85.0,0,45,170,0,45,0,45,0,0
039_Et_L_Me_L,S2_possible_overlap,3,0.5,0.0,215,154,35,43,88.0,0,0,215,0,0,0,0,0,0
039_Et_L_Me_L,S2_possible_overlap,3,0.5,0.2,215,154,32,35,89.0,0,11,204,0,11,0,11,0,0
039_Et_L_Me_L,S2_possible_overlap,3,0.5,0.5,215,154,15,15,95.0,0,32,183,0,32,0,32,0,0
039_Et_L_Me_L,S2_possible_overlap,3,1.0,0.0,215,154,35,47,87.0,0,0,215,0,0,0,0,0,0
039_Et_L_Me_L,S2_possible_overlap,3,1.0,0.2,215,154,32,39,87.0,0,10,205,0,10,0,10,0,0
039_Et_L_Me_L,S2_possible_overlap,3,1.0,0.5,215,154,15,15,95.0,0,41,174,0,41,0,41,0,0
039_Et_L_Me_L,S2_possible_overlap,3,2.0,0.0,215,154,35,53,87.0,0,0,215,0,0,0,0,0,0
039_Et_L_Me_L,S2_possible_overlap,3,2.0,0.2,215,154,32,44,87.0,0,15,200,0,15,0,15,0,0
039_Et_L_Me_L,S2_possible_overlap,3,2.0,0.5,215,154,15,21,87.0,0,45,170,0,45,0,45,0,0
039_Et_L_Me_L,S2_possible_overlap,5,0.5,0.0,215,152,35,42,89.0,0,0,215,0,0,0,0,0,0
039_Et_L_Me_L,S2_possible_overlap,5,0.5,0.2,215,152,32,35,89.0,0,11,204,0,11,0,11,0,0
039_Et_L_Me_L,S2_possible_overlap,5,0.5,0.5,215,152,15,15,95.0,0,32,183,0,32,0,32,0,0
039_Et_L_Me_L,S2_possible_overlap,5,1.0,0.0,215,152,35,45,89.0,0,0,215,0,0,0,0,0,0
039_Et_L_Me_L,S2_possible_overlap,5,1.0,0.2,215,152,32,37,89.0,0,10,205,0,10,0,10,0,0
039_Et_L_Me_L,S2_possible_overlap,5,1.0,0.5,215,152,15,15,95.0,0,41,174,0,41,0,41,0,0
039_Et_L_Me_L,S2_possible_overlap,5,2.0,0.0,215,152,35,51,89.0,0,0,215,0,0,0,0,0,0
039_Et_L_Me_L,S2_possible_overlap,5,2.0,0.2,215,152,32,42,89.0,0,15,200,0,15,0,15,0,0
039_Et_L_Me_L,S2_possible_overlap,5,2.0,0.5,215,152,15,20,95.0,0,45,170,0,45,0,45,0,0
041_Et_M_Me_L,S2_possible_overlap,1,0.5,0.0,215,159,35,43,88.0,0,0,215,0,0,0,0,0,0
041_Et_M_Me_L,S2_possible_overlap,1,0.5,0.2,215,159,32,35,89.0,0,11,204,0,11,0,11,0,0
041_Et_M_Me_L,S2_possible_overlap,1,0.5,0.5,215,159,15,15,95.0,0,32,183,0,32,0,32,0,0
041_Et_M_Me_L,S2_possible_overlap,1,1.0,0.0,215,159,35,49,85.0,0,0,215,0,0,0,0,0,0
041_Et_M_Me_L,S2_possible_overlap,1,1.0,0.2,215,159,32,40,86.0,0,10,205,0,10,0,10,0,0
041_Et_M_Me_L,S2_possible_overlap,1,1.0,0.5,215,159,15,15,95.0,0,41,174,0,41,0,41,0,0
041_Et_M_Me_L,S2_possible_overlap,1,2.0,0.0,215,159,35,58,82.0,0,0,215,0,0,0,0,0,0
041_Et_M_Me_L,S2_possible_overlap,1,2.0,0.2,215,159,32,49,82.0,0,15,200,0,15,0,15,0,0
041_Et_M_Me_L,S2_possible_overlap,1,2.0,0.5,215,159,15,24,82.0,0,45,170,0,45,0,45,0,0
041_Et_M_Me_L,S2_possible_overlap,3,0.5,0.0,215,157,35,43,88.0,0,0,215,0,0,0,0,0,0
041_Et_M_Me_L,S2_possible_overlap,3,0.5,0.2,215,157,32,35,89.0,0,11,204,0,11,0,11,0,0
041_Et_M_Me_L,S2_possible_overlap,3,0.5,0.5,215,157,15,15,95.0,0,32,183,0,32,0,32,0,0
041_Et_M_Me_L,S2_possible_overlap,3,1.0,0.0,215,157,35,49,85.0,0,0,215,0,0,0,0,0,0
041_Et_M_Me_L,S2_possible_overlap,3,1.0,0.2,215,157,32,40,86.0,0,10,205,0,10,0,10,0,0
041_Et_M_Me_L,S2_possible_overlap,3,1.0,0.5,215,157,15,15,95.0,0,41,174,0,41,0,41,0,0
041_Et_M_Me_L,S2_possible_overlap,3,2.0,0.0,215,157,35,56,84.0,0,0,215,0,0,0,0,0,0
041_Et_M_Me_L,S2_possible_overlap,3,2.0,0.2,215,157,32,47,84.0,0,15,200,0,15,0,15,0,0
041_Et_M_Me_L,S2_possible_overlap,3,2.0,0.5,215,157,15,22,85.0,0,45,170,0,45,0,45,0,0
041_Et_M_Me_L,S2_possible_overlap,5,0.5,0.0,215,155,35,43,88.0,0,0,215,0,0,0,0,0,0
041_Et_M_Me_L,S2_possible_overlap,5,0.5,0.2,215,155,32,35,89.0,0,11,204,0,11,0,11,0,0
041_Et_M_Me_L,S2_possible_overlap,5,0.5,0.5,215,155,15,15,95.0,0,32,183,0,32,0,32,0,0
041_Et_M_Me_L,S2_possible_overlap,5,1.0,0.0,215,155,35,48,86.0,0,0,215,0,0,0,0,0,0
041_Et_M_Me_L,S2_possible_overlap,5,1.0,0.2,215,155,32,40,86.0,0,10,205,0,10,0,10,0,0
041_Et_M_Me_L,S2_possible_overlap,5,1.0,0.5,215,155,15,15,95.0,0,41,174,0,41,0,41,0,0
041_Et_M_Me_L,S2_possible_overlap,5,2.0,0.0,215,155,35,54,86.0,0,0,215,0,0,0,0,0,0
041_Et_M_Me_L,S2_possible_overlap,5,2.0,0.2,215,155,32,45,86.0,0,15,200,0,15,0,15,0,0
041_Et_M_Me_L,S2_possible_overlap,5,2.0,0.5,215,155,15,21,87.0,0,45,170,0,45,0,45,0,0
042_Et_L_CO_n,S2_possible_overlap,1,0.5,0.0,215,145,35,35,96.0,0,0,215,0,0,0,0,0,0
042_Et_L_CO_n,S2_possible_overlap,1,0.5,0.2,215,145,32,32,96.0,0,11,204,0,11,0,11,0,0
042_Et_L_CO_n,S2_possible_overlap,1,0.5,0.5,215,145,15,14,100.0,0,32,183,0,32,0,32,0,0
042_Et_L_CO_n,S2_possible_overlap,1,1.0,0.0,215,145,35,38,96.0,0,0,215,0,0,0,0,0,0
042_Et_L_CO_n,S2_possible_overlap,1,1.0,0.2,215,145,32,34,96.0,0,10,205,0,10,0,10,0,0
042_Et_L_CO_n,S2_possible_overlap,1,1.0,0.5,215,145,15,14,100.0,0,41,174,0,41,0,41,0,0
042_Et_L_CO_n,S2_possible_overlap,1,2.0,0.0,215,145,35,44,96.0,0,0,215,0,0,0,0,0,0
042_Et_L_CO_n,S2_possible_overlap,1,2.0,0.2,215,145,32,39,96.0,0,15,200,0,15,0,15,0,0
042_Et_L_CO_n,S2_possible_overlap,1,2.0,0.5,215,145,15,19,100.0,0,45,170,0,45,0,45,0,0
042_Et_L_CO_n,S2_possible_overlap,3,0.5,0.0,215,143,35,33,98.0,0,0,215,0,0,0,0,0,0
042_Et_L_CO_n,S2_possible_overlap,3,0.5,0.2,215,143,32,30,98.0,0,11,204,0,11,0,11,0,0
042_Et_L_CO_n,S2_possible_overlap,3,0.5,0.5,215,143,15,14,100.0,0,32,183,0,32,0,32,0,0
042_Et_L_CO_n,S2_possible_overlap,3,1.0,0.0,215,143,35,36,98.0,0,0,215,0,0,0,0,0,0
042_Et_L_CO_n,S2_possible_overlap,3,1.0,0.2,215,143,32,32,98.0,0,10,205,0,10,0,10,0,0
042_Et_L_CO_n,S2_possible_overlap,3,1.0,0.5,215,143,15,14,100.0,0,41,174,0,41,0,41,0,0
042_Et_L_CO_n,S2_possible_overlap,3,2.0,0.0,215,143,35,42,98.0,0,0,215,0,0,0,0,0,0
042_Et_L_CO_n,S2_possible_overlap,3,2.0,0.2,215,143,32,37,98.0,0,15,200,0,15,0,15,0,0
042_Et_L_CO_n,S2_possible_overlap,3,2.0,0.5,215,143,15,19,100.0,0,45,170,0,45,0,45,0,0
042_Et_L_CO_n,S2_possible_overlap,5,0.5,0.0,215,141,35,31,100.0,0,0,215,0,0,0,0,0,0
042_Et_L_CO_n,S2_possible_overlap,5,0.5,0.2,215,141,32,28,100.0,0,11,204,0,11,0,11,0,0
042_Et_L_CO_n,S2_possible_overlap,5,0.5,0.5,215,141,15,14,100.0,0,32,183,0,32,0,32,0,0
042_Et_L_CO_n,S2_possible_overlap,5,1.0,0.0,215,141,35,34,100.0,0,0,215,0,0,0,0,0,0
042_Et_L_CO_n,S2_possible_overlap,5,1.0,0.2,215,141,32,30,100.0,0,10,205,0,10,0,10,0,0
042_Et_L_CO_n,S2_possible_overlap,5,1.0,0.5,215,141,15,14,100.0,0,41,174,0,41,0,41,0,0
042_Et_L_CO_n,S2_possible_overlap,5,2.0,0.0,215,141,35,40,100.0,0,0,215,0,0,0,0,0,0
042_Et_L_CO_n,S2_possible_overlap,5,2.0,0.2,215,141,32,35,100.0,0,15,200,0,15,0,15,0,0
042_Et_L_CO_n,S2_possible_overlap,5,2.0,0.5,215,141,15,19,100.0,0,45,170,0,45,0,45,0,0
043_Et_n_Me_M,S2_possible_overlap,1,0.5,0.0,215,152,35,42,89.0,0,0,215,0,0,0,0,0,0
043_Et_n_Me_M,S2_possible_overlap,1,0.5,0.2,215,152,32,35,89.0,0,11,204,0,11,0,11,0,0
043_Et_n_Me_M,S2_possible_overlap,1,0.5,0.5,215,152,15,15,95.0,0,32,183,0,32,0,32,0,0
043_Et_n_Me_M,S2_possible_overlap,1,1.0,0.0,215,152,35,45,89.0,0,0,215,0,0,0,0,0,0
043_Et_n_Me_M,S2_possible_overlap,1,1.0,0.2,215,152,32,37,89.0,0,10,205,0,10,0,10,0,0
043_Et_n_Me_M,S2_possible_overlap,1,1.0,0.5,215,152,15,15,95.0,0,41,174,0,41,0,41,0,0
043_Et_n_Me_M,S2_possible_overlap,1,2.0,0.0,215,152,35,51,89.0,0,0,215,0,0,0,0,0,0
043_Et_n_Me_M,S2_possible_overlap,1,2.0,0.2,215,152,32,42,89.0,0,15,200,0,15,0,15,0,0
043_Et_n_Me_M,S2_possible_overlap,1,2.0,0.5,215,152,15,20,95.0,0,45,170,0,45,0,45,0,0
043_Et_n_Me_M,S2_possible_overlap,3,0.5,0.0,215,150,35,40,91.0,0,0,215,0,0,0,0,0,0
043_Et_n_Me_M,S2_possible_overlap,3,0.5,0.2,215,150,32,34,91.0,0,11,204,0,11,0,11,0,0
043_Et_n_Me_M,S2_possible_overlap,3,0.5,0.5,215,150,15,15,95.0,0,32,183,0,32,0,32,0,0
043_Et_n_Me_M,S2_possible_overlap,3,1.0,0.0,215,150,35,43,91.0,0,0,215,0,0,0,0,0,0
043_Et_n_Me_M,S2_possible_overlap,3,1.0,0.2,215,150,32,36,91.0,0,10,205,0,10,0,10,0,0
043_Et_n_Me_M,S2_possible_overlap,3,1.0,0.5,215,150,15,15,95.0,0,41,174,0,41,0,41,0,0
043_Et_n_Me_M,S2_possible_overlap,3,2.0,0.0,215,150,35,49,91.0,0,0,215,0,0,0,0,0,0
043_Et_n_Me_M,S2_possible_overlap,3,2.0,0.2,215,150,32,41,91.0,0,15,200,0,15,0,15,0,0
043_Et_n_Me_M,S2_possible_overlap,3,2.0,0.5,215,150,15,20,95.0,0,45,170,0,45,0,45,0,0
043_Et_n_Me_M,S2_possible_overlap,5,0.5,0.0,215,148,35,38,93.0,0,0,215,0,0,0,0,0,0
043_Et_n_Me_M,S2_possible_overlap,5,0.5,0.2,215,148,32,33,95.0,0,11,204,0,11,0,11,0,0
043_Et_n_Me_M,S2_possible_overlap,5,0.5,0.5,215,148,15,15,95.0,0,32,183,0,32,0,32,0,0
043_Et_n_Me_M,S2_possible_overlap,5,1.0,0.0,215,148,35,41,93.0,0,0,215,0,0,0,0,0,0
043_Et_n_Me_M,S2_possible_overlap,5,1.0,0.2,215,148,32,35,95.0,0,10,205,0,10,0,10,0,0
043_Et_n_Me_M,S2_possible_overlap,5,1.0,0.5,215,148,15,15,95.0,0,41,174,0,41,0,41,0,0
043_Et_n_Me_M,S2_possible_overlap,5,2.0,0.0,215,148,35,47,93.0,0,0,215,0,0,0,0,0,0
043_Et_n_Me_M,S2_possible_overlap,5,2.0,0.2,215,148,32,40,95.0,0,15,200,0,15,0,15,0,0
043_Et_n_Me_M,S2_possible_overlap,5,2.0,0.5,215,148,15,20,95.0,0,45,170,0,45,0,45,0,0
046_Et_n_CO_H,S2_possible_overlap,1,0.5,0.0,215,163,35,43,88.0,0,0,215,0,0,0,0,0,0
046_Et_n_CO_H,S2_possible_overlap,1,0.5,0.2,215,163,32,35,89.0,0,11,204,0,11,0,11,0,0
046_Et_n_CO_H,S2_possible_overlap,1,0.5,0.5,215,163,15,15,95.0,0,32,183,0,32,0,32,0,0
046_Et_n_CO_H,S2_possible_overlap,1,1.0,0.0,215,163,35,49,85.0,0,0,215,0,0,0,0,0,0
046_Et_n_CO_H,S2_possible_overlap,1,1.0,0.2,215,163,32,40,86.0,0,10,205,0,10,0,10,0,0
046_Et_n_CO_H,S2_possible_overlap,1,1.0,0.5,215,163,15,15,95.0,0,41,174,0,41,0,41,0,0
046_Et_n_CO_H,S2_possible_overlap,1,2.0,0.0,215,163,35,62,78.0,0,0,215,0,0,0,0,0,0
046_Et_n_CO_H,S2_possible_overlap,1,2.0,0.2,215,163,32,52,79.0,0,15,200,0,15,0,15,0,0
046_Et_n_CO_H,S2_possible_overlap,1,2.0,0.5,215,163,15,26,80.0,0,45,170,0,45,0,45,0,0
046_Et_n_CO_H,S2_possible_overlap,3,0.5,0.0,215,161,35,43,88.0,0,0,215,0,0,0,0,0,0
046_Et_n_CO_H,S2_possible_overlap,3,0.5,0.2,215,161,32,35,89.0,0,11,204,0,11,0,11,0,0
046_Et_n_CO_H,S2_possible_overlap,3,0.5,0.5,215,161,15,15,95.0,0,32,183,0,32,0,32,0,0
046_Et_n_CO_H,S2_possible_overlap,3,1.0,0.0,215,161,35,49,85.0,0,0,215,0,0,0,0,0,0
046_Et_n_CO_H,S2_possible_overlap,3,1.0,0.2,215,161,32,40,86.0,0,10,205,0,10,0,10,0,0
046_Et_n_CO_H,S2_possible_overlap,3,1.0,0.5,215,161,15,15,95.0,0,41,174,0,41,0,41,0,0
046_Et_n_CO_H,S2_possible_overlap,3,2.0,0.0,215,161,35,60,80.0,0,0,215,0,0,0,0,0,0
046_Et_n_CO_H,S2_possible_overlap,3,2.0,0.2,215,161,32,51,80.0,0,15,200,0,15,0,15,0,0
046_Et_n_CO_H,S2_possible_overlap,3,2.0,0.5,215,161,15,26,80.0,0,45,170,0,45,0,45,0,0
046_Et_n_CO_H,S2_possible_overlap,5,0.5,0.0,215,159,35,43,88.0,0,0,215,0,0,0,0,0,0
046_Et_n_CO_H,S2_possible_overlap,5,0.5,0.2,215,159,32,35,89.0,0,11,204,0,11,0,11,0,0
046_Et_n_CO_H,S2_possible_overlap,5,0.5,0.5,215,159,15,15,95.0,0,32,183,0,32,0,32,0,0
046_Et_n_CO_H,S2_possible_overlap,5,1.0,0.0,215,159,35,49,85.0,0,0,215,0,0,0,0,0,0
046_Et_n_CO_H,S2_possible_overlap,5,1.0,0.2,215,159,32,40,86.0,0,10,205,0,10,0,10,0,0
046_Et_n_CO_H,S2_possible_overlap,5,1.0,0.5,215,159,15,15,95.0,0,41,174,0,41,0,41,0,0
046_Et_n_CO_H,S2_possible_overlap,5,2.0,0.0,215,159,35,58,82.0,0,0,215,0,0,0,0,0,0
046_Et_n_CO_H,S2_possible_overlap,5,2.0,0.2,215,159,32,49,82.0,0,15,200,0,15,0,15,0,0
046_Et_n_CO_H,S2_possible_overlap,5,2.0,0.5,215,159,15,24,82.0,0,45,170,0,45,0,45,0,0
051_Et_H_Me_H,S2_possible_overlap,1,0.5,0.0,215,161,35,43,88.0,0,0,215,0,0,0,0,0,0
051_Et_H_Me_H,S2_possible_overlap,1,0.5,0.2,215,161,32,35,89.0,0,11,204,0,11,0,11,0,0
051_Et_H_Me_H,S2_possible_overlap,1,0.5,0.5,215,161,15,15,95.0,0,32,183,0,32,0,32,0,0
051_Et_H_Me_H,S2_possible_overlap,1,1.0,0.0,215,161,35,49,85.0,0,0,215,0,0,0,0,0,0
051_Et_H_Me_H,S2_possible_overlap,1,1.0,0.2,215,161,32,40,86.0,0,10,205,0,10,0,10,0,0
051_Et_H_Me_H,S2_possible_overlap,1,1.0,0.5,215,161,15,15,95.0,0,41,174,0,41,0,41,0,0
051_Et_H_Me_H,S2_possible_overlap,1,2.0,0.0,215,161,35,60,80.0,0,0,215,0,0,0,0,0,0
051_Et_H_Me_H,S2_possible_overlap,1,2.0,0.2,215,161,32,51,80.0,0,15,200,0,15,0,15,0,0
051_Et_H_Me_H,S2_possible_overlap,1,2.0,0.5,215,161,15,26,80.0,0,45,170,0,45,0,45,0,0
051_Et_H_Me_H,S2_possible_overlap,3,0.5,0.0,215,159,35,43,88.0,0,0,215,0,0,0,0,0,0
051_Et_H_Me_H,S2_possible_overlap,3,0.5,0.2,215,159,32,35,89.0,0,11,204,0,11,0,11,0,0
051_Et_H_Me_H,S2_possible_overlap,3,0.5,0.5,215,159,15,15,95.0,0,32,183,0,32,0,32,0,0
051_Et_H_Me_H,S2_possible_overlap,3,1.0,0.0,215,159,35,49,85.0,0,0,215,0,0,0,0,0,0
051_Et_H_Me_H,S2_possible_overlap,3,1.0,0.2,215,159,32,40,86.0,0,10,205,0,10,0,10,0,0
051_Et_H_Me_H,S2_possible_overlap,3,1.0,0.5,215,159,15,15,95.0,0,41,174,0,41,0,41,0,0
051_Et_H_Me_H,S2_possible_overlap,3,2.0,0.0,215,159,35,58,82.0,0,0,215,0,0,0,0,0,0
051_Et_H_Me_H,S2_possible_overlap,3,2.0,0.2,215,159,32,49,82.0,0,15,200,0,15,0,15,0,0
051_Et_H_Me_H,S2_possible_overlap,3,2.0,0.5,215,159,15,24,82.0,0,45,170,0,45,0,45,0,0
051_Et_H_Me_H,S2_possible_overlap,5,0.5,0.0,215,157,35,43,88.0,0,0,215,0,0,0,0,0,0
051_Et_H_Me_H,S2_possible_overlap,5,0.5,0.2,215,157,32,35,89.0,0,11,204,0,11,0,11,0,0
051_Et_H_Me_H,S2_possible_overlap,5,0.5,0.5,215,157,15,15,95.0,0,32,183,0,32,0,32,0,0
051_Et_H_Me_H,S2_possible_overlap,5,1.0,0.0,215,157,35,49,85.0,0,0,215,0,0,0,0,0,0
051_Et_H_Me_H,S2_possible_overlap,5,1.0,0.2,215,157,32,40,86.0,0,10,205,0,10,0,10,0,0
051_Et_H_Me_H,S2_possible_overlap,5,1.0,0.5,215,157,15,15,95.0,0,41,174,0,41,0,41,0,0
051_Et_H_Me_H,S2_possible_overlap,5,2.0,0.0,215,157,35,56,84.0,0,0,215,0,0,0,0,0,0
051_Et_H_Me_H,S2_possible_overlap,5,2.0,0.2,215,157,32,47,84.0,0,15,200,0,15,0,15,0,0
051_Et_H_Me_H,S2_possible_overlap,5,2.0,0.5,215,157,15,22,85.0,0,45,170,0,45,0,45,0,0
053_Et_M_Me_H,S2_possible_overlap,1,0.5,0.0,215,159,35,43,88.0,0,0,215,0,0,0,0,0,0
053_Et_M_Me_H,S2_possible_overlap,1,0.5,0.2,215,159,32,35,89.0,0,11,204,0,11,0,11,0,0
053_Et_M_Me_H,S2_possible_overlap,1,0.5,0.5,215,159,15,15,95.0,0,32,183,0,32,0,32,0,0
053_Et_M_Me_H,S2_possible_overlap,1,1.0,0.0,215,159,35,49,85.0,0,0,215,0,0,0,0,0,0
053_Et_M_Me_H,S2_possible_overlap,1,1.0,0.2,215,159,32,40,86.0,0,10,205,0,10,0,10,0,0
053_Et_M_Me_H,S2_possible_overlap,1,1.0,0.5,215,159,15,15,95.0,0,41,174,0,41,0,41,0,0
053_Et_M_Me_H,S2_possible_overlap,1,2.0,0.0,215,159,35,58,82.0,0,0,215,0,0,0,0,0,0
053_Et_M_Me_H,S2_possible_overlap,1,2.0,0.2,215,159,32,49,82.0,0,15,200,0,15,0,15,0,0
053_Et_M_Me_H,S2_possible_overlap,1,2.0,0.5,215,159,15,24,82.0,0,45,170,0,45,0,45,0,0
053_Et_M_Me_H,S2_possible_overlap,3,0.5,0.0,215,157,35,43,88.0,0,0,215,0,0,0,0,0,0
053_Et_M_Me_H,S2_possible_overlap,3,0.5,0.2,215,157,32,35,89.0,0,11,204,0,11,0,11,0,0
053_Et_M_Me_H,S2_possible_overlap,3,0.5,0.5,215,157,15,15,95.0,0,32,183,0,32,0,32,0,0
053_Et_M_Me_H,S2_possible_overlap,3,1.0,0.0,215,157,35,49,85.0,0,0,215,0,0,0,0,0,0
053_Et_M_Me_H,S2_possible_overlap,3,1.0,0.2,215,157,32,40,86.0,0,10,205,0,10,0,10,0,0
053_Et_M_Me_H,S2_possible_overlap,3,1.0,0.5,215,157,15,15,95.0,0,41,174,0,41,0,41,0,0
053_Et_M_Me_H,S2_possible_overlap,3,2.0,0.0,215,157,35,56,84.0,0,0,215,0,0,0,0,0,0
053_Et_M_Me_H,S2_possible_overlap,3,2.0,0.2,215,157,32,47,84.0,0,15,200,0,15,0,15,0,0
053_Et_M_Me_H,S2_possible_overlap,3,2.0,0.5,215,157,15,22,85.0,0,45,170,0,45,0,45,0,0
053_Et_M_Me_H,S2_possible_overlap,5,0.5,0.0,215,155,35,43,88.0,0,0,215,0,0,0,0,0,0
053_Et_M_Me_H,S2_possible_overlap,5,0.5,0.2,215,155,32,35,89.0,0,11,204,0,11,0,11,0,0
053_Et_M_Me_H,S2_possible_overlap,5,0.5,0.5,215,155,15,15,95.0,0,32,183,0,32,0,32,0,0
053_Et_M_Me_H,S2_possible_overlap,5,1.0,0.0,215,155,35,48,86.0,0,0,215,0,0,0,0,0,0
053_Et_M_Me_H,S2_possible_overlap,5,1.0,0.2,215,155,32,40,86.0,0,10,205,0,10,0,10,0,0
053_Et_M_Me_H,S2_possible_overlap,5,1.0,0.5,215,155,15,15,95.0,0,41,174,0,41,0,41,0,0
053_Et_M_Me_H,S2_possible_overlap,5,2.0,0.0,215,155,35,54,86.0,0,0,215,0,0,0,0,0,0
053_Et_M_Me_H,S2_possible_overlap,5,2.0,0.2,215,155,32,45,86.0,0,15,200,0,15,0,15,0,0
053_Et_M_Me_H,S2_possible_overlap,5,2.0,0.5,215,155,15,21,87.0,0,45,170,0,45,0,45,0,0
054_Et_M_CO_L,S2_possible_overlap,1,0.5,0.0,215,161,35,43,88.0,0,0,215,0,0,0,0,0,0
054_Et_M_CO_L,S2_possible_overlap,1,0.5,0.2,215,161,32,35,89.0,0,11,204,0,11,0,11,0,0
054_Et_M_CO_L,S2_possible_overlap,1,0.5,0.5,215,161,15,15,95.0,0,32,183,0,32,0,32,0,0
054_Et_M_CO_L,S2_possible_overlap,1,1.0,0.0,215,161,35,49,85.0,0,0,215,0,0,0,0,0,0
054_Et_M_CO_L,S2_possible_overlap,1,1.0,0.2,215,161,32,40,86.0,0,10,205,0,10,0,10,0,0
054_Et_M_CO_L,S2_possible_overlap,1,1.0,0.5,215,161,15,15,95.0,0,41,174,0,41,0,41,0,0
054_Et_M_CO_L,S2_possible_overlap,1,2.0,0.0,215,161,35,60,80.0,0,0,215,0,0,0,0,0,0
054_Et_M_CO_L,S2_possible_overlap,1,2.0,0.2,215,161,32,51,80.0,0,15,200,0,15,0,15,0,0
054_Et_M_CO_L,S2_possible_overlap,1,2.0,0.5,215,161,15,26,80.0,0,45,170,0,45,0,45,0,0
054_Et_M_CO_L,S2_possible_overlap,3,0.5,0.0,215,159,35,43,88.0,0,0,215,0,0,0,0,0,0
054_Et_M_CO_L,S2_possible_overlap,3,0.5,0.2,215,159,32,35,89.0,0,11,204,0,11,0,11,0,0
054_Et_M_CO_L,S2_possible_overlap,3,0.5,0.5,215,159,15,15,95.0,0,32,183,0,32,0,32,0,0
054_Et_M_CO_L,S2_possible_overlap,3,1.0,0.0,215,159,35,49,85.0,0,0,215,0,0,0,0,0,0
054_Et_M_CO_L,S2_possible_overlap,3,1.0,0.2,215,159,32,40,86.0,0,10,205,0,10,0,10,0,0
054_Et_M_CO_L,S2_possible_overlap,3,1.0,0.5,215,159,15,15,95.0,0,41,174,0,41,0,41,0,0
054_Et_M_CO_L,S2_possible_overlap,3,2.0,0.0,215,159,35,58,82.0,0,0,215,0,0,0,0,0,0
054_Et_M_CO_L,S2_possible_overlap,3,2.0,0.2,215,159,32,49,82.0,0,15,200,0,15,0,15,0,0
054_Et_M_CO_L,S2_possible_overlap,3,2.0,0.5,215,159,15,24,82.0,0,45,170,0,45,0,45,0,0
054_Et_M_CO_L,S2_possible_overlap,5,0.5,0.0,215,157,35,43,88.0,0,0,215,0,0,0,0,0,0
054_Et_M_CO_L,S2_possible_overlap,5,0.5,0.2,215,157,32,35,89.0,0,11,204,0,11,0,11,0,0
054_Et_M_CO_L,S2_possible_overlap,5,0.5,0.5,215,157,15,15,95.0,0,32,183,0,32,0,32,0,0
054_Et_M_CO_L,S2_possible_overlap,5,1.0,0.0,215,157,35,49,85.0,0,0,215,0,0,0,0,0,0
054_Et_M_CO_L,S2_possible_overlap,5,1.0,0.2,215,157,32,40,86.0,0,10,205,0,10,0,10,0,0
054_Et_M_CO_L,S2_possible_overlap,5,1.0,0.5,215,157,15,15,95.0,0,41,174,0,41,0,41,0,0
054_Et_M_CO_L,S2_possible_overlap,5,2.0,0.0,215,157,35,56,84.0,0,0,215,0,0,0,0,0,0
054_Et_M_CO_L,S2_possible_overlap,5,2.0,0.2,215,157,32,47,84.0,0,15,200,0,15,0,15,0,0
054_Et_M_CO_L,S2_possible_overlap,5,2.0,0.5,215,157,15,22,85.0,0,45,170,0,45,0,45,0,0
058_Et_M_CO_H,S2_possible_overlap,1,0.5,0.0,215,162,35,43,88.0,0,0,215,0,0,0,0,0,0
058_Et_M_CO_H,S2_possible_overlap,1,0.5,0.2,215,162,32,35,89.0,0,11,204,0,11,0,11,0,0
058_Et_M_CO_H,S2_possible_overlap,1,0.5,0.5,215,162,15,15,95.0,0,32,183,0,32,0,32,0,0
058_Et_M_CO_H,S2_possible_overlap,1,1.0,0.0,215,162,35,49,85.0,0,0,215,0,0,0,0,0,0
058_Et_M_CO_H,S2_possible_overlap,1,1.0,0.2,215,162,32,40,86.0,0,10,205,0,10,0,10,0,0
058_Et_M_CO_H,S2_possible_overlap,1,1.0,0.5,215,162,15,15,95.0,0,41,174,0,41,0,41,0,0
058_Et_M_CO_H,S2_possible_overlap,1,2.0,0.0,215,162,35,61,79.0,0,0,215,0,0,0,0,0,0
058_Et_M_CO_H,S2_possible_overlap,1,2.0,0.2,215,162,32,52,79.0,0,15,200,0,15,0,15,0,0
058_Et_M_CO_H,S2_possible_overlap,1,2.0,0.5,215,162,15,26,80.0,0,45,170,0,45,0,45,0,0
058_Et_M_CO_H,S2_possible_overlap,3,0.5,0.0,215,160,35,43,88.0,0,0,215,0,0,0,0,0,0
058_Et_M_CO_H,S2_possible_overlap,3,0.5,0.2,215,160,32,35,89.0,0,11,204,0,11,0,11,0,0
058_Et_M_CO_H,S2_possible_overlap,3,0.5,0.5,215,160,15,15,95.0,0,32,183,0,32,0,32,0,0
058_Et_M_CO_H,S2_possible_overlap,3,1.0,0.0,215,160,35,49,85.0,0,0,215,0,0,0,0,0,0
058_Et_M_CO_H,S2_possible_overlap,3,1.0,0.2,215,160,32,40,86.0,0,10,205,0,10,0,10,0,0
058_Et_M_CO_H,S2_possible_overlap,3,1.0,0.5,215,160,15,15,95.0,0,41,174,0,41,0,41,0,0
058_Et_M_CO_H,S2_possible_overlap,3,2.0,0.0,215,160,35,59,81.0,0,0,215,0,0,0,0,0,0
058_Et_M_CO_H,S2_possible_overlap,3,2.0,0.2,215,160,32,50,81.0,0,15,200,0,15,0,15,0,0
058_Et_M_CO_H,S2_possible_overlap,3,2.0,0.5,215,160,15,25,81.0,0,45,170,0,45,0,45,0,0
058_Et_M_CO_H,S2_possible_overlap,5,0.5,0.0,215,158,35,43,88.0,0,0,215,0,0,0,0,0,0
058_Et_M_CO_H,S2_possible_overlap,5,0.5,0.2,215,158,32,35,89.0,0,11,204,0,11,0,11,0,0
058_Et_M_CO_H,S2_possible_overlap,5,0.5,0.5,215,158,15,15,95.0,0,32,183,0,32,0,32,0,0
058_Et_M_CO_H,S2_possible_overlap,5,1.0,0.0,215,158,35,49,85.0,0,0,215,0,0,0,0,0,0
058_Et_M_CO_H,S2_possible_overlap,5,1.0,0.2,215,158,32,40,86.0,0,10,205,0,10,0,10,0,0
058_Et_M_CO_H,S2_possible_overlap,5,1.0,0.5,215,158,15,15,95.0,0,41,174,0,41,0,41,0,0
058_Et_M_CO_H,S2_possible_overlap,5,2.0,0.0,215,158,35,57,83.0,0,0,215,0,0,0,0,0,0
058_Et_M_CO_H,S2_possible_overlap,5,2.0,0.2,215,158,32,48,83.0,0,15,200,0,15,0,15,0,0
058_Et_M_CO_H,S2_possible_overlap,5,2.0,0.5,215,158,15,23,83.0,0,45,170,0,45,0,45,0,0
061_Et_M_Me_n,S2_possible_overlap,1,0.5,0.0,215,160,35,43,88.0,0,0,215,0,0,0,0,0,0
061_Et_M_Me_n,S2_possible_overlap,1,0.5,0.2,215,160,32,35,89.0,0,11,204,0,11,0,11,0,0
061_Et_M_Me_n,S2_possible_overlap,1,0.5,0.5,215,160,15,15,95.0,0,32,183,0,32,0,32,0,0
061_Et_M_Me_n,S2_possible_overlap,1,1.0,0.0,215,160,35,49,85.0,0,0,215,0,0,0,0,0,0
061_Et_M_Me_n,S2_possible_overlap,1,1.0,0.2,215,160,32,40,86.0,0,10,205,0,10,0,10,0,0
061_Et_M_Me_n,S2_possible_overlap,1,1.0,0.5,215,160,15,15,95.0,0,41,174,0,41,0,41,0,0
061_Et_M_Me_n,S2_possible_overlap,1,2.0,0.0,215,160,35,59,81.0,0,0,215,0,0,0,0,0,0
061_Et_M_Me_n,S2_possible_overlap,1,2.0,0.2,215,160,32,50,81.0,0,15,200,0,15,0,15,0,0
061_Et_M_Me_n,S2_possible_overlap,1,2.0,0.5,215,160,15,25,81.0,0,45,170,0,45,0,45,0,0
061_Et_M_Me_n,S2_possible_overlap,3,0.5,0.0,215,158,35,43,88.0,0,0,215,0,0,0,0,0,0
061_Et_M_Me_n,S2_possible_overlap,3,0.5,0.2,215,158,32,35,89.0,0,11,204,0,11,0,11,0,0
061_Et_M_Me_n,S2_possible_overlap,3,0.5,0.5,215,158,15,15,95.0,0,32,183,0,32,0,32,0,0
061_Et_M_Me_n,S2_possible_overlap,3,1.0,0.0,215,158,35,49,85.0,0,0,215,0,0,0,0,0,0
061_Et_M_Me_n,S2_possible_overlap,3,1.0,0.2,215,158,32,40,86.0,0,10,205,0,10,0,10,0,0
061_Et_M_Me_n,S2_possible_overlap,3,1.0,0.5,215,158,15,15,95.0,0,41,174,0,41,0,41,0,0
061_Et_M_Me_n,S2_possible_overlap,3,2.0,0.0,215,158,35,57,83.0,0,0,215,0,0,0,0,0,0
061_Et_M_Me_n,S2_possible_overlap,3,2.0,0.2,215,158,32,48,83.0,0,15,200,0,15,0,15,0,0
061_Et_M_Me_n,S2_possible_overlap,3,2.0,0.5,215,158,15,23,83.0,0,45,170,0,45,0,45,0,0
061_Et_M_Me_n,S2_possible_overlap,5,0.5,0.0,215,156,35,43,88.0,0,0,215,0,0,0,0,0,0
061_Et_M_Me_n,S2_possible_overlap,5,0.5,0.2,215,156,32,35,89.0,0,11,204,0,11,0,11,0,0
061_Et_M_Me_n,S2_possible_overlap,5,0.5,0.5,215,156,15,15,95.0,0,32,183,0,32,0,32,0,0
061_Et_M_Me_n,S2_possible_overlap,5,1.0,0.0,215,156,35,49,85.0,0,0,215,0,0,0,0,0,0
061_Et_M_Me_n,S2_possible_overlap,5,1.0,0.2,215,156,32,40,86.0,0,10,205,0,10,0,10,0,0
061_Et_M_Me_n,S2_possible_overlap,5,1.0,0.5,215,156,15,15,95.0,0,41,174,0,41,0,41,0,0
061_Et_M_Me_n,S2_possible_overlap,5,2.0,0.0,215,156,35,55,85.0,0,0,215,0,0,0,0,0,0
061_Et_M_Me_n,S2_possible_overlap,5,2.0,0.2,215,156,32,46,85.0,0,15,200,0,15,0,15,0,0
061_Et_M_Me_n,S2_possible_overlap,5,2.0,0.5,215,156,15,22,85.0,0,45,170,0,45,0,45,0,0
062_Et_n_CO_L,S2_possible_overlap,1,0.5,0.0,215,153,35,43,88.0,0,0,215,0,0,0,0,0,0
062_Et_n_CO_L,S2_possible_overlap,1,0.5,0.2,215,153,32,35,89.0,0,11,204,0,11,0,11,0,0
062_Et_n_CO_L,S2_possible_overlap,1,0.5,0.5,215,153,15,15,95.0,0,32,183,0,32,0,32,0,0
062_Et_n_CO_L,S2_possible_overlap,1,1.0,0.0,215,153,35,46,88.0,0,0,215,0,0,0,0,0,0
062_Et_n_CO_L,S2_possible_overlap,1,1.0,0.2,215,153,32,38,88.0,0,10,205,0,10,0,10,0,0
062_Et_n_CO_L,S2_possible_overlap,1,1.0,0.5,215,153,15,15,95.0,0,41,174,0,41,0,41,0,0
062_Et_n_CO_L,S2_possible_overlap,1,2.0,0.0,215,153,35,52,88.0,0,0,215,0,0,0,0,0,0
062_Et_n_CO_L,S2_possible_overlap,1,2.0,0.2,215,153,32,43,88.0,0,15,200,0,15,0,15,0,0
062_Et_n_CO_L,S2_possible_overlap,1,2.0,0.5,215,153,15,20,95.0,0,45,170,0,45,0,45,0,0
062_Et_n_CO_L,S2_possible_overlap,3,0.5,0.0,215,151,35,41,90.0,0,0,215,0,0,0,0,0,0
062_Et_n_CO_L,S2_possible_overlap,3,0.5,0.2,215,151,32,34,91.0,0,11,204,0,11,0,11,0,0
062_Et_n_CO_L,S2_possible_overlap,3,0.5,0.5,215,151,15,15,95.0,0,32,183,0,32,0,32,0,0
062_Et_n_CO_L,S2_possible_overlap,3,1.0,0.0,215,151,35,44,90.0,0,0,215,0,0,0,0,0,0
062_Et_n_CO_L,S2_possible_overlap,3,1.0,0.2,215,151,32,36,91.0,0,10,205,0,10,0,10,0,0
062_Et_n_CO_L,S2_possible_overlap,3,1.0,0.5,215,151,15,15,95.0,0,41,174,0,41,0,41,0,0
062_Et_n_CO_L,S2_possible_overlap,3,2.0,0.0,215,151,35,50,90.0,0,0,215,0,0,0,0,0,0
062_Et_n_CO_L,S2_possible_overlap,3,2.0,0.2,215,151,32,41,91.0,0,15,200,0,15,0,15,0,0
062_Et_n_CO_L,S2_possible_overlap,3,2.0,0.5,215,151,15,20,95.0,0,45,170,0,45,0,45,0,0
062_Et_n_CO_L,S2_possible_overlap,5,0.5,0.0,215,149,35,39,92.0,0,0,215,0,0,0,0,0,0
062_Et_n_CO_L,S2_possible_overlap,5,0.5,0.2,215,149,32,33,95.0,0,11,204,0,11,0,11,0,0
062_Et_n_CO_L,S2_possible_overlap,5,0.5,0.5,215,149,15,15,95.0,0,32,183,0,32,0,32,0,0
062_Et_n_CO_L,S2_possible_overlap,5,1.0,0.0,215,149,35,42,92.0,0,0,215,0,0,0,0,0,0
062_Et_n_CO_L,S2_possible_overlap,5,1.0,0.2,215,149,32,35,95.0,0,10,205,0,10,0,10,0,0
062_Et_n_CO_L,S2_possible_overlap,5,1.0,0.5,215,149,15,15,95.0,0,41,174,0,41,0,41,0,0
062_Et_n_CO_L,S2_possible_overlap,5,2.0,0.0,215,149,35,48,92.0,0,0,215,0,0,0,0,0,0
062_Et_n_CO_L,S2_possible_overlap,5,2.0,0.2,215,149,32,40,95.0,0,15,200,0,15,0,15,0,0
062_Et_n_CO_L,S2_possible_overlap,5,2.0,0.5,215,149,15,20,95.0,0,45,170,0,45,0,45,0,0
070_Et_L_CO_H,S2_possible_overlap,1,0.5,0.0,215,159,35,43,88.0,0,0,215,0,0,0,0,0,0
070_Et_L_CO_H,S2_possible_overlap,1,0.5,0.2,215,159,32,35,89.0,0,11,204,0,11,0,11,0,0
070_Et_L_CO_H,S2_possible_overlap,1,0.5,0.5,215,159,15,15,95.0,0,32,183,0,32,0,32,0,0
070_Et_L_CO_H,S2_possible_overlap,1,1.0,0.0,215,159,35,49,85.0,0,0,215,0,0,0,0,0,0
070_Et_L_CO_H,S2_possible_overlap,1,1.0,0.2,215,159,32,40,86.0,0,10,205,0,10,0,10,0,0
070_Et_L_CO_H,S2_possible_overlap,1,1.0,0.5,215,159,15,15,95.0,0,41,174,0,41,0,41,0,0
070_Et_L_CO_H,S2_possible_overlap,1,2.0,0.0,215,159,35,58,82.0,0,0,215,0,0,0,0,0,0
070_Et_L_CO_H,S2_possible_overlap,1,2.0,0.2,215,159,32,49,82.0,0,15,200,0,15,0,15,0,0
070_Et_L_CO_H,S2_possible_overlap,1,2.0,0.5,215,159,15,24,82.0,0,45,170,0,45,0,45,0,0
070_Et_L_CO_H,S2_possible_overlap,3,0.5,0.0,215,157,35,43,88.0,0,0,215,0,0,0,0,0,0
070_Et_L_CO_H,S2_possible_overlap,3,0.5,0.2,215,157,32,35,89.0,0,11,204,0,11,0,11,0,0
070_Et_L_CO_H,S2_possible_overlap,3,0.5,0.5,215,157,15,15,95.0,0,32,183,0,32,0,32,0,0
070_Et_L_CO_H,S2_possible_overlap,3,1.0,0.0,215,157,35,49,85.0,0,0,215,0,0,0,0,0,0
070_Et_L_CO_H,S2_possible_overlap,3,1.0,0.2,215,157,32,40,86.0,0,10,205,0,10,0,10,0,0
070_Et_L_CO_H,S2_possible_overlap,3,1.0,0.5,215,157,15,15,95.0,0,41,174,0,41,0,41,0,0
070_Et_L_CO_H,S2_possible_overlap,3,2.0,0.0,215,157,35,56,84.0,0,0,215,0,0,0,0,0,0
070_Et_L_CO_H,S2_possible_overlap,3,2.0,0.2,215,157,32,47,84.0,0,15,200,0,15,0,15,0,0
070_Et_L_CO_H,S2_possible_overlap,3,2.0,0.5,215,157,15,22,85.0,0,45,170,0,45,0,45,0,0
070_Et_L_CO_H,S2_possible_overlap,5,0.5,0.0,215,155,35,43,88.0,0,0,215,0,0,0,0,0,0
070_Et_L_CO_H,S2_possible_overlap,5,0.5,0.2,215,155,32,35,89.0,0,11,204,0,11,0,11,0,0
070_Et_L_CO_H,S2_possible_overlap,5,0.5,0.5,215,155,15,15,95.0,0,32,183,0,32,0,32,0,0
070_Et_L_CO_H,S2_possible_overlap,5,1.0,0.0,215,155,35,48,86.0,0,0,215,0,0,0,0,0,0
070_Et_L_CO_H,S2_possible_overlap,5,1.0,0.2,215,155,32,40,86.0,0,10,205,0,10,0,10,0,0
070_Et_L_CO_H,S2_possible_overlap,5,1.0,0.5,215,155,15,15,95.0,0,41,174,0,41,0,41,0,0
070_Et_L_CO_H,S2_possible_overlap,5,2.0,0.0,215,155,35,54,86.0,0,0,215,0,0,0,0,0,0
070_Et_L_CO_H,S2_possible_overlap,5,2.0,0.2,215,155,32,45,86.0,0,15,200,0,15,0,15,0,0
070_Et_L_CO_H,S2_possible_overlap,5,2.0,0.5,215,155,15,21,87.0,0,45,170,0,45,0,45,0,0
074_Et_H_CO_L,S2_possible_overlap,1,0.5,0.0,215,163,35,43,88.0,0,0,215,0,0,0,0,0,0
074_Et_H_CO_L,S2_possible_overlap,1,0.5,0.2,215,163,32,35,89.0,0,11,204,0,11,0,11,0,0
074_Et_H_CO_L,S2_possible_overlap,1,0.5,0.5,215,163,15,15,95.0,0,32,183,0,32,0,32,0,0
074_Et_H_CO_L,S2_possible_overlap,1,1.0,0.0,215,163,35,49,85.0,0,0,215,0,0,0,0,0,0
074_Et_H_CO_L,S2_possible_overlap,1,1.0,0.2,215,163,32,40,86.0,0,10,205,0,10,0,10,0,0
074_Et_H_CO_L,S2_possible_overlap,1,1.0,0.5,215,163,15,15,95.0,0,41,174,0,41,0,41,0,0
074_Et_H_CO_L,S2_possible_overlap,1,2.0,0.0,215,163,35,62,78.0,0,0,215,0,0,0,0,0,0
074_Et_H_CO_L,S2_possible_overlap,1,2.0,0.2,215,163,32,52,79.0,0,15,200,0,15,0,15,0,0
074_Et_H_CO_L,S2_possible_overlap,1,2.0,0.5,215,163,15,26,80.0,0,45,170,0,45,0,45,0,0
074_Et_H_CO_L,S2_possible_overlap,3,0.5,0.0,215,161,35,43,88.0,0,0,215,0,0,0,0,0,0
074_Et_H_CO_L,S2_possible_overlap,3,0.5,0.2,215,161,32,35,89.0,0,11,204,0,11,0,11,0,0
074_Et_H_CO_L,S2_possible_overlap,3,0.5,0.5,215,161,15,15,95.0,0,32,183,0,32,0,32,0,0
074_Et_H_CO_L,S2_possible_overlap,3,1.0,0.0,215,161,35,49,85.0,0,0,215,0,0,0,0,0,0
074_Et_H_CO_L,S2_possible_overlap,3,1.0,0.2,215,161,32,40,86.0,0,10,205,0,10,0,10,0,0
074_Et_H_CO_L,S2_possible_overlap,3,1.0,0.5,215,161,15,15,95.0,0,41,174,0,41,0,41,0,0
074_Et_H_CO_L,S2_possible_overlap,3,2.0,0.0,215,161,35,60,80.0,0,0,215,0,0,0,0,0,0
074_Et_H_CO_L,S2_possible_overlap,3,2.0,0.2,215,161,32,51,80.0,0,15,200,0,15,0,15,0,0
074_Et_H_CO_L,S2_possible_overlap,3,2.0,0.5,215,161,15,26,80.0,0,45,170,0,45,0,45,0,0
074_Et_H_CO_L,S2_possible_overlap,5,0.5,0.0,215,159,35,43,88.0,0,0,215,0,0,0,0,0,0
074_Et_H_CO_L,S2_possible_overlap,5,0.5,0.2,215,159,32,35,89.0,0,11,204,0,11,0,11,0,0
074_Et_H_CO_L,S2_possible_overlap,5,0.5,0.5,215,159,15,15,95.0,0,32,183,0,32,0,32,0,0
074_Et_H_CO_L,S2_possible_overlap,5,1.0,0.0,215,159,35,49,85.0,0,0,215,0,0,0,0,0,0
074_Et_H_CO_L,S2_possible_overlap,5,1.0,0.2,215,159,32,40,86.0,0,10,205,0,10,0,10,0,0
074_Et_H_CO_L,S2_possible_overlap,5,1.0,0.5,215,159,15,15,95.0,0,41,174,0,41,0,41,0,0
074_Et_H_CO_L,S2_possible_overlap,5,2.0,0.0,215,159,35,58,82.0,0,0,215,0,0,0,0,0,0
074_Et_H_CO_L,S2_possible_overlap,5,2.0,0.2,215,159,32,49,82.0,0,15,200,0,15,0,15,0,0
074_Et_H_CO_L,S2_possible_overlap,5,2.0,0.5,215,159,15,24,82.0,0,45,170,0,45,0,45,0,0
079_Et_L_Me_n,S2_possible_overlap,1,0.5,0.0,215,155,35,43,88.0,0,0,215,0,0,0,0,0,0
079_Et_L_Me_n,S2_possible_overlap,1,0.5,0.2,215,155,32,35,89.0,0,11,204,0,11,0,11,0,0
079_Et_L_Me_n,S2_possible_overlap,1,0.5,0.5,215,155,15,15,95.0,0,32,183,0,32,0,32,0,0
079_Et_L_Me_n,S2_possible_overlap,1,1.0,0.0,215,155,35,48,86.0,0,0,215,0,0,0,0,0,0
079_Et_L_Me_n,S2_possible_overlap,1,1.0,0.2,215,155,32,40,86.0,0,10,205,0,10,0,10,0,0
079_Et_L_Me_n,S2_possible_overlap,1,1.0,0.5,215,155,15,15,95.0,0,41,174,0,41,0,41,0,0
079_Et_L_Me_n,S2_possible_overlap,1,2.0,0.0,215,155,35,54,86.0,0,0,215,0,0,0,0,0,0
079_Et_L_Me_n,S2_possible_overlap,1,2.0,0.2,215,155,32,45,86.0,0,15,200,0,15,0,15,0,0
079_Et_L_Me_n,S2_possible_overlap,1,2.0,0.5,215,155,15,21,87.0,0,45,170,0,45,0,45,0,0
079_Et_L_Me_n,S2_possible_overlap,3,0.5,0.0,215,153,35,43,88.0,0,0,215,0,0,0,0,0,0
079_Et_L_Me_n,S2_possible_overlap,3,0.5,0.2,215,153,32,35,89.0,0,11,204,0,11,0,11,0,0
079_Et_L_Me_n,S2_possible_overlap,3,0.5,0.5,215,153,15,15,95.0,0,32,183,0,32,0,32,0,0
079_Et_L_Me_n,S2_possible_overlap,3,1.0,0.0,215,153,35,46,88.0,0,0,215,0,0,0,0,0,0
079_Et_L_Me_n,S2_possible_overlap,3,1.0,0.2,215,153,32,38,88.0,0,10,205,0,10,0,10,0,0
079_Et_L_Me_n,S2_possible_overlap,3,1.0,0.5,215,153,15,15,95.0,0,41,174,0,41,0,41,0,0
079_Et_L_Me_n,S2_possible_overlap,3,2.0,0.0,215,153,35,52,88.0,0,0,215,0,0,0,0,0,0
079_Et_L_Me_n,S2_possible_overlap,3,2.0,0.2,215,153,32,43,88.0,0,15,200,0,15,0,15,0,0
079_Et_L_Me_n,S2_possible_overlap,3,2.0,0.5,215,153,15,20,95.0,0,45,170,0,45,0,45,0,0
079_Et_L_Me_n,S2_possible_overlap,5,0.5,0.0,215,151,35,41,90.0,0,0,215,0,0,0,0,0,0
079_Et_L_Me_n,S2_possible_overlap,5,0.5,0.2,215,151,32,34,91.0,0,11,204,0,11,0,11,0,0
079_Et_L_Me_n,S2_possible_overlap,5,0.5,0.5,215,151,15,15,95.0,0,32,183,0,32,0,32,0,0
079_Et_L_Me_n,S2_possible_overlap,5,1.0,0.0,215,151,35,44,90.0,0,0,215,0,0,0,0,0,0
079_Et_L_Me_n,S2_possible_overlap,5,1.0,0.2,215,151,32,36,91.0,0,10,205,0,10,0,10,0,0
079_Et_L_Me_n,S2_possible_overlap,5,1.0,0.5,215,151,15,15,95.0,0,41,174,0,41,0,41,0,0
079_Et_L_Me_n,S2_possible_overlap,5,2.0,0.0,215,151,35,50,90.0,0,0,215,0,0,0,0,0,0
079_Et_L_Me_n,S2_possible_overlap,5,2.0,0.2,215,151,32,41,91.0,0,15,200,0,15,0,15,0,0
079_Et_L_Me_n,S2_possible_overlap,5,2.0,0.5,215,151,15,20,95.0,0,45,170,0,45,0,45,0,0
082_Et_L_CO_L,S2_possible_overlap,1,0.5,0.0,215,158,35,43,88.0,0,0,215,0,0,0,0,0,0
082_Et_L_CO_L,S2_possible_overlap,1,0.5,0.2,215,158,32,35,89.0,0,11,204,0,11,0,11,0,0
082_Et_L_CO_L,S2_possible_overlap,1,0.5,0.5,215,158,15,15,95.0,0,32,183,0,32,0,32,0,0
082_Et_L_CO_L,S2_possible_overlap,1,1.0,0.0,215,158,35,49,85.0,0,0,215,0,0,0,0,0,0
082_Et_L_CO_L,S2_possible_overlap,1,1.0,0.2,215,158,32,40,86.0,0,10,205,0,10,0,10,0,0
082_Et_L_CO_L,S2_possible_overlap,1,1.0,0.5,215,158,15,15,95.0,0,41,174,0,41,0,41,0,0
082_Et_L_CO_L,S2_possible_overlap,1,2.0,0.0,215,158,35,57,83.0,0,0,215,0,0,0,0,0,0
082_Et_L_CO_L,S2_possible_overlap,1,2.0,0.2,215,158,32,48,83.0,0,15,200,0,15,0,15,0,0
082_Et_L_CO_L,S2_possible_overlap,1,2.0,0.5,215,158,15,23,83.0,0,45,170,0,45,0,45,0,0
082_Et_L_CO_L,S2_possible_overlap,3,0.5,0.0,215,156,35,43,88.0,0,0,215,0,0,0,0,0,0
082_Et_L_CO_L,S2_possible_overlap,3,0.5,0.2,215,156,32,35,89.0,0,11,204,0,11,0,11,0,0
082_Et_L_CO_L,S2_possible_overlap,3,0.5,0.5,215,156,15,15,95.0,0,32,183,0,32,0,32,0,0
082_Et_L_CO_L,S2_possible_overlap,3,1.0,0.0,215,156,35,49,85.0,0,0,215,0,0,0,0,0,0
082_Et_L_CO_L,S2_possible_overlap,3,1.0,0.2,215,156,32,40,86.0,0,10,205,0,10,0,10,0,0
082_Et_L_CO_L,S2_possible_overlap,3,1.0,0.5,215,156,15,15,95.0,0,41,174,0,41,0,41,0,0
082_Et_L_CO_L,S2_possible_overlap,3,2.0,0.0,215,156,35,55,85.0,0,0,215,0,0,0,0,0,0
082_Et_L_CO_L,S2_possible_overlap,3,2.0,0.2,215,156,32,46,85.0,0,15,200,0,15,0,15,0,0
082_Et_L_CO_L,S2_possible_overlap,3,2.0,0.5,215,156,15,22,85.0,0,45,170,0,45,0,45,0,0
082_Et_L_CO_L,S2_possible_overlap,5,0.5,0.0,215,154,35,43,88.0,0,0,215,0,0,0,0,0,0
082_Et_L_CO_L,S2_possible_overlap,5,0.5,0.2,215,154,32,35,89.0,0,11,204,0,11,0,11,0,0
082_Et_L_CO_L,S2_possible_overlap,5,0.5,0.5,215,154,15,15,95.0,0,32,183,0,32,0,32,0,0
082_Et_L_CO_L,S2_possible_overlap,5,1.0,0.0,215,154,35,47,87.0,0,0,215,0,0,0,0,0,0
082_Et_L_CO_L,S2_possible_overlap,5,1.0,0.2,215,154,32,39,87.0,0,10,205,0,10,0,10,0,0
082_Et_L_CO_L,S2_possible_overlap,5,1.0,0.5,215,154,15,15,95.0,0,41,174,0,41,0,41,0,0
082_Et_L_CO_L,S2_possible_overlap,5,2.0,0.0,215,154,35,53,87.0,0,0,215,0,0,0,0,0,0
082_Et_L_CO_L,S2_possible_overlap,5,2.0,0.2,215,154,32,44,87.0,0,15,200,0,15,0,15,0,0
082_Et_L_CO_L,S2_possible_overlap,5,2.0,0.5,215,154,15,21,87.0,0,45,170,0,45,0,45,0,0
083_Et_H_Me_H,S2_possible_overlap,1,0.5,0.0,215,161,35,43,88.0,0,0,215,0,0,0,0,0,0
083_Et_H_Me_H,S2_possible_overlap,1,0.5,0.2,215,161,32,35,89.0,0,11,204,0,11,0,11,0,0
083_Et_H_Me_H,S2_possible_overlap,1,0.5,0.5,215,161,15,15,95.0,0,32,183,0,32,0,32,0,0
083_Et_H_Me_H,S2_possible_overlap,1,1.0,0.0,215,161,35,49,85.0,0,0,215,0,0,0,0,0,0
083_Et_H_Me_H,S2_possible_overlap,1,1.0,0.2,215,161,32,40,86.0,0,10,205,0,10,0,10,0,0
083_Et_H_Me_H,S2_possible_overlap,1,1.0,0.5,215,161,15,15,95.0,0,41,174,0,41,0,41,0,0
083_Et_H_Me_H,S2_possible_overlap,1,2.0,0.0,215,161,35,60,80.0,0,0,215,0,0,0,0,0,0
083_Et_H_Me_H,S2_possible_overlap,1,2.0,0.2,215,161,32,51,80.0,0,15,200,0,15,0,15,0,0
083_Et_H_Me_H,S2_possible_overlap,1,2.0,0.5,215,161,15,26,80.0,0,45,170,0,45,0,45,0,0
083_Et_H_Me_H,S2_possible_overlap,3,0.5,0.0,215,159,35,43,88.0,0,0,215,0,0,0,0,0,0
083_Et_H_Me_H,S2_possible_overlap,3,0.5,0.2,215,159,32,35,89.0,0,11,204,0,11,0,11,0,0
083_Et_H_Me_H,S2_possible_overlap,3,0.5,0.5,215,159,15,15,95.0,0,32,183,0,32,0,32,0,0
083_Et_H_Me_H,S2_possible_overlap,3,1.0,0.0,215,159,35,49,85.0,0,0,215,0,0,0,0,0,0
083_Et_H_Me_H,S2_possible_overlap,3,1.0,0.2,215,159,32,40,86.0,0,10,205,0,10,0,10,0,0
083_Et_H_Me_H,S2_possible_overlap,3,1.0,0.5,215,159,15,15,95.0,0,41,174,0,41,0,41,0,0
083_Et_H_Me_H,S2_possible_overlap,3,2.0,0.0,215,159,35,58,82.0,0,0,215,0,0,0,0,0,0
083_Et_H_Me_H,S2_possible_overlap,3,2.0,0.2,215,159,32,49,82.0,0,15,200,0,15,0,15,0,0
083_Et_H_Me_H,S2_possible_overlap,3,2.0,0.5,215,159,15,24,82.0,0,45,170,0,45,0,45,0,0
083_Et_H_Me_H,S2_possible_overlap,5,0.5,0.0,215,157,35,43,88.0,0,0,215,0,0,0,0,0,0
083_Et_H_Me_H,S2_possible_overlap,5,0.5,0.2,215,157,32,35,89.0,0,11,204,0,11,0,11,0,0
083_Et_H_Me_H,S2_possible_overlap,5,0.5,0.5,215,157,15,15,95.0,0,32,183,0,32,0,32,0,0
083_Et_H_Me_H,S2_possible_overlap,5,1.0,0.0,215,157,35,49,85.0,0,0,215,0,0,0,0,0,0
083_Et_H_Me_H,S2_possible_overlap,5,1.0,0.2,215,157,32,40,86.0,0,10,205,0,10,0,10,0,0
083_Et_H_Me_H,S2_possible_overlap,5,1.0,0.5,215,157,15,15,95.0,0,41,174,0,41,0,41,0,0
083_Et_H_Me_H,S2_possible_overlap,5,2.0,0.0,215,157,35,56,84.0,0,0,215,0,0,0,0,0,0
083_Et_H_Me_H,S2_possible_overlap,5,2.0,0.2,215,157,32,47,84.0,0,15,200,0,15,0,15,0,0
083_Et_H_Me_H,S2_possible_overlap,5,2.0,0.5,215,157,15,22,85.0,0,45,170,0,45,0,45,0,0
084_Et_L_CO_M,S2_possible_overlap,1,0.5,0.0,215,160,35,43,88.0,0,0,215,0,0,0,0,0,0
084_Et_L_CO_M,S2_possible_overlap,1,0.5,0.2,215,160,32,35,89.0,0,11,204,0,11,0,11,0,0
084_Et_L_CO_M,S2_possible_overlap,1,0.5,0.5,215,160,15,15,95.0,0,32,183,0,32,0,32,0,0
084_Et_L_CO_M,S2_possible_overlap,1,1.0,0.0,215,160,35,49,85.0,0,0,215,0,0,0,0,0,0
084_Et_L_CO_M,S2_possible_overlap,1,1.0,0.2,215,160,32,40,86.0,0,10,205,0,10,0,10,0,0
084_Et_L_CO_M,S2_possible_overlap,1,1.0,0.5,215,160,15,15,95.0,0,41,174,0,41,0,41,0,0
084_Et_L_CO_M,S2_possible_overlap,1,2.0,0.0,215,160,35,59,81.0,0,0,215,0,0,0,0,0,0
084_Et_L_CO_M,S2_possible_overlap,1,2.0,0.2,215,160,32,50,81.0,0,15,200,0,15,0,15,0,0
084_Et_L_CO_M,S2_possible_overlap,1,2.0,0.5,215,160,15,25,81.0,0,45,170,0,45,0,45,0,0
084_Et_L_CO_M,S2_possible_overlap,3,0.5,0.0,215,158,35,43,88.0,0,0,215,0,0,0,0,0,0
084_Et_L_CO_M,S2_possible_overlap,3,0.5,0.2,215,158,32,35,89.0,0,11,204,0,11,0,11,0,0
084_Et_L_CO_M,S2_possible_overlap,3,0.5,0.5,215,158,15,15,95.0,0,32,183,0,32,0,32,0,0
084_Et_L_CO_M,S2_possible_overlap,3,1.0,0.0,215,158,35,49,85.0,0,0,215,0,0,0,0,0,0
084_Et_L_CO_M,S2_possible_overlap,3,1.0,0.2,215,158,32,40,86.0,0,10,205,0,10,0,10,0,0
084_Et_L_CO_M,S2_possible_overlap,3,1.0,0.5,215,158,15,15,95.0,0,41,174,0,41,0,41,0,0
084_Et_L_CO_M,S2_possible_overlap,3,2.0,0.0,215,158,35,57,83.0,0,0,215,0,0,0,0,0,0
084_Et_L_CO_M,S2_possible_overlap,3,2.0,0.2,215,158,32,48,83.0,0,15,200,0,15,0,15,0,0
084_Et_L_CO_M,S2_possible_overlap,3,2.0,0.5,215,158,15,23,83.0,0,45,170,0,45,0,45,0,0
084_Et_L_CO_M,S2_possible_overlap,5,0.5,0.0,215,156,35,43,88.0,0,0,215,0,0,0,0,0,0
084_Et_L_CO_M,S2_possible_overlap,5,0.5,0.2,215,156,32,35,89.0,0,11,204,0,11,0,11,0,0
084_Et_L_CO_M,S2_possible_overlap,5,0.5,0.5,215,156,15,15,95.0,0,32,183,0,32,0,32,0,0
084_Et_L_CO_M,S2_possible_overlap,5,1.0,0.0,215,156,35,49,85.0,0,0,215,0,0,0,0,0,0
084_Et_L_CO_M,S2_possible_overlap,5,1.0,0.2,215,156,32,40,86.0,0,10,205,0,10,0,10,0,0
084_Et_L_CO_M,S2_possible_overlap,5,1.0,0.5,215,156,15,15,95.0,0,41,174,0,41,0,41,0,0
084_Et_L_CO_M,S2_possible_overlap,5,2.0,0.0,215,156,35,55,85.0,0,0,215,0,0,0,0,0,0
084_Et_L_CO_M,S2_possible_overlap,5,2.0,0.2,215,156,32,46,85.0,0,15,200,0,15,0,15,0,0
084_Et_L_CO_M,S2_possible_overlap,5,2.0,0.5,215,156,15,22,85.0,0,45,170,0,45,0,45,0,0
090_Et_n_CO_M,S2_possible_overlap,1,0.5,0.0,215,155,35,43,88.0,0,0,215,0,0,0,0,0,0
090_Et_n_CO_M,S2_possible_overlap,1,0.5,0.2,215,155,32,35,89.0,0,11,204,0,11,0,11,0,0
090_Et_n_CO_M,S2_possible_overlap,1,0.5,0.5,215,155,15,15,95.0,0,32,183,0,32,0,32,0,0
090_Et_n_CO_M,S2_possible_overlap,1,1.0,0.0,215,155,35,48,86.0,0,0,215,0,0,0,0,0,0
090_Et_n_CO_M,S2_possible_overlap,1,1.0,0.2,215,155,32,40,86.0,0,10,205,0,10,0,10,0,0
090_Et_n_CO_M,S2_possible_overlap,1,1.0,0.5,215,155,15,15,95.0,0,41,174,0,41,0,41,0,0
090_Et_n_CO_M,S2_possible_overlap,1,2.0,0.0,215,155,35,54,86.0,0,0,215,0,0,0,0,0,0
090_Et_n_CO_M,S2_possible_overlap,1,2.0,0.2,215,155,32,45,86.0,0,15,200,0,15,0,15,0,0
090_Et_n_CO_M,S2_possible_overlap,1,2.0,0.5,215,155,15,21,87.0,0,45,170,0,45,0,45,0,0
090_Et_n_CO_M,S2_possible_overlap,3,0.5,0.0,215,153,35,43,88.0,0,0,215,0,0,0,0,0,0
090_Et_n_CO_M,S2_possible_overlap,3,0.5,0.2,215,153,32,35,89.0,0,11,204,0,11,0,11,0,0
090_Et_n_CO_M,S2_possible_overlap,3,0.5,0.5,215,153,15,15,95.0,0,32,183,0,32,0,32,0,0
090_Et_n_CO_M,S2_possible_overlap,3,1.0,0.0,215,153,35,46,88.0,0,0,215,0,0,0,0,0,0
090_Et_n_CO_M,S2_possible_overlap,3,1.0,0.2,215,153,32,38,88.0,0,10,205,0,10,0,10,0,0
090_Et_n_CO_M,S2_possible_overlap,3,1.0,0.5,215,153,15,15,95.0,0,41,174,0,41,0,41,0,0
090_Et_n_CO_M,S2_possible_overlap,3,2.0,0.0,215,153,35,52,88.0,0,0,215,0,0,0,0,0,0
090_Et_n_CO_M,S2_possible_overlap,3,2.0,0.2,215,153,32,43,88.0,0,15,200,0,15,0,15,0,0
090_Et_n_CO_M,S2_possible_overlap,3,2.0,0.5,215,153,15,20,95.0,0,45,170,0,45,0,45,0,0
090_Et_n_CO_M,S2_possible_overlap,5,0.5,0.0,215,151,35,41,90.0,0,0,215,0,0,0,0,0,0
090_Et_n_CO_M,S2_possible_overlap,5,0.5,0.2,215,151,32,34,91.0,0,11,204,0,11,0,11,0,0
090_Et_n_CO_M,S2_possible_overlap,5,0.5,0.5,215,151,15,15,95.0,0,32,183,0,32,0,32,0,0
090_Et_n_CO_M,S2_possible_overlap,5,1.0,0.0,215,151,35,44,90.0,0,0,215,0,0,0,0,0,0
090_Et_n_CO_M,S2_possible_overlap,5,1.0,0.2,215,151,32,36,91.0,0,10,205,0,10,0,10,0,0
090_Et_n_CO_M,S2_possible_overlap,5,1.0,0.5,215,151,15,15,95.0,0,41,174,0,41,0,41,0,0
090_Et_n_CO_M,S2_possible_overlap,5,2.0,0.0,215,151,35,50,90.0,0,0,215,0,0,0,0,0,0
090_Et_n_CO_M,S2_possible_overlap,5,2.0,0.2,215,151,32,41,91.0,0,15,200,0,15,0,15,0,0
090_Et_n_CO_M,S2_possible_overlap,5,2.0,0.5,215,151,15,20,95.0,0,45,170,0,45,0,45,0,0
091_Et_n_Me_H,S2_possible_overlap,1,0.5,0.0,215,40,35,0,,0,0,215,0,0,0,0,0,0
091_Et_n_Me_H,S2_possible_overlap,1,0.5,0.2,215,40,32,0,,0,11,204,0,11,0,11,0,0
091_Et_n_Me_H,S2_possible_overlap,1,0.5,0.5,215,40,15,0,,0,32,183,0,32,0,32,0,0
091_Et_n_Me_H,S2_possible_overlap,1,1.0,0.0,215,40,35,0,,0,0,215,0,0,0,0,0,0
091_Et_n_Me_H,S2_possible_overlap,1,1.0,0.2,215,40,32,0,,0,10,205,0,10,0,10,0,0
091_Et_n_Me_H,S2_possible_overlap,1,1.0,0.5,215,40,15,0,,0,41,174,0,41,0,41,0,0
091_Et_n_Me_H,S2_possible_overlap,1,2.0,0.0,215,40,35,0,,0,0,215,0,0,0,0,0,0
091_Et_n_Me_H,S2_possible_overlap,1,2.0,0.2,215,40,32,0,,0,15,200,0,15,0,15,0,0
091_Et_n_Me_H,S2_possible_overlap,1,2.0,0.5,215,40,15,0,,0,45,170,0,45,0,45,0,0
091_Et_n_Me_H,S2_possible_overlap,3,0.5,0.0,215,33,35,0,,0,0,215,0,0,0,0,0,0
091_Et_n_Me_H,S2_possible_overlap,3,0.5,0.2,215,33,32,0,,0,11,204,0,11,0,11,0,0
091_Et_n_Me_H,S2_possible_overlap,3,0.5,0.5,215,33,15,0,,0,32,183,0,32,0,32,0,0
091_Et_n_Me_H,S2_possible_overlap,3,1.0,0.0,215,33,35,0,,0,0,215,0,0,0,0,0,0
091_Et_n_Me_H,S2_possible_overlap,3,1.0,0.2,215,33,32,0,,0,10,205,0,10,0,10,0,0
091_Et_n_Me_H,S2_possible_overlap,3,1.0,0.5,215,33,15,0,,0,41,174,0,41,0,41,0,0
091_Et_n_Me_H,S2_possible_overlap,3,2.0,0.0,215,33,35,0,,0,0,215,0,0,0,0,0,0
091_Et_n_Me_H,S2_possible_overlap,3,2.0,0.2,215,33,32,0,,0,15,200,0,15,0,15,0,0
091_Et_n_Me_H,S2_possible_overlap,3,2.0,0.5,215,33,15,0,,0,45,170,0,45,0,45,0,0
091_Et_n_Me_H,S2_possible_overlap,5,0.5,0.0,215,29,35,0,,0,0,215,0,0,0,0,0,0
091_Et_n_Me_H,S2_possible_overlap,5,0.5,0.2,215,29,32,0,,0,11,204,0,11,0,11,0,0
091_Et_n_Me_H,S2_possible_overlap,5,0.5,0.5,215,29,15,0,,0,32,183,0,32,0,32,0,0
091_Et_n_Me_H,S2_possible_overlap,5,1.0,0.0,215,29,35,0,,0,0,215,0,0,0,0,0,0
091_Et_n_Me_H,S2_possible_overlap,5,1.0,0.2,215,29,32,0,,0,10,205,0,10,0,10,0,0
091_Et_n_Me_H,S2_possible_overlap,5,1.0,0.5,215,29,15,0,,0,41,174,0,41,0,41,0,0
091_Et_n_Me_H,S2_possible_overlap,5,2.0,0.0,215,29,35,0,,0,0,215,0,0,0,0,0,0
091_Et_n_Me_H,S2_possible_overlap,5,2.0,0.2,215,29,32,0,,0,15,200,0,15,0,15,0,0
091_Et_n_Me_H,S2_possible_overlap,5,2.0,0.5,215,29,15,0,,0,45,170,0,45,0,45,0,0
094_Et_H_CO_M,S2_possible_overlap,1,0.5,0.0,215,162,35,43,88.0,0,0,215,0,0,0,0,0,0
094_Et_H_CO_M,S2_possible_overlap,1,0.5,0.2,215,162,32,35,89.0,0,11,204,0,11,0,11,0,0
094_Et_H_CO_M,S2_possible_overlap,1,0.5,0.5,215,162,15,15,95.0,0,32,183,0,32,0,32,0,0
094_Et_H_CO_M,S2_possible_overlap,1,1.0,0.0,215,162,35,49,85.0,0,0,215,0,0,0,0,0,0
094_Et_H_CO_M,S2_possible_overlap,1,1.0,0.2,215,162,32,40,86.0,0,10,205,0,10,0,10,0,0
094_Et_H_CO_M,S2_possible_overlap,1,1.0,0.5,215,162,15,15,95.0,0,41,174,0,41,0,41,0,0
094_Et_H_CO_M,S2_possible_overlap,1,2.0,0.0,215,162,35,61,79.0,0,0,215,0,0,0,0,0,0
094_Et_H_CO_M,S2_possible_overlap,1,2.0,0.2,215,162,32,52,79.0,0,15,200,0,15,0,15,0,0
094_Et_H_CO_M,S2_possible_overlap,1,2.0,0.5,215,162,15,26,80.0,0,45,170,0,45,0,45,0,0
094_Et_H_CO_M,S2_possible_overlap,3,0.5,0.0,215,160,35,43,88.0,0,0,215,0,0,0,0,0,0
094_Et_H_CO_M,S2_possible_overlap,3,0.5,0.2,215,160,32,35,89.0,0,11,204,0,11,0,11,0,0
094_Et_H_CO_M,S2_possible_overlap,3,0.5,0.5,215,160,15,15,95.0,0,32,183,0,32,0,32,0,0
094_Et_H_CO_M,S2_possible_overlap,3,1.0,0.0,215,160,35,49,85.0,0,0,215,0,0,0,0,0,0
094_Et_H_CO_M,S2_possible_overlap,3,1.0,0.2,215,160,32,40,86.0,0,10,205,0,10,0,10,0,0
094_Et_H_CO_M,S2_possible_overlap,3,1.0,0.5,215,160,15,15,95.0,0,41,174,0,41,0,41,0,0
094_Et_H_CO_M,S2_possible_overlap,3,2.0,0.0,215,160,35,59,81.0,0,0,215,0,0,0,0,0,0
094_Et_H_CO_M,S2_possible_overlap,3,2.0,0.2,215,160,32,50,81.0,0,15,200,0,15,0,15,0,0
094_Et_H_CO_M,S2_possible_overlap,3,2.0,0.5,215,160,15,25,81.0,0,45,170,0,45,0,45,0,0
094_Et_H_CO_M,S2_possible_overlap,5,0.5,0.0,215,158,35,43,88.0,0,0,215,0,0,0,0,0,0
094_Et_H_CO_M,S2_possible_overlap,5,0.5,0.2,215,158,32,35,89.0,0,11,204,0,11,0,11,0,0
094_Et_H_CO_M,S2_possible_overlap,5,0.5,0.5,215,158,15,15,95.0,0,32,183,0,32,0,32,0,0
094_Et_H_CO_M,S2_possible_overlap,5,1.0,0.0,215,158,35,49,85.0,0,0,215,0,0,0,0,0,0
094_Et_H_CO_M,S2_possible_overlap,5,1.0,0.2,215,158,32,40,86.0,0,10,205,0,10,0,10,0,0
094_Et_H_CO_M,S2_possible_overlap,5,1.0,0.5,215,158,15,15,95.0,0,41,174,0,41,0,41,0,0
094_Et_H_CO_M,S2_possible_overlap,5,2.0,0.0,215,158,35,57,83.0,0,0,215,0,0,0,0,0,0
094_Et_H_CO_M,S2_possible_overlap,5,2.0,0.2,215,158,32,48,83.0,0,15,200,0,15,0,15,0,0
094_Et_H_CO_M,S2_possible_overlap,5,2.0,0.5,215,158,15,23,83.0,0,45,170,0,45,0,45,0,0
095_Et_M_Me_n,S2_possible_overlap,1,0.5,0.0,215,160,35,43,88.0,0,0,215,0,0,0,0,0,0
095_Et_M_Me_n,S2_possible_overlap,1,0.5,0.2,215,160,32,35,89.0,0,11,204,0,11,0,11,0,0
095_Et_M_Me_n,S2_possible_overlap,1,0.5,0.5,215,160,15,15,95.0,0,32,183,0,32,0,32,0,0
095_Et_M_Me_n,S2_possible_overlap,1,1.0,0.0,215,160,35,49,85.0,0,0,215,0,0,0,0,0,0
095_Et_M_Me_n,S2_possible_overlap,1,1.0,0.2,215,160,32,40,86.0,0,10,205,0,10,0,10,0,0
095_Et_M_Me_n,S2_possible_overlap,1,1.0,0.5,215,160,15,15,95.0,0,41,174,0,41,0,41,0,0
095_Et_M_Me_n,S2_possible_overlap,1,2.0,0.0,215,160,35,59,81.0,0,0,215,0,0,0,0,0,0
095_Et_M_Me_n,S2_possible_overlap,1,2.0,0.2,215,160,32,50,81.0,0,15,200,0,15,0,15,0,0
095_Et_M_Me_n,S2_possible_overlap,1,2.0,0.5,215,160,15,25,81.0,0,45,170,0,45,0,45,0,0
095_Et_M_Me_n,S2_possible_overlap,3,0.5,0.0,215,158,35,43,88.0,0,0,215,0,0,0,0,0,0
095_Et_M_Me_n,S2_possible_overlap,3,0.5,0.2,215,158,32,35,89.0,0,11,204,0,11,0,11,0,0
095_Et_M_Me_n,S2_possible_overlap,3,0.5,0.5,215,158,15,15,95.0,0,32,183,0,32,0,32,0,0
095_Et_M_Me_n,S2_possible_overlap,3,1.0,0.0,215,158,35,49,85.0,0,0,215,0,0,0,0,0,0
095_Et_M_Me_n,S2_possible_overlap,3,1.0,0.2,215,158,32,40,86.0,0,10,205,0,10,0,10,0,0
095_Et_M_Me_n,S2_possible_overlap,3,1.0,0.5,215,158,15,15,95.0,0,41,174,0,41,0,41,0,0
095_Et_M_Me_n,S2_possible_overlap,3,2.0,0.0,215,158,35,57,83.0,0,0,215,0,0,0,0,0,0
095_Et_M_Me_n,S2_possible_overlap,3,2.0,0.2,215,158,32,48,83.0,0,15,200,0,15,0,15,0,0
095_Et_M_Me_n,S2_possible_overlap,3,2.0,0.5,215,158,15,23,83.0,0,45,170,0,45,0,45,0,0
095_Et_M_Me_n,S2_possible_overlap,5,0.5,0.0,215,156,35,43,88.0,0,0,215,0,0,0,0,0,0
095_Et_M_Me_n,S2_possible_overlap,5,0.5,0.2,215,156,32,35,89.0,0,11,204,0,11,0,11,0,0
095_Et_M_Me_n,S2_possible_overlap,5,0.5,0.5,215,156,15,15,95.0,0,32,183,0,32,0,32,0,0
095_Et_M_Me_n,S2_possible_overlap,5,1.0,0.0,215,156,35,49,85.0,0,0,215,0,0,0,0,0,0
095_Et_M_Me_n,S2_possible_overlap,5,1.0,0.2,215,156,32,40,86.0,0,10,205,0,10,0,10,0,0
095_Et_M_Me_n,S2_possible_overlap,5,1.0,0.5,215,156,15,15,95.0,0,41,174,0,41,0,41,0,0
095_Et_M_Me_n,S2_possible_overlap,5,2.0,0.0,215,156,35,55,85.0,0,0,215,0,0,0,0,0,0
095_Et_M_Me_n,S2_possible_overlap,5,2.0,0.2,215,156,32,46,85.0,0,15,200,0,15,0,15,0,0
095_Et_M_Me_n,S2_possible_overlap,5,2.0,0.5,215,156,15,22,85.0,0,45,170,0,45,0,45,0,0
099_Et_L_Me_H,S2_possible_overlap,1,0.5,0.0,215,156,35,43,88.0,0,0,215,0,0,0,0,0,0
099_Et_L_Me_H,S2_possible_overlap,1,0.5,0.2,215,156,32,35,89.0,0,11,204,0,11,0,11,0,0
099_Et_L_Me_H,S2_possible_overlap,1,0.5,0.5,215,156,15,15,95.0,0,32,183,0,32,0,32,0,0
099_Et_L_Me_H,S2_possible_overlap,1,1.0,0.0,215,156,35,49,85.0,0,0,215,0,0,0,0,0,0
099_Et_L_Me_H,S2_possible_overlap,1,1.0,0.2,215,156,32,40,86.0,0,10,205,0,10,0,10,0,0
099_Et_L_Me_H,S2_possible_overlap,1,1.0,0.5,215,156,15,15,95.0,0,41,174,0,41,0,41,0,0
099_Et_L_Me_H,S2_possible_overlap,1,2.0,0.0,215,156,35,55,85.0,0,0,215,0,0,0,0,0,0
099_Et_L_Me_H,S2_possible_overlap,1,2.0,0.2,215,156,32,46,85.0,0,15,200,0,15,0,15,0,0
099_Et_L_Me_H,S2_possible_overlap,1,2.0,0.5,215,156,15,22,85.0,0,45,170,0,45,0,45,0,0
099_Et_L_Me_H,S2_possible_overlap,3,0.5,0.0,215,154,35,43,88.0,0,0,215,0,0,0,0,0,0
099_Et_L_Me_H,S2_possible_overlap,3,0.5,0.2,215,154,32,35,89.0,0,11,204,0,11,0,11,0,0
099_Et_L_Me_H,S2_possible_overlap,3,0.5,0.5,215,154,15,15,95.0,0,32,183,0,32,0,32,0,0
099_Et_L_Me_H,S2_possible_overlap,3,1.0,0.0,215,154,35,47,87.0,0,0,215,0,0,0,0,0,0
099_Et_L_Me_H,S2_possible_overlap,3,1.0,0.2,215,154,32,39,87.0,0,10,205,0,10,0,10,0,0
099_Et_L_Me_H,S2_possible_overlap,3,1.0,0.5,215,154,15,15,95.0,0,41,174,0,41,0,41,0,0
099_Et_L_Me_H,S2_possible_overlap,3,2.0,0.0,215,154,35,53,87.0,0,0,215,0,0,0,0,0,0
099_Et_L_Me_H,S2_possible_overlap,3,2.0,0.2,215,154,32,44,87.0,0,15,200,0,15,0,15,0,0
099_Et_L_Me_H,S2_possible_overlap,3,2.0,0.5,215,154,15,21,87.0,0,45,170,0,45,0,45,0,0
099_Et_L_Me_H,S2_possible_overlap,5,0.5,0.0,215,152,35,42,89.0,0,0,215,0,0,0,0,0,0
099_Et_L_Me_H,S2_possible_overlap,5,0.5,0.2,215,152,32,35,89.0,0,11,204,0,11,0,11,0,0
099_Et_L_Me_H,S2_possible_overlap,5,0.5,0.5,215,152,15,15,95.0,0,32,183,0,32,0,32,0,0
099_Et_L_Me_H,S2_possible_overlap,5,1.0,0.0,215,152,35,45,89.0,0,0,215,0,0,0,0,0,0
099_Et_L_Me_H,S2_possible_overlap,5,1.0,0.2,215,152,32,37,89.0,0,10,205,0,10,0,10,0,0
099_Et_L_Me_H,S2_possible_overlap,5,1.0,0.5,215,152,15,15,95.0,0,41,174,0,41,0,41,0,0
099_Et_L_Me_H,S2_possible_overlap,5,2.0,0.0,215,152,35,51,89.0,0,0,215,0,0,0,0,0,0
099_Et_L_Me_H,S2_possible_overlap,5,2.0,0.2,215,152,32,42,89.0,0,15,200,0,15,0,15,0,0
099_Et_L_Me_H,S2_possible_overlap,5,2.0,0.5,215,152,15,20,95.0,0,45,170,0,45,0,45,0,0
103_Et_L_Me_M,S2_possible_overlap,1,0.5,0.0,215,147,35,37,94.0,0,0,215,0,0,0,0,0,0
103_Et_L_Me_M,S2_possible_overlap,1,0.5,0.2,215,147,32,33,95.0,0,11,204,0,11,0,11,0,0
103_Et_L_Me_M,S2_possible_overlap,1,0.5,0.5,215,147,15,15,95.0,0,32,183,0,32,0,32,0,0
103_Et_L_Me_M,S2_possible_overlap,1,1.0,0.0,215,147,35,40,94.0,0,0,215,0,0,0,0,0,0
103_Et_L_Me_M,S2_possible_overlap,1,1.0,0.2,215,147,32,35,95.0,0,10,205,0,10,0,10,0,0
103_Et_L_Me_M,S2_possible_overlap,1,1.0,0.5,215,147,15,15,95.0,0,41,174,0,41,0,41,0,0
103_Et_L_Me_M,S2_possible_overlap,1,2.0,0.0,215,147,35,46,94.0,0,0,215,0,0,0,0,0,0
103_Et_L_Me_M,S2_possible_overlap,1,2.0,0.2,215,147,32,40,95.0,0,15,200,0,15,0,15,0,0
103_Et_L_Me_M,S2_possible_overlap,1,2.0,0.5,215,147,15,20,95.0,0,45,170,0,45,0,45,0,0
103_Et_L_Me_M,S2_possible_overlap,3,0.5,0.0,215,145,35,35,96.0,0,0,215,0,0,0,0,0,0
103_Et_L_Me_M,S2_possible_overlap,3,0.5,0.2,215,145,32,32,96.0,0,11,204,0,11,0,11,0,0
103_Et_L_Me_M,S2_possible_overlap,3,0.5,0.5,215,145,15,14,100.0,0,32,183,0,32,0,32,0,0
103_Et_L_Me_M,S2_possible_overlap,3,1.0,0.0,215,145,35,38,96.0,0,0,215,0,0,0,0,0,0
103_Et_L_Me_M,S2_possible_overlap,3,1.0,0.2,215,145,32,34,96.0,0,10,205,0,10,0,10,0,0
103_Et_L_Me_M,S2_possible_overlap,3,1.0,0.5,215,145,15,14,100.0,0,41,174,0,41,0,41,0,0
103_Et_L_Me_M,S2_possible_overlap,3,2.0,0.0,215,145,35,44,96.0,0,0,215,0,0,0,0,0,0
103_Et_L_Me_M,S2_possible_overlap,3,2.0,0.2,215,145,32,39,96.0,0,15,200,0,15,0,15,0,0
103_Et_L_Me_M,S2_possible_overlap,3,2.0,0.5,215,145,15,19,100.0,0,45,170,0,45,0,45,0,0
103_Et_L_Me_M,S2_possible_overlap,5,0.5,0.0,215,143,35,33,98.0,0,0,215,0,0,0,0,0,0
103_Et_L_Me_M,S2_possible_overlap,5,0.5,0.2,215,143,32,30,98.0,0,11,204,0,11,0,11,0,0
103_Et_L_Me_M,S2_possible_overlap,5,0.5,0.5,215,143,15,14,100.0,0,32,183,0,32,0,32,0,0
103_Et_L_Me_M,S2_possible_overlap,5,1.0,0.0,215,143,35,36,98.0,0,0,215,0,0,0,0,0,0
103_Et_L_Me_M,S2_possible_overlap,5,1.0,0.2,215,143,32,32,98.0,0,10,205,0,10,0,10,0,0
103_Et_L_Me_M,S2_possible_overlap,5,1.0,0.5,215,143,15,14,100.0,0,41,174,0,41,0,41,0,0
103_Et_L_Me_M,S2_possible_overlap,5,2.0,0.0,215,143,35,42,98.0,0,0,215,0,0,0,0,0,0
103_Et_L_Me_M,S2_possible_overlap,5,2.0,0.2,215,143,32,37,98.0,0,15,200,0,15,0,15,0,0
103_Et_L_Me_M,S2_possible_overlap,5,2.0,0.5,215,143,15,19,100.0,0,45,170,0,45,0,45,0,0
109_Et_H_Me_L,S2_possible_overlap,1,0.5,0.0,215,162,35,43,88.0,0,0,215,0,0,0,0,0,0
109_Et_H_Me_L,S2_possible_overlap,1,0.5,0.2,215,162,32,35,89.0,0,11,204,0,11,0,11,0,0
109_Et_H_Me_L,S2_possible_overlap,1,0.5,0.5,215,162,15,15,95.0,0,32,183,0,32,0,32,0,0
109_Et_H_Me_L,S2_possible_overlap,1,1.0,0.0,215,162,35,49,85.0,0,0,215,0,0,0,0,0,0
109_Et_H_Me_L,S2_possible_overlap,1,1.0,0.2,215,162,32,40,86.0,0,10,205,0,10,0,10,0,0
109_Et_H_Me_L,S2_possible_overlap,1,1.0,0.5,215,162,15,15,95.0,0,41,174,0,41,0,41,0,0
109_Et_H_Me_L,S2_possible_overlap,1,2.0,0.0,215,162,35,61,79.0,0,0,215,0,0,0,0,0,0
109_Et_H_Me_L,S2_possible_overlap,1,2.0,0.2,215,162,32,52,79.0,0,15,200,0,15,0,15,0,0
109_Et_H_Me_L,S2_possible_overlap,1,2.0,0.5,215,162,15,26,80.0,0,45,170,0,45,0,45,0,0
109_Et_H_Me_L,S2_possible_overlap,3,0.5,0.0,215,160,35,43,88.0,0,0,215,0,0,0,0,0,0
109_Et_H_Me_L,S2_possible_overlap,3,0.5,0.2,215,160,32,35,89.0,0,11,204,0,11,0,11,0,0
109_Et_H_Me_L,S2_possible_overlap,3,0.5,0.5,215,160,15,15,95.0,0,32,183,0,32,0,32,0,0
109_Et_H_Me_L,S2_possible_overlap,3,1.0,0.0,215,160,35,49,85.0,0,0,215,0,0,0,0,0,0
109_Et_H_Me_L,S2_possible_overlap,3,1.0,0.2,215,160,32,40,86.0,0,10,205,0,10,0,10,0,0
109_Et_H_Me_L,S2_possible_overlap,3,1.0,0.5,215,160,15,15,95.0,0,41,174,0,41,0,41,0,0
109_Et_H_Me_L,S2_possible_overlap,3,2.0,0.0,215,160,35,59,81.0,0,0,215,0,0,0,0,0,0
109_Et_H_Me_L,S2_possible_overlap,3,2.0,0.2,215,160,32,50,81.0,0,15,200,0,15,0,15,0,0
109_Et_H_Me_L,S2_possible_overlap,3,2.0,0.5,215,160,15,25,81.0,0,45,170,0,45,0,45,0,0
109_Et_H_Me_L,S2_possible_overlap,5,0.5,0.0,215,158,35,43,88.0,0,0,215,0,0,0,0,0,0
109_Et_H_Me_L,S2_possible_overlap,5,0.5,0.2,215,158,32,35,89.0,0,11,204,0,11,0,11,0,0
109_Et_H_Me_L,S2_possible_overlap,5,0.5,0.5,215,158,15,15,95.0,0,32,183,0,32,0,32,0,0
109_Et_H_Me_L,S2_possible_overlap,5,1.0,0.0,215,158,35,49,85.0,0,0,215,0,0,0,0,0,0
109_Et_H_Me_L,S2_possible_overlap,5,1.0,0.2,215,158,32,40,86.0,0,10,205,0,10,0,10,0,0
109_Et_H_Me_L,S2_possible_overlap,5,1.0,0.5,215,158,15,15,95.0,0,41,174,0,41,0,41,0,0
109_Et_H_Me_L,S2_possible_overlap,5,2.0,0.0,215,158,35,57,83.0,0,0,215,0,0,0,0,0,0
109_Et_H_Me_L,S2_possible_overlap,5,2.0,0.2,215,158,32,48,83.0,0,15,200,0,15,0,15,0,0
109_Et_H_Me_L,S2_possible_overlap,5,2.0,0.5,215,158,15,23,83.0,0,45,170,0,45,0,45,0,0
110_Et_M_CO_n,S2_possible_overlap,1,0.5,0.0,215,160,35,43,88.0,0,0,215,0,0,0,0,0,0
110_Et_M_CO_n,S2_possible_overlap,1,0.5,0.2,215,160,32,35,89.0,0,11,204,0,11,0,11,0,0
110_Et_M_CO_n,S2_possible_overlap,1,0.5,0.5,215,160,15,15,95.0,0,32,183,0,32,0,32,0,0
110_Et_M_CO_n,S2_possible_overlap,1,1.0,0.0,215,160,35,49,85.0,0,0,215,0,0,0,0,0,0
110_Et_M_CO_n,S2_possible_overlap,1,1.0,0.2,215,160,32,40,86.0,0,10,205,0,10,0,10,0,0
110_Et_M_CO_n,S2_possible_overlap,1,1.0,0.5,215,160,15,15,95.0,0,41,174,0,41,0,41,0,0
110_Et_M_CO_n,S2_possible_overlap,1,2.0,0.0,215,160,35,59,81.0,0,0,215,0,0,0,0,0,0
110_Et_M_CO_n,S2_possible_overlap,1,2.0,0.2,215,160,32,50,81.0,0,15,200,0,15,0,15,0,0
110_Et_M_CO_n,S2_possible_overlap,1,2.0,0.5,215,160,15,25,81.0,0,45,170,0,45,0,45,0,0
110_Et_M_CO_n,S2_possible_overlap,3,0.5,0.0,215,158,35,43,88.0,0,0,215,0,0,0,0,0,0
110_Et_M_CO_n,S2_possible_overlap,3,0.5,0.2,215,158,32,35,89.0,0,11,204,0,11,0,11,0,0
110_Et_M_CO_n,S2_possible_overlap,3,0.5,0.5,215,158,15,15,95.0,0,32,183,0,32,0,32,0,0
110_Et_M_CO_n,S2_possible_overlap,3,1.0,0.0,215,158,35,49,85.0,0,0,215,0,0,0,0,0,0
110_Et_M_CO_n,S2_possible_overlap,3,1.0,0.2,215,158,32,40,86.0,0,10,205,0,10,0,10,0,0
110_Et_M_CO_n,S2_possible_overlap,3,1.0,0.5,215,158,15,15,95.0,0,41,174,0,41,0,41,0,0
110_Et_M_CO_n,S2_possible_overlap,3,2.0,0.0,215,158,35,57,83.0,0,0,215,0,0,0,0,0,0
110_Et_M_CO_n,S2_possible_overlap,3,2.0,0.2,215,158,32,48,83.0,0,15,200,0,15,0,15,0,0
110_Et_M_CO_n,S2_possible_overlap,3,2.0,0.5,215,158,15,23,83.0,0,45,170,0,45,0,45,0,0
110_Et_M_CO_n,S2_possible_overlap,5,0.5,0.0,215,156,35,43,88.0,0,0,215,0,0,0,0,0,0
110_Et_M_CO_n,S2_possible_overlap,5,0.5,0.2,215,156,32,35,89.0,0,11,204,0,11,0,11,0,0
110_Et_M_CO_n,S2_possible_overlap,5,0.5,0.5,215,156,15,15,95.0,0,32,183,0,32,0,32,0,0
110_Et_M_CO_n,S2_possible_overlap,5,1.0,0.0,215,156,35,49,85.0,0,0,215,0,0,0,0,0,0
110_Et_M_CO_n,S2_possible_overlap,5,1.0,0.2,215,156,32,40,86.0,0,10,205,0,10,0,10,0,0
110_Et_M_CO_n,S2_possible_overlap,5,1.0,0.5,215,156,15,15,95.0,0,41,174,0,41,0,41,0,0
110_Et_M_CO_n,S2_possible_overlap,5,2.0,0.0,215,156,35,55,85.0,0,0,215,0,0,0,0,0,0
110_Et_M_CO_n,S2_possible_overlap,5,2.0,0.2,215,156,32,46,85.0,0,15,200,0,15,0,15,0,0
110_Et_M_CO_n,S2_possible_overlap,5,2.0,0.5,215,156,15,22,85.0,0,45,170,0,45,0,45,0,0
116_Et_L_CO_L,S2_possible_overlap,1,0.5,0.0,215,158,35,43,88.0,0,0,215,0,0,0,0,0,0
116_Et_L_CO_L,S2_possible_overlap,1,0.5,0.2,215,158,32,35,89.0,0,11,204,0,11,0,11,0,0
116_Et_L_CO_L,S2_possible_overlap,1,0.5,0.5,215,158,15,15,95.0,0,32,183,0,32,0,32,0,0
116_Et_L_CO_L,S2_possible_overlap,1,1.0,0.0,215,158,35,49,85.0,0,0,215,0,0,0,0,0,0
116_Et_L_CO_L,S2_possible_overlap,1,1.0,0.2,215,158,32,40,86.0,0,10,205,0,10,0,10,0,0
116_Et_L_CO_L,S2_possible_overlap,1,1.0,0.5,215,158,15,15,95.0,0,41,174,0,41,0,41,0,0
116_Et_L_CO_L,S2_possible_overlap,1,2.0,0.0,215,158,35,57,83.0,0,0,215,0,0,0,0,0,0
116_Et_L_CO_L,S2_possible_overlap,1,2.0,0.2,215,158,32,48,83.0,0,15,200,0,15,0,15,0,0
116_Et_L_CO_L,S2_possible_overlap,1,2.0,0.5,215,158,15,23,83.0,0,45,170,0,45,0,45,0,0
116_Et_L_CO_L,S2_possible_overlap,3,0.5,0.0,215,156,35,43,88.0,0,0,215,0,0,0,0,0,0
116_Et_L_CO_L,S2_possible_overlap,3,0.5,0.2,215,156,32,35,89.0,0,11,204,0,11,0,11,0,0
116_Et_L_CO_L,S2_possible_overlap,3,0.5,0.5,215,156,15,15,95.0,0,32,183,0,32,0,32,0,0
116_Et_L_CO_L,S2_possible_overlap,3,1.0,0.0,215,156,35,49,85.0,0,0,215,0,0,0,0,0,0
116_Et_L_CO_L,S2_possible_overlap,3,1.0,0.2,215,156,32,40,86.0,0,10,205,0,10,0,10,0,0
116_Et_L_CO_L,S2_possible_overlap,3,1.0,0.5,215,156,15,15,95.0,0,41,174,0,41,0,41,0,0
116_Et_L_CO_L,S2_possible_overlap,3,2.0,0.0,215,156,35,55,85.0,0,0,215,0,0,0,0,0,0
116_Et_L_CO_L,S2_possible_overlap,3,2.0,0.2,215,156,32,46,85.0,0,15,200,0,15,0,15,0,0
116_Et_L_CO_L,S2_possible_overlap,3,2.0,0.5,215,156,15,22,85.0,0,45,170,0,45,0,45,0,0
116_Et_L_CO_L,S2_possible_overlap,5,0.5,0.0,215,154,35,43,88.0,0,0,215,0,0,0,0,0,0
116_Et_L_CO_L,S2_possible_overlap,5,0.5,0.2,215,154,32,35,89.0,0,11,204,0,11,0,11,0,0
116_Et_L_CO_L,S2_possible_overlap,5,0.5,0.5,215,154,15,15,95.0,0,32,183,0,32,0,32,0,0
116_Et_L_CO_L,S2_possible_overlap,5,1.0,0.0,215,154,35,47,87.0,0,0,215,0,0,0,0,0,0
116_Et_L_CO_L,S2_possible_overlap,5,1.0,0.2,215,154,32,39,87.0,0,10,205,0,10,0,10,0,0
116_Et_L_CO_L,S2_possible_overlap,5,1.0,0.5,215,154,15,15,95.0,0,41,174,0,41,0,41,0,0
116_Et_L_CO_L,S2_possible_overlap,5,2.0,0.0,215,154,35,53,87.0,0,0,215,0,0,0,0,0,0
116_Et_L_CO_L,S2_possible_overlap,5,2.0,0.2,215,154,32,44,87.0,0,15,200,0,15,0,15,0,0
116_Et_L_CO_L,S2_possible_overlap,5,2.0,0.5,215,154,15,21,87.0,0,45,170,0,45,0,45,0,0
118_Et_L_CO_M,S2_possible_overlap,1,0.5,0.0,215,156,35,43,88.0,0,0,215,0,0,0,0,0,0
118_Et_L_CO_M,S2_possible_overlap,1,0.5,0.2,215,156,32,35,89.0,0,11,204,0,11,0,11,0,0
118_Et_L_CO_M,S2_possible_overlap,1,0.5,0.5,215,156,15,15,95.0,0,32,183,0,32,0,32,0,0
118_Et_L_CO_M,S2_possible_overlap,1,1.0,0.0,215,156,35,49,85.0,0,0,215,0,0,0,0,0,0
118_Et_L_CO_M,S2_possible_overlap,1,1.0,0.2,215,156,32,40,86.0,0,10,205,0,10,0,10,0,0
118_Et_L_CO_M,S2_possible_overlap,1,1.0,0.5,215,156,15,15,95.0,0,41,174,0,41,0,41,0,0
118_Et_L_CO_M,S2_possible_overlap,1,2.0,0.0,215,156,35,55,85.0,0,0,215,0,0,0,0,0,0
118_Et_L_CO_M,S2_possible_overlap,1,2.0,0.2,215,156,32,46,85.0,0,15,200,0,15,0,15,0,0
118_Et_L_CO_M,S2_possible_overlap,1,2.0,0.5,215,156,15,22,85.0,0,45,170,0,45,0,45,0,0
118_Et_L_CO_M,S2_possible_overlap,3,0.5,0.0,215,154,35,43,88.0,0,0,215,0,0,0,0,0,0
118_Et_L_CO_M,S2_possible_overlap,3,0.5,0.2,215,154,32,35,89.0,0,11,204,0,11,0,11,0,0
118_Et_L_CO_M,S2_possible_overlap,3,0.5,0.5,215,154,15,15,95.0,0,32,183,0,32,0,32,0,0
118_Et_L_CO_M,S2_possible_overlap,3,1.0,0.0,215,154,35,47,87.0,0,0,215,0,0,0,0,0,0
118_Et_L_CO_M,S2_possible_overlap,3,1.0,0.2,215,154,32,39,87.0,0,10,205,0,10,0,10,0,0
118_Et_L_CO_M,S2_possible_overlap,3,1.0,0.5,215,154,15,15,95.0,0,41,174,0,41,0,41,0,0
118_Et_L_CO_M,S2_possible_overlap,3,2.0,0.0,215,154,35,53,87.0,0,0,215,0,0,0,0,0,0
118_Et_L_CO_M,S2_possible_overlap,3,2.0,0.2,215,154,32,44,87.0,0,15,200,0,15,0,15,0,0
118_Et_L_CO_M,S2_possible_overlap,3,2.0,0.5,215,154,15,21,87.0,0,45,170,0,45,0,45,0,0
118_Et_L_CO_M,S2_possible_overlap,5,0.5,0.0,215,152,35,42,89.0,0,0,215,0,0,0,0,0,0
118_Et_L_CO_M,S2_possible_overlap,5,0.5,0.2,215,152,32,35,89.0,0,11,204,0,11,0,11,0,0
118_Et_L_CO_M,S2_possible_overlap,5,0.5,0.5,215,152,15,15,95.0,0,32,183,0,32,0,32,0,0
118_Et_L_CO_M,S2_possible_overlap,5,1.0,0.0,215,152,35,45,89.0,0,0,215,0,0,0,0,0,0
118_Et_L_CO_M,S2_possible_overlap,5,1.0,0.2,215,152,32,37,89.0,0,10,205,0,10,0,10,0,0
118_Et_L_CO_M,S2_possible_overlap,5,1.0,0.5,215,152,15,15,95.0,0,41,174,0,41,0,41,0,0
118_Et_L_CO_M,S2_possible_overlap,5,2.0,0.0,215,152,35,51,89.0,0,0,215,0,0,0,0,0,0
118_Et_L_CO_M,S2_possible_overlap,5,2.0,0.2,215,152,32,42,89.0,0,15,200,0,15,0,15,0,0
118_Et_L_CO_M,S2_possible_overlap,5,2.0,0.5,215,152,15,20,95.0,0,45,170,0,45,0,45,0,0
125_Et_M_Me_M,S2_possible_overlap,1,0.5,0.0,215,157,35,43,88.0,0,0,215,0,0,0,0,0,0
125_Et_M_Me_M,S2_possible_overlap,1,0.5,0.2,215,157,32,35,89.0,0,11,204,0,11,0,11,0,0
125_Et_M_Me_M,S2_possible_overlap,1,0.5,0.5,215,157,15,15,95.0,0,32,183,0,32,0,32,0,0
125_Et_M_Me_M,S2_possible_overlap,1,1.0,0.0,215,157,35,49,85.0,0,0,215,0,0,0,0,0,0
125_Et_M_Me_M,S2_possible_overlap,1,1.0,0.2,215,157,32,40,86.0,0,10,205,0,10,0,10,0,0
125_Et_M_Me_M,S2_possible_overlap,1,1.0,0.5,215,157,15,15,95.0,0,41,174,0,41,0,41,0,0
125_Et_M_Me_M,S2_possible_overlap,1,2.0,0.0,215,157,35,56,84.0,0,0,215,0,0,0,0,0,0
125_Et_M_Me_M,S2_possible_overlap,1,2.0,0.2,215,157,32,47,84.0,0,15,200,0,15,0,15,0,0
125_Et_M_Me_M,S2_possible_overlap,1,2.0,0.5,215,157,15,22,85.0,0,45,170,0,45,0,45,0,0
125_Et_M_Me_M,S2_possible_overlap,3,0.5,0.0,215,155,35,43,88.0,0,0,215,0,0,0,0,0,0
125_Et_M_Me_M,S2_possible_overlap,3,0.5,0.2,215,155,32,35,89.0,0,11,204,0,11,0,11,0,0
125_Et_M_Me_M,S2_possible_overlap,3,0.5,0.5,215,155,15,15,95.0,0,32,183,0,32,0,32,0,0
125_Et_M_Me_M,S2_possible_overlap,3,1.0,0.0,215,155,35,48,86.0,0,0,215,0,0,0,0,0,0
125_Et_M_Me_M,S2_possible_overlap,3,1.0,0.2,215,155,32,40,86.0,0,10,205,0,10,0,10,0,0
125_Et_M_Me_M,S2_possible_overlap,3,1.0,0.5,215,155,15,15,95.0,0,41,174,0,41,0,41,0,0
125_Et_M_Me_M,S2_possible_overlap,3,2.0,0.0,215,155,35,54,86.0,0,0,215,0,0,0,0,0,0
125_Et_M_Me_M,S2_possible_overlap,3,2.0,0.2,215,155,32,45,86.0,0,15,200,0,15,0,15,0,0
125_Et_M_Me_M,S2_possible_overlap,3,2.0,0.5,215,155,15,21,87.0,0,45,170,0,45,0,45,0,0
125_Et_M_Me_M,S2_possible_overlap,5,0.5,0.0,215,153,35,43,88.0,0,0,215,0,0,0,0,0,0
125_Et_M_Me_M,S2_possible_overlap,5,0.5,0.2,215,153,32,35,89.0,0,11,204,0,11,0,11,0,0
125_Et_M_Me_M,S2_possible_overlap,5,0.5,0.5,215,153,15,15,95.0,0,32,183,0,32,0,32,0,0
125_Et_M_Me_M,S2_possible_overlap,5,1.0,0.0,215,153,35,46,88.0,0,0,215,0,0,0,0,0,0
125_Et_M_Me_M,S2_possible_overlap,5,1.0,0.2,215,153,32,38,88.0,0,10,205,0,10,0,10,0,0
125_Et_M_Me_M,S2_possible_overlap,5,1.0,0.5,215,153,15,15,95.0,0,41,174,0,41,0,41,0,0
125_Et_M_Me_M,S2_possible_overlap,5,2.0,0.0,215,153,35,52,88.0,0,0,215,0,0,0,0,0,0
125_Et_M_Me_M,S2_possible_overlap,5,2.0,0.2,215,153,32,43,88.0,0,15,200,0,15,0,15,0,0
125_Et_M_Me_M,S2_possible_overlap,5,2.0,0.5,215,153,15,20,95.0,0,45,170,0,45,0,45,0,0
128_Et_n_CO_L,S2_possible_overlap,1,0.5,0.0,215,146,35,36,95.0,0,0,215,0,0,0,0,0,0
128_Et_n_CO_L,S2_possible_overlap,1,0.5,0.2,215,146,32,33,95.0,0,11,204,0,11,0,11,0,0
128_Et_n_CO_L,S2_possible_overlap,1,0.5,0.5,215,146,15,15,95.0,0,32,183,0,32,0,32,0,0
128_Et_n_CO_L,S2_possible_overlap,1,1.0,0.0,215,146,35,39,95.0,0,0,215,0,0,0,0,0,0
128_Et_n_CO_L,S2_possible_overlap,1,1.0,0.2,215,146,32,35,95.0,0,10,205,0,10,0,10,0,0
128_Et_n_CO_L,S2_possible_overlap,1,1.0,0.5,215,146,15,15,95.0,0,41,174,0,41,0,41,0,0
128_Et_n_CO_L,S2_possible_overlap,1,2.0,0.0,215,146,35,45,95.0,0,0,215,0,0,0,0,0,0
128_Et_n_CO_L,S2_possible_overlap,1,2.0,0.2,215,146,32,40,95.0,0,15,200,0,15,0,15,0,0
128_Et_n_CO_L,S2_possible_overlap,1,2.0,0.5,215,146,15,20,95.0,0,45,170,0,45,0,45,0,0
128_Et_n_CO_L,S2_possible_overlap,3,0.5,0.0,215,144,35,34,97.0,0,0,215,0,0,0,0,0,0
128_Et_n_CO_L,S2_possible_overlap,3,0.5,0.2,215,144,32,31,97.0,0,11,204,0,11,0,11,0,0
128_Et_n_CO_L,S2_possible_overlap,3,0.5,0.5,215,144,15,14,100.0,0,32,183,0,32,0,32,0,0
128_Et_n_CO_L,S2_possible_overlap,3,1.0,0.0,215,144,35,37,97.0,0,0,215,0,0,0,0,0,0
128_Et_n_CO_L,S2_possible_overlap,3,1.0,0.2,215,144,32,33,97.0,0,10,205,0,10,0,10,0,0
128_Et_n_CO_L,S2_possible_overlap,3,1.0,0.5,215,144,15,14,100.0,0,41,174,0,41,0,41,0,0
128_Et_n_CO_L,S2_possible_overlap,3,2.0,0.0,215,144,35,43,97.0,0,0,215,0,0,0,0,0,0
128_Et_n_CO_L,S2_possible_overlap,3,2.0,0.2,215,144,32,38,97.0,0,15,200,0,15,0,15,0,0
128_Et_n_CO_L,S2_possible_overlap,3,2.0,0.5,215,144,15,19,100.0,0,45,170,0,45,0,45,0,0
128_Et_n_CO_L,S2_possible_overlap,5,0.5,0.0,215,142,35,32,99.0,0,0,215,0,0,0,0,0,0
128_Et_n_CO_L,S2_possible_overlap,5,0.5,0.2,215,142,32,29,99.0,0,11,204,0,11,0,11,0,0
128_Et_n_CO_L,S2_possible_overlap,5,0.5,0.5,215,142,15,14,100.0,0,32,183,0,32,0,32,0,0
128_Et_n_CO_L,S2_possible_overlap,5,1.0,0.0,215,142,35,35,99.0,0,0,215,0,0,0,0,0,0
128_Et_n_CO_L,S2_possible_overlap,5,1.0,0.2,215,142,32,31,99.0,0,10,205,0,10,0,10,0,0
128_Et_n_CO_L,S2_possible_overlap,5,1.0,0.5,215,142,15,14,100.0,0,41,174,0,41,0,41,0,0
128_Et_n_CO_L,S2_possible_overlap,5,2.0,0.0,215,142,35,41,99.0,0,0,215,0,0,0,0,0,0
128_Et_n_CO_L,S2_possible_overlap,5,2.0,0.2,215,142,32,36,99.0,0,15,200,0,15,0,15,0,0
128_Et_n_CO_L,S2_possible_overlap,5,2.0,0.5,215,142,15,19,100.0,0,45,170,0,45,0,45,0,0
129_Et_H_Me_M,S2_possible_overlap,1,0.5,0.0,215,160,35,43,88.0,0,0,215,0,0,0,0,0,0
129_Et_H_Me_M,S2_possible_overlap,1,0.5,0.2,215,160,32,35,89.0,0,11,204,0,11,0,11,0,0
129_Et_H_Me_M,S2_possible_overlap,1,0.5,0.5,215,160,15,15,95.0,0,32,183,0,32,0,32,0,0
129_Et_H_Me_M,S2_possible_overlap,1,1.0,0.0,215,160,35,49,85.0,0,0,215,0,0,0,0,0,0
129_Et_H_Me_M,S2_possible_overlap,1,1.0,0.2,215,160,32,40,86.0,0,10,205,0,10,0,10,0,0
129_Et_H_Me_M,S2_possible_overlap,1,1.0,0.5,215,160,15,15,95.0,0,41,174,0,41,0,41,0,0
129_Et_H_Me_M,S2_possible_overlap,1,2.0,0.0,215,160,35,59,81.0,0,0,215,0,0,0,0,0,0
129_Et_H_Me_M,S2_possible_overlap,1,2.0,0.2,215,160,32,50,81.0,0,15,200,0,15,0,15,0,0
129_Et_H_Me_M,S2_possible_overlap,1,2.0,0.5,215,160,15,25,81.0,0,45,170,0,45,0,45,0,0
129_Et_H_Me_M,S2_possible_overlap,3,0.5,0.0,215,158,35,43,88.0,0,0,215,0,0,0,0,0,0
129_Et_H_Me_M,S2_possible_overlap,3,0.5,0.2,215,158,32,35,89.0,0,11,204,0,11,0,11,0,0
129_Et_H_Me_M,S2_possible_overlap,3,0.5,0.5,215,158,15,15,95.0,0,32,183,0,32,0,32,0,0
129_Et_H_Me_M,S2_possible_overlap,3,1.0,0.0,215,158,35,49,85.0,0,0,215,0,0,0,0,0,0
129_Et_H_Me_M,S2_possible_overlap,3,1.0,0.2,215,158,32,40,86.0,0,10,205,0,10,0,10,0,0
129_Et_H_Me_M,S2_possible_overlap,3,1.0,0.5,215,158,15,15,95.0,0,41,174,0,41,0,41,0,0
129_Et_H_Me_M,S2_possible_overlap,3,2.0,0.0,215,158,35,57,83.0,0,0,215,0,0,0,0,0,0
129_Et_H_Me_M,S2_possible_overlap,3,2.0,0.2,215,158,32,48,83.0,0,15,200,0,15,0,15,0,0
129_Et_H_Me_M,S2_possible_overlap,3,2.0,0.5,215,158,15,23,83.0,0,45,170,0,45,0,45,0,0
129_Et_H_Me_M,S2_possible_overlap,5,0.5,0.0,215,156,35,43,88.0,0,0,215,0,0,0,0,0,0
129_Et_H_Me_M,S2_possible_overlap,5,0.5,0.2,215,156,32,35,89.0,0,11,204,0,11,0,11,0,0
129_Et_H_Me_M,S2_possible_overlap,5,0.5,0.5,215,156,15,15,95.0,0,32,183,0,32,0,32,0,0
129_Et_H_Me_M,S2_possible_overlap,5,1.0,0.0,215,156,35,49,85.0,0,0,215,0,0,0,0,0,0
129_Et_H_Me_M,S2_possible_overlap,5,1.0,0.2,215,156,32,40,86.0,0,10,205,0,10,0,10,0,0
129_Et_H_Me_M,S2_possible_overlap,5,1.0,0.5,215,156,15,15,95.0,0,41,174,0,41,0,41,0,0
129_Et_H_Me_M,S2_possible_overlap,5,2.0,0.0,215,156,35,55,85.0,0,0,215,0,0,0,0,0,0
129_Et_H_Me_M,S2_possible_overlap,5,2.0,0.2,215,156,32,46,85.0,0,15,200,0,15,0,15,0,0
129_Et_H_Me_M,S2_possible_overlap,5,2.0,0.5,215,156,15,22,85.0,0,45,170,0,45,0,45,0,0
132_Et_H_CO_n,S2_possible_overlap,1,0.5,0.0,215,161,35,43,88.0,0,0,215,0,0,0,0,0,0
132_Et_H_CO_n,S2_possible_overlap,1,0.5,0.2,215,161,32,35,89.0,0,11,204,0,11,0,11,0,0
132_Et_H_CO_n,S2_possible_overlap,1,0.5,0.5,215,161,15,15,95.0,0,32,183,0,32,0,32,0,0
132_Et_H_CO_n,S2_possible_overlap,1,1.0,0.0,215,161,35,49,85.0,0,0,215,0,0,0,0,0,0
132_Et_H_CO_n,S2_possible_overlap,1,1.0,0.2,215,161,32,40,86.0,0,10,205,0,10,0,10,0,0
132_Et_H_CO_n,S2_possible_overlap,1,1.0,0.5,215,161,15,15,95.0,0,41,174,0,41,0,41,0,0
132_Et_H_CO_n,S2_possible_overlap,1,2.0,0.0,215,161,35,60,80.0,0,0,215,0,0,0,0,0,0
132_Et_H_CO_n,S2_possible_overlap,1,2.0,0.2,215,161,32,51,80.0,0,15,200,0,15,0,15,0,0
132_Et_H_CO_n,S2_possible_overlap,1,2.0,0.5,215,161,15,26,80.0,0,45,170,0,45,0,45,0,0
132_Et_H_CO_n,S2_possible_overlap,3,0.5,0.0,215,159,35,43,88.0,0,0,215,0,0,0,0,0,0
132_Et_H_CO_n,S2_possible_overlap,3,0.5,0.2,215,159,32,35,89.0,0,11,204,0,11,0,11,0,0
132_Et_H_CO_n,S2_possible_overlap,3,0.5,0.5,215,159,15,15,95.0,0,32,183,0,32,0,32,0,0
132_Et_H_CO_n,S2_possible_overlap,3,1.0,0.0,215,159,35,49,85.0,0,0,215,0,0,0,0,0,0
132_Et_H_CO_n,S2_possible_overlap,3,1.0,0.2,215,159,32,40,86.0,0,10,205,0,10,0,10,0,0
132_Et_H_CO_n,S2_possible_overlap,3,1.0,0.5,215,159,15,15,95.0,0,41,174,0,41,0,41,0,0
132_Et_H_CO_n,S2_possible_overlap,3,2.0,0.0,215,159,35,58,82.0,0,0,215,0,0,0,0,0,0
132_Et_H_CO_n,S2_possible_overlap,3,2.0,0.2,215,159,32,49,82.0,0,15,200,0,15,0,15,0,0
132_Et_H_CO_n,S2_possible_overlap,3,2.0,0.5,215,159,15,24,82.0,0,45,170,0,45,0,45,0,0
132_Et_H_CO_n,S2_possible_overlap,5,0.5,0.0,215,157,35,43,88.0,0,0,215,0,0,0,0,0,0
132_Et_H_CO_n,S2_possible_overlap,5,0.5,0.2,215,157,32,35,89.0,0,11,204,0,11,0,11,0,0
132_Et_H_CO_n,S2_possible_overlap,5,0.5,0.5,215,157,15,15,95.0,0,32,183,0,32,0,32,0,0
132_Et_H_CO_n,S2_possible_overlap,5,1.0,0.0,215,157,35,49,85.0,0,0,215,0,0,0,0,0,0
132_Et_H_CO_n,S2_possible_overlap,5,1.0,0.2,215,157,32,40,86.0,0,10,205,0,10,0,10,0,0
132_Et_H_CO_n,S2_possible_overlap,5,1.0,0.5,215,157,15,15,95.0,0,41,174,0,41,0,41,0,0
132_Et_H_CO_n,S2_possible_overlap,5,2.0,0.0,215,157,35,56,84.0,0,0,215,0,0,0,0,0,0
132_Et_H_CO_n,S2_possible_overlap,5,2.0,0.2,215,157,32,47,84.0,0,15,200,0,15,0,15,0,0
132_Et_H_CO_n,S2_possible_overlap,5,2.0,0.5,215,157,15,22,85.0,0,45,170,0,45,0,45,0,0
135_Et_H_Me_n,S2_possible_overlap,1,0.5,0.0,215,160,35,43,88.0,0,0,215,0,0,0,0,0,0
135_Et_H_Me_n,S2_possible_overlap,1,0.5,0.2,215,160,32,35,89.0,0,11,204,0,11,0,11,0,0
135_Et_H_Me_n,S2_possible_overlap,1,0.5,0.5,215,160,15,15,95.0,0,32,183,0,32,0,32,0,0
135_Et_H_Me_n,S2_possible_overlap,1,1.0,0.0,215,160,35,49,85.0,0,0,215,0,0,0,0,0,0
135_Et_H_Me_n,S2_possible_overlap,1,1.0,0.2,215,160,32,40,86.0,0,10,205,0,10,0,10,0,0
135_Et_H_Me_n,S2_possible_overlap,1,1.0,0.5,215,160,15,15,95.0,0,41,174,0,41,0,41,0,0
135_Et_H_Me_n,S2_possible_overlap,1,2.0,0.0,215,160,35,59,81.0,0,0,215,0,0,0,0,0,0
135_Et_H_Me_n,S2_possible_overlap,1,2.0,0.2,215,160,32,50,81.0,0,15,200,0,15,0,15,0,0
135_Et_H_Me_n,S2_possible_overlap,1,2.0,0.5,215,160,15,25,81.0,0,45,170,0,45,0,45,0,0
135_Et_H_Me_n,S2_possible_overlap,3,0.5,0.0,215,158,35,43,88.0,0,0,215,0,0,0,0,0,0
135_Et_H_Me_n,S2_possible_overlap,3,0.5,0.2,215,158,32,35,89.0,0,11,204,0,11,0,11,0,0
135_Et_H_Me_n,S2_possible_overlap,3,0.5,0.5,215,158,15,15,95.0,0,32,183,0,32,0,32,0,0
135_Et_H_Me_n,S2_possible_overlap,3,1.0,0.0,215,158,35,49,85.0,0,0,215,0,0,0,0,0,0
135_Et_H_Me_n,S2_possible_overlap,3,1.0,0.2,215,158,32,40,86.0,0,10,205,0,10,0,10,0,0
135_Et_H_Me_n,S2_possible_overlap,3,1.0,0.5,215,158,15,15,95.0,0,41,174,0,41,0,41,0,0
135_Et_H_Me_n,S2_possible_overlap,3,2.0,0.0,215,158,35,57,83.0,0,0,215,0,0,0,0,0,0
135_Et_H_Me_n,S2_possible_overlap,3,2.0,0.2,215,158,32,48,83.0,0,15,200,0,15,0,15,0,0
135_Et_H_Me_n,S2_possible_overlap,3,2.0,0.5,215,158,15,23,83.0,0,45,170,0,45,0,45,0,0
135_Et_H_Me_n,S2_possible_overlap,5,0.5,0.0,215,156,35,43,88.0,0,0,215,0,0,0,0,0,0
135_Et_H_Me_n,S2_possible_overlap,5,0.5,0.2,215,156,32,35,89.0,0,11,204,0,11,0,11,0,0
135_Et_H_Me_n,S2_possible_overlap,5,0.5,0.5,215,156,15,15,95.0,0,32,183,0,32,0,32,0,0
135_Et_H_Me_n,S2_possible_overlap,5,1.0,0.0,215,156,35,49,85.0,0,0,215,0,0,0,0,0,0
135_Et_H_Me_n,S2_possible_overlap,5,1.0,0.2,215,156,32,40,86.0,0,10,205,0,10,0,10,0,0
135_Et_H_Me_n,S2_possible_overlap,5,1.0,0.5,215,156,15,15,95.0,0,41,174,0,41,0,41,0,0
135_Et_H_Me_n,S2_possible_overlap,5,2.0,0.0,215,156,35,55,85.0,0,0,215,0,0,0,0,0,0
135_Et_H_Me_n,S2_possible_overlap,5,2.0,0.2,215,156,32,46,85.0,0,15,200,0,15,0,15,0,0
135_Et_H_Me_n,S2_possible_overlap,5,2.0,0.5,215,156,15,22,85.0,0,45,170,0,45,0,45,0,0
138_Et_M_CO_M,S2_possible_overlap,1,0.5,0.0,215,159,35,43,88.0,0,0,215,0,0,0,0,0,0
138_Et_M_CO_M,S2_possible_overlap,1,0.5,0.2,215,159,32,35,89.0,0,11,204,0,11,0,11,0,0
138_Et_M_CO_M,S2_possible_overlap,1,0.5,0.5,215,159,15,15,95.0,0,32,183,0,32,0,32,0,0
138_Et_M_CO_M,S2_possible_overlap,1,1.0,0.0,215,159,35,49,85.0,0,0,215,0,0,0,0,0,0
138_Et_M_CO_M,S2_possible_overlap,1,1.0,0.2,215,159,32,40,86.0,0,10,205,0,10,0,10,0,0
138_Et_M_CO_M,S2_possible_overlap,1,1.0,0.5,215,159,15,15,95.0,0,41,174,0,41,0,41,0,0
138_Et_M_CO_M,S2_possible_overlap,1,2.0,0.0,215,159,35,58,82.0,0,0,215,0,0,0,0,0,0
138_Et_M_CO_M,S2_possible_overlap,1,2.0,0.2,215,159,32,49,82.0,0,15,200,0,15,0,15,0,0
138_Et_M_CO_M,S2_possible_overlap,1,2.0,0.5,215,159,15,24,82.0,0,45,170,0,45,0,45,0,0
138_Et_M_CO_M,S2_possible_overlap,3,0.5,0.0,215,157,35,43,88.0,0,0,215,0,0,0,0,0,0
138_Et_M_CO_M,S2_possible_overlap,3,0.5,0.2,215,157,32,35,89.0,0,11,204,0,11,0,11,0,0
138_Et_M_CO_M,S2_possible_overlap,3,0.5,0.5,215,157,15,15,95.0,0,32,183,0,32,0,32,0,0
138_Et_M_CO_M,S2_possible_overlap,3,1.0,0.0,215,157,35,49,85.0,0,0,215,0,0,0,0,0,0
138_Et_M_CO_M,S2_possible_overlap,3,1.0,0.2,215,157,32,40,86.0,0,10,205,0,10,0,10,0,0
138_Et_M_CO_M,S2_possible_overlap,3,1.0,0.5,215,157,15,15,95.0,0,41,174,0,41,0,41,0,0
138_Et_M_CO_M,S2_possible_overlap,3,2.0,0.0,215,157,35,56,84.0,0,0,215,0,0,0,0,0,0
138_Et_M_CO_M,S2_possible_overlap,3,2.0,0.2,215,157,32,47,84.0,0,15,200,0,15,0,15,0,0
138_Et_M_CO_M,S2_possible_overlap,3,2.0,0.5,215,157,15,22,85.0,0,45,170,0,45,0,45,0,0
138_Et_M_CO_M,S2_possible_overlap,5,0.5,0.0,215,155,35,43,88.0,0,0,215,0,0,0,0,0,0
138_Et_M_CO_M,S2_possible_overlap,5,0.5,0.2,215,155,32,35,89.0,0,11,204,0,11,0,11,0,0
138_Et_M_CO_M,S2_possible_overlap,5,0.5,0.5,215,155,15,15,95.0,0,32,183,0,32,0,32,0,0
138_Et_M_CO_M,S2_possible_overlap,5,1.0,0.0,215,155,35,48,86.0,0,0,215,0,0,0,0,0,0
138_Et_M_CO_M,S2_possible_overlap,5,1.0,0.2,215,155,32,40,86.0,0,10,205,0,10,0,10,0,0
138_Et_M_CO_M,S2_possible_overlap,5,1.0,0.5,215,155,15,15,95.0,0,41,174,0,41,0,41,0,0
138_Et_M_CO_M,S2_possible_overlap,5,2.0,0.0,215,155,35,54,86.0,0,0,215,0,0,0,0,0,0
138_Et_M_CO_M,S2_possible_overlap,5,2.0,0.2,215,155,32,45,86.0,0,15,200,0,15,0,15,0,0
138_Et_M_CO_M,S2_possible_overlap,5,2.0,0.5,215,155,15,21,87.0,0,45,170,0,45,0,45,0,0
145_Et_L_Me_n,S2_possible_overlap,1,0.5,0.0,215,135,35,25,106.0,0,0,215,0,0,0,0,0,0
145_Et_L_Me_n,S2_possible_overlap,1,0.5,0.2,215,135,32,22,106.0,0,11,204,0,11,0,11,0,0
145_Et_L_Me_n,S2_possible_overlap,1,0.5,0.5,215,135,15,10,111.0,0,32,183,0,32,0,32,0,0
145_Et_L_Me_n,S2_possible_overlap,1,1.0,0.0,215,135,35,28,106.0,0,0,215,0,0,0,0,0,0
145_Et_L_Me_n,S2_possible_overlap,1,1.0,0.2,215,135,32,24,106.0,0,10,205,0,10,0,10,0,0
145_Et_L_Me_n,S2_possible_overlap,1,1.0,0.5,215,135,15,10,111.0,0,41,174,0,41,0,41,0,0
145_Et_L_Me_n,S2_possible_overlap,1,2.0,0.0,215,135,35,34,106.0,0,0,215,0,0,0,0,0,0
145_Et_L_Me_n,S2_possible_overlap,1,2.0,0.2,215,135,32,29,106.0,0,15,200,0,15,0,15,0,0
145_Et_L_Me_n,S2_possible_overlap,1,2.0,0.5,215,135,15,15,111.0,0,45,170,0,45,0,45,0,0
145_Et_L_Me_n,S2_possible_overlap,3,0.5,0.0,215,133,35,23,108.0,0,0,215,0,0,0,0,0,0
145_Et_L_Me_n,S2_possible_overlap,3,0.5,0.2,215,133,32,20,108.0,0,11,204,0,11,0,11,0,0
145_Et_L_Me_n,S2_possible_overlap,3,0.5,0.5,215,133,15,10,111.0,0,32,183,0,32,0,32,0,0
145_Et_L_Me_n,S2_possible_overlap,3,1.0,0.0,215,133,35,26,108.0,0,0,215,0,0,0,0,0,0
145_Et_L_Me_n,S2_possible_overlap,3,1.0,0.2,215,133,32,22,108.0,0,10,205,0,10,0,10,0,0
145_Et_L_Me_n,S2_possible_overlap,3,1.0,0.5,215,133,15,10,111.0,0,41,174,0,41,0,41,0,0
145_Et_L_Me_n,S2_possible_overlap,3,2.0,0.0,215,133,35,32,108.0,0,0,215,0,0,0,0,0,0
145_Et_L_Me_n,S2_possible_overlap,3,2.0,0.2,215,133,32,27,108.0,0,15,200,0,15,0,15,0,0
145_Et_L_Me_n,S2_possible_overlap,3,2.0,0.5,215,133,15,15,111.0,0,45,170,0,45,0,45,0,0
145_Et_L_Me_n,S2_possible_overlap,5,0.5,0.0,215,131,35,21,110.0,0,0,215,0,0,0,0,0,0
145_Et_L_Me_n,S2_possible_overlap,5,0.5,0.2,215,131,32,18,110.0,0,11,204,0,11,0,11,0,0
145_Et_L_Me_n,S2_possible_overlap,5,0.5,0.5,215,131,15,10,111.0,0,32,183,0,32,0,32,0,0
145_Et_L_Me_n,S2_possible_overlap,5,1.0,0.0,215,131,35,24,110.0,0,0,215,0,0,0,0,0,0
145_Et_L_Me_n,S2_possible_overlap,5,1.0,0.2,215,131,32,20,110.0,0,10,205,0,10,0,10,0,0
145_Et_L_Me_n,S2_possible_overlap,5,1.0,0.5,215,131,15,10,111.0,0,41,174,0,41,0,41,0,0
145_Et_L_Me_n,S2_possible_overlap,5,2.0,0.0,215,131,35,30,110.0,0,0,215,0,0,0,0,0,0
145_Et_L_Me_n,S2_possible_overlap,5,2.0,0.2,215,131,32,25,110.0,0,15,200,0,15,0,15,0,0
145_Et_L_Me_n,S2_possible_overlap,5,2.0,0.5,215,131,15,15,111.0,0,45,170,0,45,0,45,0,0
147_Et_n_Me_M,S2_possible_overlap,1,0.5,0.0,215,148,35,38,93.0,0,0,215,0,0,0,0,0,0
147_Et_n_Me_M,S2_possible_overlap,1,0.5,0.2,215,148,32,33,95.0,0,11,204,0,11,0,11,0,0
147_Et_n_Me_M,S2_possible_overlap,1,0.5,0.5,215,148,15,15,95.0,0,32,183,0,32,0,32,0,0
147_Et_n_Me_M,S2_possible_overlap,1,1.0,0.0,215,148,35,41,93.0,0,0,215,0,0,0,0,0,0
147_Et_n_Me_M,S2_possible_overlap,1,1.0,0.2,215,148,32,35,95.0,0,10,205,0,10,0,10,0,0
147_Et_n_Me_M,S2_possible_overlap,1,1.0,0.5,215,148,15,15,95.0,0,41,174,0,41,0,41,0,0
147_Et_n_Me_M,S2_possible_overlap,1,2.0,0.0,215,148,35,47,93.0,0,0,215,0,0,0,0,0,0
147_Et_n_Me_M,S2_possible_overlap,1,2.0,0.2,215,148,32,40,95.0,0,15,200,0,15,0,15,0,0
147_Et_n_Me_M,S2_possible_overlap,1,2.0,0.5,215,148,15,20,95.0,0,45,170,0,45,0,45,0,0
147_Et_n_Me_M,S2_possible_overlap,3,0.5,0.0,215,146,35,36,95.0,0,0,215,0,0,0,0,0,0
147_Et_n_Me_M,S2_possible_overlap,3,0.5,0.2,215,146,32,33,95.0,0,11,204,0,11,0,11,0,0
147_Et_n_Me_M,S2_possible_overlap,3,0.5,0.5,215,146,15,15,95.0,0,32,183,0,32,0,32,0,0
147_Et_n_Me_M,S2_possible_overlap,3,1.0,0.0,215,146,35,39,95.0,0,0,215,0,0,0,0,0,0
147_Et_n_Me_M,S2_possible_overlap,3,1.0,0.2,215,146,32,35,95.0,0,10,205,0,10,0,10,0,0
147_Et_n_Me_M,S2_possible_overlap,3,1.0,0.5,215,146,15,15,95.0,0,41,174,0,41,0,41,0,0
147_Et_n_Me_M,S2_possible_overlap,3,2.0,0.0,215,146,35,45,95.0,0,0,215,0,0,0,0,0,0
147_Et_n_Me_M,S2_possible_overlap,3,2.0,0.2,215,146,32,40,95.0,0,15,200,0,15,0,15,0,0
147_Et_n_Me_M,S2_possible_overlap,3,2.0,0.5,215,146,15,20,95.0,0,45,170,0,45,0,45,0,0
147_Et_n_Me_M,S2_possible_overlap,5,0.5,0.0,215,144,35,34,97.0,0,0,215,0,0,0,0,0,0
147_Et_n_Me_M,S2_possible_overlap,5,0.5,0.2,215,144,32,31,97.0,0,11,204,0,11,0,11,0,0
147_Et_n_Me_M,S2_possible_overlap,5,0.5,0.5,215,144,15,14,100.0,0,32,183,0,32,0,32,0,0
147_Et_n_Me_M,S2_possible_overlap,5,1.0,0.0,215,144,35,37,97.0,0,0,215,0,0,0,0,0,0
147_Et_n_Me_M,S2_possible_overlap,5,1.0,0.2,215,144,32,33,97.0,0,10,205,0,10,0,10,0,0
147_Et_n_Me_M,S2_possible_overlap,5,1.0,0.5,215,144,15,14,100.0,0,41,174,0,41,0,41,0,0
147_Et_n_Me_M,S2_possible_overlap,5,2.0,0.0,215,144,35,43,97.0,0,0,215,0,0,0,0,0,0
147_Et_n_Me_M,S2_possible_overlap,5,2.0,0.2,215,144,32,38,97.0,0,15,200,0,15,0,15,0,0
147_Et_n_Me_M,S2_possible_overlap,5,2.0,0.5,215,144,15,19,100.0,0,45,170,0,45,0,45,0,0
155_Et_H_Me_L,S2_possible_overlap,1,0.5,0.0,215,157,35,43,88.0,0,0,215,0,0,0,0,0,0
155_Et_H_Me_L,S2_possible_overlap,1,0.5,0.2,215,157,32,35,89.0,0,11,204,0,11,0,11,0,0
155_Et_H_Me_L,S2_possible_overlap,1,0.5,0.5,215,157,15,15,95.0,0,32,183,0,32,0,32,0,0
155_Et_H_Me_L,S2_possible_overlap,1,1.0,0.0,215,157,35,49,85.0,0,0,215,0,0,0,0,0,0
155_Et_H_Me_L,S2_possible_overlap,1,1.0,0.2,215,157,32,40,86.0,0,10,205,0,10,0,10,0,0
155_Et_H_Me_L,S2_possible_overlap,1,1.0,0.5,215,157,15,15,95.0,0,41,174,0,41,0,41,0,0
155_Et_H_Me_L,S2_possible_overlap,1,2.0,0.0,215,157,35,56,84.0,0,0,215,0,0,0,0,0,0
155_Et_H_Me_L,S2_possible_overlap,1,2.0,0.2,215,157,32,47,84.0,0,15,200,0,15,0,15,0,0
155_Et_H_Me_L,S2_possible_overlap,1,2.0,0.5,215,157,15,22,85.0,0,45,170,0,45,0,45,0,0
155_Et_H_Me_L,S2_possible_overlap,3,0.5,0.0,215,155,35,43,88.0,0,0,215,0,0,0,0,0,0
155_Et_H_Me_L,S2_possible_overlap,3,0.5,0.2,215,155,32,35,89.0,0,11,204,0,11,0,11,0,0
155_Et_H_Me_L,S2_possible_overlap,3,0.5,0.5,215,155,15,15,95.0,0,32,183,0,32,0,32,0,0
155_Et_H_Me_L,S2_possible_overlap,3,1.0,0.0,215,155,35,48,86.0,0,0,215,0,0,0,0,0,0
155_Et_H_Me_L,S2_possible_overlap,3,1.0,0.2,215,155,32,40,86.0,0,10,205,0,10,0,10,0,0
155_Et_H_Me_L,S2_possible_overlap,3,1.0,0.5,215,155,15,15,95.0,0,41,174,0,41,0,41,0,0
155_Et_H_Me_L,S2_possible_overlap,3,2.0,0.0,215,155,35,54,86.0,0,0,215,0,0,0,0,0,0
155_Et_H_Me_L,S2_possible_overlap,3,2.0,0.2,215,155,32,45,86.0,0,15,200,0,15,0,15,0,0
155_Et_H_Me_L,S2_possible_overlap,3,2.0,0.5,215,155,15,21,87.0,0,45,170,0,45,0,45,0,0
155_Et_H_Me_L,S2_possible_overlap,5,0.5,0.0,215,153,35,43,88.0,0,0,215,0,0,0,0,0,0
155_Et_H_Me_L,S2_possible_overlap,5,0.5,0.2,215,153,32,35,89.0,0,11,204,0,11,0,11,0,0
155_Et_H_Me_L,S2_possible_overlap,5,0.5,0.5,215,153,15,15,95.0,0,32,183,0,32,0,32,0,0
155_Et_H_Me_L,S2_possible_overlap,5,1.0,0.0,215,153,35,46,88.0,0,0,215,0,0,0,0,0,0
155_Et_H_Me_L,S2_possible_overlap,5,1.0,0.2,215,153,32,38,88.0,0,10,205,0,10,0,10,0,0
155_Et_H_Me_L,S2_possible_overlap,5,1.0,0.5,215,153,15,15,95.0,0,41,174,0,41,0,41,0,0
155_Et_H_Me_L,S2_possible_overlap,5,2.0,0.0,215,153,35,52,88.0,0,0,215,0,0,0,0,0,0
155_Et_H_Me_L,S2_possible_overlap,5,2.0,0.2,215,153,32,43,88.0,0,15,200,0,15,0,15,0,0
155_Et_H_Me_L,S2_possible_overlap,5,2.0,0.5,215,153,15,20,95.0,0,45,170,0,45,0,45,0,0
156_Et_n_CO_M,S2_possible_overlap,1,0.5,0.0,215,134,35,24,107.0,0,0,215,0,0,0,0,0,0
156_Et_n_CO_M,S2_possible_overlap,1,0.5,0.2,215,134,32,21,107.0,0,11,204,0,11,0,11,0,0
156_Et_n_CO_M,S2_possible_overlap,1,0.5,0.5,215,134,15,10,111.0,0,32,183,0,32,0,32,0,0
156_Et_n_CO_M,S2_possible_overlap,1,1.0,0.0,215,134,35,27,107.0,0,0,215,0,0,0,0,0,0
156_Et_n_CO_M,S2_possible_overlap,1,1.0,0.2,215,134,32,23,107.0,0,10,205,0,10,0,10,0,0
156_Et_n_CO_M,S2_possible_overlap,1,1.0,0.5,215,134,15,10,111.0,0,41,174,0,41,0,41,0,0
156_Et_n_CO_M,S2_possible_overlap,1,2.0,0.0,215,134,35,33,107.0,0,0,215,0,0,0,0,0,0
156_Et_n_CO_M,S2_possible_overlap,1,2.0,0.2,215,134,32,28,107.0,0,15,200,0,15,0,15,0,0
156_Et_n_CO_M,S2_possible_overlap,1,2.0,0.5,215,134,15,15,111.0,0,45,170,0,45,0,45,0,0
156_Et_n_CO_M,S2_possible_overlap,3,0.5,0.0,215,132,35,22,109.0,0,0,215,0,0,0,0,0,0
156_Et_n_CO_M,S2_possible_overlap,3,0.5,0.2,215,132,32,19,109.0,0,11,204,0,11,0,11,0,0
156_Et_n_CO_M,S2_possible_overlap,3,0.5,0.5,215,132,15,10,111.0,0,32,183,0,32,0,32,0,0
156_Et_n_CO_M,S2_possible_overlap,3,1.0,0.0,215,132,35,25,109.0,0,0,215,0,0,0,0,0,0
156_Et_n_CO_M,S2_possible_overlap,3,1.0,0.2,215,132,32,21,109.0,0,10,205,0,10,0,10,0,0
156_Et_n_CO_M,S2_possible_overlap,3,1.0,0.5,215,132,15,10,111.0,0,41,174,0,41,0,41,0,0
156_Et_n_CO_M,S2_possible_overlap,3,2.0,0.0,215,132,35,31,109.0,0,0,215,0,0,0,0,0,0
156_Et_n_CO_M,S2_possible_overlap,3,2.0,0.2,215,132,32,26,109.0,0,15,200,0,15,0,15,0,0
156_Et_n_CO_M,S2_possible_overlap,3,2.0,0.5,215,132,15,15,111.0,0,45,170,0,45,0,45,0,0
156_Et_n_CO_M,S2_possible_overlap,5,0.5,0.0,215,130,35,20,111.0,0,0,215,0,0,0,0,0,0
156_Et_n_CO_M,S2_possible_overlap,5,0.5,0.2,215,130,32,17,111.0,0,11,204,0,11,0,11,0,0
156_Et_n_CO_M,S2_possible_overlap,5,0.5,0.5,215,130,15,10,111.0,0,32,183,0,32,0,32,0,0
156_Et_n_CO_M,S2_possible_overlap,5,1.0,0.0,215,130,35,23,111.0,0,0,215,0,0,0,0,0,0
156_Et_n_CO_M,S2_possible_overlap,5,1.0,0.2,215,130,32,19,111.0,0,10,205,0,10,0,10,0,0
156_Et_n_CO_M,S2_possible_overlap,5,1.0,0.5,215,130,15,10,111.0,0,41,174,0,41,0,41,0,0
156_Et_n_CO_M,S2_possible_overlap,5,2.0,0.0,215,130,35,29,111.0,0,0,215,0,0,0,0,0,0
156_Et_n_CO_M,S2_possible_overlap,5,2.0,0.2,215,130,32,24,111.0,0,15,200,0,15,0,15,0,0
156_Et_n_CO_M,S2_possible_overlap,5,2.0,0.5,215,130,15,15,111.0,0,45,170,0,45,0,45,0,0
157_Et_n_Me_H,S2_possible_overlap,1,0.5,0.0,215,148,35,38,93.0,0,0,215,0,0,0,0,0,0
157_Et_n_Me_H,S2_possible_overlap,1,0.5,0.2,215,148,32,33,95.0,0,11,204,0,11,0,11,0,0
157_Et_n_Me_H,S2_possible_overlap,1,0.5,0.5,215,148,15,15,95.0,0,32,183,0,32,0,32,0,0
157_Et_n_Me_H,S2_possible_overlap,1,1.0,0.0,215,148,35,41,93.0,0,0,215,0,0,0,0,0,0
157_Et_n_Me_H,S2_possible_overlap,1,1.0,0.2,215,148,32,35,95.0,0,10,205,0,10,0,10,0,0
157_Et_n_Me_H,S2_possible_overlap,1,1.0,0.5,215,148,15,15,95.0,0,41,174,0,41,0,41,0,0
157_Et_n_Me_H,S2_possible_overlap,1,2.0,0.0,215,148,35,47,93.0,0,0,215,0,0,0,0,0,0
157_Et_n_Me_H,S2_possible_overlap,1,2.0,0.2,215,148,32,40,95.0,0,15,200,0,15,0,15,0,0
157_Et_n_Me_H,S2_possible_overlap,1,2.0,0.5,215,148,15,20,95.0,0,45,170,0,45,0,45,0,0
157_Et_n_Me_H,S2_possible_overlap,3,0.5,0.0,215,146,35,36,95.0,0,0,215,0,0,0,0,0,0
157_Et_n_Me_H,S2_possible_overlap,3,0.5,0.2,215,146,32,33,95.0,0,11,204,0,11,0,11,0,0
157_Et_n_Me_H,S2_possible_overlap,3,0.5,0.5,215,146,15,15,95.0,0,32,183,0,32,0,32,0,0
157_Et_n_Me_H,S2_possible_overlap,3,1.0,0.0,215,146,35,39,95.0,0,0,215,0,0,0,0,0,0
157_Et_n_Me_H,S2_possible_overlap,3,1.0,0.2,215,146,32,35,95.0,0,10,205,0,10,0,10,0,0
157_Et_n_Me_H,S2_possible_overlap,3,1.0,0.5,215,146,15,15,95.0,0,41,174,0,41,0,41,0,0
157_Et_n_Me_H,S2_possible_overlap,3,2.0,0.0,215,146,35,45,95.0,0,0,215,0,0,0,0,0,0
157_Et_n_Me_H,S2_possible_overlap,3,2.0,0.2,215,146,32,40,95.0,0,15,200,0,15,0,15,0,0
157_Et_n_Me_H,S2_possible_overlap,3,2.0,0.5,215,146,15,20,95.0,0,45,170,0,45,0,45,0,0
157_Et_n_Me_H,S2_possible_overlap,5,0.5,0.0,215,144,35,34,97.0,0,0,215,0,0,0,0,0,0
157_Et_n_Me_H,S2_possible_overlap,5,0.5,0.2,215,144,32,31,97.0,0,11,204,0,11,0,11,0,0
157_Et_n_Me_H,S2_possible_overlap,5,0.5,0.5,215,144,15,14,100.0,0,32,183,0,32,0,32,0,0
157_Et_n_Me_H,S2_possible_overlap,5,1.0,0.0,215,144,35,37,97.0,0,0,215,0,0,0,0,0,0
157_Et_n_Me_H,S2_possible_overlap,5,1.0,0.2,215,144,32,33,97.0,0,10,205,0,10,0,10,0,0
157_Et_n_Me_H,S2_possible_overlap,5,1.0,0.5,215,144,15,14,100.0,0,41,174,0,41,0,41,0,0
157_Et_n_Me_H,S2_possible_overlap,5,2.0,0.0,215,144,35,43,97.0,0,0,215,0,0,0,0,0,0
157_Et_n_Me_H,S2_possible_overlap,5,2.0,0.2,215,144,32,38,97.0,0,15,200,0,15,0,15,0,0
157_Et_n_Me_H,S2_possible_overlap,5,2.0,0.5,215,144,15,19,100.0,0,45,170,0,45,0,45,0,0
158_Et_M_CO_H,S2_possible_overlap,1,0.5,0.0,215,159,35,43,88.0,0,0,215,0,0,0,0,0,0
158_Et_M_CO_H,S2_possible_overlap,1,0.5,0.2,215,159,32,35,89.0,0,11,204,0,11,0,11,0,0
158_Et_M_CO_H,S2_possible_overlap,1,0.5,0.5,215,159,15,15,95.0,0,32,183,0,32,0,32,0,0
158_Et_M_CO_H,S2_possible_overlap,1,1.0,0.0,215,159,35,49,85.0,0,0,215,0,0,0,0,0,0
158_Et_M_CO_H,S2_possible_overlap,1,1.0,0.2,215,159,32,40,86.0,0,10,205,0,10,0,10,0,0
158_Et_M_CO_H,S2_possible_overlap,1,1.0,0.5,215,159,15,15,95.0,0,41,174,0,41,0,41,0,0
158_Et_M_CO_H,S2_possible_overlap,1,2.0,0.0,215,159,35,58,82.0,0,0,215,0,0,0,0,0,0
158_Et_M_CO_H,S2_possible_overlap,1,2.0,0.2,215,159,32,49,82.0,0,15,200,0,15,0,15,0,0
158_Et_M_CO_H,S2_possible_overlap,1,2.0,0.5,215,159,15,24,82.0,0,45,170,0,45,0,45,0,0
158_Et_M_CO_H,S2_possible_overlap,3,0.5,0.0,215,157,35,43,88.0,0,0,215,0,0,0,0,0,0
158_Et_M_CO_H,S2_possible_overlap,3,0.5,0.2,215,157,32,35,89.0,0,11,204,0,11,0,11,0,0
158_Et_M_CO_H,S2_possible_overlap,3,0.5,0.5,215,157,15,15,95.0,0,32,183,0,32,0,32,0,0
158_Et_M_CO_H,S2_possible_overlap,3,1.0,0.0,215,157,35,49,85.0,0,0,215,0,0,0,0,0,0
158_Et_M_CO_H,S2_possible_overlap,3,1.0,0.2,215,157,32,40,86.0,0,10,205,0,10,0,10,0,0
158_Et_M_CO_H,S2_possible_overlap,3,1.0,0.5,215,157,15,15,95.0,0,41,174,0,41,0,41,0,0
158_Et_M_CO_H,S2_possible_overlap,3,2.0,0.0,215,157,35,56,84.0,0,0,215,0,0,0,0,0,0
158_Et_M_CO_H,S2_possible_overlap,3,2.0,0.2,215,157,32,47,84.0,0,15,200,0,15,0,15,0,0
158_Et_M_CO_H,S2_possible_overlap,3,2.0,0.5,215,157,15,22,85.0,0,45,170,0,45,0,45,0,0
158_Et_M_CO_H,S2_possible_overlap,5,0.5,0.0,215,155,35,43,88.0,0,0,215,0,0,0,0,0,0
158_Et_M_CO_H,S2_possible_overlap,5,0.5,0.2,215,155,32,35,89.0,0,11,204,0,11,0,11,0,0
158_Et_M_CO_H,S2_possible_overlap,5,0.5,0.5,215,155,15,15,95.0,0,32,183,0,32,0,32,0,0
158_Et_M_CO_H,S2_possible_overlap,5,1.0,0.0,215,155,35,48,86.0,0,0,215,0,0,0,0,0,0
158_Et_M_CO_H,S2_possible_overlap,5,1.0,0.2,215,155,32,40,86.0,0,10,205,0,10,0,10,0,0
158_Et_M_CO_H,S2_possible_overlap,5,1.0,0.5,215,155,15,15,95.0,0,41,174,0,41,0,41,0,0
158_Et_M_CO_H,S2_possible_overlap,5,2.0,0.0,215,155,35,54,86.0,0,0,215,0,0,0,0,0,0
158_Et_M_CO_H,S2_possible_overlap,5,2.0,0.2,215,155,32,45,86.0,0,15,200,0,15,0,15,0,0
158_Et_M_CO_H,S2_possible_overlap,5,2.0,0.5,215,155,15,21,87.0,0,45,170,0,45,0,45,0,0
163_Et_H_Me_M,S2_possible_overlap,1,0.5,0.0,215,158,35,43,88.0,0,0,215,0,0,0,0,0,0
163_Et_H_Me_M,S2_possible_overlap,1,0.5,0.2,215,158,32,35,89.0,0,11,204,0,11,0,11,0,0
163_Et_H_Me_M,S2_possible_overlap,1,0.5,0.5,215,158,15,15,95.0,0,32,183,0,32,0,32,0,0
163_Et_H_Me_M,S2_possible_overlap,1,1.0,0.0,215,158,35,49,85.0,0,0,215,0,0,0,0,0,0
163_Et_H_Me_M,S2_possible_overlap,1,1.0,0.2,215,158,32,40,86.0,0,10,205,0,10,0,10,0,0
163_Et_H_Me_M,S2_possible_overlap,1,1.0,0.5,215,158,15,15,95.0,0,41,174,0,41,0,41,0,0
163_Et_H_Me_M,S2_possible_overlap,1,2.0,0.0,215,158,35,57,83.0,0,0,215,0,0,0,0,0,0
163_Et_H_Me_M,S2_possible_overlap,1,2.0,0.2,215,158,32,48,83.0,0,15,200,0,15,0,15,0,0
163_Et_H_Me_M,S2_possible_overlap,1,2.0,0.5,215,158,15,23,83.0,0,45,170,0,45,0,45,0,0
163_Et_H_Me_M,S2_possible_overlap,3,0.5,0.0,215,156,35,43,88.0,0,0,215,0,0,0,0,0,0
163_Et_H_Me_M,S2_possible_overlap,3,0.5,0.2,215,156,32,35,89.0,0,11,204,0,11,0,11,0,0
163_Et_H_Me_M,S2_possible_overlap,3,0.5,0.5,215,156,15,15,95.0,0,32,183,0,32,0,32,0,0
163_Et_H_Me_M,S2_possible_overlap,3,1.0,0.0,215,156,35,49,85.0,0,0,215,0,0,0,0,0,0
163_Et_H_Me_M,S2_possible_overlap,3,1.0,0.2,215,156,32,40,86.0,0,10,205,0,10,0,10,0,0
163_Et_H_Me_M,S2_possible_overlap,3,1.0,0.5,215,156,15,15,95.0,0,41,174,0,41,0,41,0,0
163_Et_H_Me_M,S2_possible_overlap,3,2.0,0.0,215,156,35,55,85.0,0,0,215,0,0,0,0,0,0
163_Et_H_Me_M,S2_possible_overlap,3,2.0,0.2,215,156,32,46,85.0,0,15,200,0,15,0,15,0,0
163_Et_H_Me_M,S2_possible_overlap,3,2.0,0.5,215,156,15,22,85.0,0,45,170,0,45,0,45,0,0
163_Et_H_Me_M,S2_possible_overlap,5,0.5,0.0,215,154,35,43,88.0,0,0,215,0,0,0,0,0,0
163_Et_H_Me_M,S2_possible_overlap,5,0.5,0.2,215,154,32,35,89.0,0,11,204,0,11,0,11,0,0
163_Et_H_Me_M,S2_possible_overlap,5,0.5,0.5,215,154,15,15,95.0,0,32,183,0,32,0,32,0,0
163_Et_H_Me_M,S2_possible_overlap,5,1.0,0.0,215,154,35,47,87.0,0,0,215,0,0,0,0,0,0
163_Et_H_Me_M,S2_possible_overlap,5,1.0,0.2,215,154,32,39,87.0,0,10,205,0,10,0,10,0,0
163_Et_H_Me_M,S2_possible_overlap,5,1.0,0.5,215,154,15,15,95.0,0,41,174,0,41,0,41,0,0
163_Et_H_Me_M,S2_possible_overlap,5,2.0,0.0,215,154,35,53,87.0,0,0,215,0,0,0,0,0,0
163_Et_H_Me_M,S2_possible_overlap,5,2.0,0.2,215,154,32,44,87.0,0,15,200,0,15,0,15,0,0
163_Et_H_Me_M,S2_possible_overlap,5,2.0,0.5,215,154,15,21,87.0,0,45,170,0,45,0,45,0,0
164_Et_H_CO_n,S2_possible_overlap,1,0.5,0.0,215,159,35,43,88.0,0,0,215,0,0,0,0,0,0
164_Et_H_CO_n,S2_possible_overlap,1,0.5,0.2,215,159,32,35,89.0,0,11,204,0,11,0,11,0,0
164_Et_H_CO_n,S2_possible_overlap,1,0.5,0.5,215,159,15,15,95.0,0,32,183,0,32,0,32,0,0
164_Et_H_CO_n,S2_possible_overlap,1,1.0,0.0,215,159,35,49,85.0,0,0,215,0,0,0,0,0,0
164_Et_H_CO_n,S2_possible_overlap,1,1.0,0.2,215,159,32,40,86.0,0,10,205,0,10,0,10,0,0
164_Et_H_CO_n,S2_possible_overlap,1,1.0,0.5,215,159,15,15,95.0,0,41,174,0,41,0,41,0,0
164_Et_H_CO_n,S2_possible_overlap,1,2.0,0.0,215,159,35,58,82.0,0,0,215,0,0,0,0,0,0
164_Et_H_CO_n,S2_possible_overlap,1,2.0,0.2,215,159,32,49,82.0,0,15,200,0,15,0,15,0,0
164_Et_H_CO_n,S2_possible_overlap,1,2.0,0.5,215,159,15,24,82.0,0,45,170,0,45,0,45,0,0
164_Et_H_CO_n,S2_possible_overlap,3,0.5,0.0,215,157,35,43,88.0,0,0,215,0,0,0,0,0,0
164_Et_H_CO_n,S2_possible_overlap,3,0.5,0.2,215,157,32,35,89.0,0,11,204,0,11,0,11,0,0
164_Et_H_CO_n,S2_possible_overlap,3,0.5,0.5,215,157,15,15,95.0,0,32,183,0,32,0,32,0,0
164_Et_H_CO_n,S2_possible_overlap,3,1.0,0.0,215,157,35,49,85.0,0,0,215,0,0,0,0,0,0
164_Et_H_CO_n,S2_possible_overlap,3,1.0,0.2,215,157,32,40,86.0,0,10,205,0,10,0,10,0,0
164_Et_H_CO_n,S2_possible_overlap,3,1.0,0.5,215,157,15,15,95.0,0,41,174,0,41,0,41,0,0
164_Et_H_CO_n,S2_possible_overlap,3,2.0,0.0,215,157,35,56,84.0,0,0,215,0,0,0,0,0,0
164_Et_H_CO_n,S2_possible_overlap,3,2.0,0.2,215,157,32,47,84.0,0,15,200,0,15,0,15,0,0
164_Et_H_CO_n,S2_possible_overlap,3,2.0,0.5,215,157,15,22,85.0,0,45,170,0,45,0,45,0,0
164_Et_H_CO_n,S2_possible_overlap,5,0.5,0.0,215,155,35,43,88.0,0,0,215,0,0,0,0,0,0
164_Et_H_CO_n,S2_possible_overlap,5,0.5,0.2,215,155,32,35,89.0,0,11,204,0,11,0,11,0,0
164_Et_H_CO_n,S2_possible_overlap,5,0.5,0.5,215,155,15,15,95.0,0,32,183,0,32,0,32,0,0
164_Et_H_CO_n,S2_possible_overlap,5,1.0,0.0,215,155,35,48,86.0,0,0,215,0,0,0,0,0,0
164_Et_H_CO_n,S2_possible_overlap,5,1.0,0.2,215,155,32,40,86.0,0,10,205,0,10,0,10,0,0
164_Et_H_CO_n,S2_possible_overlap,5,1.0,0.5,215,155,15,15,95.0,0,41,174,0,41,0,41,0,0
164_Et_H_CO_n,S2_possible_overlap,5,2.0,0.0,215,155,35,54,86.0,0,0,215,0,0,0,0,0,0
164_Et_H_CO_n,S2_possible_overlap,5,2.0,0.2,215,155,32,45,86.0,0,15,200,0,15,0,15,0,0
164_Et_H_CO_n,S2_possible_overlap,5,2.0,0.5,215,155,15,21,87.0,0,45,170,0,45,0,45,0,0
166_Et_H_CO_H,S2_possible_overlap,1,0.5,0.0,215,162,35,43,88.0,0,0,215,0,0,0,0,0,0
166_Et_H_CO_H,S2_possible_overlap,1,0.5,0.2,215,162,32,35,89.0,0,11,204,0,11,0,11,0,0
166_Et_H_CO_H,S2_possible_overlap,1,0.5,0.5,215,162,15,15,95.0,0,32,183,0,32,0,32,0,0
166_Et_H_CO_H,S2_possible_overlap,1,1.0,0.0,215,162,35,49,85.0,0,0,215,0,0,0,0,0,0
166_Et_H_CO_H,S2_possible_overlap,1,1.0,0.2,215,162,32,40,86.0,0,10,205,0,10,0,10,0,0
166_Et_H_CO_H,S2_possible_overlap,1,1.0,0.5,215,162,15,15,95.0,0,41,174,0,41,0,41,0,0
166_Et_H_CO_H,S2_possible_overlap,1,2.0,0.0,215,162,35,61,79.0,0,0,215,0,0,0,0,0,0
166_Et_H_CO_H,S2_possible_overlap,1,2.0,0.2,215,162,32,52,79.0,0,15,200,0,15,0,15,0,0
166_Et_H_CO_H,S2_possible_overlap,1,2.0,0.5,215,162,15,26,80.0,0,45,170,0,45,0,45,0,0
166_Et_H_CO_H,S2_possible_overlap,3,0.5,0.0,215,160,35,43,88.0,0,0,215,0,0,0,0,0,0
166_Et_H_CO_H,S2_possible_overlap,3,0.5,0.2,215,160,32,35,89.0,0,11,204,0,11,0,11,0,0
166_Et_H_CO_H,S2_possible_overlap,3,0.5,0.5,215,160,15,15,95.0,0,32,183,0,32,0,32,0,0
166_Et_H_CO_H,S2_possible_overlap,3,1.0,0.0,215,160,35,49,85.0,0,0,215,0,0,0,0,0,0
166_Et_H_CO_H,S2_possible_overlap,3,1.0,0.2,215,160,32,40,86.0,0,10,205,0,10,0,10,0,0
166_Et_H_CO_H,S2_possible_overlap,3,1.0,0.5,215,160,15,15,95.0,0,41,174,0,41,0,41,0,0
166_Et_H_CO_H,S2_possible_overlap,3,2.0,0.0,215,160,35,59,81.0,0,0,215,0,0,0,0,0,0
166_Et_H_CO_H,S2_possible_overlap,3,2.0,0.2,215,160,32,50,81.0,0,15,200,0,15,0,15,0,0
166_Et_H_CO_H,S2_possible_overlap,3,2.0,0.5,215,160,15,25,81.0,0,45,170,0,45,0,45,0,0
166_Et_H_CO_H,S2_possible_overlap,5,0.5,0.0,215,158,35,43,88.0,0,0,215,0,0,0,0,0,0
166_Et_H_CO_H,S2_possible_overlap,5,0.5,0.2,215,158,32,35,89.0,0,11,204,0,11,0,11,0,0
166_Et_H_CO_H,S2_possible_overlap,5,0.5,0.5,215,158,15,15,95.0,0,32,183,0,32,0,32,0,0
166_Et_H_CO_H,S2_possible_overlap,5,1.0,0.0,215,158,35,49,85.0,0,0,215,0,0,0,0,0,0
166_Et_H_CO_H,S2_possible_overlap,5,1.0,0.2,215,158,32,40,86.0,0,10,205,0,10,0,10,0,0
166_Et_H_CO_H,S2_possible_overlap,5,1.0,0.5,215,158,15,15,95.0,0,41,174,0,41,0,41,0,0
166_Et_H_CO_H,S2_possible_overlap,5,2.0,0.0,215,158,35,57,83.0,0,0,215,0,0,0,0,0,0
166_Et_H_CO_H,S2_possible_overlap,5,2.0,0.2,215,158,32,48,83.0,0,15,200,0,15,0,15,0,0
166_Et_H_CO_H,S2_possible_overlap,5,2.0,0.5,215,158,15,23,83.0,0,45,170,0,45,0,45,0,0
169_Et_L_Me_M,S2_possible_overlap,1,0.5,0.0,215,158,35,43,88.0,0,0,215,0,0,0,0,0,0
169_Et_L_Me_M,S2_possible_overlap,1,0.5,0.2,215,158,32,35,89.0,0,11,204,0,11,0,11,0,0
169_Et_L_Me_M,S2_possible_overlap,1,0.5,0.5,215,158,15,15,95.0,0,32,183,0,32,0,32,0,0
169_Et_L_Me_M,S2_possible_overlap,1,1.0,0.0,215,158,35,49,85.0,0,0,215,0,0,0,0,0,0
169_Et_L_Me_M,S2_possible_overlap,1,1.0,0.2,215,158,32,40,86.0,0,10,205,0,10,0,10,0,0
169_Et_L_Me_M,S2_possible_overlap,1,1.0,0.5,215,158,15,15,95.0,0,41,174,0,41,0,41,0,0
169_Et_L_Me_M,S2_possible_overlap,1,2.0,0.0,215,158,35,57,83.0,0,0,215,0,0,0,0,0,0
169_Et_L_Me_M,S2_possible_overlap,1,2.0,0.2,215,158,32,48,83.0,0,15,200,0,15,0,15,0,0
169_Et_L_Me_M,S2_possible_overlap,1,2.0,0.5,215,158,15,23,83.0,0,45,170,0,45,0,45,0,0
169_Et_L_Me_M,S2_possible_overlap,3,0.5,0.0,215,156,35,43,88.0,0,0,215,0,0,0,0,0,0
169_Et_L_Me_M,S2_possible_overlap,3,0.5,0.2,215,156,32,35,89.0,0,11,204,0,11,0,11,0,0
169_Et_L_Me_M,S2_possible_overlap,3,0.5,0.5,215,156,15,15,95.0,0,32,183,0,32,0,32,0,0
169_Et_L_Me_M,S2_possible_overlap,3,1.0,0.0,215,156,35,49,85.0,0,0,215,0,0,0,0,0,0
169_Et_L_Me_M,S2_possible_overlap,3,1.0,0.2,215,156,32,40,86.0,0,10,205,0,10,0,10,0,0
169_Et_L_Me_M,S2_possible_overlap,3,1.0,0.5,215,156,15,15,95.0,0,41,174,0,41,0,41,0,0
169_Et_L_Me_M,S2_possible_overlap,3,2.0,0.0,215,156,35,55,85.0,0,0,215,0,0,0,0,0,0
169_Et_L_Me_M,S2_possible_overlap,3,2.0,0.2,215,156,32,46,85.0,0,15,200,0,15,0,15,0,0
169_Et_L_Me_M,S2_possible_overlap,3,2.0,0.5,215,156,15,22,85.0,0,45,170,0,45,0,45,0,0
169_Et_L_Me_M,S2_possible_overlap,5,0.5,0.0,215,154,35,43,88.0,0,0,215,0,0,0,0,0,0
169_Et_L_Me_M,S2_possible_overlap,5,0.5,0.2,215,154,32,35,89.0,0,11,204,0,11,0,11,0,0
169_Et_L_Me_M,S2_possible_overlap,5,0.5,0.5,215,154,15,15,95.0,0,32,183,0,32,0,32,0,0
169_Et_L_Me_M,S2_possible_overlap,5,1.0,0.0,215,154,35,47,87.0,0,0,215,0,0,0,0,0,0
169_Et_L_Me_M,S2_possible_overlap,5,1.0,0.2,215,154,32,39,87.0,0,10,205,0,10,0,10,0,0
169_Et_L_Me_M,S2_possible_overlap,5,1.0,0.5,215,154,15,15,95.0,0,41,174,0,41,0,41,0,0
169_Et_L_Me_M,S2_possible_overlap,5,2.0,0.0,215,154,35,53,87.0,0,0,215,0,0,0,0,0,0
169_Et_L_Me_M,S2_possible_overlap,5,2.0,0.2,215,154,32,44,87.0,0,15,200,0,15,0,15,0,0
169_Et_L_Me_M,S2_possible_overlap,5,2.0,0.5,215,154,15,21,87.0,0,45,170,0,45,0,45,0,0
170_Et_M_CO_M,S2_possible_overlap,1,0.5,0.0,215,160,35,43,88.0,0,0,215,0,0,0,0,0,0
170_Et_M_CO_M,S2_possible_overlap,1,0.5,0.2,215,160,32,35,89.0,0,11,204,0,11,0,11,0,0
170_Et_M_CO_M,S2_possible_overlap,1,0.5,0.5,215,160,15,15,95.0,0,32,183,0,32,0,32,0,0
170_Et_M_CO_M,S2_possible_overlap,1,1.0,0.0,215,160,35,49,85.0,0,0,215,0,0,0,0,0,0
170_Et_M_CO_M,S2_possible_overlap,1,1.0,0.2,215,160,32,40,86.0,0,10,205,0,10,0,10,0,0
170_Et_M_CO_M,S2_possible_overlap,1,1.0,0.5,215,160,15,15,95.0,0,41,174,0,41,0,41,0,0
170_Et_M_CO_M,S2_possible_overlap,1,2.0,0.0,215,160,35,59,81.0,0,0,215,0,0,0,0,0,0
170_Et_M_CO_M,S2_possible_overlap,1,2.0,0.2,215,160,32,50,81.0,0,15,200,0,15,0,15,0,0
170_Et_M_CO_M,S2_possible_overlap,1,2.0,0.5,215,160,15,25,81.0,0,45,170,0,45,0,45,0,0
170_Et_M_CO_M,S2_possible_overlap,3,0.5,0.0,215,158,35,43,88.0,0,0,215,0,0,0,0,0,0
170_Et_M_CO_M,S2_possible_overlap,3,0.5,0.2,215,158,32,35,89.0,0,11,204,0,11,0,11,0,0
170_Et_M_CO_M,S2_possible_overlap,3,0.5,0.5,215,158,15,15,95.0,0,32,183,0,32,0,32,0,0
170_Et_M_CO_M,S2_possible_overlap,3,1.0,0.0,215,158,35,49,85.0,0,0,215,0,0,0,0,0,0
170_Et_M_CO_M,S2_possible_overlap,3,1.0,0.2,215,158,32,40,86.0,0,10,205,0,10,0,10,0,0
170_Et_M_CO_M,S2_possible_overlap,3,1.0,0.5,215,158,15,15,95.0,0,41,174,0,41,0,41,0,0
170_Et_M_CO_M,S2_possible_overlap,3,2.0,0.0,215,158,35,57,83.0,0,0,215,0,0,0,0,0,0
170_Et_M_CO_M,S2_possible_overlap,3,2.0,0.2,215,158,32,48,83.0,0,15,200,0,15,0,15,0,0
170_Et_M_CO_M,S2_possible_overlap,3,2.0,0.5,215,158,15,23,83.0,0,45,170,0,45,0,45,0,0
170_Et_M_CO_M,S2_possible_overlap,5,0.5,0.0,215,156,35,43,88.0,0,0,215,0,0,0,0,0,0
170_Et_M_CO_M,S2_possible_overlap,5,0.5,0.2,215,156,32,35,89.0,0,11,204,0,11,0,11,0,0
170_Et_M_CO_M,S2_possible_overlap,5,0.5,0.5,215,156,15,15,95.0,0,32,183,0,32,0,32,0,0
170_Et_M_CO_M,S2_possible_overlap,5,1.0,0.0,215,156,35,49,85.0,0,0,215,0,0,0,0,0,0
170_Et_M_CO_M,S2_possible_overlap,5,1.0,0.2,215,156,32,40,86.0,0,10,205,0,10,0,10,0,0
170_Et_M_CO_M,S2_possible_overlap,5,1.0,0.5,215,156,15,15,95.0,0,41,174,0,41,0,41,0,0
170_Et_M_CO_M,S2_possible_overlap,5,2.0,0.0,215,156,35,55,85.0,0,0,215,0,0,0,0,0,0
170_Et_M_CO_M,S2_possible_overlap,5,2.0,0.2,215,156,32,46,85.0,0,15,200,0,15,0,15,0,0
170_Et_M_CO_M,S2_possible_overlap,5,2.0,0.5,215,156,15,22,85.0,0,45,170,0,45,0,45,0,0
176_Et_M_CO_n,S2_possible_overlap,1,0.5,0.0,215,159,35,43,88.0,0,0,215,0,0,0,0,0,0
176_Et_M_CO_n,S2_possible_overlap,1,0.5,0.2,215,159,32,35,89.0,0,11,204,0,11,0,11,0,0
176_Et_M_CO_n,S2_possible_overlap,1,0.5,0.5,215,159,15,15,95.0,0,32,183,0,32,0,32,0,0
176_Et_M_CO_n,S2_possible_overlap,1,1.0,0.0,215,159,35,49,85.0,0,0,215,0,0,0,0,0,0
176_Et_M_CO_n,S2_possible_overlap,1,1.0,0.2,215,159,32,40,86.0,0,10,205,0,10,0,10,0,0
176_Et_M_CO_n,S2_possible_overlap,1,1.0,0.5,215,159,15,15,95.0,0,41,174,0,41,0,41,0,0
176_Et_M_CO_n,S2_possible_overlap,1,2.0,0.0,215,159,35,58,82.0,0,0,215,0,0,0,0,0,0
176_Et_M_CO_n,S2_possible_overlap,1,2.0,0.2,215,159,32,49,82.0,0,15,200,0,15,0,15,0,0
176_Et_M_CO_n,S2_possible_overlap,1,2.0,0.5,215,159,15,24,82.0,0,45,170,0,45,0,45,0,0
176_Et_M_CO_n,S2_possible_overlap,3,0.5,0.0,215,157,35,43,88.0,0,0,215,0,0,0,0,0,0
176_Et_M_CO_n,S2_possible_overlap,3,0.5,0.2,215,157,32,35,89.0,0,11,204,0,11,0,11,0,0
176_Et_M_CO_n,S2_possible_overlap,3,0.5,0.5,215,157,15,15,95.0,0,32,183,0,32,0,32,0,0
176_Et_M_CO_n,S2_possible_overlap,3,1.0,0.0,215,157,35,49,85.0,0,0,215,0,0,0,0,0,0
176_Et_M_CO_n,S2_possible_overlap,3,1.0,0.2,215,157,32,40,86.0,0,10,205,0,10,0,10,0,0
176_Et_M_CO_n,S2_possible_overlap,3,1.0,0.5,215,157,15,15,95.0,0,41,174,0,41,0,41,0,0
176_Et_M_CO_n,S2_possible_overlap,3,2.0,0.0,215,157,35,56,84.0,0,0,215,0,0,0,0,0,0
176_Et_M_CO_n,S2_possible_overlap,3,2.0,0.2,215,157,32,47,84.0,0,15,200,0,15,0,15,0,0
176_Et_M_CO_n,S2_possible_overlap,3,2.0,0.5,215,157,15,22,85.0,0,45,170,0,45,0,45,0,0
176_Et_M_CO_n,S2_possible_overlap,5,0.5,0.0,215,155,35,43,88.0,0,0,215,0,0,0,0,0,0
176_Et_M_CO_n,S2_possible_overlap,5,0.5,0.2,215,155,32,35,89.0,0,11,204,0,11,0,11,0,0
176_Et_M_CO_n,S2_possible_overlap,5,0.5,0.5,215,155,15,15,95.0,0,32,183,0,32,0,32,0,0
176_Et_M_CO_n,S2_possible_overlap,5,1.0,0.0,215,155,35,48,86.0,0,0,215,0,0,0,0,0,0
176_Et_M_CO_n,S2_possible_overlap,5,1.0,0.2,215,155,32,40,86.0,0,10,205,0,10,0,10,0,0
176_Et_M_CO_n,S2_possible_overlap,5,1.0,0.5,215,155,15,15,95.0,0,41,174,0,41,0,41,0,0
176_Et_M_CO_n,S2_possible_overlap,5,2.0,0.0,215,155,35,54,86.0,0,0,215,0,0,0,0,0,0
176_Et_M_CO_n,S2_possible_overlap,5,2.0,0.2,215,155,32,45,86.0,0,15,200,0,15,0,15,0,0
176_Et_M_CO_n,S2_possible_overlap,5,2.0,0.5,215,155,15,21,87.0,0,45,170,0,45,0,45,0,0
177_Et_n_Me_L,S2_possible_overlap,1,0.5,0.0,215,27,35,8,123.0,0,0,215,0,0,0,0,0,0
177_Et_n_Me_L,S2_possible_overlap,1,0.5,0.2,215,27,32,5,123.0,0,11,204,0,11,0,11,0,0
177_Et_n_Me_L,S2_possible_overlap,1,0.5,0.5,215,27,15,1,123.0,0,32,183,0,32,0,32,0,0
177_Et_n_Me_L,S2_possible_overlap,1,1.0,0.0,215,27,35,10,123.0,0,0,215,0,0,0,0,0,0
177_Et_n_Me_L,S2_possible_overlap,1,1.0,0.2,215,27,32,6,123.0,0,10,205,0,10,0,10,0,0
177_Et_n_Me_L,S2_possible_overlap,1,1.0,0.5,215,27,15,1,123.0,0,41,174,0,41,0,41,0,0
177_Et_n_Me_L,S2_possible_overlap,1,2.0,0.0,215,27,35,11,123.0,0,0,215,0,0,0,0,0,0
177_Et_n_Me_L,S2_possible_overlap,1,2.0,0.2,215,27,32,8,123.0,0,15,200,0,15,0,15,0,0
177_Et_n_Me_L,S2_possible_overlap,1,2.0,0.5,215,27,15,3,123.0,0,45,170,0,45,0,45,0,0
177_Et_n_Me_L,S2_possible_overlap,3,0.5,0.0,215,21,35,6,125.0,0,0,215,0,0,0,0,0,0
177_Et_n_Me_L,S2_possible_overlap,3,0.5,0.2,215,21,32,3,125.0,0,11,204,0,11,0,11,0,0
177_Et_n_Me_L,S2_possible_overlap,3,0.5,0.5,215,21,15,0,,0,32,183,0,32,0,32,0,0
177_Et_n_Me_L,S2_possible_overlap,3,1.0,0.0,215,21,35,7,125.0,0,0,215,0,0,0,0,0,0
177_Et_n_Me_L,S2_possible_overlap,3,1.0,0.2,215,21,32,4,125.0,0,10,205,0,10,0,10,0,0
177_Et_n_Me_L,S2_possible_overlap,3,1.0,0.5,215,21,15,0,,0,41,174,0,41,0,41,0,0
177_Et_n_Me_L,S2_possible_overlap,3,2.0,0.0,215,21,35,7,125.0,0,0,215,0,0,0,0,0,0
177_Et_n_Me_L,S2_possible_overlap,3,2.0,0.2,215,21,32,4,125.0,0,15,200,0,15,0,15,0,0
177_Et_n_Me_L,S2_possible_overlap,3,2.0,0.5,215,21,15,0,,0,45,170,0,45,0,45,0,0
177_Et_n_Me_L,S2_possible_overlap,5,0.5,0.0,215,17,35,4,127.0,0,0,215,0,0,0,0,0,0
177_Et_n_Me_L,S2_possible_overlap,5,0.5,0.2,215,17,32,1,130.0,0,11,204,0,11,0,11,0,0
177_Et_n_Me_L,S2_possible_overlap,5,0.5,0.5,215,17,15,0,,0,32,183,0,32,0,32,0,0
177_Et_n_Me_L,S2_possible_overlap,5,1.0,0.0,215,17,35,5,127.0,0,0,215,0,0,0,0,0,0
177_Et_n_Me_L,S2_possible_overlap,5,1.0,0.2,215,17,32,2,130.0,0,10,205,0,10,0,10,0,0
177_Et_n_Me_L,S2_possible_overlap,5,1.0,0.5,215,17,15,0,,0,41,174,0,41,0,41,0,0
177_Et_n_Me_L,S2_possible_overlap,5,2.0,0.0,215,17,35,5,127.0,0,0,215,0,0,0,0,0,0
177_Et_n_Me_L,S2_possible_overlap,5,2.0,0.2,215,17,32,2,130.0,0,15,200,0,15,0,15,0,0
177_Et_n_Me_L,S2_possible_overlap,5,2.0,0.5,215,17,15,0,,0,45,170,0,45,0,45,0,0
