trial,scenario,strategy,steps,ineligible_steps,l3_seconds,l3_on_ineligible_seconds,l3_in_fault_window_seconds,unknown_output_seconds,unknown_joint_seconds,lost_known_l2_seconds
002_Et_H_CO_H,S0_outside,S1_full,215,0,0,0,0,0,0,0
002_Et_H_CO_H,S0_outside,gas_only,215,0,0,0,0,0,0,0
002_Et_H_CO_H,S0_outside,simple_OR,215,0,0,0,0,0,0,0
002_Et_H_CO_H,S0_outside,simple_AND,215,0,0,0,0,0,0,0
002_Et_H_CO_H,S0_outside,no_zone_gate,215,0,0,0,0,0,0,0
002_Et_H_CO_H,S0_outside,no_age_gate,215,0,0,0,0,0,0,0
002_Et_H_CO_H,S0_outside,hold_missing_gas_10s,215,0,0,0,0,0,0,0
002_Et_H_CO_H,S0_outside,hold_missing_person_10s,215,0,0,0,0,0,0,0
002_Et_H_CO_H,S1_early_background,S1_full,35,0,0,0,0,0,0,0
002_Et_H_CO_H,S1_early_background,gas_only,35,0,0,0,0,0,0,0
002_Et_H_CO_H,S1_early_background,simple_OR,35,0,0,0,0,0,0,0
002_Et_H_CO_H,S1_early_background,simple_AND,35,0,0,0,0,0,0,0
002_Et_H_CO_H,S1_early_background,no_zone_gate,35,0,0,0,0,0,0,0
002_Et_H_CO_H,S1_early_background,no_age_gate,35,0,0,0,0,0,0,0
002_Et_H_CO_H,S1_early_background,hold_missing_gas_10s,35,0,0,0,0,0,0,0
002_Et_H_CO_H,S1_early_background,hold_missing_person_10s,35,0,0,0,0,0,0,0
002_Et_H_CO_H,S2_possible_overlap,S1_full,215,0,49,0,10,0,0,0
002_Et_H_CO_H,S2_possible_overlap,gas_only,215,0,0,0,0,0,0,0
002_Et_H_CO_H,S2_possible_overlap,simple_OR,215,0,0,0,0,0,0,0
002_Et_H_CO_H,S2_possible_overlap,simple_AND,215,0,49,0,10,0,0,0
002_Et_H_CO_H,S2_possible_overlap,no_zone_gate,215,0,49,0,10,0,0,0
002_Et_H_CO_H,S2_possible_overlap,no_age_gate,215,0,49,0,10,0,0,0
002_Et_H_CO_H,S2_possible_overlap,hold_missing_gas_10s,215,0,49,0,10,0,0,0
002_Et_H_CO_H,S2_possible_overlap,hold_missing_person_10s,215,0,49,0,10,0,0,0
002_Et_H_CO_H,S3_separate_events,S1_full,215,0,0,0,0,0,0,0
002_Et_H_CO_H,S3_separate_events,gas_only,215,0,0,0,0,0,0,0
002_Et_H_CO_H,S3_separate_events,simple_OR,215,0,0,0,0,0,0,0
002_Et_H_CO_H,S3_separate_events,simple_AND,215,0,0,0,0,0,0,0
002_Et_H_CO_H,S3_separate_events,no_zone_gate,215,0,0,0,0,0,0,0
002_Et_H_CO_H,S3_separate_events,no_age_gate,215,0,0,0,0,0,0,0
002_Et_H_CO_H,S3_separate_events,hold_missing_gas_10s,215,0,0,0,0,0,0,0
002_Et_H_CO_H,S3_separate_events,hold_missing_person_10s,215,0,0,0,0,0,0,0
002_Et_H_CO_H,S4_gas_dropout,S1_full,215,10,37,0,0,0,10,0
002_Et_H_CO_H,S4_gas_dropout,gas_only,215,10,0,0,0,10,0,0
002_Et_H_CO_H,S4_gas_dropout,simple_OR,215,10,0,0,0,0,0,0
002_Et_H_CO_H,S4_gas_dropout,simple_AND,215,10,37,0,0,0,0,0
002_Et_H_CO_H,S4_gas_dropout,no_zone_gate,215,10,37,0,0,0,0,0
002_Et_H_CO_H,S4_gas_dropout,no_age_gate,215,10,37,0,0,0,0,0
002_Et_H_CO_H,S4_gas_dropout,hold_missing_gas_10s,215,10,47,10,10,0,0,0
002_Et_H_CO_H,S4_gas_dropout,hold_missing_person_10s,215,10,37,0,0,0,0,0
002_Et_H_CO_H,S4_person_dropout,S1_full,215,10,39,0,0,0,10,0
002_Et_H_CO_H,S4_person_dropout,gas_only,215,10,0,0,0,0,0,0
002_Et_H_CO_H,S4_person_dropout,simple_OR,215,10,0,0,0,0,0,0
002_Et_H_CO_H,S4_person_dropout,simple_AND,215,10,39,0,0,0,0,0
002_Et_H_CO_H,S4_person_dropout,no_zone_gate,215,10,39,0,0,0,0,0
002_Et_H_CO_H,S4_person_dropout,no_age_gate,215,10,39,0,0,0,0,0
002_Et_H_CO_H,S4_person_dropout,hold_missing_gas_10s,215,10,39,0,0,0,0,0
002_Et_H_CO_H,S4_person_dropout,hold_missing_person_10s,215,10,49,10,10,0,0,0
002_Et_H_CO_H,S4_wrong_zone,S1_full,215,10,39,0,0,0,10,0
002_Et_H_CO_H,S4_wrong_zone,gas_only,215,10,0,0,0,0,0,0
002_Et_H_CO_H,S4_wrong_zone,simple_OR,215,10,0,0,0,0,0,0
002_Et_H_CO_H,S4_wrong_zone,simple_AND,215,10,49,10,10,0,0,0
002_Et_H_CO_H,S4_wrong_zone,no_zone_gate,215,10,49,10,10,0,0,0
002_Et_H_CO_H,S4_wrong_zone,no_age_gate,215,10,39,0,0,0,0,0
002_Et_H_CO_H,S4_wrong_zone,hold_missing_gas_10s,215,10,39,0,0,0,0,0
002_Et_H_CO_H,S4_wrong_zone,hold_missing_person_10s,215,10,39,0,0,0,0,0
002_Et_H_CO_H,S4_stale_gas,S1_full,215,10,39,0,0,0,10,0
002_Et_H_CO_H,S4_stale_gas,gas_only,215,10,0,0,0,10,0,0
002_Et_H_CO_H,S4_stale_gas,simple_OR,215,10,0,0,0,0,0,0
002_Et_H_CO_H,S4_stale_gas,simple_AND,215,10,39,0,0,0,0,0
002_Et_H_CO_H,S4_stale_gas,no_zone_gate,215,10,39,0,0,0,0,0
002_Et_H_CO_H,S4_stale_gas,no_age_gate,215,10,49,10,10,0,0,0
002_Et_H_CO_H,S4_stale_gas,hold_missing_gas_10s,215,10,39,0,0,0,0,0
002_Et_H_CO_H,S4_stale_gas,hold_missing_person_10s,215,10,39,0,0,0,0,0
007_Et_L_Me_L,S0_outside,S1_full,215,0,0,0,0,0,0,0
007_Et_L_Me_L,S0_outside,gas_only,215,0,0,0,0,0,0,0
007_Et_L_Me_L,S0_outside,simple_OR,215,0,0,0,0,0,0,0
007_Et_L_Me_L,S0_outside,simple_AND,215,0,0,0,0,0,0,0
007_Et_L_Me_L,S0_outside,no_zone_gate,215,0,0,0,0,0,0,0
007_Et_L_Me_L,S0_outside,no_age_gate,215,0,0,0,0,0,0,0
007_Et_L_Me_L,S0_outside,hold_missing_gas_10s,215,0,0,0,0,0,0,0
007_Et_L_Me_L,S0_outside,hold_missing_person_10s,215,0,0,0,0,0,0,0
007_Et_L_Me_L,S1_early_background,S1_full,35,0,0,0,0,0,0,0
007_Et_L_Me_L,S1_early_background,gas_only,35,0,0,0,0,0,0,0
007_Et_L_Me_L,S1_early_background,simple_OR,35,0,0,0,0,0,0,0
007_Et_L_Me_L,S1_early_background,simple_AND,35,0,0,0,0,0,0,0
007_Et_L_Me_L,S1_early_background,no_zone_gate,35,0,0,0,0,0,0,0
007_Et_L_Me_L,S1_early_background,no_age_gate,35,0,0,0,0,0,0,0
007_Et_L_Me_L,S1_early_background,hold_missing_gas_10s,35,0,0,0,0,0,0,0
007_Et_L_Me_L,S1_early_background,hold_missing_person_10s,35,0,0,0,0,0,0,0
007_Et_L_Me_L,S2_possible_overlap,S1_full,215,0,49,0,10,0,0,0
007_Et_L_Me_L,S2_possible_overlap,gas_only,215,0,0,0,0,0,0,0
007_Et_L_Me_L,S2_possible_overlap,simple_OR,215,0,0,0,0,0,0,0
007_Et_L_Me_L,S2_possible_overlap,simple_AND,215,0,49,0,10,0,0,0
007_Et_L_Me_L,S2_possible_overlap,no_zone_gate,215,0,49,0,10,0,0,0
007_Et_L_Me_L,S2_possible_overlap,no_age_gate,215,0,49,0,10,0,0,0
007_Et_L_Me_L,S2_possible_overlap,hold_missing_gas_10s,215,0,49,0,10,0,0,0
007_Et_L_Me_L,S2_possible_overlap,hold_missing_person_10s,215,0,49,0,10,0,0,0
007_Et_L_Me_L,S3_separate_events,S1_full,215,0,0,0,0,0,0,0
007_Et_L_Me_L,S3_separate_events,gas_only,215,0,0,0,0,0,0,0
007_Et_L_Me_L,S3_separate_events,simple_OR,215,0,0,0,0,0,0,0
007_Et_L_Me_L,S3_separate_events,simple_AND,215,0,0,0,0,0,0,0
007_Et_L_Me_L,S3_separate_events,no_zone_gate,215,0,0,0,0,0,0,0
007_Et_L_Me_L,S3_separate_events,no_age_gate,215,0,0,0,0,0,0,0
007_Et_L_Me_L,S3_separate_events,hold_missing_gas_10s,215,0,0,0,0,0,0,0
007_Et_L_Me_L,S3_separate_events,hold_missing_person_10s,215,0,0,0,0,0,0,0
007_Et_L_Me_L,S4_gas_dropout,S1_full,215,10,37,0,0,0,10,0
007_Et_L_Me_L,S4_gas_dropout,gas_only,215,10,0,0,0,10,0,0
007_Et_L_Me_L,S4_gas_dropout,simple_OR,215,10,0,0,0,0,0,0
007_Et_L_Me_L,S4_gas_dropout,simple_AND,215,10,37,0,0,0,0,0
007_Et_L_Me_L,S4_gas_dropout,no_zone_gate,215,10,37,0,0,0,0,0
007_Et_L_Me_L,S4_gas_dropout,no_age_gate,215,10,37,0,0,0,0,0
007_Et_L_Me_L,S4_gas_dropout,hold_missing_gas_10s,215,10,47,10,10,0,0,0
007_Et_L_Me_L,S4_gas_dropout,hold_missing_person_10s,215,10,37,0,0,0,0,0
007_Et_L_Me_L,S4_person_dropout,S1_full,215,10,39,0,0,0,10,0
007_Et_L_Me_L,S4_person_dropout,gas_only,215,10,0,0,0,0,0,0
007_Et_L_Me_L,S4_person_dropout,simple_OR,215,10,0,0,0,0,0,0
007_Et_L_Me_L,S4_person_dropout,simple_AND,215,10,39,0,0,0,0,0
007_Et_L_Me_L,S4_person_dropout,no_zone_gate,215,10,39,0,0,0,0,0
007_Et_L_Me_L,S4_person_dropout,no_age_gate,215,10,39,0,0,0,0,0
007_Et_L_Me_L,S4_person_dropout,hold_missing_gas_10s,215,10,39,0,0,0,0,0
007_Et_L_Me_L,S4_person_dropout,hold_missing_person_10s,215,10,49,10,10,0,0,0
007_Et_L_Me_L,S4_wrong_zone,S1_full,215,10,39,0,0,0,10,0
007_Et_L_Me_L,S4_wrong_zone,gas_only,215,10,0,0,0,0,0,0
007_Et_L_Me_L,S4_wrong_zone,simple_OR,215,10,0,0,0,0,0,0
007_Et_L_Me_L,S4_wrong_zone,simple_AND,215,10,49,10,10,0,0,0
007_Et_L_Me_L,S4_wrong_zone,no_zone_gate,215,10,49,10,10,0,0,0
007_Et_L_Me_L,S4_wrong_zone,no_age_gate,215,10,39,0,0,0,0,0
007_Et_L_Me_L,S4_wrong_zone,hold_missing_gas_10s,215,10,39,0,0,0,0,0
007_Et_L_Me_L,S4_wrong_zone,hold_missing_person_10s,215,10,39,0,0,0,0,0
007_Et_L_Me_L,S4_stale_gas,S1_full,215,10,39,0,0,0,10,0
007_Et_L_Me_L,S4_stale_gas,gas_only,215,10,0,0,0,10,0,0
007_Et_L_Me_L,S4_stale_gas,simple_OR,215,10,0,0,0,0,0,0
007_Et_L_Me_L,S4_stale_gas,simple_AND,215,10,39,0,0,0,0,0
007_Et_L_Me_L,S4_stale_gas,no_zone_gate,215,10,39,0,0,0,0,0
007_Et_L_Me_L,S4_stale_gas,no_age_gate,215,10,49,10,10,0,0,0
007_Et_L_Me_L,S4_stale_gas,hold_missing_gas_10s,215,10,39,0,0,0,0,0
007_Et_L_Me_L,S4_stale_gas,hold_missing_person_10s,215,10,39,0,0,0,0,0
008_Et_H_CO_L,S0_outside,S1_full,215,0,0,0,0,0,0,0
008_Et_H_CO_L,S0_outside,gas_only,215,0,0,0,0,0,0,0
008_Et_H_CO_L,S0_outside,simple_OR,215,0,0,0,0,0,0,0
008_Et_H_CO_L,S0_outside,simple_AND,215,0,0,0,0,0,0,0
008_Et_H_CO_L,S0_outside,no_zone_gate,215,0,0,0,0,0,0,0
008_Et_H_CO_L,S0_outside,no_age_gate,215,0,0,0,0,0,0,0
008_Et_H_CO_L,S0_outside,hold_missing_gas_10s,215,0,0,0,0,0,0,0
008_Et_H_CO_L,S0_outside,hold_missing_person_10s,215,0,0,0,0,0,0,0
008_Et_H_CO_L,S1_early_background,S1_full,35,0,0,0,0,0,0,0
008_Et_H_CO_L,S1_early_background,gas_only,35,0,0,0,0,0,0,0
008_Et_H_CO_L,S1_early_background,simple_OR,35,0,0,0,0,0,0,0
008_Et_H_CO_L,S1_early_background,simple_AND,35,0,0,0,0,0,0,0
008_Et_H_CO_L,S1_early_background,no_zone_gate,35,0,0,0,0,0,0,0
008_Et_H_CO_L,S1_early_background,no_age_gate,35,0,0,0,0,0,0,0
008_Et_H_CO_L,S1_early_background,hold_missing_gas_10s,35,0,0,0,0,0,0,0
008_Et_H_CO_L,S1_early_background,hold_missing_person_10s,35,0,0,0,0,0,0,0
008_Et_H_CO_L,S2_possible_overlap,S1_full,215,0,49,0,10,0,0,0
008_Et_H_CO_L,S2_possible_overlap,gas_only,215,0,0,0,0,0,0,0
008_Et_H_CO_L,S2_possible_overlap,simple_OR,215,0,0,0,0,0,0,0
008_Et_H_CO_L,S2_possible_overlap,simple_AND,215,0,49,0,10,0,0,0
008_Et_H_CO_L,S2_possible_overlap,no_zone_gate,215,0,49,0,10,0,0,0
008_Et_H_CO_L,S2_possible_overlap,no_age_gate,215,0,49,0,10,0,0,0
008_Et_H_CO_L,S2_possible_overlap,hold_missing_gas_10s,215,0,49,0,10,0,0,0
008_Et_H_CO_L,S2_possible_overlap,hold_missing_person_10s,215,0,49,0,10,0,0,0
008_Et_H_CO_L,S3_separate_events,S1_full,215,0,0,0,0,0,0,0
008_Et_H_CO_L,S3_separate_events,gas_only,215,0,0,0,0,0,0,0
008_Et_H_CO_L,S3_separate_events,simple_OR,215,0,0,0,0,0,0,0
008_Et_H_CO_L,S3_separate_events,simple_AND,215,0,0,0,0,0,0,0
008_Et_H_CO_L,S3_separate_events,no_zone_gate,215,0,0,0,0,0,0,0
008_Et_H_CO_L,S3_separate_events,no_age_gate,215,0,0,0,0,0,0,0
008_Et_H_CO_L,S3_separate_events,hold_missing_gas_10s,215,0,0,0,0,0,0,0
008_Et_H_CO_L,S3_separate_events,hold_missing_person_10s,215,0,0,0,0,0,0,0
008_Et_H_CO_L,S4_gas_dropout,S1_full,215,10,37,0,0,0,10,0
008_Et_H_CO_L,S4_gas_dropout,gas_only,215,10,0,0,0,10,0,0
008_Et_H_CO_L,S4_gas_dropout,simple_OR,215,10,0,0,0,0,0,0
008_Et_H_CO_L,S4_gas_dropout,simple_AND,215,10,37,0,0,0,0,0
008_Et_H_CO_L,S4_gas_dropout,no_zone_gate,215,10,37,0,0,0,0,0
008_Et_H_CO_L,S4_gas_dropout,no_age_gate,215,10,37,0,0,0,0,0
008_Et_H_CO_L,S4_gas_dropout,hold_missing_gas_10s,215,10,47,10,10,0,0,0
008_Et_H_CO_L,S4_gas_dropout,hold_missing_person_10s,215,10,37,0,0,0,0,0
008_Et_H_CO_L,S4_person_dropout,S1_full,215,10,39,0,0,0,10,0
008_Et_H_CO_L,S4_person_dropout,gas_only,215,10,0,0,0,0,0,0
008_Et_H_CO_L,S4_person_dropout,simple_OR,215,10,0,0,0,0,0,0
008_Et_H_CO_L,S4_person_dropout,simple_AND,215,10,39,0,0,0,0,0
008_Et_H_CO_L,S4_person_dropout,no_zone_gate,215,10,39,0,0,0,0,0
008_Et_H_CO_L,S4_person_dropout,no_age_gate,215,10,39,0,0,0,0,0
008_Et_H_CO_L,S4_person_dropout,hold_missing_gas_10s,215,10,39,0,0,0,0,0
008_Et_H_CO_L,S4_person_dropout,hold_missing_person_10s,215,10,49,10,10,0,0,0
008_Et_H_CO_L,S4_wrong_zone,S1_full,215,10,39,0,0,0,10,0
008_Et_H_CO_L,S4_wrong_zone,gas_only,215,10,0,0,0,0,0,0
008_Et_H_CO_L,S4_wrong_zone,simple_OR,215,10,0,0,0,0,0,0
008_Et_H_CO_L,S4_wrong_zone,simple_AND,215,10,49,10,10,0,0,0
008_Et_H_CO_L,S4_wrong_zone,no_zone_gate,215,10,49,10,10,0,0,0
008_Et_H_CO_L,S4_wrong_zone,no_age_gate,215,10,39,0,0,0,0,0
008_Et_H_CO_L,S4_wrong_zone,hold_missing_gas_10s,215,10,39,0,0,0,0,0
008_Et_H_CO_L,S4_wrong_zone,hold_missing_person_10s,215,10,39,0,0,0,0,0
008_Et_H_CO_L,S4_stale_gas,S1_full,215,10,39,0,0,0,10,0
008_Et_H_CO_L,S4_stale_gas,gas_only,215,10,0,0,0,10,0,0
008_Et_H_CO_L,S4_stale_gas,simple_OR,215,10,0,0,0,0,0,0
008_Et_H_CO_L,S4_stale_gas,simple_AND,215,10,39,0,0,0,0,0
008_Et_H_CO_L,S4_stale_gas,no_zone_gate,215,10,39,0,0,0,0,0
008_Et_H_CO_L,S4_stale_gas,no_age_gate,215,10,49,10,10,0,0,0
008_Et_H_CO_L,S4_stale_gas,hold_missing_gas_10s,215,10,39,0,0,0,0,0
008_Et_H_CO_L,S4_stale_gas,hold_missing_person_10s,215,10,39,0,0,0,0,0
009_Et_M_Me_L,S0_outside,S1_full,215,0,0,0,0,0,0,0
009_Et_M_Me_L,S0_outside,gas_only,215,0,0,0,0,0,0,0
009_Et_M_Me_L,S0_outside,simple_OR,215,0,0,0,0,0,0,0
009_Et_M_Me_L,S0_outside,simple_AND,215,0,0,0,0,0,0,0
009_Et_M_Me_L,S0_outside,no_zone_gate,215,0,0,0,0,0,0,0
009_Et_M_Me_L,S0_outside,no_age_gate,215,0,0,0,0,0,0,0
009_Et_M_Me_L,S0_outside,hold_missing_gas_10s,215,0,0,0,0,0,0,0
009_Et_M_Me_L,S0_outside,hold_missing_person_10s,215,0,0,0,0,0,0,0
009_Et_M_Me_L,S1_early_background,S1_full,35,0,0,0,0,0,0,0
009_Et_M_Me_L,S1_early_background,gas_only,35,0,0,0,0,0,0,0
009_Et_M_Me_L,S1_early_background,simple_OR,35,0,0,0,0,0,0,0
009_Et_M_Me_L,S1_early_background,simple_AND,35,0,0,0,0,0,0,0
009_Et_M_Me_L,S1_early_background,no_zone_gate,35,0,0,0,0,0,0,0
009_Et_M_Me_L,S1_early_background,no_age_gate,35,0,0,0,0,0,0,0
009_Et_M_Me_L,S1_early_background,hold_missing_gas_10s,35,0,0,0,0,0,0,0
009_Et_M_Me_L,S1_early_background,hold_missing_person_10s,35,0,0,0,0,0,0,0
009_Et_M_Me_L,S2_possible_overlap,S1_full,215,0,49,0,10,0,0,0
009_Et_M_Me_L,S2_possible_overlap,gas_only,215,0,0,0,0,0,0,0
009_Et_M_Me_L,S2_possible_overlap,simple_OR,215,0,0,0,0,0,0,0
009_Et_M_Me_L,S2_possible_overlap,simple_AND,215,0,49,0,10,0,0,0
009_Et_M_Me_L,S2_possible_overlap,no_zone_gate,215,0,49,0,10,0,0,0
009_Et_M_Me_L,S2_possible_overlap,no_age_gate,215,0,49,0,10,0,0,0
009_Et_M_Me_L,S2_possible_overlap,hold_missing_gas_10s,215,0,49,0,10,0,0,0
009_Et_M_Me_L,S2_possible_overlap,hold_missing_person_10s,215,0,49,0,10,0,0,0
009_Et_M_Me_L,S3_separate_events,S1_full,215,0,0,0,0,0,0,0
009_Et_M_Me_L,S3_separate_events,gas_only,215,0,0,0,0,0,0,0
009_Et_M_Me_L,S3_separate_events,simple_OR,215,0,0,0,0,0,0,0
009_Et_M_Me_L,S3_separate_events,simple_AND,215,0,0,0,0,0,0,0
009_Et_M_Me_L,S3_separate_events,no_zone_gate,215,0,0,0,0,0,0,0
009_Et_M_Me_L,S3_separate_events,no_age_gate,215,0,0,0,0,0,0,0
009_Et_M_Me_L,S3_separate_events,hold_missing_gas_10s,215,0,0,0,0,0,0,0
009_Et_M_Me_L,S3_separate_events,hold_missing_person_10s,215,0,0,0,0,0,0,0
009_Et_M_Me_L,S4_gas_dropout,S1_full,215,10,37,0,0,0,10,0
009_Et_M_Me_L,S4_gas_dropout,gas_only,215,10,0,0,0,10,0,0
009_Et_M_Me_L,S4_gas_dropout,simple_OR,215,10,0,0,0,0,0,0
009_Et_M_Me_L,S4_gas_dropout,simple_AND,215,10,37,0,0,0,0,0
009_Et_M_Me_L,S4_gas_dropout,no_zone_gate,215,10,37,0,0,0,0,0
009_Et_M_Me_L,S4_gas_dropout,no_age_gate,215,10,37,0,0,0,0,0
009_Et_M_Me_L,S4_gas_dropout,hold_missing_gas_10s,215,10,47,10,10,0,0,0
009_Et_M_Me_L,S4_gas_dropout,hold_missing_person_10s,215,10,37,0,0,0,0,0
009_Et_M_Me_L,S4_person_dropout,S1_full,215,10,39,0,0,0,10,0
009_Et_M_Me_L,S4_person_dropout,gas_only,215,10,0,0,0,0,0,0
009_Et_M_Me_L,S4_person_dropout,simple_OR,215,10,0,0,0,0,0,0
009_Et_M_Me_L,S4_person_dropout,simple_AND,215,10,39,0,0,0,0,0
009_Et_M_Me_L,S4_person_dropout,no_zone_gate,215,10,39,0,0,0,0,0
009_Et_M_Me_L,S4_person_dropout,no_age_gate,215,10,39,0,0,0,0,0
009_Et_M_Me_L,S4_person_dropout,hold_missing_gas_10s,215,10,39,0,0,0,0,0
009_Et_M_Me_L,S4_person_dropout,hold_missing_person_10s,215,10,49,10,10,0,0,0
009_Et_M_Me_L,S4_wrong_zone,S1_full,215,10,39,0,0,0,10,0
009_Et_M_Me_L,S4_wrong_zone,gas_only,215,10,0,0,0,0,0,0
009_Et_M_Me_L,S4_wrong_zone,simple_OR,215,10,0,0,0,0,0,0
009_Et_M_Me_L,S4_wrong_zone,simple_AND,215,10,49,10,10,0,0,0
009_Et_M_Me_L,S4_wrong_zone,no_zone_gate,215,10,49,10,10,0,0,0
009_Et_M_Me_L,S4_wrong_zone,no_age_gate,215,10,39,0,0,0,0,0
009_Et_M_Me_L,S4_wrong_zone,hold_missing_gas_10s,215,10,39,0,0,0,0,0
009_Et_M_Me_L,S4_wrong_zone,hold_missing_person_10s,215,10,39,0,0,0,0,0
009_Et_M_Me_L,S4_stale_gas,S1_full,215,10,39,0,0,0,10,0
009_Et_M_Me_L,S4_stale_gas,gas_only,215,10,0,0,0,10,0,0
009_Et_M_Me_L,S4_stale_gas,simple_OR,215,10,0,0,0,0,0,0
009_Et_M_Me_L,S4_stale_gas,simple_AND,215,10,39,0,0,0,0,0
009_Et_M_Me_L,S4_stale_gas,no_zone_gate,215,10,39,0,0,0,0,0
009_Et_M_Me_L,S4_stale_gas,no_age_gate,215,10,49,10,10,0,0,0
009_Et_M_Me_L,S4_stale_gas,hold_missing_gas_10s,215,10,39,0,0,0,0,0
009_Et_M_Me_L,S4_stale_gas,hold_missing_person_10s,215,10,39,0,0,0,0,0
011_Et_n_Me_L,S0_outside,S1_full,215,0,0,0,0,0,0,0
011_Et_n_Me_L,S0_outside,gas_only,215,0,0,0,0,0,0,0
011_Et_n_Me_L,S0_outside,simple_OR,215,0,0,0,0,0,0,0
011_Et_n_Me_L,S0_outside,simple_AND,215,0,0,0,0,0,0,0
011_Et_n_Me_L,S0_outside,no_zone_gate,215,0,0,0,0,0,0,0
011_Et_n_Me_L,S0_outside,no_age_gate,215,0,0,0,0,0,0,0
011_Et_n_Me_L,S0_outside,hold_missing_gas_10s,215,0,0,0,0,0,0,0
011_Et_n_Me_L,S0_outside,hold_missing_person_10s,215,0,0,0,0,0,0,0
011_Et_n_Me_L,S1_early_background,S1_full,35,0,0,0,0,0,0,0
011_Et_n_Me_L,S1_early_background,gas_only,35,0,0,0,0,0,0,0
011_Et_n_Me_L,S1_early_background,simple_OR,35,0,0,0,0,0,0,0
011_Et_n_Me_L,S1_early_background,simple_AND,35,0,0,0,0,0,0,0
011_Et_n_Me_L,S1_early_background,no_zone_gate,35,0,0,0,0,0,0,0
011_Et_n_Me_L,S1_early_background,no_age_gate,35,0,0,0,0,0,0,0
011_Et_n_Me_L,S1_early_background,hold_missing_gas_10s,35,0,0,0,0,0,0,0
011_Et_n_Me_L,S1_early_background,hold_missing_person_10s,35,0,0,0,0,0,0,0
011_Et_n_Me_L,S2_possible_overlap,S1_full,215,0,0,0,0,0,0,0
011_Et_n_Me_L,S2_possible_overlap,gas_only,215,0,0,0,0,0,0,0
011_Et_n_Me_L,S2_possible_overlap,simple_OR,215,0,0,0,0,0,0,0
011_Et_n_Me_L,S2_possible_overlap,simple_AND,215,0,0,0,0,0,0,0
011_Et_n_Me_L,S2_possible_overlap,no_zone_gate,215,0,0,0,0,0,0,0
011_Et_n_Me_L,S2_possible_overlap,no_age_gate,215,0,0,0,0,0,0,0
011_Et_n_Me_L,S2_possible_overlap,hold_missing_gas_10s,215,0,0,0,0,0,0,0
011_Et_n_Me_L,S2_possible_overlap,hold_missing_person_10s,215,0,0,0,0,0,0,0
011_Et_n_Me_L,S3_separate_events,S1_full,215,0,0,0,0,0,0,0
011_Et_n_Me_L,S3_separate_events,gas_only,215,0,0,0,0,0,0,0
011_Et_n_Me_L,S3_separate_events,simple_OR,215,0,0,0,0,0,0,0
011_Et_n_Me_L,S3_separate_events,simple_AND,215,0,0,0,0,0,0,0
011_Et_n_Me_L,S3_separate_events,no_zone_gate,215,0,0,0,0,0,0,0
011_Et_n_Me_L,S3_separate_events,no_age_gate,215,0,0,0,0,0,0,0
011_Et_n_Me_L,S3_separate_events,hold_missing_gas_10s,215,0,0,0,0,0,0,0
011_Et_n_Me_L,S3_separate_events,hold_missing_person_10s,215,0,0,0,0,0,0,0
011_Et_n_Me_L,S4_gas_dropout,S1_full,215,10,0,0,0,0,10,0
011_Et_n_Me_L,S4_gas_dropout,gas_only,215,10,0,0,0,10,0,0
011_Et_n_Me_L,S4_gas_dropout,simple_OR,215,10,0,0,0,0,0,0
011_Et_n_Me_L,S4_gas_dropout,simple_AND,215,10,0,0,0,0,0,0
011_Et_n_Me_L,S4_gas_dropout,no_zone_gate,215,10,0,0,0,0,0,0
011_Et_n_Me_L,S4_gas_dropout,no_age_gate,215,10,0,0,0,0,0,0
011_Et_n_Me_L,S4_gas_dropout,hold_missing_gas_10s,215,10,0,0,0,0,0,0
011_Et_n_Me_L,S4_gas_dropout,hold_missing_person_10s,215,10,0,0,0,0,0,0
011_Et_n_Me_L,S4_person_dropout,S1_full,215,10,0,0,0,0,10,0
011_Et_n_Me_L,S4_person_dropout,gas_only,215,10,0,0,0,0,0,0
011_Et_n_Me_L,S4_person_dropout,simple_OR,215,10,0,0,0,0,0,0
011_Et_n_Me_L,S4_person_dropout,simple_AND,215,10,0,0,0,0,0,0
011_Et_n_Me_L,S4_person_dropout,no_zone_gate,215,10,0,0,0,0,0,0
011_Et_n_Me_L,S4_person_dropout,no_age_gate,215,10,0,0,0,0,0,0
011_Et_n_Me_L,S4_person_dropout,hold_missing_gas_10s,215,10,0,0,0,0,0,0
011_Et_n_Me_L,S4_person_dropout,hold_missing_person_10s,215,10,0,0,0,0,0,0
011_Et_n_Me_L,S4_wrong_zone,S1_full,215,10,0,0,0,0,10,0
011_Et_n_Me_L,S4_wrong_zone,gas_only,215,10,0,0,0,0,0,0
011_Et_n_Me_L,S4_wrong_zone,simple_OR,215,10,0,0,0,0,0,0
011_Et_n_Me_L,S4_wrong_zone,simple_AND,215,10,0,0,0,0,0,0
011_Et_n_Me_L,S4_wrong_zone,no_zone_gate,215,10,0,0,0,0,0,0
011_Et_n_Me_L,S4_wrong_zone,no_age_gate,215,10,0,0,0,0,0,0
011_Et_n_Me_L,S4_wrong_zone,hold_missing_gas_10s,215,10,0,0,0,0,0,0
011_Et_n_Me_L,S4_wrong_zone,hold_missing_person_10s,215,10,0,0,0,0,0,0
011_Et_n_Me_L,S4_stale_gas,S1_full,215,10,0,0,0,0,10,0
011_Et_n_Me_L,S4_stale_gas,gas_only,215,10,0,0,0,10,0,0
011_Et_n_Me_L,S4_stale_gas,simple_OR,215,10,0,0,0,0,0,0
011_Et_n_Me_L,S4_stale_gas,simple_AND,215,10,0,0,0,0,0,0
011_Et_n_Me_L,S4_stale_gas,no_zone_gate,215,10,0,0,0,0,0,0
011_Et_n_Me_L,S4_stale_gas,no_age_gate,215,10,0,0,0,0,0,0
011_Et_n_Me_L,S4_stale_gas,hold_missing_gas_10s,215,10,0,0,0,0,0,0
011_Et_n_Me_L,S4_stale_gas,hold_missing_person_10s,215,10,0,0,0,0,0,0
012_Et_n_CO_H,S0_outside,S1_full,215,0,0,0,0,0,0,0
012_Et_n_CO_H,S0_outside,gas_only,215,0,0,0,0,0,0,0
012_Et_n_CO_H,S0_outside,simple_OR,215,0,0,0,0,0,0,0
012_Et_n_CO_H,S0_outside,simple_AND,215,0,0,0,0,0,0,0
012_Et_n_CO_H,S0_outside,no_zone_gate,215,0,0,0,0,0,0,0
012_Et_n_CO_H,S0_outside,no_age_gate,215,0,0,0,0,0,0,0
012_Et_n_CO_H,S0_outside,hold_missing_gas_10s,215,0,0,0,0,0,0,0
012_Et_n_CO_H,S0_outside,hold_missing_person_10s,215,0,0,0,0,0,0,0
012_Et_n_CO_H,S1_early_background,S1_full,35,0,0,0,0,0,0,0
012_Et_n_CO_H,S1_early_background,gas_only,35,0,0,0,0,0,0,0
012_Et_n_CO_H,S1_early_background,simple_OR,35,0,0,0,0,0,0,0
012_Et_n_CO_H,S1_early_background,simple_AND,35,0,0,0,0,0,0,0
012_Et_n_CO_H,S1_early_background,no_zone_gate,35,0,0,0,0,0,0,0
012_Et_n_CO_H,S1_early_background,no_age_gate,35,0,0,0,0,0,0,0
012_Et_n_CO_H,S1_early_background,hold_missing_gas_10s,35,0,0,0,0,0,0,0
012_Et_n_CO_H,S1_early_background,hold_missing_person_10s,35,0,0,0,0,0,0,0
012_Et_n_CO_H,S2_possible_overlap,S1_full,215,0,49,0,10,0,0,0
012_Et_n_CO_H,S2_possible_overlap,gas_only,215,0,0,0,0,0,0,0
012_Et_n_CO_H,S2_possible_overlap,simple_OR,215,0,0,0,0,0,0,0
012_Et_n_CO_H,S2_possible_overlap,simple_AND,215,0,49,0,10,0,0,0
012_Et_n_CO_H,S2_possible_overlap,no_zone_gate,215,0,49,0,10,0,0,0
012_Et_n_CO_H,S2_possible_overlap,no_age_gate,215,0,49,0,10,0,0,0
012_Et_n_CO_H,S2_possible_overlap,hold_missing_gas_10s,215,0,49,0,10,0,0,0
012_Et_n_CO_H,S2_possible_overlap,hold_missing_person_10s,215,0,49,0,10,0,0,0
012_Et_n_CO_H,S3_separate_events,S1_full,215,0,0,0,0,0,0,0
012_Et_n_CO_H,S3_separate_events,gas_only,215,0,0,0,0,0,0,0
012_Et_n_CO_H,S3_separate_events,simple_OR,215,0,0,0,0,0,0,0
012_Et_n_CO_H,S3_separate_events,simple_AND,215,0,0,0,0,0,0,0
012_Et_n_CO_H,S3_separate_events,no_zone_gate,215,0,0,0,0,0,0,0
012_Et_n_CO_H,S3_separate_events,no_age_gate,215,0,0,0,0,0,0,0
012_Et_n_CO_H,S3_separate_events,hold_missing_gas_10s,215,0,0,0,0,0,0,0
012_Et_n_CO_H,S3_separate_events,hold_missing_person_10s,215,0,0,0,0,0,0,0
012_Et_n_CO_H,S4_gas_dropout,S1_full,215,10,37,0,0,0,10,0
012_Et_n_CO_H,S4_gas_dropout,gas_only,215,10,0,0,0,10,0,0
012_Et_n_CO_H,S4_gas_dropout,simple_OR,215,10,0,0,0,0,0,0
012_Et_n_CO_H,S4_gas_dropout,simple_AND,215,10,37,0,0,0,0,0
012_Et_n_CO_H,S4_gas_dropout,no_zone_gate,215,10,37,0,0,0,0,0
012_Et_n_CO_H,S4_gas_dropout,no_age_gate,215,10,37,0,0,0,0,0
012_Et_n_CO_H,S4_gas_dropout,hold_missing_gas_10s,215,10,47,10,10,0,0,0
012_Et_n_CO_H,S4_gas_dropout,hold_missing_person_10s,215,10,37,0,0,0,0,0
012_Et_n_CO_H,S4_person_dropout,S1_full,215,10,39,0,0,0,10,0
012_Et_n_CO_H,S4_person_dropout,gas_only,215,10,0,0,0,0,0,0
012_Et_n_CO_H,S4_person_dropout,simple_OR,215,10,0,0,0,0,0,0
012_Et_n_CO_H,S4_person_dropout,simple_AND,215,10,39,0,0,0,0,0
012_Et_n_CO_H,S4_person_dropout,no_zone_gate,215,10,39,0,0,0,0,0
012_Et_n_CO_H,S4_person_dropout,no_age_gate,215,10,39,0,0,0,0,0
012_Et_n_CO_H,S4_person_dropout,hold_missing_gas_10s,215,10,39,0,0,0,0,0
012_Et_n_CO_H,S4_person_dropout,hold_missing_person_10s,215,10,49,10,10,0,0,0
012_Et_n_CO_H,S4_wrong_zone,S1_full,215,10,39,0,0,0,10,0
012_Et_n_CO_H,S4_wrong_zone,gas_only,215,10,0,0,0,0,0,0
012_Et_n_CO_H,S4_wrong_zone,simple_OR,215,10,0,0,0,0,0,0
012_Et_n_CO_H,S4_wrong_zone,simple_AND,215,10,49,10,10,0,0,0
012_Et_n_CO_H,S4_wrong_zone,no_zone_gate,215,10,49,10,10,0,0,0
012_Et_n_CO_H,S4_wrong_zone,no_age_gate,215,10,39,0,0,0,0,0
012_Et_n_CO_H,S4_wrong_zone,hold_missing_gas_10s,215,10,39,0,0,0,0,0
012_Et_n_CO_H,S4_wrong_zone,hold_missing_person_10s,215,10,39,0,0,0,0,0
012_Et_n_CO_H,S4_stale_gas,S1_full,215,10,39,0,0,0,10,0
012_Et_n_CO_H,S4_stale_gas,gas_only,215,10,0,0,0,10,0,0
012_Et_n_CO_H,S4_stale_gas,simple_OR,215,10,0,0,0,0,0,0
012_Et_n_CO_H,S4_stale_gas,simple_AND,215,10,39,0,0,0,0,0
012_Et_n_CO_H,S4_stale_gas,no_zone_gate,215,10,39,0,0,0,0,0
012_Et_n_CO_H,S4_stale_gas,no_age_gate,215,10,49,10,10,0,0,0
012_Et_n_CO_H,S4_stale_gas,hold_missing_gas_10s,215,10,39,0,0,0,0,0
012_Et_n_CO_H,S4_stale_gas,hold_missing_person_10s,215,10,39,0,0,0,0,0
014_Et_L_CO_n,S0_outside,S1_full,215,0,0,0,0,0,0,0
014_Et_L_CO_n,S0_outside,gas_only,215,0,0,0,0,0,0,0
014_Et_L_CO_n,S0_outside,simple_OR,215,0,0,0,0,0,0,0
014_Et_L_CO_n,S0_outside,simple_AND,215,0,0,0,0,0,0,0
014_Et_L_CO_n,S0_outside,no_zone_gate,215,0,0,0,0,0,0,0
014_Et_L_CO_n,S0_outside,no_age_gate,215,0,0,0,0,0,0,0
014_Et_L_CO_n,S0_outside,hold_missing_gas_10s,215,0,0,0,0,0,0,0
014_Et_L_CO_n,S0_outside,hold_missing_person_10s,215,0,0,0,0,0,0,0
014_Et_L_CO_n,S1_early_background,S1_full,35,0,0,0,0,0,0,0
014_Et_L_CO_n,S1_early_background,gas_only,35,0,0,0,0,0,0,0
014_Et_L_CO_n,S1_early_background,simple_OR,35,0,0,0,0,0,0,0
014_Et_L_CO_n,S1_early_background,simple_AND,35,0,0,0,0,0,0,0
014_Et_L_CO_n,S1_early_background,no_zone_gate,35,0,0,0,0,0,0,0
014_Et_L_CO_n,S1_early_background,no_age_gate,35,0,0,0,0,0,0,0
014_Et_L_CO_n,S1_early_background,hold_missing_gas_10s,35,0,0,0,0,0,0,0
014_Et_L_CO_n,S1_early_background,hold_missing_person_10s,35,0,0,0,0,0,0,0
014_Et_L_CO_n,S2_possible_overlap,S1_full,215,0,43,0,10,0,0,0
014_Et_L_CO_n,S2_possible_overlap,gas_only,215,0,0,0,0,0,0,0
014_Et_L_CO_n,S2_possible_overlap,simple_OR,215,0,0,0,0,0,0,0
014_Et_L_CO_n,S2_possible_overlap,simple_AND,215,0,43,0,10,0,0,0
014_Et_L_CO_n,S2_possible_overlap,no_zone_gate,215,0,43,0,10,0,0,0
014_Et_L_CO_n,S2_possible_overlap,no_age_gate,215,0,43,0,10,0,0,0
014_Et_L_CO_n,S2_possible_overlap,hold_missing_gas_10s,215,0,43,0,10,0,0,0
014_Et_L_CO_n,S2_possible_overlap,hold_missing_person_10s,215,0,43,0,10,0,0,0
014_Et_L_CO_n,S3_separate_events,S1_full,215,0,0,0,0,0,0,0
014_Et_L_CO_n,S3_separate_events,gas_only,215,0,0,0,0,0,0,0
014_Et_L_CO_n,S3_separate_events,simple_OR,215,0,0,0,0,0,0,0
014_Et_L_CO_n,S3_separate_events,simple_AND,215,0,0,0,0,0,0,0
014_Et_L_CO_n,S3_separate_events,no_zone_gate,215,0,0,0,0,0,0,0
014_Et_L_CO_n,S3_separate_events,no_age_gate,215,0,0,0,0,0,0,0
014_Et_L_CO_n,S3_separate_events,hold_missing_gas_10s,215,0,0,0,0,0,0,0
014_Et_L_CO_n,S3_separate_events,hold_missing_person_10s,215,0,0,0,0,0,0,0
014_Et_L_CO_n,S4_gas_dropout,S1_full,215,10,31,0,0,0,10,0
014_Et_L_CO_n,S4_gas_dropout,gas_only,215,10,0,0,0,10,0,0
014_Et_L_CO_n,S4_gas_dropout,simple_OR,215,10,0,0,0,0,0,0
014_Et_L_CO_n,S4_gas_dropout,simple_AND,215,10,31,0,0,0,0,0
014_Et_L_CO_n,S4_gas_dropout,no_zone_gate,215,10,31,0,0,0,0,0
014_Et_L_CO_n,S4_gas_dropout,no_age_gate,215,10,31,0,0,0,0,0
014_Et_L_CO_n,S4_gas_dropout,hold_missing_gas_10s,215,10,41,10,10,0,0,0
014_Et_L_CO_n,S4_gas_dropout,hold_missing_person_10s,215,10,31,0,0,0,0,0
014_Et_L_CO_n,S4_person_dropout,S1_full,215,10,33,0,0,0,10,0
014_Et_L_CO_n,S4_person_dropout,gas_only,215,10,0,0,0,0,0,0
014_Et_L_CO_n,S4_person_dropout,simple_OR,215,10,0,0,0,0,0,0
014_Et_L_CO_n,S4_person_dropout,simple_AND,215,10,33,0,0,0,0,0
014_Et_L_CO_n,S4_person_dropout,no_zone_gate,215,10,33,0,0,0,0,0
014_Et_L_CO_n,S4_person_dropout,no_age_gate,215,10,33,0,0,0,0,0
014_Et_L_CO_n,S4_person_dropout,hold_missing_gas_10s,215,10,33,0,0,0,0,0
014_Et_L_CO_n,S4_person_dropout,hold_missing_person_10s,215,10,43,10,10,0,0,0
014_Et_L_CO_n,S4_wrong_zone,S1_full,215,10,33,0,0,0,10,0
014_Et_L_CO_n,S4_wrong_zone,gas_only,215,10,0,0,0,0,0,0
014_Et_L_CO_n,S4_wrong_zone,simple_OR,215,10,0,0,0,0,0,0
014_Et_L_CO_n,S4_wrong_zone,simple_AND,215,10,43,10,10,0,0,0
014_Et_L_CO_n,S4_wrong_zone,no_zone_gate,215,10,43,10,10,0,0,0
014_Et_L_CO_n,S4_wrong_zone,no_age_gate,215,10,33,0,0,0,0,0
014_Et_L_CO_n,S4_wrong_zone,hold_missing_gas_10s,215,10,33,0,0,0,0,0
014_Et_L_CO_n,S4_wrong_zone,hold_missing_person_10s,215,10,33,0,0,0,0,0
014_Et_L_CO_n,S4_stale_gas,S1_full,215,10,33,0,0,0,10,0
014_Et_L_CO_n,S4_stale_gas,gas_only,215,10,0,0,0,10,0,0
014_Et_L_CO_n,S4_stale_gas,simple_OR,215,10,0,0,0,0,0,0
014_Et_L_CO_n,S4_stale_gas,simple_AND,215,10,33,0,0,0,0,0
014_Et_L_CO_n,S4_stale_gas,no_zone_gate,215,10,33,0,0,0,0,0
014_Et_L_CO_n,S4_stale_gas,no_age_gate,215,10,43,10,10,0,0,0
014_Et_L_CO_n,S4_stale_gas,hold_missing_gas_10s,215,10,33,0,0,0,0,0
014_Et_L_CO_n,S4_stale_gas,hold_missing_person_10s,215,10,33,0,0,0,0,0
019_Et_M_Me_H,S0_outside,S1_full,215,0,0,0,0,0,0,0
019_Et_M_Me_H,S0_outside,gas_only,215,0,0,0,0,0,0,0
019_Et_M_Me_H,S0_outside,simple_OR,215,0,0,0,0,0,0,0
019_Et_M_Me_H,S0_outside,simple_AND,215,0,0,0,0,0,0,0
019_Et_M_Me_H,S0_outside,no_zone_gate,215,0,0,0,0,0,0,0
019_Et_M_Me_H,S0_outside,no_age_gate,215,0,0,0,0,0,0,0
019_Et_M_Me_H,S0_outside,hold_missing_gas_10s,215,0,0,0,0,0,0,0
019_Et_M_Me_H,S0_outside,hold_missing_person_10s,215,0,0,0,0,0,0,0
019_Et_M_Me_H,S1_early_background,S1_full,35,0,0,0,0,0,0,0
019_Et_M_Me_H,S1_early_background,gas_only,35,0,0,0,0,0,0,0
019_Et_M_Me_H,S1_early_background,simple_OR,35,0,0,0,0,0,0,0
019_Et_M_Me_H,S1_early_background,simple_AND,35,0,0,0,0,0,0,0
019_Et_M_Me_H,S1_early_background,no_zone_gate,35,0,0,0,0,0,0,0
019_Et_M_Me_H,S1_early_background,no_age_gate,35,0,0,0,0,0,0,0
019_Et_M_Me_H,S1_early_background,hold_missing_gas_10s,35,0,0,0,0,0,0,0
019_Et_M_Me_H,S1_early_background,hold_missing_person_10s,35,0,0,0,0,0,0,0
019_Et_M_Me_H,S2_possible_overlap,S1_full,215,0,49,0,10,0,0,0
019_Et_M_Me_H,S2_possible_overlap,gas_only,215,0,0,0,0,0,0,0
019_Et_M_Me_H,S2_possible_overlap,simple_OR,215,0,0,0,0,0,0,0
019_Et_M_Me_H,S2_possible_overlap,simple_AND,215,0,49,0,10,0,0,0
019_Et_M_Me_H,S2_possible_overlap,no_zone_gate,215,0,49,0,10,0,0,0
019_Et_M_Me_H,S2_possible_overlap,no_age_gate,215,0,49,0,10,0,0,0
019_Et_M_Me_H,S2_possible_overlap,hold_missing_gas_10s,215,0,49,0,10,0,0,0
019_Et_M_Me_H,S2_possible_overlap,hold_missing_person_10s,215,0,49,0,10,0,0,0
019_Et_M_Me_H,S3_separate_events,S1_full,215,0,0,0,0,0,0,0
019_Et_M_Me_H,S3_separate_events,gas_only,215,0,0,0,0,0,0,0
019_Et_M_Me_H,S3_separate_events,simple_OR,215,0,0,0,0,0,0,0
019_Et_M_Me_H,S3_separate_events,simple_AND,215,0,0,0,0,0,0,0
019_Et_M_Me_H,S3_separate_events,no_zone_gate,215,0,0,0,0,0,0,0
019_Et_M_Me_H,S3_separate_events,no_age_gate,215,0,0,0,0,0,0,0
019_Et_M_Me_H,S3_separate_events,hold_missing_gas_10s,215,0,0,0,0,0,0,0
019_Et_M_Me_H,S3_separate_events,hold_missing_person_10s,215,0,0,0,0,0,0,0
019_Et_M_Me_H,S4_gas_dropout,S1_full,215,10,37,0,0,0,10,0
019_Et_M_Me_H,S4_gas_dropout,gas_only,215,10,0,0,0,10,0,0
019_Et_M_Me_H,S4_gas_dropout,simple_OR,215,10,0,0,0,0,0,0
019_Et_M_Me_H,S4_gas_dropout,simple_AND,215,10,37,0,0,0,0,0
019_Et_M_Me_H,S4_gas_dropout,no_zone_gate,215,10,37,0,0,0,0,0
019_Et_M_Me_H,S4_gas_dropout,no_age_gate,215,10,37,0,0,0,0,0
019_Et_M_Me_H,S4_gas_dropout,hold_missing_gas_10s,215,10,47,10,10,0,0,0
019_Et_M_Me_H,S4_gas_dropout,hold_missing_person_10s,215,10,37,0,0,0,0,0
019_Et_M_Me_H,S4_person_dropout,S1_full,215,10,39,0,0,0,10,0
019_Et_M_Me_H,S4_person_dropout,gas_only,215,10,0,0,0,0,0,0
019_Et_M_Me_H,S4_person_dropout,simple_OR,215,10,0,0,0,0,0,0
019_Et_M_Me_H,S4_person_dropout,simple_AND,215,10,39,0,0,0,0,0
019_Et_M_Me_H,S4_person_dropout,no_zone_gate,215,10,39,0,0,0,0,0
019_Et_M_Me_H,S4_person_dropout,no_age_gate,215,10,39,0,0,0,0,0
019_Et_M_Me_H,S4_person_dropout,hold_missing_gas_10s,215,10,39,0,0,0,0,0
019_Et_M_Me_H,S4_person_dropout,hold_missing_person_10s,215,10,49,10,10,0,0,0
019_Et_M_Me_H,S4_wrong_zone,S1_full,215,10,39,0,0,0,10,0
019_Et_M_Me_H,S4_wrong_zone,gas_only,215,10,0,0,0,0,0,0
019_Et_M_Me_H,S4_wrong_zone,simple_OR,215,10,0,0,0,0,0,0
019_Et_M_Me_H,S4_wrong_zone,simple_AND,215,10,49,10,10,0,0,0
019_Et_M_Me_H,S4_wrong_zone,no_zone_gate,215,10,49,10,10,0,0,0
019_Et_M_Me_H,S4_wrong_zone,no_age_gate,215,10,39,0,0,0,0,0
019_Et_M_Me_H,S4_wrong_zone,hold_missing_gas_10s,215,10,39,0,0,0,0,0
019_Et_M_Me_H,S4_wrong_zone,hold_missing_person_10s,215,10,39,0,0,0,0,0
019_Et_M_Me_H,S4_stale_gas,S1_full,215,10,39,0,0,0,10,0
019_Et_M_Me_H,S4_stale_gas,gas_only,215,10,0,0,0,10,0,0
019_Et_M_Me_H,S4_stale_gas,simple_OR,215,10,0,0,0,0,0,0
019_Et_M_Me_H,S4_stale_gas,simple_AND,215,10,39,0,0,0,0,0
019_Et_M_Me_H,S4_stale_gas,no_zone_gate,215,10,39,0,0,0,0,0
019_Et_M_Me_H,S4_stale_gas,no_age_gate,215,10,49,10,10,0,0,0
019_Et_M_Me_H,S4_stale_gas,hold_missing_gas_10s,215,10,39,0,0,0,0,0
019_Et_M_Me_H,S4_stale_gas,hold_missing_person_10s,215,10,39,0,0,0,0,0
022_Et_M_CO_L,S0_outside,S1_full,215,0,0,0,0,0,0,0
022_Et_M_CO_L,S0_outside,gas_only,215,0,0,0,0,0,0,0
022_Et_M_CO_L,S0_outside,simple_OR,215,0,0,0,0,0,0,0
022_Et_M_CO_L,S0_outside,simple_AND,215,0,0,0,0,0,0,0
022_Et_M_CO_L,S0_outside,no_zone_gate,215,0,0,0,0,0,0,0
022_Et_M_CO_L,S0_outside,no_age_gate,215,0,0,0,0,0,0,0
022_Et_M_CO_L,S0_outside,hold_missing_gas_10s,215,0,0,0,0,0,0,0
022_Et_M_CO_L,S0_outside,hold_missing_person_10s,215,0,0,0,0,0,0,0
022_Et_M_CO_L,S1_early_background,S1_full,35,0,0,0,0,0,0,0
022_Et_M_CO_L,S1_early_background,gas_only,35,0,0,0,0,0,0,0
022_Et_M_CO_L,S1_early_background,simple_OR,35,0,0,0,0,0,0,0
022_Et_M_CO_L,S1_early_background,simple_AND,35,0,0,0,0,0,0,0
022_Et_M_CO_L,S1_early_background,no_zone_gate,35,0,0,0,0,0,0,0
022_Et_M_CO_L,S1_early_background,no_age_gate,35,0,0,0,0,0,0,0
022_Et_M_CO_L,S1_early_background,hold_missing_gas_10s,35,0,0,0,0,0,0,0
022_Et_M_CO_L,S1_early_background,hold_missing_person_10s,35,0,0,0,0,0,0,0
022_Et_M_CO_L,S2_possible_overlap,S1_full,215,0,49,0,10,0,0,0
022_Et_M_CO_L,S2_possible_overlap,gas_only,215,0,0,0,0,0,0,0
022_Et_M_CO_L,S2_possible_overlap,simple_OR,215,0,0,0,0,0,0,0
022_Et_M_CO_L,S2_possible_overlap,simple_AND,215,0,49,0,10,0,0,0
022_Et_M_CO_L,S2_possible_overlap,no_zone_gate,215,0,49,0,10,0,0,0
022_Et_M_CO_L,S2_possible_overlap,no_age_gate,215,0,49,0,10,0,0,0
022_Et_M_CO_L,S2_possible_overlap,hold_missing_gas_10s,215,0,49,0,10,0,0,0
022_Et_M_CO_L,S2_possible_overlap,hold_missing_person_10s,215,0,49,0,10,0,0,0
022_Et_M_CO_L,S3_separate_events,S1_full,215,0,0,0,0,0,0,0
022_Et_M_CO_L,S3_separate_events,gas_only,215,0,0,0,0,0,0,0
022_Et_M_CO_L,S3_separate_events,simple_OR,215,0,0,0,0,0,0,0
022_Et_M_CO_L,S3_separate_events,simple_AND,215,0,0,0,0,0,0,0
022_Et_M_CO_L,S3_separate_events,no_zone_gate,215,0,0,0,0,0,0,0
022_Et_M_CO_L,S3_separate_events,no_age_gate,215,0,0,0,0,0,0,0
022_Et_M_CO_L,S3_separate_events,hold_missing_gas_10s,215,0,0,0,0,0,0,0
022_Et_M_CO_L,S3_separate_events,hold_missing_person_10s,215,0,0,0,0,0,0,0
022_Et_M_CO_L,S4_gas_dropout,S1_full,215,10,37,0,0,0,10,0
022_Et_M_CO_L,S4_gas_dropout,gas_only,215,10,0,0,0,10,0,0
022_Et_M_CO_L,S4_gas_dropout,simple_OR,215,10,0,0,0,0,0,0
022_Et_M_CO_L,S4_gas_dropout,simple_AND,215,10,37,0,0,0,0,0
022_Et_M_CO_L,S4_gas_dropout,no_zone_gate,215,10,37,0,0,0,0,0
022_Et_M_CO_L,S4_gas_dropout,no_age_gate,215,10,37,0,0,0,0,0
022_Et_M_CO_L,S4_gas_dropout,hold_missing_gas_10s,215,10,47,10,10,0,0,0
022_Et_M_CO_L,S4_gas_dropout,hold_missing_person_10s,215,10,37,0,0,0,0,0
022_Et_M_CO_L,S4_person_dropout,S1_full,215,10,39,0,0,0,10,0
022_Et_M_CO_L,S4_person_dropout,gas_only,215,10,0,0,0,0,0,0
022_Et_M_CO_L,S4_person_dropout,simple_OR,215,10,0,0,0,0,0,0
022_Et_M_CO_L,S4_person_dropout,simple_AND,215,10,39,0,0,0,0,0
022_Et_M_CO_L,S4_person_dropout,no_zone_gate,215,10,39,0,0,0,0,0
022_Et_M_CO_L,S4_person_dropout,no_age_gate,215,10,39,0,0,0,0,0
022_Et_M_CO_L,S4_person_dropout,hold_missing_gas_10s,215,10,39,0,0,0,0,0
022_Et_M_CO_L,S4_person_dropout,hold_missing_person_10s,215,10,49,10,10,0,0,0
022_Et_M_CO_L,S4_wrong_zone,S1_full,215,10,39,0,0,0,10,0
022_Et_M_CO_L,S4_wrong_zone,gas_only,215,10,0,0,0,0,0,0
022_Et_M_CO_L,S4_wrong_zone,simple_OR,215,10,0,0,0,0,0,0
022_Et_M_CO_L,S4_wrong_zone,simple_AND,215,10,49,10,10,0,0,0
022_Et_M_CO_L,S4_wrong_zone,no_zone_gate,215,10,49,10,10,0,0,0
022_Et_M_CO_L,S4_wrong_zone,no_age_gate,215,10,39,0,0,0,0,0
022_Et_M_CO_L,S4_wrong_zone,hold_missing_gas_10s,215,10,39,0,0,0,0,0
022_Et_M_CO_L,S4_wrong_zone,hold_missing_person_10s,215,10,39,0,0,0,0,0
022_Et_M_CO_L,S4_stale_gas,S1_full,215,10,39,0,0,0,10,0
022_Et_M_CO_L,S4_stale_gas,gas_only,215,10,0,0,0,10,0,0
022_Et_M_CO_L,S4_stale_gas,simple_OR,215,10,0,0,0,0,0,0
022_Et_M_CO_L,S4_stale_gas,simple_AND,215,10,39,0,0,0,0,0
022_Et_M_CO_L,S4_stale_gas,no_zone_gate,215,10,39,0,0,0,0,0
022_Et_M_CO_L,S4_stale_gas,no_age_gate,215,10,49,10,10,0,0,0
022_Et_M_CO_L,S4_stale_gas,hold_missing_gas_10s,215,10,39,0,0,0,0,0
022_Et_M_CO_L,S4_stale_gas,hold_missing_person_10s,215,10,39,0,0,0,0,0
027_Et_M_Me_M,S0_outside,S1_full,215,0,0,0,0,0,0,0
027_Et_M_Me_M,S0_outside,gas_only,215,0,0,0,0,0,0,0
027_Et_M_Me_M,S0_outside,simple_OR,215,0,0,0,0,0,0,0
027_Et_M_Me_M,S0_outside,simple_AND,215,0,0,0,0,0,0,0
027_Et_M_Me_M,S0_outside,no_zone_gate,215,0,0,0,0,0,0,0
027_Et_M_Me_M,S0_outside,no_age_gate,215,0,0,0,0,0,0,0
027_Et_M_Me_M,S0_outside,hold_missing_gas_10s,215,0,0,0,0,0,0,0
027_Et_M_Me_M,S0_outside,hold_missing_person_10s,215,0,0,0,0,0,0,0
027_Et_M_Me_M,S1_early_background,S1_full,35,0,0,0,0,0,0,0
027_Et_M_Me_M,S1_early_background,gas_only,35,0,0,0,0,0,0,0
027_Et_M_Me_M,S1_early_background,simple_OR,35,0,0,0,0,0,0,0
027_Et_M_Me_M,S1_early_background,simple_AND,35,0,0,0,0,0,0,0
027_Et_M_Me_M,S1_early_background,no_zone_gate,35,0,0,0,0,0,0,0
027_Et_M_Me_M,S1_early_background,no_age_gate,35,0,0,0,0,0,0,0
027_Et_M_Me_M,S1_early_background,hold_missing_gas_10s,35,0,0,0,0,0,0,0
027_Et_M_Me_M,S1_early_background,hold_missing_person_10s,35,0,0,0,0,0,0,0
027_Et_M_Me_M,S2_possible_overlap,S1_full,215,0,49,0,10,0,0,0
027_Et_M_Me_M,S2_possible_overlap,gas_only,215,0,0,0,0,0,0,0
027_Et_M_Me_M,S2_possible_overlap,simple_OR,215,0,0,0,0,0,0,0
027_Et_M_Me_M,S2_possible_overlap,simple_AND,215,0,49,0,10,0,0,0
027_Et_M_Me_M,S2_possible_overlap,no_zone_gate,215,0,49,0,10,0,0,0
027_Et_M_Me_M,S2_possible_overlap,no_age_gate,215,0,49,0,10,0,0,0
027_Et_M_Me_M,S2_possible_overlap,hold_missing_gas_10s,215,0,49,0,10,0,0,0
027_Et_M_Me_M,S2_possible_overlap,hold_missing_person_10s,215,0,49,0,10,0,0,0
027_Et_M_Me_M,S3_separate_events,S1_full,215,0,0,0,0,0,0,0
027_Et_M_Me_M,S3_separate_events,gas_only,215,0,0,0,0,0,0,0
027_Et_M_Me_M,S3_separate_events,simple_OR,215,0,0,0,0,0,0,0
027_Et_M_Me_M,S3_separate_events,simple_AND,215,0,0,0,0,0,0,0
027_Et_M_Me_M,S3_separate_events,no_zone_gate,215,0,0,0,0,0,0,0
027_Et_M_Me_M,S3_separate_events,no_age_gate,215,0,0,0,0,0,0,0
027_Et_M_Me_M,S3_separate_events,hold_missing_gas_10s,215,0,0,0,0,0,0,0
027_Et_M_Me_M,S3_separate_events,hold_missing_person_10s,215,0,0,0,0,0,0,0
027_Et_M_Me_M,S4_gas_dropout,S1_full,215,10,37,0,0,0,10,0
027_Et_M_Me_M,S4_gas_dropout,gas_only,215,10,0,0,0,10,0,0
027_Et_M_Me_M,S4_gas_dropout,simple_OR,215,10,0,0,0,0,0,0
027_Et_M_Me_M,S4_gas_dropout,simple_AND,215,10,37,0,0,0,0,0
027_Et_M_Me_M,S4_gas_dropout,no_zone_gate,215,10,37,0,0,0,0,0
027_Et_M_Me_M,S4_gas_dropout,no_age_gate,215,10,37,0,0,0,0,0
027_Et_M_Me_M,S4_gas_dropout,hold_missing_gas_10s,215,10,47,10,10,0,0,0
027_Et_M_Me_M,S4_gas_dropout,hold_missing_person_10s,215,10,37,0,0,0,0,0
027_Et_M_Me_M,S4_person_dropout,S1_full,215,10,39,0,0,0,10,0
027_Et_M_Me_M,S4_person_dropout,gas_only,215,10,0,0,0,0,0,0
027_Et_M_Me_M,S4_person_dropout,simple_OR,215,10,0,0,0,0,0,0
027_Et_M_Me_M,S4_person_dropout,simple_AND,215,10,39,0,0,0,0,0
027_Et_M_Me_M,S4_person_dropout,no_zone_gate,215,10,39,0,0,0,0,0
027_Et_M_Me_M,S4_person_dropout,no_age_gate,215,10,39,0,0,0,0,0
027_Et_M_Me_M,S4_person_dropout,hold_missing_gas_10s,215,10,39,0,0,0,0,0
027_Et_M_Me_M,S4_person_dropout,hold_missing_person_10s,215,10,49,10,10,0,0,0
027_Et_M_Me_M,S4_wrong_zone,S1_full,215,10,39,0,0,0,10,0
027_Et_M_Me_M,S4_wrong_zone,gas_only,215,10,0,0,0,0,0,0
027_Et_M_Me_M,S4_wrong_zone,simple_OR,215,10,0,0,0,0,0,0
027_Et_M_Me_M,S4_wrong_zone,simple_AND,215,10,49,10,10,0,0,0
027_Et_M_Me_M,S4_wrong_zone,no_zone_gate,215,10,49,10,10,0,0,0
027_Et_M_Me_M,S4_wrong_zone,no_age_gate,215,10,39,0,0,0,0,0
027_Et_M_Me_M,S4_wrong_zone,hold_missing_gas_10s,215,10,39,0,0,0,0,0
027_Et_M_Me_M,S4_wrong_zone,hold_missing_person_10s,215,10,39,0,0,0,0,0
027_Et_M_Me_M,S4_stale_gas,S1_full,215,10,39,0,0,0,10,0
027_Et_M_Me_M,S4_stale_gas,gas_only,215,10,0,0,0,10,0,0
027_Et_M_Me_M,S4_stale_gas,simple_OR,215,10,0,0,0,0,0,0
027_Et_M_Me_M,S4_stale_gas,simple_AND,215,10,39,0,0,0,0,0
027_Et_M_Me_M,S4_stale_gas,no_zone_gate,215,10,39,0,0,0,0,0
027_Et_M_Me_M,S4_stale_gas,no_age_gate,215,10,49,10,10,0,0,0
027_Et_M_Me_M,S4_stale_gas,hold_missing_gas_10s,215,10,39,0,0,0,0,0
027_Et_M_Me_M,S4_stale_gas,hold_missing_person_10s,215,10,39,0,0,0,0,0
028_Et_H_CO_M,S0_outside,S1_full,215,0,0,0,0,0,0,0
028_Et_H_CO_M,S0_outside,gas_only,215,0,0,0,0,0,0,0
028_Et_H_CO_M,S0_outside,simple_OR,215,0,0,0,0,0,0,0
028_Et_H_CO_M,S0_outside,simple_AND,215,0,0,0,0,0,0,0
028_Et_H_CO_M,S0_outside,no_zone_gate,215,0,0,0,0,0,0,0
028_Et_H_CO_M,S0_outside,no_age_gate,215,0,0,0,0,0,0,0
028_Et_H_CO_M,S0_outside,hold_missing_gas_10s,215,0,0,0,0,0,0,0
028_Et_H_CO_M,S0_outside,hold_missing_person_10s,215,0,0,0,0,0,0,0
028_Et_H_CO_M,S1_early_background,S1_full,35,0,0,0,0,0,0,0
028_Et_H_CO_M,S1_early_background,gas_only,35,0,0,0,0,0,0,0
028_Et_H_CO_M,S1_early_background,simple_OR,35,0,0,0,0,0,0,0
028_Et_H_CO_M,S1_early_background,simple_AND,35,0,0,0,0,0,0,0
028_Et_H_CO_M,S1_early_background,no_zone_gate,35,0,0,0,0,0,0,0
028_Et_H_CO_M,S1_early_background,no_age_gate,35,0,0,0,0,0,0,0
028_Et_H_CO_M,S1_early_background,hold_missing_gas_10s,35,0,0,0,0,0,0,0
028_Et_H_CO_M,S1_early_background,hold_missing_person_10s,35,0,0,0,0,0,0,0
028_Et_H_CO_M,S2_possible_overlap,S1_full,215,0,49,0,10,0,0,0
028_Et_H_CO_M,S2_possible_overlap,gas_only,215,0,0,0,0,0,0,0
028_Et_H_CO_M,S2_possible_overlap,simple_OR,215,0,0,0,0,0,0,0
028_Et_H_CO_M,S2_possible_overlap,simple_AND,215,0,49,0,10,0,0,0
028_Et_H_CO_M,S2_possible_overlap,no_zone_gate,215,0,49,0,10,0,0,0
028_Et_H_CO_M,S2_possible_overlap,no_age_gate,215,0,49,0,10,0,0,0
028_Et_H_CO_M,S2_possible_overlap,hold_missing_gas_10s,215,0,49,0,10,0,0,0
028_Et_H_CO_M,S2_possible_overlap,hold_missing_person_10s,215,0,49,0,10,0,0,0
028_Et_H_CO_M,S3_separate_events,S1_full,215,0,0,0,0,0,0,0
028_Et_H_CO_M,S3_separate_events,gas_only,215,0,0,0,0,0,0,0
028_Et_H_CO_M,S3_separate_events,simple_OR,215,0,0,0,0,0,0,0
028_Et_H_CO_M,S3_separate_events,simple_AND,215,0,0,0,0,0,0,0
028_Et_H_CO_M,S3_separate_events,no_zone_gate,215,0,0,0,0,0,0,0
028_Et_H_CO_M,S3_separate_events,no_age_gate,215,0,0,0,0,0,0,0
028_Et_H_CO_M,S3_separate_events,hold_missing_gas_10s,215,0,0,0,0,0,0,0
028_Et_H_CO_M,S3_separate_events,hold_missing_person_10s,215,0,0,0,0,0,0,0
028_Et_H_CO_M,S4_gas_dropout,S1_full,215,10,37,0,0,0,10,0
028_Et_H_CO_M,S4_gas_dropout,gas_only,215,10,0,0,0,10,0,0
028_Et_H_CO_M,S4_gas_dropout,simple_OR,215,10,0,0,0,0,0,0
028_Et_H_CO_M,S4_gas_dropout,simple_AND,215,10,37,0,0,0,0,0
028_Et_H_CO_M,S4_gas_dropout,no_zone_gate,215,10,37,0,0,0,0,0
028_Et_H_CO_M,S4_gas_dropout,no_age_gate,215,10,37,0,0,0,0,0
028_Et_H_CO_M,S4_gas_dropout,hold_missing_gas_10s,215,10,47,10,10,0,0,0
028_Et_H_CO_M,S4_gas_dropout,hold_missing_person_10s,215,10,37,0,0,0,0,0
028_Et_H_CO_M,S4_person_dropout,S1_full,215,10,39,0,0,0,10,0
028_Et_H_CO_M,S4_person_dropout,gas_only,215,10,0,0,0,0,0,0
028_Et_H_CO_M,S4_person_dropout,simple_OR,215,10,0,0,0,0,0,0
028_Et_H_CO_M,S4_person_dropout,simple_AND,215,10,39,0,0,0,0,0
028_Et_H_CO_M,S4_person_dropout,no_zone_gate,215,10,39,0,0,0,0,0
028_Et_H_CO_M,S4_person_dropout,no_age_gate,215,10,39,0,0,0,0,0
028_Et_H_CO_M,S4_person_dropout,hold_missing_gas_10s,215,10,39,0,0,0,0,0
028_Et_H_CO_M,S4_person_dropout,hold_missing_person_10s,215,10,49,10,10,0,0,0
028_Et_H_CO_M,S4_wrong_zone,S1_full,215,10,39,0,0,0,10,0
028_Et_H_CO_M,S4_wrong_zone,gas_only,215,10,0,0,0,0,0,0
028_Et_H_CO_M,S4_wrong_zone,simple_OR,215,10,0,0,0,0,0,0
028_Et_H_CO_M,S4_wrong_zone,simple_AND,215,10,49,10,10,0,0,0
028_Et_H_CO_M,S4_wrong_zone,no_zone_gate,215,10,49,10,10,0,0,0
028_Et_H_CO_M,S4_wrong_zone,no_age_gate,215,10,39,0,0,0,0,0
028_Et_H_CO_M,S4_wrong_zone,hold_missing_gas_10s,215,10,39,0,0,0,0,0
028_Et_H_CO_M,S4_wrong_zone,hold_missing_person_10s,215,10,39,0,0,0,0,0
028_Et_H_CO_M,S4_stale_gas,S1_full,215,10,39,0,0,0,10,0
028_Et_H_CO_M,S4_stale_gas,gas_only,215,10,0,0,0,10,0,0
028_Et_H_CO_M,S4_stale_gas,simple_OR,215,10,0,0,0,0,0,0
028_Et_H_CO_M,S4_stale_gas,simple_AND,215,10,39,0,0,0,0,0
028_Et_H_CO_M,S4_stale_gas,no_zone_gate,215,10,39,0,0,0,0,0
028_Et_H_CO_M,S4_stale_gas,no_age_gate,215,10,49,10,10,0,0,0
028_Et_H_CO_M,S4_stale_gas,hold_missing_gas_10s,215,10,39,0,0,0,0,0
028_Et_H_CO_M,S4_stale_gas,hold_missing_person_10s,215,10,39,0,0,0,0,0
033_Et_L_Me_H,S0_outside,S1_full,215,0,0,0,0,0,0,0
033_Et_L_Me_H,S0_outside,gas_only,215,0,0,0,0,0,0,0
033_Et_L_Me_H,S0_outside,simple_OR,215,0,0,0,0,0,0,0
033_Et_L_Me_H,S0_outside,simple_AND,215,0,0,0,0,0,0,0
033_Et_L_Me_H,S0_outside,no_zone_gate,215,0,0,0,0,0,0,0
033_Et_L_Me_H,S0_outside,no_age_gate,215,0,0,0,0,0,0,0
033_Et_L_Me_H,S0_outside,hold_missing_gas_10s,215,0,0,0,0,0,0,0
033_Et_L_Me_H,S0_outside,hold_missing_person_10s,215,0,0,0,0,0,0,0
033_Et_L_Me_H,S1_early_background,S1_full,35,0,0,0,0,0,0,0
033_Et_L_Me_H,S1_early_background,gas_only,35,0,0,0,0,0,0,0
033_Et_L_Me_H,S1_early_background,simple_OR,35,0,0,0,0,0,0,0
033_Et_L_Me_H,S1_early_background,simple_AND,35,0,0,0,0,0,0,0
033_Et_L_Me_H,S1_early_background,no_zone_gate,35,0,0,0,0,0,0,0
033_Et_L_Me_H,S1_early_background,no_age_gate,35,0,0,0,0,0,0,0
033_Et_L_Me_H,S1_early_background,hold_missing_gas_10s,35,0,0,0,0,0,0,0
033_Et_L_Me_H,S1_early_background,hold_missing_person_10s,35,0,0,0,0,0,0,0
033_Et_L_Me_H,S2_possible_overlap,S1_full,215,0,47,0,10,0,0,0
033_Et_L_Me_H,S2_possible_overlap,gas_only,215,0,0,0,0,0,0,0
033_Et_L_Me_H,S2_possible_overlap,simple_OR,215,0,0,0,0,0,0,0
033_Et_L_Me_H,S2_possible_overlap,simple_AND,215,0,47,0,10,0,0,0
033_Et_L_Me_H,S2_possible_overlap,no_zone_gate,215,0,47,0,10,0,0,0
033_Et_L_Me_H,S2_possible_overlap,no_age_gate,215,0,47,0,10,0,0,0
033_Et_L_Me_H,S2_possible_overlap,hold_missing_gas_10s,215,0,47,0,10,0,0,0
033_Et_L_Me_H,S2_possible_overlap,hold_missing_person_10s,215,0,47,0,10,0,0,0
033_Et_L_Me_H,S3_separate_events,S1_full,215,0,0,0,0,0,0,0
033_Et_L_Me_H,S3_separate_events,gas_only,215,0,0,0,0,0,0,0
033_Et_L_Me_H,S3_separate_events,simple_OR,215,0,0,0,0,0,0,0
033_Et_L_Me_H,S3_separate_events,simple_AND,215,0,0,0,0,0,0,0
033_Et_L_Me_H,S3_separate_events,no_zone_gate,215,0,0,0,0,0,0,0
033_Et_L_Me_H,S3_separate_events,no_age_gate,215,0,0,0,0,0,0,0
033_Et_L_Me_H,S3_separate_events,hold_missing_gas_10s,215,0,0,0,0,0,0,0
033_Et_L_Me_H,S3_separate_events,hold_missing_person_10s,215,0,0,0,0,0,0,0
033_Et_L_Me_H,S4_gas_dropout,S1_full,215,10,35,0,0,0,10,0
033_Et_L_Me_H,S4_gas_dropout,gas_only,215,10,0,0,0,10,0,0
033_Et_L_Me_H,S4_gas_dropout,simple_OR,215,10,0,0,0,0,0,0
033_Et_L_Me_H,S4_gas_dropout,simple_AND,215,10,35,0,0,0,0,0
033_Et_L_Me_H,S4_gas_dropout,no_zone_gate,215,10,35,0,0,0,0,0
033_Et_L_Me_H,S4_gas_dropout,no_age_gate,215,10,35,0,0,0,0,0
033_Et_L_Me_H,S4_gas_dropout,hold_missing_gas_10s,215,10,45,10,10,0,0,0
033_Et_L_Me_H,S4_gas_dropout,hold_missing_person_10s,215,10,35,0,0,0,0,0
033_Et_L_Me_H,S4_person_dropout,S1_full,215,10,37,0,0,0,10,0
033_Et_L_Me_H,S4_person_dropout,gas_only,215,10,0,0,0,0,0,0
033_Et_L_Me_H,S4_person_dropout,simple_OR,215,10,0,0,0,0,0,0
033_Et_L_Me_H,S4_person_dropout,simple_AND,215,10,37,0,0,0,0,0
033_Et_L_Me_H,S4_person_dropout,no_zone_gate,215,10,37,0,0,0,0,0
033_Et_L_Me_H,S4_person_dropout,no_age_gate,215,10,37,0,0,0,0,0
033_Et_L_Me_H,S4_person_dropout,hold_missing_gas_10s,215,10,37,0,0,0,0,0
033_Et_L_Me_H,S4_person_dropout,hold_missing_person_10s,215,10,47,10,10,0,0,0
033_Et_L_Me_H,S4_wrong_zone,S1_full,215,10,37,0,0,0,10,0
033_Et_L_Me_H,S4_wrong_zone,gas_only,215,10,0,0,0,0,0,0
033_Et_L_Me_H,S4_wrong_zone,simple_OR,215,10,0,0,0,0,0,0
033_Et_L_Me_H,S4_wrong_zone,simple_AND,215,10,47,10,10,0,0,0
033_Et_L_Me_H,S4_wrong_zone,no_zone_gate,215,10,47,10,10,0,0,0
033_Et_L_Me_H,S4_wrong_zone,no_age_gate,215,10,37,0,0,0,0,0
033_Et_L_Me_H,S4_wrong_zone,hold_missing_gas_10s,215,10,37,0,0,0,0,0
033_Et_L_Me_H,S4_wrong_zone,hold_missing_person_10s,215,10,37,0,0,0,0,0
033_Et_L_Me_H,S4_stale_gas,S1_full,215,10,37,0,0,0,10,0
033_Et_L_Me_H,S4_stale_gas,gas_only,215,10,0,0,0,10,0,0
033_Et_L_Me_H,S4_stale_gas,simple_OR,215,10,0,0,0,0,0,0
033_Et_L_Me_H,S4_stale_gas,simple_AND,215,10,37,0,0,0,0,0
033_Et_L_Me_H,S4_stale_gas,no_zone_gate,215,10,37,0,0,0,0,0
033_Et_L_Me_H,S4_stale_gas,no_age_gate,215,10,47,10,10,0,0,0
033_Et_L_Me_H,S4_stale_gas,hold_missing_gas_10s,215,10,37,0,0,0,0,0
033_Et_L_Me_H,S4_stale_gas,hold_missing_person_10s,215,10,37,0,0,0,0,0
035_Et_H_Me_n,S0_outside,S1_full,215,0,0,0,0,0,0,0
035_Et_H_Me_n,S0_outside,gas_only,215,0,0,0,0,0,0,0
035_Et_H_Me_n,S0_outside,simple_OR,215,0,0,0,0,0,0,0
035_Et_H_Me_n,S0_outside,simple_AND,215,0,0,0,0,0,0,0
035_Et_H_Me_n,S0_outside,no_zone_gate,215,0,0,0,0,0,0,0
035_Et_H_Me_n,S0_outside,no_age_gate,215,0,0,0,0,0,0,0
035_Et_H_Me_n,S0_outside,hold_missing_gas_10s,215,0,0,0,0,0,0,0
035_Et_H_Me_n,S0_outside,hold_missing_person_10s,215,0,0,0,0,0,0,0
035_Et_H_Me_n,S1_early_background,S1_full,35,0,0,0,0,0,0,0
035_Et_H_Me_n,S1_early_background,gas_only,35,0,0,0,0,0,0,0
035_Et_H_Me_n,S1_early_background,simple_OR,35,0,0,0,0,0,0,0
035_Et_H_Me_n,S1_early_background,simple_AND,35,0,0,0,0,0,0,0
035_Et_H_Me_n,S1_early_background,no_zone_gate,35,0,0,0,0,0,0,0
035_Et_H_Me_n,S1_early_background,no_age_gate,35,0,0,0,0,0,0,0
035_Et_H_Me_n,S1_early_background,hold_missing_gas_10s,35,0,0,0,0,0,0,0
035_Et_H_Me_n,S1_early_background,hold_missing_person_10s,35,0,0,0,0,0,0,0
035_Et_H_Me_n,S2_possible_overlap,S1_full,215,0,49,0,10,0,0,0
035_Et_H_Me_n,S2_possible_overlap,gas_only,215,0,0,0,0,0,0,0
035_Et_H_Me_n,S2_possible_overlap,simple_OR,215,0,0,0,0,0,0,0
035_Et_H_Me_n,S2_possible_overlap,simple_AND,215,0,49,0,10,0,0,0
035_Et_H_Me_n,S2_possible_overlap,no_zone_gate,215,0,49,0,10,0,0,0
035_Et_H_Me_n,S2_possible_overlap,no_age_gate,215,0,49,0,10,0,0,0
035_Et_H_Me_n,S2_possible_overlap,hold_missing_gas_10s,215,0,49,0,10,0,0,0
035_Et_H_Me_n,S2_possible_overlap,hold_missing_person_10s,215,0,49,0,10,0,0,0
035_Et_H_Me_n,S3_separate_events,S1_full,215,0,0,0,0,0,0,0
035_Et_H_Me_n,S3_separate_events,gas_only,215,0,0,0,0,0,0,0
035_Et_H_Me_n,S3_separate_events,simple_OR,215,0,0,0,0,0,0,0
035_Et_H_Me_n,S3_separate_events,simple_AND,215,0,0,0,0,0,0,0
035_Et_H_Me_n,S3_separate_events,no_zone_gate,215,0,0,0,0,0,0,0
035_Et_H_Me_n,S3_separate_events,no_age_gate,215,0,0,0,0,0,0,0
035_Et_H_Me_n,S3_separate_events,hold_missing_gas_10s,215,0,0,0,0,0,0,0
035_Et_H_Me_n,S3_separate_events,hold_missing_person_10s,215,0,0,0,0,0,0,0
035_Et_H_Me_n,S4_gas_dropout,S1_full,215,10,37,0,0,0,10,0
035_Et_H_Me_n,S4_gas_dropout,gas_only,215,10,0,0,0,10,0,0
035_Et_H_Me_n,S4_gas_dropout,simple_OR,215,10,0,0,0,0,0,0
035_Et_H_Me_n,S4_gas_dropout,simple_AND,215,10,37,0,0,0,0,0
035_Et_H_Me_n,S4_gas_dropout,no_zone_gate,215,10,37,0,0,0,0,0
035_Et_H_Me_n,S4_gas_dropout,no_age_gate,215,10,37,0,0,0,0,0
035_Et_H_Me_n,S4_gas_dropout,hold_missing_gas_10s,215,10,47,10,10,0,0,0
035_Et_H_Me_n,S4_gas_dropout,hold_missing_person_10s,215,10,37,0,0,0,0,0
035_Et_H_Me_n,S4_person_dropout,S1_full,215,10,39,0,0,0,10,0
035_Et_H_Me_n,S4_person_dropout,gas_only,215,10,0,0,0,0,0,0
035_Et_H_Me_n,S4_person_dropout,simple_OR,215,10,0,0,0,0,0,0
035_Et_H_Me_n,S4_person_dropout,simple_AND,215,10,39,0,0,0,0,0
035_Et_H_Me_n,S4_person_dropout,no_zone_gate,215,10,39,0,0,0,0,0
035_Et_H_Me_n,S4_person_dropout,no_age_gate,215,10,39,0,0,0,0,0
035_Et_H_Me_n,S4_person_dropout,hold_missing_gas_10s,215,10,39,0,0,0,0,0
035_Et_H_Me_n,S4_person_dropout,hold_missing_person_10s,215,10,49,10,10,0,0,0
035_Et_H_Me_n,S4_wrong_zone,S1_full,215,10,39,0,0,0,10,0
035_Et_H_Me_n,S4_wrong_zone,gas_only,215,10,0,0,0,0,0,0
035_Et_H_Me_n,S4_wrong_zone,simple_OR,215,10,0,0,0,0,0,0
035_Et_H_Me_n,S4_wrong_zone,simple_AND,215,10,49,10,10,0,0,0
035_Et_H_Me_n,S4_wrong_zone,no_zone_gate,215,10,49,10,10,0,0,0
035_Et_H_Me_n,S4_wrong_zone,no_age_gate,215,10,39,0,0,0,0,0
035_Et_H_Me_n,S4_wrong_zone,hold_missing_gas_10s,215,10,39,0,0,0,0,0
035_Et_H_Me_n,S4_wrong_zone,hold_missing_person_10s,215,10,39,0,0,0,0,0
035_Et_H_Me_n,S4_stale_gas,S1_full,215,10,39,0,0,0,10,0
035_Et_H_Me_n,S4_stale_gas,gas_only,215,10,0,0,0,10,0,0
035_Et_H_Me_n,S4_stale_gas,simple_OR,215,10,0,0,0,0,0,0
035_Et_H_Me_n,S4_stale_gas,simple_AND,215,10,39,0,0,0,0,0
035_Et_H_Me_n,S4_stale_gas,no_zone_gate,215,10,39,0,0,0,0,0
035_Et_H_Me_n,S4_stale_gas,no_age_gate,215,10,49,10,10,0,0,0
035_Et_H_Me_n,S4_stale_gas,hold_missing_gas_10s,215,10,39,0,0,0,0,0
035_Et_H_Me_n,S4_stale_gas,hold_missing_person_10s,215,10,39,0,0,0,0,0
036_Et_L_CO_H,S0_outside,S1_full,215,0,0,0,0,0,0,0
036_Et_L_CO_H,S0_outside,gas_only,215,0,0,0,0,0,0,0
036_Et_L_CO_H,S0_outside,simple_OR,215,0,0,0,0,0,0,0
036_Et_L_CO_H,S0_outside,simple_AND,215,0,0,0,0,0,0,0
036_Et_L_CO_H,S0_outside,no_zone_gate,215,0,0,0,0,0,0,0
036_Et_L_CO_H,S0_outside,no_age_gate,215,0,0,0,0,0,0,0
036_Et_L_CO_H,S0_outside,hold_missing_gas_10s,215,0,0,0,0,0,0,0
036_Et_L_CO_H,S0_outside,hold_missing_person_10s,215,0,0,0,0,0,0,0
036_Et_L_CO_H,S1_early_background,S1_full,35,0,0,0,0,0,0,0
036_Et_L_CO_H,S1_early_background,gas_only,35,0,0,0,0,0,0,0
036_Et_L_CO_H,S1_early_background,simple_OR,35,0,0,0,0,0,0,0
036_Et_L_CO_H,S1_early_background,simple_AND,35,0,0,0,0,0,0,0
036_Et_L_CO_H,S1_early_background,no_zone_gate,35,0,0,0,0,0,0,0
036_Et_L_CO_H,S1_early_background,no_age_gate,35,0,0,0,0,0,0,0
036_Et_L_CO_H,S1_early_background,hold_missing_gas_10s,35,0,0,0,0,0,0,0
036_Et_L_CO_H,S1_early_background,hold_missing_person_10s,35,0,0,0,0,0,0,0
036_Et_L_CO_H,S2_possible_overlap,S1_full,215,0,49,0,10,0,0,0
036_Et_L_CO_H,S2_possible_overlap,gas_only,215,0,0,0,0,0,0,0
036_Et_L_CO_H,S2_possible_overlap,simple_OR,215,0,0,0,0,0,0,0
036_Et_L_CO_H,S2_possible_overlap,simple_AND,215,0,49,0,10,0,0,0
036_Et_L_CO_H,S2_possible_overlap,no_zone_gate,215,0,49,0,10,0,0,0
036_Et_L_CO_H,S2_possible_overlap,no_age_gate,215,0,49,0,10,0,0,0
036_Et_L_CO_H,S2_possible_overlap,hold_missing_gas_10s,215,0,49,0,10,0,0,0
036_Et_L_CO_H,S2_possible_overlap,hold_missing_person_10s,215,0,49,0,10,0,0,0
036_Et_L_CO_H,S3_separate_events,S1_full,215,0,0,0,0,0,0,0
036_Et_L_CO_H,S3_separate_events,gas_only,215,0,0,0,0,0,0,0
036_Et_L_CO_H,S3_separate_events,simple_OR,215,0,0,0,0,0,0,0
036_Et_L_CO_H,S3_separate_events,simple_AND,215,0,0,0,0,0,0,0
036_Et_L_CO_H,S3_separate_events,no_zone_gate,215,0,0,0,0,0,0,0
036_Et_L_CO_H,S3_separate_events,no_age_gate,215,0,0,0,0,0,0,0
036_Et_L_CO_H,S3_separate_events,hold_missing_gas_10s,215,0,0,0,0,0,0,0
036_Et_L_CO_H,S3_separate_events,hold_missing_person_10s,215,0,0,0,0,0,0,0
036_Et_L_CO_H,S4_gas_dropout,S1_full,215,10,37,0,0,0,10,0
036_Et_L_CO_H,S4_gas_dropout,gas_only,215,10,0,0,0,10,0,0
036_Et_L_CO_H,S4_gas_dropout,simple_OR,215,10,0,0,0,0,0,0
036_Et_L_CO_H,S4_gas_dropout,simple_AND,215,10,37,0,0,0,0,0
036_Et_L_CO_H,S4_gas_dropout,no_zone_gate,215,10,37,0,0,0,0,0
036_Et_L_CO_H,S4_gas_dropout,no_age_gate,215,10,37,0,0,0,0,0
036_Et_L_CO_H,S4_gas_dropout,hold_missing_gas_10s,215,10,47,10,10,0,0,0
036_Et_L_CO_H,S4_gas_dropout,hold_missing_person_10s,215,10,37,0,0,0,0,0
036_Et_L_CO_H,S4_person_dropout,S1_full,215,10,39,0,0,0,10,0
036_Et_L_CO_H,S4_person_dropout,gas_only,215,10,0,0,0,0,0,0
036_Et_L_CO_H,S4_person_dropout,simple_OR,215,10,0,0,0,0,0,0
036_Et_L_CO_H,S4_person_dropout,simple_AND,215,10,39,0,0,0,0,0
036_Et_L_CO_H,S4_person_dropout,no_zone_gate,215,10,39,0,0,0,0,0
036_Et_L_CO_H,S4_person_dropout,no_age_gate,215,10,39,0,0,0,0,0
036_Et_L_CO_H,S4_person_dropout,hold_missing_gas_10s,215,10,39,0,0,0,0,0
036_Et_L_CO_H,S4_person_dropout,hold_missing_person_10s,215,10,49,10,10,0,0,0
036_Et_L_CO_H,S4_wrong_zone,S1_full,215,10,39,0,0,0,10,0
036_Et_L_CO_H,S4_wrong_zone,gas_only,215,10,0,0,0,0,0,0
036_Et_L_CO_H,S4_wrong_zone,simple_OR,215,10,0,0,0,0,0,0
036_Et_L_CO_H,S4_wrong_zone,simple_AND,215,10,49,10,10,0,0,0
036_Et_L_CO_H,S4_wrong_zone,no_zone_gate,215,10,49,10,10,0,0,0
036_Et_L_CO_H,S4_wrong_zone,no_age_gate,215,10,39,0,0,0,0,0
036_Et_L_CO_H,S4_wrong_zone,hold_missing_gas_10s,215,10,39,0,0,0,0,0
036_Et_L_CO_H,S4_wrong_zone,hold_missing_person_10s,215,10,39,0,0,0,0,0
036_Et_L_CO_H,S4_stale_gas,S1_full,215,10,39,0,0,0,10,0
036_Et_L_CO_H,S4_stale_gas,gas_only,215,10,0,0,0,10,0,0
036_Et_L_CO_H,S4_stale_gas,simple_OR,215,10,0,0,0,0,0,0
036_Et_L_CO_H,S4_stale_gas,simple_AND,215,10,39,0,0,0,0,0
036_Et_L_CO_H,S4_stale_gas,no_zone_gate,215,10,39,0,0,0,0,0
036_Et_L_CO_H,S4_stale_gas,no_age_gate,215,10,49,10,10,0,0,0
036_Et_L_CO_H,S4_stale_gas,hold_missing_gas_10s,215,10,39,0,0,0,0,0
036_Et_L_CO_H,S4_stale_gas,hold_missing_person_10s,215,10,39,0,0,0,0,0
039_Et_L_Me_L,S0_outside,S1_full,215,0,0,0,0,0,0,0
039_Et_L_Me_L,S0_outside,gas_only,215,0,0,0,0,0,0,0
039_Et_L_Me_L,S0_outside,simple_OR,215,0,0,0,0,0,0,0
039_Et_L_Me_L,S0_outside,simple_AND,215,0,0,0,0,0,0,0
039_Et_L_Me_L,S0_outside,no_zone_gate,215,0,0,0,0,0,0,0
039_Et_L_Me_L,S0_outside,no_age_gate,215,0,0,0,0,0,0,0
039_Et_L_Me_L,S0_outside,hold_missing_gas_10s,215,0,0,0,0,0,0,0
039_Et_L_Me_L,S0_outside,hold_missing_person_10s,215,0,0,0,0,0,0,0
039_Et_L_Me_L,S1_early_background,S1_full,35,0,0,0,0,0,0,0
039_Et_L_Me_L,S1_early_background,gas_only,35,0,0,0,0,0,0,0
039_Et_L_Me_L,S1_early_background,simple_OR,35,0,0,0,0,0,0,0
039_Et_L_Me_L,S1_early_background,simple_AND,35,0,0,0,0,0,0,0
039_Et_L_Me_L,S1_early_background,no_zone_gate,35,0,0,0,0,0,0,0
039_Et_L_Me_L,S1_early_background,no_age_gate,35,0,0,0,0,0,0,0
039_Et_L_Me_L,S1_early_background,hold_missing_gas_10s,35,0,0,0,0,0,0,0
039_Et_L_Me_L,S1_early_background,hold_missing_person_10s,35,0,0,0,0,0,0,0
039_Et_L_Me_L,S2_possible_overlap,S1_full,215,0,47,0,10,0,0,0
039_Et_L_Me_L,S2_possible_overlap,gas_only,215,0,0,0,0,0,0,0
039_Et_L_Me_L,S2_possible_overlap,simple_OR,215,0,0,0,0,0,0,0
039_Et_L_Me_L,S2_possible_overlap,simple_AND,215,0,47,0,10,0,0,0
039_Et_L_Me_L,S2_possible_overlap,no_zone_gate,215,0,47,0,10,0,0,0
039_Et_L_Me_L,S2_possible_overlap,no_age_gate,215,0,47,0,10,0,0,0
039_Et_L_Me_L,S2_possible_overlap,hold_missing_gas_10s,215,0,47,0,10,0,0,0
039_Et_L_Me_L,S2_possible_overlap,hold_missing_person_10s,215,0,47,0,10,0,0,0
039_Et_L_Me_L,S3_separate_events,S1_full,215,0,0,0,0,0,0,0
039_Et_L_Me_L,S3_separate_events,gas_only,215,0,0,0,0,0,0,0
039_Et_L_Me_L,S3_separate_events,simple_OR,215,0,0,0,0,0,0,0
039_Et_L_Me_L,S3_separate_events,simple_AND,215,0,0,0,0,0,0,0
039_Et_L_Me_L,S3_separate_events,no_zone_gate,215,0,0,0,0,0,0,0
039_Et_L_Me_L,S3_separate_events,no_age_gate,215,0,0,0,0,0,0,0
039_Et_L_Me_L,S3_separate_events,hold_missing_gas_10s,215,0,0,0,0,0,0,0
039_Et_L_Me_L,S3_separate_events,hold_missing_person_10s,215,0,0,0,0,0,0,0
039_Et_L_Me_L,S4_gas_dropout,S1_full,215,10,35,0,0,0,10,0
039_Et_L_Me_L,S4_gas_dropout,gas_only,215,10,0,0,0,10,0,0
039_Et_L_Me_L,S4_gas_dropout,simple_OR,215,10,0,0,0,0,0,0
039_Et_L_Me_L,S4_gas_dropout,simple_AND,215,10,35,0,0,0,0,0
039_Et_L_Me_L,S4_gas_dropout,no_zone_gate,215,10,35,0,0,0,0,0
039_Et_L_Me_L,S4_gas_dropout,no_age_gate,215,10,35,0,0,0,0,0
039_Et_L_Me_L,S4_gas_dropout,hold_missing_gas_10s,215,10,45,10,10,0,0,0
039_Et_L_Me_L,S4_gas_dropout,hold_missing_person_10s,215,10,35,0,0,0,0,0
039_Et_L_Me_L,S4_person_dropout,S1_full,215,10,37,0,0,0,10,0
039_Et_L_Me_L,S4_person_dropout,gas_only,215,10,0,0,0,0,0,0
039_Et_L_Me_L,S4_person_dropout,simple_OR,215,10,0,0,0,0,0,0
039_Et_L_Me_L,S4_person_dropout,simple_AND,215,10,37,0,0,0,0,0
039_Et_L_Me_L,S4_person_dropout,no_zone_gate,215,10,37,0,0,0,0,0
039_Et_L_Me_L,S4_person_dropout,no_age_gate,215,10,37,0,0,0,0,0
039_Et_L_Me_L,S4_person_dropout,hold_missing_gas_10s,215,10,37,0,0,0,0,0
039_Et_L_Me_L,S4_person_dropout,hold_missing_person_10s,215,10,47,10,10,0,0,0
039_Et_L_Me_L,S4_wrong_zone,S1_full,215,10,37,0,0,0,10,0
039_Et_L_Me_L,S4_wrong_zone,gas_only,215,10,0,0,0,0,0,0
039_Et_L_Me_L,S4_wrong_zone,simple_OR,215,10,0,0,0,0,0,0
039_Et_L_Me_L,S4_wrong_zone,simple_AND,215,10,47,10,10,0,0,0
039_Et_L_Me_L,S4_wrong_zone,no_zone_gate,215,10,47,10,10,0,0,0
039_Et_L_Me_L,S4_wrong_zone,no_age_gate,215,10,37,0,0,0,0,0
039_Et_L_Me_L,S4_wrong_zone,hold_missing_gas_10s,215,10,37,0,0,0,0,0
039_Et_L_Me_L,S4_wrong_zone,hold_missing_person_10s,215,10,37,0,0,0,0,0
039_Et_L_Me_L,S4_stale_gas,S1_full,215,10,37,0,0,0,10,0
039_Et_L_Me_L,S4_stale_gas,gas_only,215,10,0,0,0,10,0,0
039_Et_L_Me_L,S4_stale_gas,simple_OR,215,10,0,0,0,0,0,0
039_Et_L_Me_L,S4_stale_gas,simple_AND,215,10,37,0,0,0,0,0
039_Et_L_Me_L,S4_stale_gas,no_zone_gate,215,10,37,0,0,0,0,0
039_Et_L_Me_L,S4_stale_gas,no_age_gate,215,10,47,10,10,0,0,0
039_Et_L_Me_L,S4_stale_gas,hold_missing_gas_10s,215,10,37,0,0,0,0,0
039_Et_L_Me_L,S4_stale_gas,hold_missing_person_10s,215,10,37,0,0,0,0,0
041_Et_M_Me_L,S0_outside,S1_full,215,0,0,0,0,0,0,0
041_Et_M_Me_L,S0_outside,gas_only,215,0,0,0,0,0,0,0
041_Et_M_Me_L,S0_outside,simple_OR,215,0,0,0,0,0,0,0
041_Et_M_Me_L,S0_outside,simple_AND,215,0,0,0,0,0,0,0
041_Et_M_Me_L,S0_outside,no_zone_gate,215,0,0,0,0,0,0,0
041_Et_M_Me_L,S0_outside,no_age_gate,215,0,0,0,0,0,0,0
041_Et_M_Me_L,S0_outside,hold_missing_gas_10s,215,0,0,0,0,0,0,0
041_Et_M_Me_L,S0_outside,hold_missing_person_10s,215,0,0,0,0,0,0,0
041_Et_M_Me_L,S1_early_background,S1_full,35,0,0,0,0,0,0,0
041_Et_M_Me_L,S1_early_background,gas_only,35,0,0,0,0,0,0,0
041_Et_M_Me_L,S1_early_background,simple_OR,35,0,0,0,0,0,0,0
041_Et_M_Me_L,S1_early_background,simple_AND,35,0,0,0,0,0,0,0
041_Et_M_Me_L,S1_early_background,no_zone_gate,35,0,0,0,0,0,0,0
041_Et_M_Me_L,S1_early_background,no_age_gate,35,0,0,0,0,0,0,0
041_Et_M_Me_L,S1_early_background,hold_missing_gas_10s,35,0,0,0,0,0,0,0
041_Et_M_Me_L,S1_early_background,hold_missing_person_10s,35,0,0,0,0,0,0,0
041_Et_M_Me_L,S2_possible_overlap,S1_full,215,0,49,0,10,0,0,0
041_Et_M_Me_L,S2_possible_overlap,gas_only,215,0,0,0,0,0,0,0
041_Et_M_Me_L,S2_possible_overlap,simple_OR,215,0,0,0,0,0,0,0
041_Et_M_Me_L,S2_possible_overlap,simple_AND,215,0,49,0,10,0,0,0
041_Et_M_Me_L,S2_possible_overlap,no_zone_gate,215,0,49,0,10,0,0,0
041_Et_M_Me_L,S2_possible_overlap,no_age_gate,215,0,49,0,10,0,0,0
041_Et_M_Me_L,S2_possible_overlap,hold_missing_gas_10s,215,0,49,0,10,0,0,0
041_Et_M_Me_L,S2_possible_overlap,hold_missing_person_10s,215,0,49,0,10,0,0,0
041_Et_M_Me_L,S3_separate_events,S1_full,215,0,0,0,0,0,0,0
041_Et_M_Me_L,S3_separate_events,gas_only,215,0,0,0,0,0,0,0
041_Et_M_Me_L,S3_separate_events,simple_OR,215,0,0,0,0,0,0,0
041_Et_M_Me_L,S3_separate_events,simple_AND,215,0,0,0,0,0,0,0
041_Et_M_Me_L,S3_separate_events,no_zone_gate,215,0,0,0,0,0,0,0
041_Et_M_Me_L,S3_separate_events,no_age_gate,215,0,0,0,0,0,0,0
041_Et_M_Me_L,S3_separate_events,hold_missing_gas_10s,215,0,0,0,0,0,0,0
041_Et_M_Me_L,S3_separate_events,hold_missing_person_10s,215,0,0,0,0,0,0,0
041_Et_M_Me_L,S4_gas_dropout,S1_full,215,10,37,0,0,0,10,0
041_Et_M_Me_L,S4_gas_dropout,gas_only,215,10,0,0,0,10,0,0
041_Et_M_Me_L,S4_gas_dropout,simple_OR,215,10,0,0,0,0,0,0
041_Et_M_Me_L,S4_gas_dropout,simple_AND,215,10,37,0,0,0,0,0
041_Et_M_Me_L,S4_gas_dropout,no_zone_gate,215,10,37,0,0,0,0,0
041_Et_M_Me_L,S4_gas_dropout,no_age_gate,215,10,37,0,0,0,0,0
041_Et_M_Me_L,S4_gas_dropout,hold_missing_gas_10s,215,10,47,10,10,0,0,0
041_Et_M_Me_L,S4_gas_dropout,hold_missing_person_10s,215,10,37,0,0,0,0,0
041_Et_M_Me_L,S4_person_dropout,S1_full,215,10,39,0,0,0,10,0
041_Et_M_Me_L,S4_person_dropout,gas_only,215,10,0,0,0,0,0,0
041_Et_M_Me_L,S4_person_dropout,simple_OR,215,10,0,0,0,0,0,0
041_Et_M_Me_L,S4_person_dropout,simple_AND,215,10,39,0,0,0,0,0
041_Et_M_Me_L,S4_person_dropout,no_zone_gate,215,10,39,0,0,0,0,0
041_Et_M_Me_L,S4_person_dropout,no_age_gate,215,10,39,0,0,0,0,0
041_Et_M_Me_L,S4_person_dropout,hold_missing_gas_10s,215,10,39,0,0,0,0,0
041_Et_M_Me_L,S4_person_dropout,hold_missing_person_10s,215,10,49,10,10,0,0,0
041_Et_M_Me_L,S4_wrong_zone,S1_full,215,10,39,0,0,0,10,0
041_Et_M_Me_L,S4_wrong_zone,gas_only,215,10,0,0,0,0,0,0
041_Et_M_Me_L,S4_wrong_zone,simple_OR,215,10,0,0,0,0,0,0
041_Et_M_Me_L,S4_wrong_zone,simple_AND,215,10,49,10,10,0,0,0
041_Et_M_Me_L,S4_wrong_zone,no_zone_gate,215,10,49,10,10,0,0,0
041_Et_M_Me_L,S4_wrong_zone,no_age_gate,215,10,39,0,0,0,0,0
041_Et_M_Me_L,S4_wrong_zone,hold_missing_gas_10s,215,10,39,0,0,0,0,0
041_Et_M_Me_L,S4_wrong_zone,hold_missing_person_10s,215,10,39,0,0,0,0,0
041_Et_M_Me_L,S4_stale_gas,S1_full,215,10,39,0,0,0,10,0
041_Et_M_Me_L,S4_stale_gas,gas_only,215,10,0,0,0,10,0,0
041_Et_M_Me_L,S4_stale_gas,simple_OR,215,10,0,0,0,0,0,0
041_Et_M_Me_L,S4_stale_gas,simple_AND,215,10,39,0,0,0,0,0
041_Et_M_Me_L,S4_stale_gas,no_zone_gate,215,10,39,0,0,0,0,0
041_Et_M_Me_L,S4_stale_gas,no_age_gate,215,10,49,10,10,0,0,0
041_Et_M_Me_L,S4_stale_gas,hold_missing_gas_10s,215,10,39,0,0,0,0,0
041_Et_M_Me_L,S4_stale_gas,hold_missing_person_10s,215,10,39,0,0,0,0,0
042_Et_L_CO_n,S0_outside,S1_full,215,0,0,0,0,0,0,0
042_Et_L_CO_n,S0_outside,gas_only,215,0,0,0,0,0,0,0
042_Et_L_CO_n,S0_outside,simple_OR,215,0,0,0,0,0,0,0
042_Et_L_CO_n,S0_outside,simple_AND,215,0,0,0,0,0,0,0
042_Et_L_CO_n,S0_outside,no_zone_gate,215,0,0,0,0,0,0,0
042_Et_L_CO_n,S0_outside,no_age_gate,215,0,0,0,0,0,0,0
042_Et_L_CO_n,S0_outside,hold_missing_gas_10s,215,0,0,0,0,0,0,0
042_Et_L_CO_n,S0_outside,hold_missing_person_10s,215,0,0,0,0,0,0,0
042_Et_L_CO_n,S1_early_background,S1_full,35,0,0,0,0,0,0,0
042_Et_L_CO_n,S1_early_background,gas_only,35,0,0,0,0,0,0,0
042_Et_L_CO_n,S1_early_background,simple_OR,35,0,0,0,0,0,0,0
042_Et_L_CO_n,S1_early_background,simple_AND,35,0,0,0,0,0,0,0
042_Et_L_CO_n,S1_early_background,no_zone_gate,35,0,0,0,0,0,0,0
042_Et_L_CO_n,S1_early_background,no_age_gate,35,0,0,0,0,0,0,0
042_Et_L_CO_n,S1_early_background,hold_missing_gas_10s,35,0,0,0,0,0,0,0
042_Et_L_CO_n,S1_early_background,hold_missing_person_10s,35,0,0,0,0,0,0,0
042_Et_L_CO_n,S2_possible_overlap,S1_full,215,0,36,0,10,0,0,0
042_Et_L_CO_n,S2_possible_overlap,gas_only,215,0,0,0,0,0,0,0
042_Et_L_CO_n,S2_possible_overlap,simple_OR,215,0,0,0,0,0,0,0
042_Et_L_CO_n,S2_possible_overlap,simple_AND,215,0,36,0,10,0,0,0
042_Et_L_CO_n,S2_possible_overlap,no_zone_gate,215,0,36,0,10,0,0,0
042_Et_L_CO_n,S2_possible_overlap,no_age_gate,215,0,36,0,10,0,0,0
042_Et_L_CO_n,S2_possible_overlap,hold_missing_gas_10s,215,0,36,0,10,0,0,0
042_Et_L_CO_n,S2_possible_overlap,hold_missing_person_10s,215,0,36,0,10,0,0,0
042_Et_L_CO_n,S3_separate_events,S1_full,215,0,0,0,0,0,0,0
042_Et_L_CO_n,S3_separate_events,gas_only,215,0,0,0,0,0,0,0
042_Et_L_CO_n,S3_separate_events,simple_OR,215,0,0,0,0,0,0,0
042_Et_L_CO_n,S3_separate_events,simple_AND,215,0,0,0,0,0,0,0
042_Et_L_CO_n,S3_separate_events,no_zone_gate,215,0,0,0,0,0,0,0
042_Et_L_CO_n,S3_separate_events,no_age_gate,215,0,0,0,0,0,0,0
042_Et_L_CO_n,S3_separate_events,hold_missing_gas_10s,215,0,0,0,0,0,0,0
042_Et_L_CO_n,S3_separate_events,hold_missing_person_10s,215,0,0,0,0,0,0,0
042_Et_L_CO_n,S4_gas_dropout,S1_full,215,10,24,0,0,0,10,0
042_Et_L_CO_n,S4_gas_dropout,gas_only,215,10,0,0,0,10,0,0
042_Et_L_CO_n,S4_gas_dropout,simple_OR,215,10,0,0,0,0,0,0
042_Et_L_CO_n,S4_gas_dropout,simple_AND,215,10,24,0,0,0,0,0
042_Et_L_CO_n,S4_gas_dropout,no_zone_gate,215,10,24,0,0,0,0,0
042_Et_L_CO_n,S4_gas_dropout,no_age_gate,215,10,24,0,0,0,0,0
042_Et_L_CO_n,S4_gas_dropout,hold_missing_gas_10s,215,10,34,10,10,0,0,0
042_Et_L_CO_n,S4_gas_dropout,hold_missing_person_10s,215,10,24,0,0,0,0,0
042_Et_L_CO_n,S4_person_dropout,S1_full,215,10,26,0,0,0,10,0
042_Et_L_CO_n,S4_person_dropout,gas_only,215,10,0,0,0,0,0,0
042_Et_L_CO_n,S4_person_dropout,simple_OR,215,10,0,0,0,0,0,0
042_Et_L_CO_n,S4_person_dropout,simple_AND,215,10,26,0,0,0,0,0
042_Et_L_CO_n,S4_person_dropout,no_zone_gate,215,10,26,0,0,0,0,0
042_Et_L_CO_n,S4_person_dropout,no_age_gate,215,10,26,0,0,0,0,0
042_Et_L_CO_n,S4_person_dropout,hold_missing_gas_10s,215,10,26,0,0,0,0,0
042_Et_L_CO_n,S4_person_dropout,hold_missing_person_10s,215,10,36,10,10,0,0,0
042_Et_L_CO_n,S4_wrong_zone,S1_full,215,10,26,0,0,0,10,0
042_Et_L_CO_n,S4_wrong_zone,gas_only,215,10,0,0,0,0,0,0
042_Et_L_CO_n,S4_wrong_zone,simple_OR,215,10,0,0,0,0,0,0
042_Et_L_CO_n,S4_wrong_zone,simple_AND,215,10,36,10,10,0,0,0
042_Et_L_CO_n,S4_wrong_zone,no_zone_gate,215,10,36,10,10,0,0,0
042_Et_L_CO_n,S4_wrong_zone,no_age_gate,215,10,26,0,0,0,0,0
042_Et_L_CO_n,S4_wrong_zone,hold_missing_gas_10s,215,10,26,0,0,0,0,0
042_Et_L_CO_n,S4_wrong_zone,hold_missing_person_10s,215,10,26,0,0,0,0,0
042_Et_L_CO_n,S4_stale_gas,S1_full,215,10,26,0,0,0,10,0
042_Et_L_CO_n,S4_stale_gas,gas_only,215,10,0,0,0,10,0,0
042_Et_L_CO_n,S4_stale_gas,simple_OR,215,10,0,0,0,0,0,0
042_Et_L_CO_n,S4_stale_gas,simple_AND,215,10,26,0,0,0,0,0
042_Et_L_CO_n,S4_stale_gas,no_zone_gate,215,10,26,0,0,0,0,0
042_Et_L_CO_n,S4_stale_gas,no_age_gate,215,10,36,10,10,0,0,0
042_Et_L_CO_n,S4_stale_gas,hold_missing_gas_10s,215,10,26,0,0,0,0,0
042_Et_L_CO_n,S4_stale_gas,hold_missing_person_10s,215,10,26,0,0,0,0,0
043_Et_n_Me_M,S0_outside,S1_full,215,0,0,0,0,0,0,0
043_Et_n_Me_M,S0_outside,gas_only,215,0,0,0,0,0,0,0
043_Et_n_Me_M,S0_outside,simple_OR,215,0,0,0,0,0,0,0
043_Et_n_Me_M,S0_outside,simple_AND,215,0,0,0,0,0,0,0
043_Et_n_Me_M,S0_outside,no_zone_gate,215,0,0,0,0,0,0,0
043_Et_n_Me_M,S0_outside,no_age_gate,215,0,0,0,0,0,0,0
043_Et_n_Me_M,S0_outside,hold_missing_gas_10s,215,0,0,0,0,0,0,0
043_Et_n_Me_M,S0_outside,hold_missing_person_10s,215,0,0,0,0,0,0,0
043_Et_n_Me_M,S1_early_background,S1_full,35,0,0,0,0,0,0,0
043_Et_n_Me_M,S1_early_background,gas_only,35,0,0,0,0,0,0,0
043_Et_n_Me_M,S1_early_background,simple_OR,35,0,0,0,0,0,0,0
043_Et_n_Me_M,S1_early_background,simple_AND,35,0,0,0,0,0,0,0
043_Et_n_Me_M,S1_early_background,no_zone_gate,35,0,0,0,0,0,0,0
043_Et_n_Me_M,S1_early_background,no_age_gate,35,0,0,0,0,0,0,0
043_Et_n_Me_M,S1_early_background,hold_missing_gas_10s,35,0,0,0,0,0,0,0
043_Et_n_Me_M,S1_early_background,hold_missing_person_10s,35,0,0,0,0,0,0,0
043_Et_n_Me_M,S2_possible_overlap,S1_full,215,0,43,0,10,0,0,0
043_Et_n_Me_M,S2_possible_overlap,gas_only,215,0,0,0,0,0,0,0
043_Et_n_Me_M,S2_possible_overlap,simple_OR,215,0,0,0,0,0,0,0
043_Et_n_Me_M,S2_possible_overlap,simple_AND,215,0,43,0,10,0,0,0
043_Et_n_Me_M,S2_possible_overlap,no_zone_gate,215,0,43,0,10,0,0,0
043_Et_n_Me_M,S2_possible_overlap,no_age_gate,215,0,43,0,10,0,0,0
043_Et_n_Me_M,S2_possible_overlap,hold_missing_gas_10s,215,0,43,0,10,0,0,0
043_Et_n_Me_M,S2_possible_overlap,hold_missing_person_10s,215,0,43,0,10,0,0,0
043_Et_n_Me_M,S3_separate_events,S1_full,215,0,0,0,0,0,0,0
043_Et_n_Me_M,S3_separate_events,gas_only,215,0,0,0,0,0,0,0
043_Et_n_Me_M,S3_separate_events,simple_OR,215,0,0,0,0,0,0,0
043_Et_n_Me_M,S3_separate_events,simple_AND,215,0,0,0,0,0,0,0
043_Et_n_Me_M,S3_separate_events,no_zone_gate,215,0,0,0,0,0,0,0
043_Et_n_Me_M,S3_separate_events,no_age_gate,215,0,0,0,0,0,0,0
043_Et_n_Me_M,S3_separate_events,hold_missing_gas_10s,215,0,0,0,0,0,0,0
043_Et_n_Me_M,S3_separate_events,hold_missing_person_10s,215,0,0,0,0,0,0,0
043_Et_n_Me_M,S4_gas_dropout,S1_full,215,10,31,0,0,0,10,0
043_Et_n_Me_M,S4_gas_dropout,gas_only,215,10,0,0,0,10,0,0
043_Et_n_Me_M,S4_gas_dropout,simple_OR,215,10,0,0,0,0,0,0
043_Et_n_Me_M,S4_gas_dropout,simple_AND,215,10,31,0,0,0,0,0
043_Et_n_Me_M,S4_gas_dropout,no_zone_gate,215,10,31,0,0,0,0,0
043_Et_n_Me_M,S4_gas_dropout,no_age_gate,215,10,31,0,0,0,0,0
043_Et_n_Me_M,S4_gas_dropout,hold_missing_gas_10s,215,10,41,10,10,0,0,0
043_Et_n_Me_M,S4_gas_dropout,hold_missing_person_10s,215,10,31,0,0,0,0,0
043_Et_n_Me_M,S4_person_dropout,S1_full,215,10,33,0,0,0,10,0
043_Et_n_Me_M,S4_person_dropout,gas_only,215,10,0,0,0,0,0,0
043_Et_n_Me_M,S4_person_dropout,simple_OR,215,10,0,0,0,0,0,0
043_Et_n_Me_M,S4_person_dropout,simple_AND,215,10,33,0,0,0,0,0
043_Et_n_Me_M,S4_person_dropout,no_zone_gate,215,10,33,0,0,0,0,0
043_Et_n_Me_M,S4_person_dropout,no_age_gate,215,10,33,0,0,0,0,0
043_Et_n_Me_M,S4_person_dropout,hold_missing_gas_10s,215,10,33,0,0,0,0,0
043_Et_n_Me_M,S4_person_dropout,hold_missing_person_10s,215,10,43,10,10,0,0,0
043_Et_n_Me_M,S4_wrong_zone,S1_full,215,10,33,0,0,0,10,0
043_Et_n_Me_M,S4_wrong_zone,gas_only,215,10,0,0,0,0,0,0
043_Et_n_Me_M,S4_wrong_zone,simple_OR,215,10,0,0,0,0,0,0
043_Et_n_Me_M,S4_wrong_zone,simple_AND,215,10,43,10,10,0,0,0
043_Et_n_Me_M,S4_wrong_zone,no_zone_gate,215,10,43,10,10,0,0,0
043_Et_n_Me_M,S4_wrong_zone,no_age_gate,215,10,33,0,0,0,0,0
043_Et_n_Me_M,S4_wrong_zone,hold_missing_gas_10s,215,10,33,0,0,0,0,0
043_Et_n_Me_M,S4_wrong_zone,hold_missing_person_10s,215,10,33,0,0,0,0,0
043_Et_n_Me_M,S4_stale_gas,S1_full,215,10,33,0,0,0,10,0
043_Et_n_Me_M,S4_stale_gas,gas_only,215,10,0,0,0,10,0,0
043_Et_n_Me_M,S4_stale_gas,simple_OR,215,10,0,0,0,0,0,0
043_Et_n_Me_M,S4_stale_gas,simple_AND,215,10,33,0,0,0,0,0
043_Et_n_Me_M,S4_stale_gas,no_zone_gate,215,10,33,0,0,0,0,0
043_Et_n_Me_M,S4_stale_gas,no_age_gate,215,10,43,10,10,0,0,0
043_Et_n_Me_M,S4_stale_gas,hold_missing_gas_10s,215,10,33,0,0,0,0,0
043_Et_n_Me_M,S4_stale_gas,hold_missing_person_10s,215,10,33,0,0,0,0,0
046_Et_n_CO_H,S0_outside,S1_full,215,0,0,0,0,0,0,0
046_Et_n_CO_H,S0_outside,gas_only,215,0,0,0,0,0,0,0
046_Et_n_CO_H,S0_outside,simple_OR,215,0,0,0,0,0,0,0
046_Et_n_CO_H,S0_outside,simple_AND,215,0,0,0,0,0,0,0
046_Et_n_CO_H,S0_outside,no_zone_gate,215,0,0,0,0,0,0,0
046_Et_n_CO_H,S0_outside,no_age_gate,215,0,0,0,0,0,0,0
046_Et_n_CO_H,S0_outside,hold_missing_gas_10s,215,0,0,0,0,0,0,0
046_Et_n_CO_H,S0_outside,hold_missing_person_10s,215,0,0,0,0,0,0,0
046_Et_n_CO_H,S1_early_background,S1_full,35,0,0,0,0,0,0,0
046_Et_n_CO_H,S1_early_background,gas_only,35,0,0,0,0,0,0,0
046_Et_n_CO_H,S1_early_background,simple_OR,35,0,0,0,0,0,0,0
046_Et_n_CO_H,S1_early_background,simple_AND,35,0,0,0,0,0,0,0
046_Et_n_CO_H,S1_early_background,no_zone_gate,35,0,0,0,0,0,0,0
046_Et_n_CO_H,S1_early_background,no_age_gate,35,0,0,0,0,0,0,0
046_Et_n_CO_H,S1_early_background,hold_missing_gas_10s,35,0,0,0,0,0,0,0
046_Et_n_CO_H,S1_early_background,hold_missing_person_10s,35,0,0,0,0,0,0,0
046_Et_n_CO_H,S2_possible_overlap,S1_full,215,0,49,0,10,0,0,0
046_Et_n_CO_H,S2_possible_overlap,gas_only,215,0,0,0,0,0,0,0
046_Et_n_CO_H,S2_possible_overlap,simple_OR,215,0,0,0,0,0,0,0
046_Et_n_CO_H,S2_possible_overlap,simple_AND,215,0,49,0,10,0,0,0
046_Et_n_CO_H,S2_possible_overlap,no_zone_gate,215,0,49,0,10,0,0,0
046_Et_n_CO_H,S2_possible_overlap,no_age_gate,215,0,49,0,10,0,0,0
046_Et_n_CO_H,S2_possible_overlap,hold_missing_gas_10s,215,0,49,0,10,0,0,0
046_Et_n_CO_H,S2_possible_overlap,hold_missing_person_10s,215,0,49,0,10,0,0,0
046_Et_n_CO_H,S3_separate_events,S1_full,215,0,0,0,0,0,0,0
046_Et_n_CO_H,S3_separate_events,gas_only,215,0,0,0,0,0,0,0
046_Et_n_CO_H,S3_separate_events,simple_OR,215,0,0,0,0,0,0,0
046_Et_n_CO_H,S3_separate_events,simple_AND,215,0,0,0,0,0,0,0
046_Et_n_CO_H,S3_separate_events,no_zone_gate,215,0,0,0,0,0,0,0
046_Et_n_CO_H,S3_separate_events,no_age_gate,215,0,0,0,0,0,0,0
046_Et_n_CO_H,S3_separate_events,hold_missing_gas_10s,215,0,0,0,0,0,0,0
046_Et_n_CO_H,S3_separate_events,hold_missing_person_10s,215,0,0,0,0,0,0,0
046_Et_n_CO_H,S4_gas_dropout,S1_full,215,10,37,0,0,0,10,0
046_Et_n_CO_H,S4_gas_dropout,gas_only,215,10,0,0,0,10,0,0
046_Et_n_CO_H,S4_gas_dropout,simple_OR,215,10,0,0,0,0,0,0
046_Et_n_CO_H,S4_gas_dropout,simple_AND,215,10,37,0,0,0,0,0
046_Et_n_CO_H,S4_gas_dropout,no_zone_gate,215,10,37,0,0,0,0,0
046_Et_n_CO_H,S4_gas_dropout,no_age_gate,215,10,37,0,0,0,0,0
046_Et_n_CO_H,S4_gas_dropout,hold_missing_gas_10s,215,10,47,10,10,0,0,0
046_Et_n_CO_H,S4_gas_dropout,hold_missing_person_10s,215,10,37,0,0,0,0,0
046_Et_n_CO_H,S4_person_dropout,S1_full,215,10,39,0,0,0,10,0
046_Et_n_CO_H,S4_person_dropout,gas_only,215,10,0,0,0,0,0,0
046_Et_n_CO_H,S4_person_dropout,simple_OR,215,10,0,0,0,0,0,0
046_Et_n_CO_H,S4_person_dropout,simple_AND,215,10,39,0,0,0,0,0
046_Et_n_CO_H,S4_person_dropout,no_zone_gate,215,10,39,0,0,0,0,0
046_Et_n_CO_H,S4_person_dropout,no_age_gate,215,10,39,0,0,0,0,0
046_Et_n_CO_H,S4_person_dropout,hold_missing_gas_10s,215,10,39,0,0,0,0,0
046_Et_n_CO_H,S4_person_dropout,hold_missing_person_10s,215,10,49,10,10,0,0,0
046_Et_n_CO_H,S4_wrong_zone,S1_full,215,10,39,0,0,0,10,0
046_Et_n_CO_H,S4_wrong_zone,gas_only,215,10,0,0,0,0,0,0
046_Et_n_CO_H,S4_wrong_zone,simple_OR,215,10,0,0,0,0,0,0
046_Et_n_CO_H,S4_wrong_zone,simple_AND,215,10,49,10,10,0,0,0
046_Et_n_CO_H,S4_wrong_zone,no_zone_gate,215,10,49,10,10,0,0,0
046_Et_n_CO_H,S4_wrong_zone,no_age_gate,215,10,39,0,0,0,0,0
046_Et_n_CO_H,S4_wrong_zone,hold_missing_gas_10s,215,10,39,0,0,0,0,0
046_Et_n_CO_H,S4_wrong_zone,hold_missing_person_10s,215,10,39,0,0,0,0,0
046_Et_n_CO_H,S4_stale_gas,S1_full,215,10,39,0,0,0,10,0
046_Et_n_CO_H,S4_stale_gas,gas_only,215,10,0,0,0,10,0,0
046_Et_n_CO_H,S4_stale_gas,simple_OR,215,10,0,0,0,0,0,0
046_Et_n_CO_H,S4_stale_gas,simple_AND,215,10,39,0,0,0,0,0
046_Et_n_CO_H,S4_stale_gas,no_zone_gate,215,10,39,0,0,0,0,0
046_Et_n_CO_H,S4_stale_gas,no_age_gate,215,10,49,10,10,0,0,0
046_Et_n_CO_H,S4_stale_gas,hold_missing_gas_10s,215,10,39,0,0,0,0,0
046_Et_n_CO_H,S4_stale_gas,hold_missing_person_10s,215,10,39,0,0,0,0,0
051_Et_H_Me_H,S0_outside,S1_full,215,0,0,0,0,0,0,0
051_Et_H_Me_H,S0_outside,gas_only,215,0,0,0,0,0,0,0
051_Et_H_Me_H,S0_outside,simple_OR,215,0,0,0,0,0,0,0
051_Et_H_Me_H,S0_outside,simple_AND,215,0,0,0,0,0,0,0
051_Et_H_Me_H,S0_outside,no_zone_gate,215,0,0,0,0,0,0,0
051_Et_H_Me_H,S0_outside,no_age_gate,215,0,0,0,0,0,0,0
051_Et_H_Me_H,S0_outside,hold_missing_gas_10s,215,0,0,0,0,0,0,0
051_Et_H_Me_H,S0_outside,hold_missing_person_10s,215,0,0,0,0,0,0,0
051_Et_H_Me_H,S1_early_background,S1_full,35,0,0,0,0,0,0,0
051_Et_H_Me_H,S1_early_background,gas_only,35,0,0,0,0,0,0,0
051_Et_H_Me_H,S1_early_background,simple_OR,35,0,0,0,0,0,0,0
051_Et_H_Me_H,S1_early_background,simple_AND,35,0,0,0,0,0,0,0
051_Et_H_Me_H,S1_early_background,no_zone_gate,35,0,0,0,0,0,0,0
051_Et_H_Me_H,S1_early_background,no_age_gate,35,0,0,0,0,0,0,0
051_Et_H_Me_H,S1_early_background,hold_missing_gas_10s,35,0,0,0,0,0,0,0
051_Et_H_Me_H,S1_early_background,hold_missing_person_10s,35,0,0,0,0,0,0,0
051_Et_H_Me_H,S2_possible_overlap,S1_full,215,0,49,0,10,0,0,0
051_Et_H_Me_H,S2_possible_overlap,gas_only,215,0,0,0,0,0,0,0
051_Et_H_Me_H,S2_possible_overlap,simple_OR,215,0,0,0,0,0,0,0
051_Et_H_Me_H,S2_possible_overlap,simple_AND,215,0,49,0,10,0,0,0
051_Et_H_Me_H,S2_possible_overlap,no_zone_gate,215,0,49,0,10,0,0,0
051_Et_H_Me_H,S2_possible_overlap,no_age_gate,215,0,49,0,10,0,0,0
051_Et_H_Me_H,S2_possible_overlap,hold_missing_gas_10s,215,0,49,0,10,0,0,0
051_Et_H_Me_H,S2_possible_overlap,hold_missing_person_10s,215,0,49,0,10,0,0,0
051_Et_H_Me_H,S3_separate_events,S1_full,215,0,0,0,0,0,0,0
051_Et_H_Me_H,S3_separate_events,gas_only,215,0,0,0,0,0,0,0
051_Et_H_Me_H,S3_separate_events,simple_OR,215,0,0,0,0,0,0,0
051_Et_H_Me_H,S3_separate_events,simple_AND,215,0,0,0,0,0,0,0
051_Et_H_Me_H,S3_separate_events,no_zone_gate,215,0,0,0,0,0,0,0
051_Et_H_Me_H,S3_separate_events,no_age_gate,215,0,0,0,0,0,0,0
051_Et_H_Me_H,S3_separate_events,hold_missing_gas_10s,215,0,0,0,0,0,0,0
051_Et_H_Me_H,S3_separate_events,hold_missing_person_10s,215,0,0,0,0,0,0,0
051_Et_H_Me_H,S4_gas_dropout,S1_full,215,10,37,0,0,0,10,0
051_Et_H_Me_H,S4_gas_dropout,gas_only,215,10,0,0,0,10,0,0
051_Et_H_Me_H,S4_gas_dropout,simple_OR,215,10,0,0,0,0,0,0
051_Et_H_Me_H,S4_gas_dropout,simple_AND,215,10,37,0,0,0,0,0
051_Et_H_Me_H,S4_gas_dropout,no_zone_gate,215,10,37,0,0,0,0,0
051_Et_H_Me_H,S4_gas_dropout,no_age_gate,215,10,37,0,0,0,0,0
051_Et_H_Me_H,S4_gas_dropout,hold_missing_gas_10s,215,10,47,10,10,0,0,0
051_Et_H_Me_H,S4_gas_dropout,hold_missing_person_10s,215,10,37,0,0,0,0,0
051_Et_H_Me_H,S4_person_dropout,S1_full,215,10,39,0,0,0,10,0
051_Et_H_Me_H,S4_person_dropout,gas_only,215,10,0,0,0,0,0,0
051_Et_H_Me_H,S4_person_dropout,simple_OR,215,10,0,0,0,0,0,0
051_Et_H_Me_H,S4_person_dropout,simple_AND,215,10,39,0,0,0,0,0
051_Et_H_Me_H,S4_person_dropout,no_zone_gate,215,10,39,0,0,0,0,0
051_Et_H_Me_H,S4_person_dropout,no_age_gate,215,10,39,0,0,0,0,0
051_Et_H_Me_H,S4_person_dropout,hold_missing_gas_10s,215,10,39,0,0,0,0,0
051_Et_H_Me_H,S4_person_dropout,hold_missing_person_10s,215,10,49,10,10,0,0,0
051_Et_H_Me_H,S4_wrong_zone,S1_full,215,10,39,0,0,0,10,0
051_Et_H_Me_H,S4_wrong_zone,gas_only,215,10,0,0,0,0,0,0
051_Et_H_Me_H,S4_wrong_zone,simple_OR,215,10,0,0,0,0,0,0
051_Et_H_Me_H,S4_wrong_zone,simple_AND,215,10,49,10,10,0,0,0
051_Et_H_Me_H,S4_wrong_zone,no_zone_gate,215,10,49,10,10,0,0,0
051_Et_H_Me_H,S4_wrong_zone,no_age_gate,215,10,39,0,0,0,0,0
051_Et_H_Me_H,S4_wrong_zone,hold_missing_gas_10s,215,10,39,0,0,0,0,0
051_Et_H_Me_H,S4_wrong_zone,hold_missing_person_10s,215,10,39,0,0,0,0,0
051_Et_H_Me_H,S4_stale_gas,S1_full,215,10,39,0,0,0,10,0
051_Et_H_Me_H,S4_stale_gas,gas_only,215,10,0,0,0,10,0,0
051_Et_H_Me_H,S4_stale_gas,simple_OR,215,10,0,0,0,0,0,0
051_Et_H_Me_H,S4_stale_gas,simple_AND,215,10,39,0,0,0,0,0
051_Et_H_Me_H,S4_stale_gas,no_zone_gate,215,10,39,0,0,0,0,0
051_Et_H_Me_H,S4_stale_gas,no_age_gate,215,10,49,10,10,0,0,0
051_Et_H_Me_H,S4_stale_gas,hold_missing_gas_10s,215,10,39,0,0,0,0,0
051_Et_H_Me_H,S4_stale_gas,hold_missing_person_10s,215,10,39,0,0,0,0,0
053_Et_M_Me_H,S0_outside,S1_full,215,0,0,0,0,0,0,0
053_Et_M_Me_H,S0_outside,gas_only,215,0,0,0,0,0,0,0
053_Et_M_Me_H,S0_outside,simple_OR,215,0,0,0,0,0,0,0
053_Et_M_Me_H,S0_outside,simple_AND,215,0,0,0,0,0,0,0
053_Et_M_Me_H,S0_outside,no_zone_gate,215,0,0,0,0,0,0,0
053_Et_M_Me_H,S0_outside,no_age_gate,215,0,0,0,0,0,0,0
053_Et_M_Me_H,S0_outside,hold_missing_gas_10s,215,0,0,0,0,0,0,0
053_Et_M_Me_H,S0_outside,hold_missing_person_10s,215,0,0,0,0,0,0,0
053_Et_M_Me_H,S1_early_background,S1_full,35,0,0,0,0,0,0,0
053_Et_M_Me_H,S1_early_background,gas_only,35,0,0,0,0,0,0,0
053_Et_M_Me_H,S1_early_background,simple_OR,35,0,0,0,0,0,0,0
053_Et_M_Me_H,S1_early_background,simple_AND,35,0,0,0,0,0,0,0
053_Et_M_Me_H,S1_early_background,no_zone_gate,35,0,0,0,0,0,0,0
053_Et_M_Me_H,S1_early_background,no_age_gate,35,0,0,0,0,0,0,0
053_Et_M_Me_H,S1_early_background,hold_missing_gas_10s,35,0,0,0,0,0,0,0
053_Et_M_Me_H,S1_early_background,hold_missing_person_10s,35,0,0,0,0,0,0,0
053_Et_M_Me_H,S2_possible_overlap,S1_full,215,0,49,0,10,0,0,0
053_Et_M_Me_H,S2_possible_overlap,gas_only,215,0,0,0,0,0,0,0
053_Et_M_Me_H,S2_possible_overlap,simple_OR,215,0,0,0,0,0,0,0
053_Et_M_Me_H,S2_possible_overlap,simple_AND,215,0,49,0,10,0,0,0
053_Et_M_Me_H,S2_possible_overlap,no_zone_gate,215,0,49,0,10,0,0,0
053_Et_M_Me_H,S2_possible_overlap,no_age_gate,215,0,49,0,10,0,0,0
053_Et_M_Me_H,S2_possible_overlap,hold_missing_gas_10s,215,0,49,0,10,0,0,0
053_Et_M_Me_H,S2_possible_overlap,hold_missing_person_10s,215,0,49,0,10,0,0,0
053_Et_M_Me_H,S3_separate_events,S1_full,215,0,0,0,0,0,0,0
053_Et_M_Me_H,S3_separate_events,gas_only,215,0,0,0,0,0,0,0
053_Et_M_Me_H,S3_separate_events,simple_OR,215,0,0,0,0,0,0,0
053_Et_M_Me_H,S3_separate_events,simple_AND,215,0,0,0,0,0,0,0
053_Et_M_Me_H,S3_separate_events,no_zone_gate,215,0,0,0,0,0,0,0
053_Et_M_Me_H,S3_separate_events,no_age_gate,215,0,0,0,0,0,0,0
053_Et_M_Me_H,S3_separate_events,hold_missing_gas_10s,215,0,0,0,0,0,0,0
053_Et_M_Me_H,S3_separate_events,hold_missing_person_10s,215,0,0,0,0,0,0,0
053_Et_M_Me_H,S4_gas_dropout,S1_full,215,10,37,0,0,0,10,0
053_Et_M_Me_H,S4_gas_dropout,gas_only,215,10,0,0,0,10,0,0
053_Et_M_Me_H,S4_gas_dropout,simple_OR,215,10,0,0,0,0,0,0
053_Et_M_Me_H,S4_gas_dropout,simple_AND,215,10,37,0,0,0,0,0
053_Et_M_Me_H,S4_gas_dropout,no_zone_gate,215,10,37,0,0,0,0,0
053_Et_M_Me_H,S4_gas_dropout,no_age_gate,215,10,37,0,0,0,0,0
053_Et_M_Me_H,S4_gas_dropout,hold_missing_gas_10s,215,10,47,10,10,0,0,0
053_Et_M_Me_H,S4_gas_dropout,hold_missing_person_10s,215,10,37,0,0,0,0,0
053_Et_M_Me_H,S4_person_dropout,S1_full,215,10,39,0,0,0,10,0
053_Et_M_Me_H,S4_person_dropout,gas_only,215,10,0,0,0,0,0,0
053_Et_M_Me_H,S4_person_dropout,simple_OR,215,10,0,0,0,0,0,0
053_Et_M_Me_H,S4_person_dropout,simple_AND,215,10,39,0,0,0,0,0
053_Et_M_Me_H,S4_person_dropout,no_zone_gate,215,10,39,0,0,0,0,0
053_Et_M_Me_H,S4_person_dropout,no_age_gate,215,10,39,0,0,0,0,0
053_Et_M_Me_H,S4_person_dropout,hold_missing_gas_10s,215,10,39,0,0,0,0,0
053_Et_M_Me_H,S4_person_dropout,hold_missing_person_10s,215,10,49,10,10,0,0,0
053_Et_M_Me_H,S4_wrong_zone,S1_full,215,10,39,0,0,0,10,0
053_Et_M_Me_H,S4_wrong_zone,gas_only,215,10,0,0,0,0,0,0
053_Et_M_Me_H,S4_wrong_zone,simple_OR,215,10,0,0,0,0,0,0
053_Et_M_Me_H,S4_wrong_zone,simple_AND,215,10,49,10,10,0,0,0
053_Et_M_Me_H,S4_wrong_zone,no_zone_gate,215,10,49,10,10,0,0,0
053_Et_M_Me_H,S4_wrong_zone,no_age_gate,215,10,39,0,0,0,0,0
053_Et_M_Me_H,S4_wrong_zone,hold_missing_gas_10s,215,10,39,0,0,0,0,0
053_Et_M_Me_H,S4_wrong_zone,hold_missing_person_10s,215,10,39,0,0,0,0,0
053_Et_M_Me_H,S4_stale_gas,S1_full,215,10,39,0,0,0,10,0
053_Et_M_Me_H,S4_stale_gas,gas_only,215,10,0,0,0,10,0,0
053_Et_M_Me_H,S4_stale_gas,simple_OR,215,10,0,0,0,0,0,0
053_Et_M_Me_H,S4_stale_gas,simple_AND,215,10,39,0,0,0,0,0
053_Et_M_Me_H,S4_stale_gas,no_zone_gate,215,10,39,0,0,0,0,0
053_Et_M_Me_H,S4_stale_gas,no_age_gate,215,10,49,10,10,0,0,0
053_Et_M_Me_H,S4_stale_gas,hold_missing_gas_10s,215,10,39,0,0,0,0,0
053_Et_M_Me_H,S4_stale_gas,hold_missing_person_10s,215,10,39,0,0,0,0,0
054_Et_M_CO_L,S0_outside,S1_full,215,0,0,0,0,0,0,0
054_Et_M_CO_L,S0_outside,gas_only,215,0,0,0,0,0,0,0
054_Et_M_CO_L,S0_outside,simple_OR,215,0,0,0,0,0,0,0
054_Et_M_CO_L,S0_outside,simple_AND,215,0,0,0,0,0,0,0
054_Et_M_CO_L,S0_outside,no_zone_gate,215,0,0,0,0,0,0,0
054_Et_M_CO_L,S0_outside,no_age_gate,215,0,0,0,0,0,0,0
054_Et_M_CO_L,S0_outside,hold_missing_gas_10s,215,0,0,0,0,0,0,0
054_Et_M_CO_L,S0_outside,hold_missing_person_10s,215,0,0,0,0,0,0,0
054_Et_M_CO_L,S1_early_background,S1_full,35,0,0,0,0,0,0,0
054_Et_M_CO_L,S1_early_background,gas_only,35,0,0,0,0,0,0,0
054_Et_M_CO_L,S1_early_background,simple_OR,35,0,0,0,0,0,0,0
054_Et_M_CO_L,S1_early_background,simple_AND,35,0,0,0,0,0,0,0
054_Et_M_CO_L,S1_early_background,no_zone_gate,35,0,0,0,0,0,0,0
054_Et_M_CO_L,S1_early_background,no_age_gate,35,0,0,0,0,0,0,0
054_Et_M_CO_L,S1_early_background,hold_missing_gas_10s,35,0,0,0,0,0,0,0
054_Et_M_CO_L,S1_early_background,hold_missing_person_10s,35,0,0,0,0,0,0,0
054_Et_M_CO_L,S2_possible_overlap,S1_full,215,0,49,0,10,0,0,0
054_Et_M_CO_L,S2_possible_overlap,gas_only,215,0,0,0,0,0,0,0
054_Et_M_CO_L,S2_possible_overlap,simple_OR,215,0,0,0,0,0,0,0
054_Et_M_CO_L,S2_possible_overlap,simple_AND,215,0,49,0,10,0,0,0
054_Et_M_CO_L,S2_possible_overlap,no_zone_gate,215,0,49,0,10,0,0,0
054_Et_M_CO_L,S2_possible_overlap,no_age_gate,215,0,49,0,10,0,0,0
054_Et_M_CO_L,S2_possible_overlap,hold_missing_gas_10s,215,0,49,0,10,0,0,0
054_Et_M_CO_L,S2_possible_overlap,hold_missing_person_10s,215,0,49,0,10,0,0,0
054_Et_M_CO_L,S3_separate_events,S1_full,215,0,0,0,0,0,0,0
054_Et_M_CO_L,S3_separate_events,gas_only,215,0,0,0,0,0,0,0
054_Et_M_CO_L,S3_separate_events,simple_OR,215,0,0,0,0,0,0,0
054_Et_M_CO_L,S3_separate_events,simple_AND,215,0,0,0,0,0,0,0
054_Et_M_CO_L,S3_separate_events,no_zone_gate,215,0,0,0,0,0,0,0
054_Et_M_CO_L,S3_separate_events,no_age_gate,215,0,0,0,0,0,0,0
054_Et_M_CO_L,S3_separate_events,hold_missing_gas_10s,215,0,0,0,0,0,0,0
054_Et_M_CO_L,S3_separate_events,hold_missing_person_10s,215,0,0,0,0,0,0,0
054_Et_M_CO_L,S4_gas_dropout,S1_full,215,10,37,0,0,0,10,0
054_Et_M_CO_L,S4_gas_dropout,gas_only,215,10,0,0,0,10,0,0
054_Et_M_CO_L,S4_gas_dropout,simple_OR,215,10,0,0,0,0,0,0
054_Et_M_CO_L,S4_gas_dropout,simple_AND,215,10,37,0,0,0,0,0
054_Et_M_CO_L,S4_gas_dropout,no_zone_gate,215,10,37,0,0,0,0,0
054_Et_M_CO_L,S4_gas_dropout,no_age_gate,215,10,37,0,0,0,0,0
054_Et_M_CO_L,S4_gas_dropout,hold_missing_gas_10s,215,10,47,10,10,0,0,0
054_Et_M_CO_L,S4_gas_dropout,hold_missing_person_10s,215,10,37,0,0,0,0,0
054_Et_M_CO_L,S4_person_dropout,S1_full,215,10,39,0,0,0,10,0
054_Et_M_CO_L,S4_person_dropout,gas_only,215,10,0,0,0,0,0,0
054_Et_M_CO_L,S4_person_dropout,simple_OR,215,10,0,0,0,0,0,0
054_Et_M_CO_L,S4_person_dropout,simple_AND,215,10,39,0,0,0,0,0
054_Et_M_CO_L,S4_person_dropout,no_zone_gate,215,10,39,0,0,0,0,0
054_Et_M_CO_L,S4_person_dropout,no_age_gate,215,10,39,0,0,0,0,0
054_Et_M_CO_L,S4_person_dropout,hold_missing_gas_10s,215,10,39,0,0,0,0,0
054_Et_M_CO_L,S4_person_dropout,hold_missing_person_10s,215,10,49,10,10,0,0,0
054_Et_M_CO_L,S4_wrong_zone,S1_full,215,10,39,0,0,0,10,0
054_Et_M_CO_L,S4_wrong_zone,gas_only,215,10,0,0,0,0,0,0
054_Et_M_CO_L,S4_wrong_zone,simple_OR,215,10,0,0,0,0,0,0
054_Et_M_CO_L,S4_wrong_zone,simple_AND,215,10,49,10,10,0,0,0
054_Et_M_CO_L,S4_wrong_zone,no_zone_gate,215,10,49,10,10,0,0,0
054_Et_M_CO_L,S4_wrong_zone,no_age_gate,215,10,39,0,0,0,0,0
054_Et_M_CO_L,S4_wrong_zone,hold_missing_gas_10s,215,10,39,0,0,0,0,0
054_Et_M_CO_L,S4_wrong_zone,hold_missing_person_10s,215,10,39,0,0,0,0,0
054_Et_M_CO_L,S4_stale_gas,S1_full,215,10,39,0,0,0,10,0
054_Et_M_CO_L,S4_stale_gas,gas_only,215,10,0,0,0,10,0,0
054_Et_M_CO_L,S4_stale_gas,simple_OR,215,10,0,0,0,0,0,0
054_Et_M_CO_L,S4_stale_gas,simple_AND,215,10,39,0,0,0,0,0
054_Et_M_CO_L,S4_stale_gas,no_zone_gate,215,10,39,0,0,0,0,0
054_Et_M_CO_L,S4_stale_gas,no_age_gate,215,10,49,10,10,0,0,0
054_Et_M_CO_L,S4_stale_gas,hold_missing_gas_10s,215,10,39,0,0,0,0,0
054_Et_M_CO_L,S4_stale_gas,hold_missing_person_10s,215,10,39,0,0,0,0,0
058_Et_M_CO_H,S0_outside,S1_full,215,0,0,0,0,0,0,0
058_Et_M_CO_H,S0_outside,gas_only,215,0,0,0,0,0,0,0
058_Et_M_CO_H,S0_outside,simple_OR,215,0,0,0,0,0,0,0
058_Et_M_CO_H,S0_outside,simple_AND,215,0,0,0,0,0,0,0
058_Et_M_CO_H,S0_outside,no_zone_gate,215,0,0,0,0,0,0,0
058_Et_M_CO_H,S0_outside,no_age_gate,215,0,0,0,0,0,0,0
058_Et_M_CO_H,S0_outside,hold_missing_gas_10s,215,0,0,0,0,0,0,0
058_Et_M_CO_H,S0_outside,hold_missing_person_10s,215,0,0,0,0,0,0,0
058_Et_M_CO_H,S1_early_background,S1_full,35,0,0,0,0,0,0,0
058_Et_M_CO_H,S1_early_background,gas_only,35,0,0,0,0,0,0,0
058_Et_M_CO_H,S1_early_background,simple_OR,35,0,0,0,0,0,0,0
058_Et_M_CO_H,S1_early_background,simple_AND,35,0,0,0,0,0,0,0
058_Et_M_CO_H,S1_early_background,no_zone_gate,35,0,0,0,0,0,0,0
058_Et_M_CO_H,S1_early_background,no_age_gate,35,0,0,0,0,0,0,0
058_Et_M_CO_H,S1_early_background,hold_missing_gas_10s,35,0,0,0,0,0,0,0
058_Et_M_CO_H,S1_early_background,hold_missing_person_10s,35,0,0,0,0,0,0,0
058_Et_M_CO_H,S2_possible_overlap,S1_full,215,0,49,0,10,0,0,0
058_Et_M_CO_H,S2_possible_overlap,gas_only,215,0,0,0,0,0,0,0
058_Et_M_CO_H,S2_possible_overlap,simple_OR,215,0,0,0,0,0,0,0
058_Et_M_CO_H,S2_possible_overlap,simple_AND,215,0,49,0,10,0,0,0
058_Et_M_CO_H,S2_possible_overlap,no_zone_gate,215,0,49,0,10,0,0,0
058_Et_M_CO_H,S2_possible_overlap,no_age_gate,215,0,49,0,10,0,0,0
058_Et_M_CO_H,S2_possible_overlap,hold_missing_gas_10s,215,0,49,0,10,0,0,0
058_Et_M_CO_H,S2_possible_overlap,hold_missing_person_10s,215,0,49,0,10,0,0,0
058_Et_M_CO_H,S3_separate_events,S1_full,215,0,0,0,0,0,0,0
058_Et_M_CO_H,S3_separate_events,gas_only,215,0,0,0,0,0,0,0
058_Et_M_CO_H,S3_separate_events,simple_OR,215,0,0,0,0,0,0,0
058_Et_M_CO_H,S3_separate_events,simple_AND,215,0,0,0,0,0,0,0
058_Et_M_CO_H,S3_separate_events,no_zone_gate,215,0,0,0,0,0,0,0
058_Et_M_CO_H,S3_separate_events,no_age_gate,215,0,0,0,0,0,0,0
058_Et_M_CO_H,S3_separate_events,hold_missing_gas_10s,215,0,0,0,0,0,0,0
058_Et_M_CO_H,S3_separate_events,hold_missing_person_10s,215,0,0,0,0,0,0,0
058_Et_M_CO_H,S4_gas_dropout,S1_full,215,10,37,0,0,0,10,0
058_Et_M_CO_H,S4_gas_dropout,gas_only,215,10,0,0,0,10,0,0
058_Et_M_CO_H,S4_gas_dropout,simple_OR,215,10,0,0,0,0,0,0
058_Et_M_CO_H,S4_gas_dropout,simple_AND,215,10,37,0,0,0,0,0
058_Et_M_CO_H,S4_gas_dropout,no_zone_gate,215,10,37,0,0,0,0,0
058_Et_M_CO_H,S4_gas_dropout,no_age_gate,215,10,37,0,0,0,0,0
058_Et_M_CO_H,S4_gas_dropout,hold_missing_gas_10s,215,10,47,10,10,0,0,0
058_Et_M_CO_H,S4_gas_dropout,hold_missing_person_10s,215,10,37,0,0,0,0,0
058_Et_M_CO_H,S4_person_dropout,S1_full,215,10,39,0,0,0,10,0
058_Et_M_CO_H,S4_person_dropout,gas_only,215,10,0,0,0,0,0,0
058_Et_M_CO_H,S4_person_dropout,simple_OR,215,10,0,0,0,0,0,0
058_Et_M_CO_H,S4_person_dropout,simple_AND,215,10,39,0,0,0,0,0
058_Et_M_CO_H,S4_person_dropout,no_zone_gate,215,10,39,0,0,0,0,0
058_Et_M_CO_H,S4_person_dropout,no_age_gate,215,10,39,0,0,0,0,0
058_Et_M_CO_H,S4_person_dropout,hold_missing_gas_10s,215,10,39,0,0,0,0,0
058_Et_M_CO_H,S4_person_dropout,hold_missing_person_10s,215,10,49,10,10,0,0,0
058_Et_M_CO_H,S4_wrong_zone,S1_full,215,10,39,0,0,0,10,0
058_Et_M_CO_H,S4_wrong_zone,gas_only,215,10,0,0,0,0,0,0
058_Et_M_CO_H,S4_wrong_zone,simple_OR,215,10,0,0,0,0,0,0
058_Et_M_CO_H,S4_wrong_zone,simple_AND,215,10,49,10,10,0,0,0
058_Et_M_CO_H,S4_wrong_zone,no_zone_gate,215,10,49,10,10,0,0,0
058_Et_M_CO_H,S4_wrong_zone,no_age_gate,215,10,39,0,0,0,0,0
058_Et_M_CO_H,S4_wrong_zone,hold_missing_gas_10s,215,10,39,0,0,0,0,0
058_Et_M_CO_H,S4_wrong_zone,hold_missing_person_10s,215,10,39,0,0,0,0,0
058_Et_M_CO_H,S4_stale_gas,S1_full,215,10,39,0,0,0,10,0
058_Et_M_CO_H,S4_stale_gas,gas_only,215,10,0,0,0,10,0,0
058_Et_M_CO_H,S4_stale_gas,simple_OR,215,10,0,0,0,0,0,0
058_Et_M_CO_H,S4_stale_gas,simple_AND,215,10,39,0,0,0,0,0
058_Et_M_CO_H,S4_stale_gas,no_zone_gate,215,10,39,0,0,0,0,0
058_Et_M_CO_H,S4_stale_gas,no_age_gate,215,10,49,10,10,0,0,0
058_Et_M_CO_H,S4_stale_gas,hold_missing_gas_10s,215,10,39,0,0,0,0,0
058_Et_M_CO_H,S4_stale_gas,hold_missing_person_10s,215,10,39,0,0,0,0,0
061_Et_M_Me_n,S0_outside,S1_full,215,0,0,0,0,0,0,0
061_Et_M_Me_n,S0_outside,gas_only,215,0,0,0,0,0,0,0
061_Et_M_Me_n,S0_outside,simple_OR,215,0,0,0,0,0,0,0
061_Et_M_Me_n,S0_outside,simple_AND,215,0,0,0,0,0,0,0
061_Et_M_Me_n,S0_outside,no_zone_gate,215,0,0,0,0,0,0,0
061_Et_M_Me_n,S0_outside,no_age_gate,215,0,0,0,0,0,0,0
061_Et_M_Me_n,S0_outside,hold_missing_gas_10s,215,0,0,0,0,0,0,0
061_Et_M_Me_n,S0_outside,hold_missing_person_10s,215,0,0,0,0,0,0,0
061_Et_M_Me_n,S1_early_background,S1_full,35,0,0,0,0,0,0,0
061_Et_M_Me_n,S1_early_background,gas_only,35,0,0,0,0,0,0,0
061_Et_M_Me_n,S1_early_background,simple_OR,35,0,0,0,0,0,0,0
061_Et_M_Me_n,S1_early_background,simple_AND,35,0,0,0,0,0,0,0
061_Et_M_Me_n,S1_early_background,no_zone_gate,35,0,0,0,0,0,0,0
061_Et_M_Me_n,S1_early_background,no_age_gate,35,0,0,0,0,0,0,0
061_Et_M_Me_n,S1_early_background,hold_missing_gas_10s,35,0,0,0,0,0,0,0
061_Et_M_Me_n,S1_early_background,hold_missing_person_10s,35,0,0,0,0,0,0,0
061_Et_M_Me_n,S2_possible_overlap,S1_full,215,0,49,0,10,0,0,0
061_Et_M_Me_n,S2_possible_overlap,gas_only,215,0,0,0,0,0,0,0
061_Et_M_Me_n,S2_possible_overlap,simple_OR,215,0,0,0,0,0,0,0
061_Et_M_Me_n,S2_possible_overlap,simple_AND,215,0,49,0,10,0,0,0
061_Et_M_Me_n,S2_possible_overlap,no_zone_gate,215,0,49,0,10,0,0,0
061_Et_M_Me_n,S2_possible_overlap,no_age_gate,215,0,49,0,10,0,0,0
061_Et_M_Me_n,S2_possible_overlap,hold_missing_gas_10s,215,0,49,0,10,0,0,0
061_Et_M_Me_n,S2_possible_overlap,hold_missing_person_10s,215,0,49,0,10,0,0,0
061_Et_M_Me_n,S3_separate_events,S1_full,215,0,0,0,0,0,0,0
061_Et_M_Me_n,S3_separate_events,gas_only,215,0,0,0,0,0,0,0
061_Et_M_Me_n,S3_separate_events,simple_OR,215,0,0,0,0,0,0,0
061_Et_M_Me_n,S3_separate_events,simple_AND,215,0,0,0,0,0,0,0
061_Et_M_Me_n,S3_separate_events,no_zone_gate,215,0,0,0,0,0,0,0
061_Et_M_Me_n,S3_separate_events,no_age_gate,215,0,0,0,0,0,0,0
061_Et_M_Me_n,S3_separate_events,hold_missing_gas_10s,215,0,0,0,0,0,0,0
061_Et_M_Me_n,S3_separate_events,hold_missing_person_10s,215,0,0,0,0,0,0,0
061_Et_M_Me_n,S4_gas_dropout,S1_full,215,10,37,0,0,0,10,0
061_Et_M_Me_n,S4_gas_dropout,gas_only,215,10,0,0,0,10,0,0
061_Et_M_Me_n,S4_gas_dropout,simple_OR,215,10,0,0,0,0,0,0
061_Et_M_Me_n,S4_gas_dropout,simple_AND,215,10,37,0,0,0,0,0
061_Et_M_Me_n,S4_gas_dropout,no_zone_gate,215,10,37,0,0,0,0,0
061_Et_M_Me_n,S4_gas_dropout,no_age_gate,215,10,37,0,0,0,0,0
061_Et_M_Me_n,S4_gas_dropout,hold_missing_gas_10s,215,10,47,10,10,0,0,0
061_Et_M_Me_n,S4_gas_dropout,hold_missing_person_10s,215,10,37,0,0,0,0,0
061_Et_M_Me_n,S4_person_dropout,S1_full,215,10,39,0,0,0,10,0
061_Et_M_Me_n,S4_person_dropout,gas_only,215,10,0,0,0,0,0,0
061_Et_M_Me_n,S4_person_dropout,simple_OR,215,10,0,0,0,0,0,0
061_Et_M_Me_n,S4_person_dropout,simple_AND,215,10,39,0,0,0,0,0
061_Et_M_Me_n,S4_person_dropout,no_zone_gate,215,10,39,0,0,0,0,0
061_Et_M_Me_n,S4_person_dropout,no_age_gate,215,10,39,0,0,0,0,0
061_Et_M_Me_n,S4_person_dropout,hold_missing_gas_10s,215,10,39,0,0,0,0,0
061_Et_M_Me_n,S4_person_dropout,hold_missing_person_10s,215,10,49,10,10,0,0,0
061_Et_M_Me_n,S4_wrong_zone,S1_full,215,10,39,0,0,0,10,0
061_Et_M_Me_n,S4_wrong_zone,gas_only,215,10,0,0,0,0,0,0
061_Et_M_Me_n,S4_wrong_zone,simple_OR,215,10,0,0,0,0,0,0
061_Et_M_Me_n,S4_wrong_zone,simple_AND,215,10,49,10,10,0,0,0
061_Et_M_Me_n,S4_wrong_zone,no_zone_gate,215,10,49,10,10,0,0,0
061_Et_M_Me_n,S4_wrong_zone,no_age_gate,215,10,39,0,0,0,0,0
061_Et_M_Me_n,S4_wrong_zone,hold_missing_gas_10s,215,10,39,0,0,0,0,0
061_Et_M_Me_n,S4_wrong_zone,hold_missing_person_10s,215,10,39,0,0,0,0,0
061_Et_M_Me_n,S4_stale_gas,S1_full,215,10,39,0,0,0,10,0
061_Et_M_Me_n,S4_stale_gas,gas_only,215,10,0,0,0,10,0,0
061_Et_M_Me_n,S4_stale_gas,simple_OR,215,10,0,0,0,0,0,0
061_Et_M_Me_n,S4_stale_gas,simple_AND,215,10,39,0,0,0,0,0
061_Et_M_Me_n,S4_stale_gas,no_zone_gate,215,10,39,0,0,0,0,0
061_Et_M_Me_n,S4_stale_gas,no_age_gate,215,10,49,10,10,0,0,0
061_Et_M_Me_n,S4_stale_gas,hold_missing_gas_10s,215,10,39,0,0,0,0,0
061_Et_M_Me_n,S4_stale_gas,hold_missing_person_10s,215,10,39,0,0,0,0,0
062_Et_n_CO_L,S0_outside,S1_full,215,0,0,0,0,0,0,0
062_Et_n_CO_L,S0_outside,gas_only,215,0,0,0,0,0,0,0
062_Et_n_CO_L,S0_outside,simple_OR,215,0,0,0,0,0,0,0
062_Et_n_CO_L,S0_outside,simple_AND,215,0,0,0,0,0,0,0
062_Et_n_CO_L,S0_outside,no_zone_gate,215,0,0,0,0,0,0,0
062_Et_n_CO_L,S0_outside,no_age_gate,215,0,0,0,0,0,0,0
062_Et_n_CO_L,S0_outside,hold_missing_gas_10s,215,0,0,0,0,0,0,0
062_Et_n_CO_L,S0_outside,hold_missing_person_10s,215,0,0,0,0,0,0,0
062_Et_n_CO_L,S1_early_background,S1_full,35,0,0,0,0,0,0,0
062_Et_n_CO_L,S1_early_background,gas_only,35,0,0,0,0,0,0,0
062_Et_n_CO_L,S1_early_background,simple_OR,35,0,0,0,0,0,0,0
062_Et_n_CO_L,S1_early_background,simple_AND,35,0,0,0,0,0,0,0
062_Et_n_CO_L,S1_early_background,no_zone_gate,35,0,0,0,0,0,0,0
062_Et_n_CO_L,S1_early_background,no_age_gate,35,0,0,0,0,0,0,0
062_Et_n_CO_L,S1_early_background,hold_missing_gas_10s,35,0,0,0,0,0,0,0
062_Et_n_CO_L,S1_early_background,hold_missing_person_10s,35,0,0,0,0,0,0,0
062_Et_n_CO_L,S2_possible_overlap,S1_full,215,0,44,0,10,0,0,0
062_Et_n_CO_L,S2_possible_overlap,gas_only,215,0,0,0,0,0,0,0
062_Et_n_CO_L,S2_possible_overlap,simple_OR,215,0,0,0,0,0,0,0
062_Et_n_CO_L,S2_possible_overlap,simple_AND,215,0,44,0,10,0,0,0
062_Et_n_CO_L,S2_possible_overlap,no_zone_gate,215,0,44,0,10,0,0,0
062_Et_n_CO_L,S2_possible_overlap,no_age_gate,215,0,44,0,10,0,0,0
062_Et_n_CO_L,S2_possible_overlap,hold_missing_gas_10s,215,0,44,0,10,0,0,0
062_Et_n_CO_L,S2_possible_overlap,hold_missing_person_10s,215,0,44,0,10,0,0,0
062_Et_n_CO_L,S3_separate_events,S1_full,215,0,0,0,0,0,0,0
062_Et_n_CO_L,S3_separate_events,gas_only,215,0,0,0,0,0,0,0
062_Et_n_CO_L,S3_separate_events,simple_OR,215,0,0,0,0,0,0,0
062_Et_n_CO_L,S3_separate_events,simple_AND,215,0,0,0,0,0,0,0
062_Et_n_CO_L,S3_separate_events,no_zone_gate,215,0,0,0,0,0,0,0
062_Et_n_CO_L,S3_separate_events,no_age_gate,215,0,0,0,0,0,0,0
062_Et_n_CO_L,S3_separate_events,hold_missing_gas_10s,215,0,0,0,0,0,0,0
062_Et_n_CO_L,S3_separate_events,hold_missing_person_10s,215,0,0,0,0,0,0,0
062_Et_n_CO_L,S4_gas_dropout,S1_full,215,10,32,0,0,0,10,0
062_Et_n_CO_L,S4_gas_dropout,gas_only,215,10,0,0,0,10,0,0
062_Et_n_CO_L,S4_gas_dropout,simple_OR,215,10,0,0,0,0,0,0
062_Et_n_CO_L,S4_gas_dropout,simple_AND,215,10,32,0,0,0,0,0
062_Et_n_CO_L,S4_gas_dropout,no_zone_gate,215,10,32,0,0,0,0,0
062_Et_n_CO_L,S4_gas_dropout,no_age_gate,215,10,32,0,0,0,0,0
062_Et_n_CO_L,S4_gas_dropout,hold_missing_gas_10s,215,10,42,10,10,0,0,0
062_Et_n_CO_L,S4_gas_dropout,hold_missing_person_10s,215,10,32,0,0,0,0,0
062_Et_n_CO_L,S4_person_dropout,S1_full,215,10,34,0,0,0,10,0
062_Et_n_CO_L,S4_person_dropout,gas_only,215,10,0,0,0,0,0,0
062_Et_n_CO_L,S4_person_dropout,simple_OR,215,10,0,0,0,0,0,0
062_Et_n_CO_L,S4_person_dropout,simple_AND,215,10,34,0,0,0,0,0
062_Et_n_CO_L,S4_person_dropout,no_zone_gate,215,10,34,0,0,0,0,0
062_Et_n_CO_L,S4_person_dropout,no_age_gate,215,10,34,0,0,0,0,0
062_Et_n_CO_L,S4_person_dropout,hold_missing_gas_10s,215,10,34,0,0,0,0,0
062_Et_n_CO_L,S4_person_dropout,hold_missing_person_10s,215,10,44,10,10,0,0,0
062_Et_n_CO_L,S4_wrong_zone,S1_full,215,10,34,0,0,0,10,0
062_Et_n_CO_L,S4_wrong_zone,gas_only,215,10,0,0,0,0,0,0
062_Et_n_CO_L,S4_wrong_zone,simple_OR,215,10,0,0,0,0,0,0
062_Et_n_CO_L,S4_wrong_zone,simple_AND,215,10,44,10,10,0,0,0
062_Et_n_CO_L,S4_wrong_zone,no_zone_gate,215,10,44,10,10,0,0,0
062_Et_n_CO_L,S4_wrong_zone,no_age_gate,215,10,34,0,0,0,0,0
062_Et_n_CO_L,S4_wrong_zone,hold_missing_gas_10s,215,10,34,0,0,0,0,0
062_Et_n_CO_L,S4_wrong_zone,hold_missing_person_10s,215,10,34,0,0,0,0,0
062_Et_n_CO_L,S4_stale_gas,S1_full,215,10,34,0,0,0,10,0
062_Et_n_CO_L,S4_stale_gas,gas_only,215,10,0,0,0,10,0,0
062_Et_n_CO_L,S4_stale_gas,simple_OR,215,10,0,0,0,0,0,0
062_Et_n_CO_L,S4_stale_gas,simple_AND,215,10,34,0,0,0,0,0
062_Et_n_CO_L,S4_stale_gas,no_zone_gate,215,10,34,0,0,0,0,0
062_Et_n_CO_L,S4_stale_gas,no_age_gate,215,10,44,10,10,0,0,0
062_Et_n_CO_L,S4_stale_gas,hold_missing_gas_10s,215,10,34,0,0,0,0,0
062_Et_n_CO_L,S4_stale_gas,hold_missing_person_10s,215,10,34,0,0,0,0,0
070_Et_L_CO_H,S0_outside,S1_full,215,0,0,0,0,0,0,0
070_Et_L_CO_H,S0_outside,gas_only,215,0,0,0,0,0,0,0
070_Et_L_CO_H,S0_outside,simple_OR,215,0,0,0,0,0,0,0
070_Et_L_CO_H,S0_outside,simple_AND,215,0,0,0,0,0,0,0
070_Et_L_CO_H,S0_outside,no_zone_gate,215,0,0,0,0,0,0,0
070_Et_L_CO_H,S0_outside,no_age_gate,215,0,0,0,0,0,0,0
070_Et_L_CO_H,S0_outside,hold_missing_gas_10s,215,0,0,0,0,0,0,0
070_Et_L_CO_H,S0_outside,hold_missing_person_10s,215,0,0,0,0,0,0,0
070_Et_L_CO_H,S1_early_background,S1_full,35,0,0,0,0,0,0,0
070_Et_L_CO_H,S1_early_background,gas_only,35,0,0,0,0,0,0,0
070_Et_L_CO_H,S1_early_background,simple_OR,35,0,0,0,0,0,0,0
070_Et_L_CO_H,S1_early_background,simple_AND,35,0,0,0,0,0,0,0
070_Et_L_CO_H,S1_early_background,no_zone_gate,35,0,0,0,0,0,0,0
070_Et_L_CO_H,S1_early_background,no_age_gate,35,0,0,0,0,0,0,0
070_Et_L_CO_H,S1_early_background,hold_missing_gas_10s,35,0,0,0,0,0,0,0
070_Et_L_CO_H,S1_early_background,hold_missing_person_10s,35,0,0,0,0,0,0,0
070_Et_L_CO_H,S2_possible_overlap,S1_full,215,0,49,0,10,0,0,0
070_Et_L_CO_H,S2_possible_overlap,gas_only,215,0,0,0,0,0,0,0
070_Et_L_CO_H,S2_possible_overlap,simple_OR,215,0,0,0,0,0,0,0
070_Et_L_CO_H,S2_possible_overlap,simple_AND,215,0,49,0,10,0,0,0
070_Et_L_CO_H,S2_possible_overlap,no_zone_gate,215,0,49,0,10,0,0,0
070_Et_L_CO_H,S2_possible_overlap,no_age_gate,215,0,49,0,10,0,0,0
070_Et_L_CO_H,S2_possible_overlap,hold_missing_gas_10s,215,0,49,0,10,0,0,0
070_Et_L_CO_H,S2_possible_overlap,hold_missing_person_10s,215,0,49,0,10,0,0,0
070_Et_L_CO_H,S3_separate_events,S1_full,215,0,0,0,0,0,0,0
070_Et_L_CO_H,S3_separate_events,gas_only,215,0,0,0,0,0,0,0
070_Et_L_CO_H,S3_separate_events,simple_OR,215,0,0,0,0,0,0,0
070_Et_L_CO_H,S3_separate_events,simple_AND,215,0,0,0,0,0,0,0
070_Et_L_CO_H,S3_separate_events,no_zone_gate,215,0,0,0,0,0,0,0
070_Et_L_CO_H,S3_separate_events,no_age_gate,215,0,0,0,0,0,0,0
070_Et_L_CO_H,S3_separate_events,hold_missing_gas_10s,215,0,0,0,0,0,0,0
070_Et_L_CO_H,S3_separate_events,hold_missing_person_10s,215,0,0,0,0,0,0,0
070_Et_L_CO_H,S4_gas_dropout,S1_full,215,10,37,0,0,0,10,0
070_Et_L_CO_H,S4_gas_dropout,gas_only,215,10,0,0,0,10,0,0
070_Et_L_CO_H,S4_gas_dropout,simple_OR,215,10,0,0,0,0,0,0
070_Et_L_CO_H,S4_gas_dropout,simple_AND,215,10,37,0,0,0,0,0
070_Et_L_CO_H,S4_gas_dropout,no_zone_gate,215,10,37,0,0,0,0,0
070_Et_L_CO_H,S4_gas_dropout,no_age_gate,215,10,37,0,0,0,0,0
070_Et_L_CO_H,S4_gas_dropout,hold_missing_gas_10s,215,10,47,10,10,0,0,0
070_Et_L_CO_H,S4_gas_dropout,hold_missing_person_10s,215,10,37,0,0,0,0,0
070_Et_L_CO_H,S4_person_dropout,S1_full,215,10,39,0,0,0,10,0
070_Et_L_CO_H,S4_person_dropout,gas_only,215,10,0,0,0,0,0,0
070_Et_L_CO_H,S4_person_dropout,simple_OR,215,10,0,0,0,0,0,0
070_Et_L_CO_H,S4_person_dropout,simple_AND,215,10,39,0,0,0,0,0
070_Et_L_CO_H,S4_person_dropout,no_zone_gate,215,10,39,0,0,0,0,0
070_Et_L_CO_H,S4_person_dropout,no_age_gate,215,10,39,0,0,0,0,0
070_Et_L_CO_H,S4_person_dropout,hold_missing_gas_10s,215,10,39,0,0,0,0,0
070_Et_L_CO_H,S4_person_dropout,hold_missing_person_10s,215,10,49,10,10,0,0,0
070_Et_L_CO_H,S4_wrong_zone,S1_full,215,10,39,0,0,0,10,0
070_Et_L_CO_H,S4_wrong_zone,gas_only,215,10,0,0,0,0,0,0
070_Et_L_CO_H,S4_wrong_zone,simple_OR,215,10,0,0,0,0,0,0
070_Et_L_CO_H,S4_wrong_zone,simple_AND,215,10,49,10,10,0,0,0
070_Et_L_CO_H,S4_wrong_zone,no_zone_gate,215,10,49,10,10,0,0,0
070_Et_L_CO_H,S4_wrong_zone,no_age_gate,215,10,39,0,0,0,0,0
070_Et_L_CO_H,S4_wrong_zone,hold_missing_gas_10s,215,10,39,0,0,0,0,0
070_Et_L_CO_H,S4_wrong_zone,hold_missing_person_10s,215,10,39,0,0,0,0,0
070_Et_L_CO_H,S4_stale_gas,S1_full,215,10,39,0,0,0,10,0
070_Et_L_CO_H,S4_stale_gas,gas_only,215,10,0,0,0,10,0,0
070_Et_L_CO_H,S4_stale_gas,simple_OR,215,10,0,0,0,0,0,0
070_Et_L_CO_H,S4_stale_gas,simple_AND,215,10,39,0,0,0,0,0
070_Et_L_CO_H,S4_stale_gas,no_zone_gate,215,10,39,0,0,0,0,0
070_Et_L_CO_H,S4_stale_gas,no_age_gate,215,10,49,10,10,0,0,0
070_Et_L_CO_H,S4_stale_gas,hold_missing_gas_10s,215,10,39,0,0,0,0,0
070_Et_L_CO_H,S4_stale_gas,hold_missing_person_10s,215,10,39,0,0,0,0,0
074_Et_H_CO_L,S0_outside,S1_full,215,0,0,0,0,0,0,0
074_Et_H_CO_L,S0_outside,gas_only,215,0,0,0,0,0,0,0
074_Et_H_CO_L,S0_outside,simple_OR,215,0,0,0,0,0,0,0
074_Et_H_CO_L,S0_outside,simple_AND,215,0,0,0,0,0,0,0
074_Et_H_CO_L,S0_outside,no_zone_gate,215,0,0,0,0,0,0,0
074_Et_H_CO_L,S0_outside,no_age_gate,215,0,0,0,0,0,0,0
074_Et_H_CO_L,S0_outside,hold_missing_gas_10s,215,0,0,0,0,0,0,0
074_Et_H_CO_L,S0_outside,hold_missing_person_10s,215,0,0,0,0,0,0,0
074_Et_H_CO_L,S1_early_background,S1_full,35,0,0,0,0,0,0,0
074_Et_H_CO_L,S1_early_background,gas_only,35,0,0,0,0,0,0,0
074_Et_H_CO_L,S1_early_background,simple_OR,35,0,0,0,0,0,0,0
074_Et_H_CO_L,S1_early_background,simple_AND,35,0,0,0,0,0,0,0
074_Et_H_CO_L,S1_early_background,no_zone_gate,35,0,0,0,0,0,0,0
074_Et_H_CO_L,S1_early_background,no_age_gate,35,0,0,0,0,0,0,0
074_Et_H_CO_L,S1_early_background,hold_missing_gas_10s,35,0,0,0,0,0,0,0
074_Et_H_CO_L,S1_early_background,hold_missing_person_10s,35,0,0,0,0,0,0,0
074_Et_H_CO_L,S2_possible_overlap,S1_full,215,0,49,0,10,0,0,0
074_Et_H_CO_L,S2_possible_overlap,gas_only,215,0,0,0,0,0,0,0
074_Et_H_CO_L,S2_possible_overlap,simple_OR,215,0,0,0,0,0,0,0
074_Et_H_CO_L,S2_possible_overlap,simple_AND,215,0,49,0,10,0,0,0
074_Et_H_CO_L,S2_possible_overlap,no_zone_gate,215,0,49,0,10,0,0,0
074_Et_H_CO_L,S2_possible_overlap,no_age_gate,215,0,49,0,10,0,0,0
074_Et_H_CO_L,S2_possible_overlap,hold_missing_gas_10s,215,0,49,0,10,0,0,0
074_Et_H_CO_L,S2_possible_overlap,hold_missing_person_10s,215,0,49,0,10,0,0,0
074_Et_H_CO_L,S3_separate_events,S1_full,215,0,0,0,0,0,0,0
074_Et_H_CO_L,S3_separate_events,gas_only,215,0,0,0,0,0,0,0
074_Et_H_CO_L,S3_separate_events,simple_OR,215,0,0,0,0,0,0,0
074_Et_H_CO_L,S3_separate_events,simple_AND,215,0,0,0,0,0,0,0
074_Et_H_CO_L,S3_separate_events,no_zone_gate,215,0,0,0,0,0,0,0
074_Et_H_CO_L,S3_separate_events,no_age_gate,215,0,0,0,0,0,0,0
074_Et_H_CO_L,S3_separate_events,hold_missing_gas_10s,215,0,0,0,0,0,0,0
074_Et_H_CO_L,S3_separate_events,hold_missing_person_10s,215,0,0,0,0,0,0,0
074_Et_H_CO_L,S4_gas_dropout,S1_full,215,10,37,0,0,0,10,0
074_Et_H_CO_L,S4_gas_dropout,gas_only,215,10,0,0,0,10,0,0
074_Et_H_CO_L,S4_gas_dropout,simple_OR,215,10,0,0,0,0,0,0
074_Et_H_CO_L,S4_gas_dropout,simple_AND,215,10,37,0,0,0,0,0
074_Et_H_CO_L,S4_gas_dropout,no_zone_gate,215,10,37,0,0,0,0,0
074_Et_H_CO_L,S4_gas_dropout,no_age_gate,215,10,37,0,0,0,0,0
074_Et_H_CO_L,S4_gas_dropout,hold_missing_gas_10s,215,10,47,10,10,0,0,0
074_Et_H_CO_L,S4_gas_dropout,hold_missing_person_10s,215,10,37,0,0,0,0,0
074_Et_H_CO_L,S4_person_dropout,S1_full,215,10,39,0,0,0,10,0
074_Et_H_CO_L,S4_person_dropout,gas_only,215,10,0,0,0,0,0,0
074_Et_H_CO_L,S4_person_dropout,simple_OR,215,10,0,0,0,0,0,0
074_Et_H_CO_L,S4_person_dropout,simple_AND,215,10,39,0,0,0,0,0
074_Et_H_CO_L,S4_person_dropout,no_zone_gate,215,10,39,0,0,0,0,0
074_Et_H_CO_L,S4_person_dropout,no_age_gate,215,10,39,0,0,0,0,0
074_Et_H_CO_L,S4_person_dropout,hold_missing_gas_10s,215,10,39,0,0,0,0,0
074_Et_H_CO_L,S4_person_dropout,hold_missing_person_10s,215,10,49,10,10,0,0,0
074_Et_H_CO_L,S4_wrong_zone,S1_full,215,10,39,0,0,0,10,0
074_Et_H_CO_L,S4_wrong_zone,gas_only,215,10,0,0,0,0,0,0
074_Et_H_CO_L,S4_wrong_zone,simple_OR,215,10,0,0,0,0,0,0
074_Et_H_CO_L,S4_wrong_zone,simple_AND,215,10,49,10,10,0,0,0
074_Et_H_CO_L,S4_wrong_zone,no_zone_gate,215,10,49,10,10,0,0,0
074_Et_H_CO_L,S4_wrong_zone,no_age_gate,215,10,39,0,0,0,0,0
074_Et_H_CO_L,S4_wrong_zone,hold_missing_gas_10s,215,10,39,0,0,0,0,0
074_Et_H_CO_L,S4_wrong_zone,hold_missing_person_10s,215,10,39,0,0,0,0,0
074_Et_H_CO_L,S4_stale_gas,S1_full,215,10,39,0,0,0,10,0
074_Et_H_CO_L,S4_stale_gas,gas_only,215,10,0,0,0,10,0,0
074_Et_H_CO_L,S4_stale_gas,simple_OR,215,10,0,0,0,0,0,0
074_Et_H_CO_L,S4_stale_gas,simple_AND,215,10,39,0,0,0,0,0
074_Et_H_CO_L,S4_stale_gas,no_zone_gate,215,10,39,0,0,0,0,0
074_Et_H_CO_L,S4_stale_gas,no_age_gate,215,10,49,10,10,0,0,0
074_Et_H_CO_L,S4_stale_gas,hold_missing_gas_10s,215,10,39,0,0,0,0,0
074_Et_H_CO_L,S4_stale_gas,hold_missing_person_10s,215,10,39,0,0,0,0,0
079_Et_L_Me_n,S0_outside,S1_full,215,0,0,0,0,0,0,0
079_Et_L_Me_n,S0_outside,gas_only,215,0,0,0,0,0,0,0
079_Et_L_Me_n,S0_outside,simple_OR,215,0,0,0,0,0,0,0
079_Et_L_Me_n,S0_outside,simple_AND,215,0,0,0,0,0,0,0
079_Et_L_Me_n,S0_outside,no_zone_gate,215,0,0,0,0,0,0,0
079_Et_L_Me_n,S0_outside,no_age_gate,215,0,0,0,0,0,0,0
079_Et_L_Me_n,S0_outside,hold_missing_gas_10s,215,0,0,0,0,0,0,0
079_Et_L_Me_n,S0_outside,hold_missing_person_10s,215,0,0,0,0,0,0,0
079_Et_L_Me_n,S1_early_background,S1_full,35,0,0,0,0,0,0,0
079_Et_L_Me_n,S1_early_background,gas_only,35,0,0,0,0,0,0,0
079_Et_L_Me_n,S1_early_background,simple_OR,35,0,0,0,0,0,0,0
079_Et_L_Me_n,S1_early_background,simple_AND,35,0,0,0,0,0,0,0
079_Et_L_Me_n,S1_early_background,no_zone_gate,35,0,0,0,0,0,0,0
079_Et_L_Me_n,S1_early_background,no_age_gate,35,0,0,0,0,0,0,0
079_Et_L_Me_n,S1_early_background,hold_missing_gas_10s,35,0,0,0,0,0,0,0
079_Et_L_Me_n,S1_early_background,hold_missing_person_10s,35,0,0,0,0,0,0,0
079_Et_L_Me_n,S2_possible_overlap,S1_full,215,0,46,0,10,0,0,0
079_Et_L_Me_n,S2_possible_overlap,gas_only,215,0,0,0,0,0,0,0
079_Et_L_Me_n,S2_possible_overlap,simple_OR,215,0,0,0,0,0,0,0
079_Et_L_Me_n,S2_possible_overlap,simple_AND,215,0,46,0,10,0,0,0
079_Et_L_Me_n,S2_possible_overlap,no_zone_gate,215,0,46,0,10,0,0,0
079_Et_L_Me_n,S2_possible_overlap,no_age_gate,215,0,46,0,10,0,0,0
079_Et_L_Me_n,S2_possible_overlap,hold_missing_gas_10s,215,0,46,0,10,0,0,0
079_Et_L_Me_n,S2_possible_overlap,hold_missing_person_10s,215,0,46,0,10,0,0,0
079_Et_L_Me_n,S3_separate_events,S1_full,215,0,0,0,0,0,0,0
079_Et_L_Me_n,S3_separate_events,gas_only,215,0,0,0,0,0,0,0
079_Et_L_Me_n,S3_separate_events,simple_OR,215,0,0,0,0,0,0,0
079_Et_L_Me_n,S3_separate_events,simple_AND,215,0,0,0,0,0,0,0
079_Et_L_Me_n,S3_separate_events,no_zone_gate,215,0,0,0,0,0,0,0
079_Et_L_Me_n,S3_separate_events,no_age_gate,215,0,0,0,0,0,0,0
079_Et_L_Me_n,S3_separate_events,hold_missing_gas_10s,215,0,0,0,0,0,0,0
079_Et_L_Me_n,S3_separate_events,hold_missing_person_10s,215,0,0,0,0,0,0,0
079_Et_L_Me_n,S4_gas_dropout,S1_full,215,10,34,0,0,0,10,0
079_Et_L_Me_n,S4_gas_dropout,gas_only,215,10,0,0,0,10,0,0
079_Et_L_Me_n,S4_gas_dropout,simple_OR,215,10,0,0,0,0,0,0
079_Et_L_Me_n,S4_gas_dropout,simple_AND,215,10,34,0,0,0,0,0
079_Et_L_Me_n,S4_gas_dropout,no_zone_gate,215,10,34,0,0,0,0,0
079_Et_L_Me_n,S4_gas_dropout,no_age_gate,215,10,34,0,0,0,0,0
079_Et_L_Me_n,S4_gas_dropout,hold_missing_gas_10s,215,10,44,10,10,0,0,0
079_Et_L_Me_n,S4_gas_dropout,hold_missing_person_10s,215,10,34,0,0,0,0,0
079_Et_L_Me_n,S4_person_dropout,S1_full,215,10,36,0,0,0,10,0
079_Et_L_Me_n,S4_person_dropout,gas_only,215,10,0,0,0,0,0,0
079_Et_L_Me_n,S4_person_dropout,simple_OR,215,10,0,0,0,0,0,0
079_Et_L_Me_n,S4_person_dropout,simple_AND,215,10,36,0,0,0,0,0
079_Et_L_Me_n,S4_person_dropout,no_zone_gate,215,10,36,0,0,0,0,0
079_Et_L_Me_n,S4_person_dropout,no_age_gate,215,10,36,0,0,0,0,0
079_Et_L_Me_n,S4_person_dropout,hold_missing_gas_10s,215,10,36,0,0,0,0,0
079_Et_L_Me_n,S4_person_dropout,hold_missing_person_10s,215,10,46,10,10,0,0,0
079_Et_L_Me_n,S4_wrong_zone,S1_full,215,10,36,0,0,0,10,0
079_Et_L_Me_n,S4_wrong_zone,gas_only,215,10,0,0,0,0,0,0
079_Et_L_Me_n,S4_wrong_zone,simple_OR,215,10,0,0,0,0,0,0
079_Et_L_Me_n,S4_wrong_zone,simple_AND,215,10,46,10,10,0,0,0
079_Et_L_Me_n,S4_wrong_zone,no_zone_gate,215,10,46,10,10,0,0,0
079_Et_L_Me_n,S4_wrong_zone,no_age_gate,215,10,36,0,0,0,0,0
079_Et_L_Me_n,S4_wrong_zone,hold_missing_gas_10s,215,10,36,0,0,0,0,0
079_Et_L_Me_n,S4_wrong_zone,hold_missing_person_10s,215,10,36,0,0,0,0,0
079_Et_L_Me_n,S4_stale_gas,S1_full,215,10,36,0,0,0,10,0
079_Et_L_Me_n,S4_stale_gas,gas_only,215,10,0,0,0,10,0,0
079_Et_L_Me_n,S4_stale_gas,simple_OR,215,10,0,0,0,0,0,0
079_Et_L_Me_n,S4_stale_gas,simple_AND,215,10,36,0,0,0,0,0
079_Et_L_Me_n,S4_stale_gas,no_zone_gate,215,10,36,0,0,0,0,0
079_Et_L_Me_n,S4_stale_gas,no_age_gate,215,10,46,10,10,0,0,0
079_Et_L_Me_n,S4_stale_gas,hold_missing_gas_10s,215,10,36,0,0,0,0,0
079_Et_L_Me_n,S4_stale_gas,hold_missing_person_10s,215,10,36,0,0,0,0,0
082_Et_L_CO_L,S0_outside,S1_full,215,0,0,0,0,0,0,0
082_Et_L_CO_L,S0_outside,gas_only,215,0,0,0,0,0,0,0
082_Et_L_CO_L,S0_outside,simple_OR,215,0,0,0,0,0,0,0
082_Et_L_CO_L,S0_outside,simple_AND,215,0,0,0,0,0,0,0
082_Et_L_CO_L,S0_outside,no_zone_gate,215,0,0,0,0,0,0,0
082_Et_L_CO_L,S0_outside,no_age_gate,215,0,0,0,0,0,0,0
082_Et_L_CO_L,S0_outside,hold_missing_gas_10s,215,0,0,0,0,0,0,0
082_Et_L_CO_L,S0_outside,hold_missing_person_10s,215,0,0,0,0,0,0,0
082_Et_L_CO_L,S1_early_background,S1_full,35,0,0,0,0,0,0,0
082_Et_L_CO_L,S1_early_background,gas_only,35,0,0,0,0,0,0,0
082_Et_L_CO_L,S1_early_background,simple_OR,35,0,0,0,0,0,0,0
082_Et_L_CO_L,S1_early_background,simple_AND,35,0,0,0,0,0,0,0
082_Et_L_CO_L,S1_early_background,no_zone_gate,35,0,0,0,0,0,0,0
082_Et_L_CO_L,S1_early_background,no_age_gate,35,0,0,0,0,0,0,0
082_Et_L_CO_L,S1_early_background,hold_missing_gas_10s,35,0,0,0,0,0,0,0
082_Et_L_CO_L,S1_early_background,hold_missing_person_10s,35,0,0,0,0,0,0,0
082_Et_L_CO_L,S2_possible_overlap,S1_full,215,0,49,0,10,0,0,0
082_Et_L_CO_L,S2_possible_overlap,gas_only,215,0,0,0,0,0,0,0
082_Et_L_CO_L,S2_possible_overlap,simple_OR,215,0,0,0,0,0,0,0
082_Et_L_CO_L,S2_possible_overlap,simple_AND,215,0,49,0,10,0,0,0
082_Et_L_CO_L,S2_possible_overlap,no_zone_gate,215,0,49,0,10,0,0,0
082_Et_L_CO_L,S2_possible_overlap,no_age_gate,215,0,49,0,10,0,0,0
082_Et_L_CO_L,S2_possible_overlap,hold_missing_gas_10s,215,0,49,0,10,0,0,0
082_Et_L_CO_L,S2_possible_overlap,hold_missing_person_10s,215,0,49,0,10,0,0,0
082_Et_L_CO_L,S3_separate_events,S1_full,215,0,0,0,0,0,0,0
082_Et_L_CO_L,S3_separate_events,gas_only,215,0,0,0,0,0,0,0
082_Et_L_CO_L,S3_separate_events,simple_OR,215,0,0,0,0,0,0,0
082_Et_L_CO_L,S3_separate_events,simple_AND,215,0,0,0,0,0,0,0
082_Et_L_CO_L,S3_separate_events,no_zone_gate,215,0,0,0,0,0,0,0
082_Et_L_CO_L,S3_separate_events,no_age_gate,215,0,0,0,0,0,0,0
082_Et_L_CO_L,S3_separate_events,hold_missing_gas_10s,215,0,0,0,0,0,0,0
082_Et_L_CO_L,S3_separate_events,hold_missing_person_10s,215,0,0,0,0,0,0,0
082_Et_L_CO_L,S4_gas_dropout,S1_full,215,10,37,0,0,0,10,0
082_Et_L_CO_L,S4_gas_dropout,gas_only,215,10,0,0,0,10,0,0
082_Et_L_CO_L,S4_gas_dropout,simple_OR,215,10,0,0,0,0,0,0
082_Et_L_CO_L,S4_gas_dropout,simple_AND,215,10,37,0,0,0,0,0
082_Et_L_CO_L,S4_gas_dropout,no_zone_gate,215,10,37,0,0,0,0,0
082_Et_L_CO_L,S4_gas_dropout,no_age_gate,215,10,37,0,0,0,0,0
082_Et_L_CO_L,S4_gas_dropout,hold_missing_gas_10s,215,10,47,10,10,0,0,0
082_Et_L_CO_L,S4_gas_dropout,hold_missing_person_10s,215,10,37,0,0,0,0,0
082_Et_L_CO_L,S4_person_dropout,S1_full,215,10,39,0,0,0,10,0
082_Et_L_CO_L,S4_person_dropout,gas_only,215,10,0,0,0,0,0,0
082_Et_L_CO_L,S4_person_dropout,simple_OR,215,10,0,0,0,0,0,0
082_Et_L_CO_L,S4_person_dropout,simple_AND,215,10,39,0,0,0,0,0
082_Et_L_CO_L,S4_person_dropout,no_zone_gate,215,10,39,0,0,0,0,0
082_Et_L_CO_L,S4_person_dropout,no_age_gate,215,10,39,0,0,0,0,0
082_Et_L_CO_L,S4_person_dropout,hold_missing_gas_10s,215,10,39,0,0,0,0,0
082_Et_L_CO_L,S4_person_dropout,hold_missing_person_10s,215,10,49,10,10,0,0,0
082_Et_L_CO_L,S4_wrong_zone,S1_full,215,10,39,0,0,0,10,0
082_Et_L_CO_L,S4_wrong_zone,gas_only,215,10,0,0,0,0,0,0
082_Et_L_CO_L,S4_wrong_zone,simple_OR,215,10,0,0,0,0,0,0
082_Et_L_CO_L,S4_wrong_zone,simple_AND,215,10,49,10,10,0,0,0
082_Et_L_CO_L,S4_wrong_zone,no_zone_gate,215,10,49,10,10,0,0,0
082_Et_L_CO_L,S4_wrong_zone,no_age_gate,215,10,39,0,0,0,0,0
082_Et_L_CO_L,S4_wrong_zone,hold_missing_gas_10s,215,10,39,0,0,0,0,0
082_Et_L_CO_L,S4_wrong_zone,hold_missing_person_10s,215,10,39,0,0,0,0,0
082_Et_L_CO_L,S4_stale_gas,S1_full,215,10,39,0,0,0,10,0
082_Et_L_CO_L,S4_stale_gas,gas_only,215,10,0,0,0,10,0,0
082_Et_L_CO_L,S4_stale_gas,simple_OR,215,10,0,0,0,0,0,0
082_Et_L_CO_L,S4_stale_gas,simple_AND,215,10,39,0,0,0,0,0
082_Et_L_CO_L,S4_stale_gas,no_zone_gate,215,10,39,0,0,0,0,0
082_Et_L_CO_L,S4_stale_gas,no_age_gate,215,10,49,10,10,0,0,0
082_Et_L_CO_L,S4_stale_gas,hold_missing_gas_10s,215,10,39,0,0,0,0,0
082_Et_L_CO_L,S4_stale_gas,hold_missing_person_10s,215,10,39,0,0,0,0,0
083_Et_H_Me_H,S0_outside,S1_full,215,0,0,0,0,0,0,0
083_Et_H_Me_H,S0_outside,gas_only,215,0,0,0,0,0,0,0
083_Et_H_Me_H,S0_outside,simple_OR,215,0,0,0,0,0,0,0
083_Et_H_Me_H,S0_outside,simple_AND,215,0,0,0,0,0,0,0
083_Et_H_Me_H,S0_outside,no_zone_gate,215,0,0,0,0,0,0,0
083_Et_H_Me_H,S0_outside,no_age_gate,215,0,0,0,0,0,0,0
083_Et_H_Me_H,S0_outside,hold_missing_gas_10s,215,0,0,0,0,0,0,0
083_Et_H_Me_H,S0_outside,hold_missing_person_10s,215,0,0,0,0,0,0,0
083_Et_H_Me_H,S1_early_background,S1_full,35,0,0,0,0,0,0,0
083_Et_H_Me_H,S1_early_background,gas_only,35,0,0,0,0,0,0,0
083_Et_H_Me_H,S1_early_background,simple_OR,35,0,0,0,0,0,0,0
083_Et_H_Me_H,S1_early_background,simple_AND,35,0,0,0,0,0,0,0
083_Et_H_Me_H,S1_early_background,no_zone_gate,35,0,0,0,0,0,0,0
083_Et_H_Me_H,S1_early_background,no_age_gate,35,0,0,0,0,0,0,0
083_Et_H_Me_H,S1_early_background,hold_missing_gas_10s,35,0,0,0,0,0,0,0
083_Et_H_Me_H,S1_early_background,hold_missing_person_10s,35,0,0,0,0,0,0,0
083_Et_H_Me_H,S2_possible_overlap,S1_full,215,0,49,0,10,0,0,0
083_Et_H_Me_H,S2_possible_overlap,gas_only,215,0,0,0,0,0,0,0
083_Et_H_Me_H,S2_possible_overlap,simple_OR,215,0,0,0,0,0,0,0
083_Et_H_Me_H,S2_possible_overlap,simple_AND,215,0,49,0,10,0,0,0
083_Et_H_Me_H,S2_possible_overlap,no_zone_gate,215,0,49,0,10,0,0,0
083_Et_H_Me_H,S2_possible_overlap,no_age_gate,215,0,49,0,10,0,0,0
083_Et_H_Me_H,S2_possible_overlap,hold_missing_gas_10s,215,0,49,0,10,0,0,0
083_Et_H_Me_H,S2_possible_overlap,hold_missing_person_10s,215,0,49,0,10,0,0,0
083_Et_H_Me_H,S3_separate_events,S1_full,215,0,0,0,0,0,0,0
083_Et_H_Me_H,S3_separate_events,gas_only,215,0,0,0,0,0,0,0
083_Et_H_Me_H,S3_separate_events,simple_OR,215,0,0,0,0,0,0,0
083_Et_H_Me_H,S3_separate_events,simple_AND,215,0,0,0,0,0,0,0
083_Et_H_Me_H,S3_separate_events,no_zone_gate,215,0,0,0,0,0,0,0
083_Et_H_Me_H,S3_separate_events,no_age_gate,215,0,0,0,0,0,0,0
083_Et_H_Me_H,S3_separate_events,hold_missing_gas_10s,215,0,0,0,0,0,0,0
083_Et_H_Me_H,S3_separate_events,hold_missing_person_10s,215,0,0,0,0,0,0,0
083_Et_H_Me_H,S4_gas_dropout,S1_full,215,10,37,0,0,0,10,0
083_Et_H_Me_H,S4_gas_dropout,gas_only,215,10,0,0,0,10,0,0
083_Et_H_Me_H,S4_gas_dropout,simple_OR,215,10,0,0,0,0,0,0
083_Et_H_Me_H,S4_gas_dropout,simple_AND,215,10,37,0,0,0,0,0
083_Et_H_Me_H,S4_gas_dropout,no_zone_gate,215,10,37,0,0,0,0,0
083_Et_H_Me_H,S4_gas_dropout,no_age_gate,215,10,37,0,0,0,0,0
083_Et_H_Me_H,S4_gas_dropout,hold_missing_gas_10s,215,10,47,10,10,0,0,0
083_Et_H_Me_H,S4_gas_dropout,hold_missing_person_10s,215,10,37,0,0,0,0,0
083_Et_H_Me_H,S4_person_dropout,S1_full,215,10,39,0,0,0,10,0
083_Et_H_Me_H,S4_person_dropout,gas_only,215,10,0,0,0,0,0,0
083_Et_H_Me_H,S4_person_dropout,simple_OR,215,10,0,0,0,0,0,0
083_Et_H_Me_H,S4_person_dropout,simple_AND,215,10,39,0,0,0,0,0
083_Et_H_Me_H,S4_person_dropout,no_zone_gate,215,10,39,0,0,0,0,0
083_Et_H_Me_H,S4_person_dropout,no_age_gate,215,10,39,0,0,0,0,0
083_Et_H_Me_H,S4_person_dropout,hold_missing_gas_10s,215,10,39,0,0,0,0,0
083_Et_H_Me_H,S4_person_dropout,hold_missing_person_10s,215,10,49,10,10,0,0,0
083_Et_H_Me_H,S4_wrong_zone,S1_full,215,10,39,0,0,0,10,0
083_Et_H_Me_H,S4_wrong_zone,gas_only,215,10,0,0,0,0,0,0
083_Et_H_Me_H,S4_wrong_zone,simple_OR,215,10,0,0,0,0,0,0
083_Et_H_Me_H,S4_wrong_zone,simple_AND,215,10,49,10,10,0,0,0
083_Et_H_Me_H,S4_wrong_zone,no_zone_gate,215,10,49,10,10,0,0,0
083_Et_H_Me_H,S4_wrong_zone,no_age_gate,215,10,39,0,0,0,0,0
083_Et_H_Me_H,S4_wrong_zone,hold_missing_gas_10s,215,10,39,0,0,0,0,0
083_Et_H_Me_H,S4_wrong_zone,hold_missing_person_10s,215,10,39,0,0,0,0,0
083_Et_H_Me_H,S4_stale_gas,S1_full,215,10,39,0,0,0,10,0
083_Et_H_Me_H,S4_stale_gas,gas_only,215,10,0,0,0,10,0,0
083_Et_H_Me_H,S4_stale_gas,simple_OR,215,10,0,0,0,0,0,0
083_Et_H_Me_H,S4_stale_gas,simple_AND,215,10,39,0,0,0,0,0
083_Et_H_Me_H,S4_stale_gas,no_zone_gate,215,10,39,0,0,0,0,0
083_Et_H_Me_H,S4_stale_gas,no_age_gate,215,10,49,10,10,0,0,0
083_Et_H_Me_H,S4_stale_gas,hold_missing_gas_10s,215,10,39,0,0,0,0,0
083_Et_H_Me_H,S4_stale_gas,hold_missing_person_10s,215,10,39,0,0,0,0,0
084_Et_L_CO_M,S0_outside,S1_full,215,0,0,0,0,0,0,0
084_Et_L_CO_M,S0_outside,gas_only,215,0,0,0,0,0,0,0
084_Et_L_CO_M,S0_outside,simple_OR,215,0,0,0,0,0,0,0
084_Et_L_CO_M,S0_outside,simple_AND,215,0,0,0,0,0,0,0
084_Et_L_CO_M,S0_outside,no_zone_gate,215,0,0,0,0,0,0,0
084_Et_L_CO_M,S0_outside,no_age_gate,215,0,0,0,0,0,0,0
084_Et_L_CO_M,S0_outside,hold_missing_gas_10s,215,0,0,0,0,0,0,0
084_Et_L_CO_M,S0_outside,hold_missing_person_10s,215,0,0,0,0,0,0,0
084_Et_L_CO_M,S1_early_background,S1_full,35,0,0,0,0,0,0,0
084_Et_L_CO_M,S1_early_background,gas_only,35,0,0,0,0,0,0,0
084_Et_L_CO_M,S1_early_background,simple_OR,35,0,0,0,0,0,0,0
084_Et_L_CO_M,S1_early_background,simple_AND,35,0,0,0,0,0,0,0
084_Et_L_CO_M,S1_early_background,no_zone_gate,35,0,0,0,0,0,0,0
084_Et_L_CO_M,S1_early_background,no_age_gate,35,0,0,0,0,0,0,0
084_Et_L_CO_M,S1_early_background,hold_missing_gas_10s,35,0,0,0,0,0,0,0
084_Et_L_CO_M,S1_early_background,hold_missing_person_10s,35,0,0,0,0,0,0,0
084_Et_L_CO_M,S2_possible_overlap,S1_full,215,0,49,0,10,0,0,0
084_Et_L_CO_M,S2_possible_overlap,gas_only,215,0,0,0,0,0,0,0
084_Et_L_CO_M,S2_possible_overlap,simple_OR,215,0,0,0,0,0,0,0
084_Et_L_CO_M,S2_possible_overlap,simple_AND,215,0,49,0,10,0,0,0
084_Et_L_CO_M,S2_possible_overlap,no_zone_gate,215,0,49,0,10,0,0,0
084_Et_L_CO_M,S2_possible_overlap,no_age_gate,215,0,49,0,10,0,0,0
084_Et_L_CO_M,S2_possible_overlap,hold_missing_gas_10s,215,0,49,0,10,0,0,0
084_Et_L_CO_M,S2_possible_overlap,hold_missing_person_10s,215,0,49,0,10,0,0,0
084_Et_L_CO_M,S3_separate_events,S1_full,215,0,0,0,0,0,0,0
084_Et_L_CO_M,S3_separate_events,gas_only,215,0,0,0,0,0,0,0
084_Et_L_CO_M,S3_separate_events,simple_OR,215,0,0,0,0,0,0,0
084_Et_L_CO_M,S3_separate_events,simple_AND,215,0,0,0,0,0,0,0
084_Et_L_CO_M,S3_separate_events,no_zone_gate,215,0,0,0,0,0,0,0
084_Et_L_CO_M,S3_separate_events,no_age_gate,215,0,0,0,0,0,0,0
084_Et_L_CO_M,S3_separate_events,hold_missing_gas_10s,215,0,0,0,0,0,0,0
084_Et_L_CO_M,S3_separate_events,hold_missing_person_10s,215,0,0,0,0,0,0,0
084_Et_L_CO_M,S4_gas_dropout,S1_full,215,10,37,0,0,0,10,0
084_Et_L_CO_M,S4_gas_dropout,gas_only,215,10,0,0,0,10,0,0
084_Et_L_CO_M,S4_gas_dropout,simple_OR,215,10,0,0,0,0,0,0
084_Et_L_CO_M,S4_gas_dropout,simple_AND,215,10,37,0,0,0,0,0
084_Et_L_CO_M,S4_gas_dropout,no_zone_gate,215,10,37,0,0,0,0,0
084_Et_L_CO_M,S4_gas_dropout,no_age_gate,215,10,37,0,0,0,0,0
084_Et_L_CO_M,S4_gas_dropout,hold_missing_gas_10s,215,10,47,10,10,0,0,0
084_Et_L_CO_M,S4_gas_dropout,hold_missing_person_10s,215,10,37,0,0,0,0,0
084_Et_L_CO_M,S4_person_dropout,S1_full,215,10,39,0,0,0,10,0
084_Et_L_CO_M,S4_person_dropout,gas_only,215,10,0,0,0,0,0,0
084_Et_L_CO_M,S4_person_dropout,simple_OR,215,10,0,0,0,0,0,0
084_Et_L_CO_M,S4_person_dropout,simple_AND,215,10,39,0,0,0,0,0
084_Et_L_CO_M,S4_person_dropout,no_zone_gate,215,10,39,0,0,0,0,0
084_Et_L_CO_M,S4_person_dropout,no_age_gate,215,10,39,0,0,0,0,0
084_Et_L_CO_M,S4_person_dropout,hold_missing_gas_10s,215,10,39,0,0,0,0,0
084_Et_L_CO_M,S4_person_dropout,hold_missing_person_10s,215,10,49,10,10,0,0,0
084_Et_L_CO_M,S4_wrong_zone,S1_full,215,10,39,0,0,0,10,0
084_Et_L_CO_M,S4_wrong_zone,gas_only,215,10,0,0,0,0,0,0
084_Et_L_CO_M,S4_wrong_zone,simple_OR,215,10,0,0,0,0,0,0
084_Et_L_CO_M,S4_wrong_zone,simple_AND,215,10,49,10,10,0,0,0
084_Et_L_CO_M,S4_wrong_zone,no_zone_gate,215,10,49,10,10,0,0,0
084_Et_L_CO_M,S4_wrong_zone,no_age_gate,215,10,39,0,0,0,0,0
084_Et_L_CO_M,S4_wrong_zone,hold_missing_gas_10s,215,10,39,0,0,0,0,0
084_Et_L_CO_M,S4_wrong_zone,hold_missing_person_10s,215,10,39,0,0,0,0,0
084_Et_L_CO_M,S4_stale_gas,S1_full,215,10,39,0,0,0,10,0
084_Et_L_CO_M,S4_stale_gas,gas_only,215,10,0,0,0,10,0,0
084_Et_L_CO_M,S4_stale_gas,simple_OR,215,10,0,0,0,0,0,0
084_Et_L_CO_M,S4_stale_gas,simple_AND,215,10,39,0,0,0,0,0
084_Et_L_CO_M,S4_stale_gas,no_zone_gate,215,10,39,0,0,0,0,0
084_Et_L_CO_M,S4_stale_gas,no_age_gate,215,10,49,10,10,0,0,0
084_Et_L_CO_M,S4_stale_gas,hold_missing_gas_10s,215,10,39,0,0,0,0,0
084_Et_L_CO_M,S4_stale_gas,hold_missing_person_10s,215,10,39,0,0,0,0,0
090_Et_n_CO_M,S0_outside,S1_full,215,0,0,0,0,0,0,0
090_Et_n_CO_M,S0_outside,gas_only,215,0,0,0,0,0,0,0
090_Et_n_CO_M,S0_outside,simple_OR,215,0,0,0,0,0,0,0
090_Et_n_CO_M,S0_outside,simple_AND,215,0,0,0,0,0,0,0
090_Et_n_CO_M,S0_outside,no_zone_gate,215,0,0,0,0,0,0,0
090_Et_n_CO_M,S0_outside,no_age_gate,215,0,0,0,0,0,0,0
090_Et_n_CO_M,S0_outside,hold_missing_gas_10s,215,0,0,0,0,0,0,0
090_Et_n_CO_M,S0_outside,hold_missing_person_10s,215,0,0,0,0,0,0,0
090_Et_n_CO_M,S1_early_background,S1_full,35,0,0,0,0,0,0,0
090_Et_n_CO_M,S1_early_background,gas_only,35,0,0,0,0,0,0,0
090_Et_n_CO_M,S1_early_background,simple_OR,35,0,0,0,0,0,0,0
090_Et_n_CO_M,S1_early_background,simple_AND,35,0,0,0,0,0,0,0
090_Et_n_CO_M,S1_early_background,no_zone_gate,35,0,0,0,0,0,0,0
090_Et_n_CO_M,S1_early_background,no_age_gate,35,0,0,0,0,0,0,0
090_Et_n_CO_M,S1_early_background,hold_missing_gas_10s,35,0,0,0,0,0,0,0
090_Et_n_CO_M,S1_early_background,hold_missing_person_10s,35,0,0,0,0,0,0,0
090_Et_n_CO_M,S2_possible_overlap,S1_full,215,0,46,0,10,0,0,0
090_Et_n_CO_M,S2_possible_overlap,gas_only,215,0,0,0,0,0,0,0
090_Et_n_CO_M,S2_possible_overlap,simple_OR,215,0,0,0,0,0,0,0
090_Et_n_CO_M,S2_possible_overlap,simple_AND,215,0,46,0,10,0,0,0
090_Et_n_CO_M,S2_possible_overlap,no_zone_gate,215,0,46,0,10,0,0,0
090_Et_n_CO_M,S2_possible_overlap,no_age_gate,215,0,46,0,10,0,0,0
090_Et_n_CO_M,S2_possible_overlap,hold_missing_gas_10s,215,0,46,0,10,0,0,0
090_Et_n_CO_M,S2_possible_overlap,hold_missing_person_10s,215,0,46,0,10,0,0,0
090_Et_n_CO_M,S3_separate_events,S1_full,215,0,0,0,0,0,0,0
090_Et_n_CO_M,S3_separate_events,gas_only,215,0,0,0,0,0,0,0
090_Et_n_CO_M,S3_separate_events,simple_OR,215,0,0,0,0,0,0,0
090_Et_n_CO_M,S3_separate_events,simple_AND,215,0,0,0,0,0,0,0
090_Et_n_CO_M,S3_separate_events,no_zone_gate,215,0,0,0,0,0,0,0
090_Et_n_CO_M,S3_separate_events,no_age_gate,215,0,0,0,0,0,0,0
090_Et_n_CO_M,S3_separate_events,hold_missing_gas_10s,215,0,0,0,0,0,0,0
090_Et_n_CO_M,S3_separate_events,hold_missing_person_10s,215,0,0,0,0,0,0,0
090_Et_n_CO_M,S4_gas_dropout,S1_full,215,10,34,0,0,0,10,0
090_Et_n_CO_M,S4_gas_dropout,gas_only,215,10,0,0,0,10,0,0
090_Et_n_CO_M,S4_gas_dropout,simple_OR,215,10,0,0,0,0,0,0
090_Et_n_CO_M,S4_gas_dropout,simple_AND,215,10,34,0,0,0,0,0
090_Et_n_CO_M,S4_gas_dropout,no_zone_gate,215,10,34,0,0,0,0,0
090_Et_n_CO_M,S4_gas_dropout,no_age_gate,215,10,34,0,0,0,0,0
090_Et_n_CO_M,S4_gas_dropout,hold_missing_gas_10s,215,10,44,10,10,0,0,0
090_Et_n_CO_M,S4_gas_dropout,hold_missing_person_10s,215,10,34,0,0,0,0,0
090_Et_n_CO_M,S4_person_dropout,S1_full,215,10,36,0,0,0,10,0
090_Et_n_CO_M,S4_person_dropout,gas_only,215,10,0,0,0,0,0,0
090_Et_n_CO_M,S4_person_dropout,simple_OR,215,10,0,0,0,0,0,0
090_Et_n_CO_M,S4_person_dropout,simple_AND,215,10,36,0,0,0,0,0
090_Et_n_CO_M,S4_person_dropout,no_zone_gate,215,10,36,0,0,0,0,0
090_Et_n_CO_M,S4_person_dropout,no_age_gate,215,10,36,0,0,0,0,0
090_Et_n_CO_M,S4_person_dropout,hold_missing_gas_10s,215,10,36,0,0,0,0,0
090_Et_n_CO_M,S4_person_dropout,hold_missing_person_10s,215,10,46,10,10,0,0,0
090_Et_n_CO_M,S4_wrong_zone,S1_full,215,10,36,0,0,0,10,0
090_Et_n_CO_M,S4_wrong_zone,gas_only,215,10,0,0,0,0,0,0
090_Et_n_CO_M,S4_wrong_zone,simple_OR,215,10,0,0,0,0,0,0
090_Et_n_CO_M,S4_wrong_zone,simple_AND,215,10,46,10,10,0,0,0
090_Et_n_CO_M,S4_wrong_zone,no_zone_gate,215,10,46,10,10,0,0,0
090_Et_n_CO_M,S4_wrong_zone,no_age_gate,215,10,36,0,0,0,0,0
090_Et_n_CO_M,S4_wrong_zone,hold_missing_gas_10s,215,10,36,0,0,0,0,0
090_Et_n_CO_M,S4_wrong_zone,hold_missing_person_10s,215,10,36,0,0,0,0,0
090_Et_n_CO_M,S4_stale_gas,S1_full,215,10,36,0,0,0,10,0
090_Et_n_CO_M,S4_stale_gas,gas_only,215,10,0,0,0,10,0,0
090_Et_n_CO_M,S4_stale_gas,simple_OR,215,10,0,0,0,0,0,0
090_Et_n_CO_M,S4_stale_gas,simple_AND,215,10,36,0,0,0,0,0
090_Et_n_CO_M,S4_stale_gas,no_zone_gate,215,10,36,0,0,0,0,0
090_Et_n_CO_M,S4_stale_gas,no_age_gate,215,10,46,10,10,0,0,0
090_Et_n_CO_M,S4_stale_gas,hold_missing_gas_10s,215,10,36,0,0,0,0,0
090_Et_n_CO_M,S4_stale_gas,hold_missing_person_10s,215,10,36,0,0,0,0,0
091_Et_n_Me_H,S0_outside,S1_full,215,0,0,0,0,0,0,0
091_Et_n_Me_H,S0_outside,gas_only,215,0,0,0,0,0,0,0
091_Et_n_Me_H,S0_outside,simple_OR,215,0,0,0,0,0,0,0
091_Et_n_Me_H,S0_outside,simple_AND,215,0,0,0,0,0,0,0
091_Et_n_Me_H,S0_outside,no_zone_gate,215,0,0,0,0,0,0,0
091_Et_n_Me_H,S0_outside,no_age_gate,215,0,0,0,0,0,0,0
091_Et_n_Me_H,S0_outside,hold_missing_gas_10s,215,0,0,0,0,0,0,0
091_Et_n_Me_H,S0_outside,hold_missing_person_10s,215,0,0,0,0,0,0,0
091_Et_n_Me_H,S1_early_background,S1_full,35,0,0,0,0,0,0,0
091_Et_n_Me_H,S1_early_background,gas_only,35,0,0,0,0,0,0,0
091_Et_n_Me_H,S1_early_background,simple_OR,35,0,0,0,0,0,0,0
091_Et_n_Me_H,S1_early_background,simple_AND,35,0,0,0,0,0,0,0
091_Et_n_Me_H,S1_early_background,no_zone_gate,35,0,0,0,0,0,0,0
091_Et_n_Me_H,S1_early_background,no_age_gate,35,0,0,0,0,0,0,0
091_Et_n_Me_H,S1_early_background,hold_missing_gas_10s,35,0,0,0,0,0,0,0
091_Et_n_Me_H,S1_early_background,hold_missing_person_10s,35,0,0,0,0,0,0,0
091_Et_n_Me_H,S2_possible_overlap,S1_full,215,0,0,0,0,0,0,0
091_Et_n_Me_H,S2_possible_overlap,gas_only,215,0,0,0,0,0,0,0
091_Et_n_Me_H,S2_possible_overlap,simple_OR,215,0,0,0,0,0,0,0
091_Et_n_Me_H,S2_possible_overlap,simple_AND,215,0,0,0,0,0,0,0
091_Et_n_Me_H,S2_possible_overlap,no_zone_gate,215,0,0,0,0,0,0,0
091_Et_n_Me_H,S2_possible_overlap,no_age_gate,215,0,0,0,0,0,0,0
091_Et_n_Me_H,S2_possible_overlap,hold_missing_gas_10s,215,0,0,0,0,0,0,0
091_Et_n_Me_H,S2_possible_overlap,hold_missing_person_10s,215,0,0,0,0,0,0,0
091_Et_n_Me_H,S3_separate_events,S1_full,215,0,0,0,0,0,0,0
091_Et_n_Me_H,S3_separate_events,gas_only,215,0,0,0,0,0,0,0
091_Et_n_Me_H,S3_separate_events,simple_OR,215,0,0,0,0,0,0,0
091_Et_n_Me_H,S3_separate_events,simple_AND,215,0,0,0,0,0,0,0
091_Et_n_Me_H,S3_separate_events,no_zone_gate,215,0,0,0,0,0,0,0
091_Et_n_Me_H,S3_separate_events,no_age_gate,215,0,0,0,0,0,0,0
091_Et_n_Me_H,S3_separate_events,hold_missing_gas_10s,215,0,0,0,0,0,0,0
091_Et_n_Me_H,S3_separate_events,hold_missing_person_10s,215,0,0,0,0,0,0,0
091_Et_n_Me_H,S4_gas_dropout,S1_full,215,10,0,0,0,0,10,0
091_Et_n_Me_H,S4_gas_dropout,gas_only,215,10,0,0,0,10,0,0
091_Et_n_Me_H,S4_gas_dropout,simple_OR,215,10,0,0,0,0,0,0
091_Et_n_Me_H,S4_gas_dropout,simple_AND,215,10,0,0,0,0,0,0
091_Et_n_Me_H,S4_gas_dropout,no_zone_gate,215,10,0,0,0,0,0,0
091_Et_n_Me_H,S4_gas_dropout,no_age_gate,215,10,0,0,0,0,0,0
091_Et_n_Me_H,S4_gas_dropout,hold_missing_gas_10s,215,10,0,0,0,0,0,0
091_Et_n_Me_H,S4_gas_dropout,hold_missing_person_10s,215,10,0,0,0,0,0,0
091_Et_n_Me_H,S4_person_dropout,S1_full,215,10,0,0,0,0,10,0
091_Et_n_Me_H,S4_person_dropout,gas_only,215,10,0,0,0,0,0,0
091_Et_n_Me_H,S4_person_dropout,simple_OR,215,10,0,0,0,0,0,0
091_Et_n_Me_H,S4_person_dropout,simple_AND,215,10,0,0,0,0,0,0
091_Et_n_Me_H,S4_person_dropout,no_zone_gate,215,10,0,0,0,0,0,0
091_Et_n_Me_H,S4_person_dropout,no_age_gate,215,10,0,0,0,0,0,0
091_Et_n_Me_H,S4_person_dropout,hold_missing_gas_10s,215,10,0,0,0,0,0,0
091_Et_n_Me_H,S4_person_dropout,hold_missing_person_10s,215,10,0,0,0,0,0,0
091_Et_n_Me_H,S4_wrong_zone,S1_full,215,10,0,0,0,0,10,0
091_Et_n_Me_H,S4_wrong_zone,gas_only,215,10,0,0,0,0,0,0
091_Et_n_Me_H,S4_wrong_zone,simple_OR,215,10,0,0,0,0,0,0
091_Et_n_Me_H,S4_wrong_zone,simple_AND,215,10,0,0,0,0,0,0
091_Et_n_Me_H,S4_wrong_zone,no_zone_gate,215,10,0,0,0,0,0,0
091_Et_n_Me_H,S4_wrong_zone,no_age_gate,215,10,0,0,0,0,0,0
091_Et_n_Me_H,S4_wrong_zone,hold_missing_gas_10s,215,10,0,0,0,0,0,0
091_Et_n_Me_H,S4_wrong_zone,hold_missing_person_10s,215,10,0,0,0,0,0,0
091_Et_n_Me_H,S4_stale_gas,S1_full,215,10,0,0,0,0,10,0
091_Et_n_Me_H,S4_stale_gas,gas_only,215,10,0,0,0,10,0,0
091_Et_n_Me_H,S4_stale_gas,simple_OR,215,10,0,0,0,0,0,0
091_Et_n_Me_H,S4_stale_gas,simple_AND,215,10,0,0,0,0,0,0
091_Et_n_Me_H,S4_stale_gas,no_zone_gate,215,10,0,0,0,0,0,0
091_Et_n_Me_H,S4_stale_gas,no_age_gate,215,10,0,0,0,0,0,0
091_Et_n_Me_H,S4_stale_gas,hold_missing_gas_10s,215,10,0,0,0,0,0,0
091_Et_n_Me_H,S4_stale_gas,hold_missing_person_10s,215,10,0,0,0,0,0,0
094_Et_H_CO_M,S0_outside,S1_full,215,0,0,0,0,0,0,0
094_Et_H_CO_M,S0_outside,gas_only,215,0,0,0,0,0,0,0
094_Et_H_CO_M,S0_outside,simple_OR,215,0,0,0,0,0,0,0
094_Et_H_CO_M,S0_outside,simple_AND,215,0,0,0,0,0,0,0
094_Et_H_CO_M,S0_outside,no_zone_gate,215,0,0,0,0,0,0,0
094_Et_H_CO_M,S0_outside,no_age_gate,215,0,0,0,0,0,0,0
094_Et_H_CO_M,S0_outside,hold_missing_gas_10s,215,0,0,0,0,0,0,0
094_Et_H_CO_M,S0_outside,hold_missing_person_10s,215,0,0,0,0,0,0,0
094_Et_H_CO_M,S1_early_background,S1_full,35,0,0,0,0,0,0,0
094_Et_H_CO_M,S1_early_background,gas_only,35,0,0,0,0,0,0,0
094_Et_H_CO_M,S1_early_background,simple_OR,35,0,0,0,0,0,0,0
094_Et_H_CO_M,S1_early_background,simple_AND,35,0,0,0,0,0,0,0
094_Et_H_CO_M,S1_early_background,no_zone_gate,35,0,0,0,0,0,0,0
094_Et_H_CO_M,S1_early_background,no_age_gate,35,0,0,0,0,0,0,0
094_Et_H_CO_M,S1_early_background,hold_missing_gas_10s,35,0,0,0,0,0,0,0
094_Et_H_CO_M,S1_early_background,hold_missing_person_10s,35,0,0,0,0,0,0,0
094_Et_H_CO_M,S2_possible_overlap,S1_full,215,0,49,0,10,0,0,0
094_Et_H_CO_M,S2_possible_overlap,gas_only,215,0,0,0,0,0,0,0
094_Et_H_CO_M,S2_possible_overlap,simple_OR,215,0,0,0,0,0,0,0
094_Et_H_CO_M,S2_possible_overlap,simple_AND,215,0,49,0,10,0,0,0
094_Et_H_CO_M,S2_possible_overlap,no_zone_gate,215,0,49,0,10,0,0,0
094_Et_H_CO_M,S2_possible_overlap,no_age_gate,215,0,49,0,10,0,0,0
094_Et_H_CO_M,S2_possible_overlap,hold_missing_gas_10s,215,0,49,0,10,0,0,0
094_Et_H_CO_M,S2_possible_overlap,hold_missing_person_10s,215,0,49,0,10,0,0,0
094_Et_H_CO_M,S3_separate_events,S1_full,215,0,0,0,0,0,0,0
094_Et_H_CO_M,S3_separate_events,gas_only,215,0,0,0,0,0,0,0
094_Et_H_CO_M,S3_separate_events,simple_OR,215,0,0,0,0,0,0,0
094_Et_H_CO_M,S3_separate_events,simple_AND,215,0,0,0,0,0,0,0
094_Et_H_CO_M,S3_separate_events,no_zone_gate,215,0,0,0,0,0,0,0
094_Et_H_CO_M,S3_separate_events,no_age_gate,215,0,0,0,0,0,0,0
094_Et_H_CO_M,S3_separate_events,hold_missing_gas_10s,215,0,0,0,0,0,0,0
094_Et_H_CO_M,S3_separate_events,hold_missing_person_10s,215,0,0,0,0,0,0,0
094_Et_H_CO_M,S4_gas_dropout,S1_full,215,10,37,0,0,0,10,0
094_Et_H_CO_M,S4_gas_dropout,gas_only,215,10,0,0,0,10,0,0
094_Et_H_CO_M,S4_gas_dropout,simple_OR,215,10,0,0,0,0,0,0
094_Et_H_CO_M,S4_gas_dropout,simple_AND,215,10,37,0,0,0,0,0
094_Et_H_CO_M,S4_gas_dropout,no_zone_gate,215,10,37,0,0,0,0,0
094_Et_H_CO_M,S4_gas_dropout,no_age_gate,215,10,37,0,0,0,0,0
094_Et_H_CO_M,S4_gas_dropout,hold_missing_gas_10s,215,10,47,10,10,0,0,0
094_Et_H_CO_M,S4_gas_dropout,hold_missing_person_10s,215,10,37,0,0,0,0,0
094_Et_H_CO_M,S4_person_dropout,S1_full,215,10,39,0,0,0,10,0
094_Et_H_CO_M,S4_person_dropout,gas_only,215,10,0,0,0,0,0,0
094_Et_H_CO_M,S4_person_dropout,simple_OR,215,10,0,0,0,0,0,0
094_Et_H_CO_M,S4_person_dropout,simple_AND,215,10,39,0,0,0,0,0
094_Et_H_CO_M,S4_person_dropout,no_zone_gate,215,10,39,0,0,0,0,0
094_Et_H_CO_M,S4_person_dropout,no_age_gate,215,10,39,0,0,0,0,0
094_Et_H_CO_M,S4_person_dropout,hold_missing_gas_10s,215,10,39,0,0,0,0,0
094_Et_H_CO_M,S4_person_dropout,hold_missing_person_10s,215,10,49,10,10,0,0,0
094_Et_H_CO_M,S4_wrong_zone,S1_full,215,10,39,0,0,0,10,0
094_Et_H_CO_M,S4_wrong_zone,gas_only,215,10,0,0,0,0,0,0
094_Et_H_CO_M,S4_wrong_zone,simple_OR,215,10,0,0,0,0,0,0
094_Et_H_CO_M,S4_wrong_zone,simple_AND,215,10,49,10,10,0,0,0
094_Et_H_CO_M,S4_wrong_zone,no_zone_gate,215,10,49,10,10,0,0,0
094_Et_H_CO_M,S4_wrong_zone,no_age_gate,215,10,39,0,0,0,0,0
094_Et_H_CO_M,S4_wrong_zone,hold_missing_gas_10s,215,10,39,0,0,0,0,0
094_Et_H_CO_M,S4_wrong_zone,hold_missing_person_10s,215,10,39,0,0,0,0,0
094_Et_H_CO_M,S4_stale_gas,S1_full,215,10,39,0,0,0,10,0
094_Et_H_CO_M,S4_stale_gas,gas_only,215,10,0,0,0,10,0,0
094_Et_H_CO_M,S4_stale_gas,simple_OR,215,10,0,0,0,0,0,0
094_Et_H_CO_M,S4_stale_gas,simple_AND,215,10,39,0,0,0,0,0
094_Et_H_CO_M,S4_stale_gas,no_zone_gate,215,10,39,0,0,0,0,0
094_Et_H_CO_M,S4_stale_gas,no_age_gate,215,10,49,10,10,0,0,0
094_Et_H_CO_M,S4_stale_gas,hold_missing_gas_10s,215,10,39,0,0,0,0,0
094_Et_H_CO_M,S4_stale_gas,hold_missing_person_10s,215,10,39,0,0,0,0,0
095_Et_M_Me_n,S0_outside,S1_full,215,0,0,0,0,0,0,0
095_Et_M_Me_n,S0_outside,gas_only,215,0,0,0,0,0,0,0
095_Et_M_Me_n,S0_outside,simple_OR,215,0,0,0,0,0,0,0
095_Et_M_Me_n,S0_outside,simple_AND,215,0,0,0,0,0,0,0
095_Et_M_Me_n,S0_outside,no_zone_gate,215,0,0,0,0,0,0,0
095_Et_M_Me_n,S0_outside,no_age_gate,215,0,0,0,0,0,0,0
095_Et_M_Me_n,S0_outside,hold_missing_gas_10s,215,0,0,0,0,0,0,0
095_Et_M_Me_n,S0_outside,hold_missing_person_10s,215,0,0,0,0,0,0,0
095_Et_M_Me_n,S1_early_background,S1_full,35,0,0,0,0,0,0,0
095_Et_M_Me_n,S1_early_background,gas_only,35,0,0,0,0,0,0,0
095_Et_M_Me_n,S1_early_background,simple_OR,35,0,0,0,0,0,0,0
095_Et_M_Me_n,S1_early_background,simple_AND,35,0,0,0,0,0,0,0
095_Et_M_Me_n,S1_early_background,no_zone_gate,35,0,0,0,0,0,0,0
095_Et_M_Me_n,S1_early_background,no_age_gate,35,0,0,0,0,0,0,0
095_Et_M_Me_n,S1_early_background,hold_missing_gas_10s,35,0,0,0,0,0,0,0
095_Et_M_Me_n,S1_early_background,hold_missing_person_10s,35,0,0,0,0,0,0,0
095_Et_M_Me_n,S2_possible_overlap,S1_full,215,0,49,0,10,0,0,0
095_Et_M_Me_n,S2_possible_overlap,gas_only,215,0,0,0,0,0,0,0
095_Et_M_Me_n,S2_possible_overlap,simple_OR,215,0,0,0,0,0,0,0
095_Et_M_Me_n,S2_possible_overlap,simple_AND,215,0,49,0,10,0,0,0
095_Et_M_Me_n,S2_possible_overlap,no_zone_gate,215,0,49,0,10,0,0,0
095_Et_M_Me_n,S2_possible_overlap,no_age_gate,215,0,49,0,10,0,0,0
095_Et_M_Me_n,S2_possible_overlap,hold_missing_gas_10s,215,0,49,0,10,0,0,0
095_Et_M_Me_n,S2_possible_overlap,hold_missing_person_10s,215,0,49,0,10,0,0,0
095_Et_M_Me_n,S3_separate_events,S1_full,215,0,0,0,0,0,0,0
095_Et_M_Me_n,S3_separate_events,gas_only,215,0,0,0,0,0,0,0
095_Et_M_Me_n,S3_separate_events,simple_OR,215,0,0,0,0,0,0,0
095_Et_M_Me_n,S3_separate_events,simple_AND,215,0,0,0,0,0,0,0
095_Et_M_Me_n,S3_separate_events,no_zone_gate,215,0,0,0,0,0,0,0
095_Et_M_Me_n,S3_separate_events,no_age_gate,215,0,0,0,0,0,0,0
095_Et_M_Me_n,S3_separate_events,hold_missing_gas_10s,215,0,0,0,0,0,0,0
095_Et_M_Me_n,S3_separate_events,hold_missing_person_10s,215,0,0,0,0,0,0,0
095_Et_M_Me_n,S4_gas_dropout,S1_full,215,10,37,0,0,0,10,0
095_Et_M_Me_n,S4_gas_dropout,gas_only,215,10,0,0,0,10,0,0
095_Et_M_Me_n,S4_gas_dropout,simple_OR,215,10,0,0,0,0,0,0
095_Et_M_Me_n,S4_gas_dropout,simple_AND,215,10,37,0,0,0,0,0
095_Et_M_Me_n,S4_gas_dropout,no_zone_gate,215,10,37,0,0,0,0,0
095_Et_M_Me_n,S4_gas_dropout,no_age_gate,215,10,37,0,0,0,0,0
095_Et_M_Me_n,S4_gas_dropout,hold_missing_gas_10s,215,10,47,10,10,0,0,0
095_Et_M_Me_n,S4_gas_dropout,hold_missing_person_10s,215,10,37,0,0,0,0,0
095_Et_M_Me_n,S4_person_dropout,S1_full,215,10,39,0,0,0,10,0
095_Et_M_Me_n,S4_person_dropout,gas_only,215,10,0,0,0,0,0,0
095_Et_M_Me_n,S4_person_dropout,simple_OR,215,10,0,0,0,0,0,0
095_Et_M_Me_n,S4_person_dropout,simple_AND,215,10,39,0,0,0,0,0
095_Et_M_Me_n,S4_person_dropout,no_zone_gate,215,10,39,0,0,0,0,0
095_Et_M_Me_n,S4_person_dropout,no_age_gate,215,10,39,0,0,0,0,0
095_Et_M_Me_n,S4_person_dropout,hold_missing_gas_10s,215,10,39,0,0,0,0,0
095_Et_M_Me_n,S4_person_dropout,hold_missing_person_10s,215,10,49,10,10,0,0,0
095_Et_M_Me_n,S4_wrong_zone,S1_full,215,10,39,0,0,0,10,0
095_Et_M_Me_n,S4_wrong_zone,gas_only,215,10,0,0,0,0,0,0
095_Et_M_Me_n,S4_wrong_zone,simple_OR,215,10,0,0,0,0,0,0
095_Et_M_Me_n,S4_wrong_zone,simple_AND,215,10,49,10,10,0,0,0
095_Et_M_Me_n,S4_wrong_zone,no_zone_gate,215,10,49,10,10,0,0,0
095_Et_M_Me_n,S4_wrong_zone,no_age_gate,215,10,39,0,0,0,0,0
095_Et_M_Me_n,S4_wrong_zone,hold_missing_gas_10s,215,10,39,0,0,0,0,0
095_Et_M_Me_n,S4_wrong_zone,hold_missing_person_10s,215,10,39,0,0,0,0,0
095_Et_M_Me_n,S4_stale_gas,S1_full,215,10,39,0,0,0,10,0
095_Et_M_Me_n,S4_stale_gas,gas_only,215,10,0,0,0,10,0,0
095_Et_M_Me_n,S4_stale_gas,simple_OR,215,10,0,0,0,0,0,0
095_Et_M_Me_n,S4_stale_gas,simple_AND,215,10,39,0,0,0,0,0
095_Et_M_Me_n,S4_stale_gas,no_zone_gate,215,10,39,0,0,0,0,0
095_Et_M_Me_n,S4_stale_gas,no_age_gate,215,10,49,10,10,0,0,0
095_Et_M_Me_n,S4_stale_gas,hold_missing_gas_10s,215,10,39,0,0,0,0,0
095_Et_M_Me_n,S4_stale_gas,hold_missing_person_10s,215,10,39,0,0,0,0,0
099_Et_L_Me_H,S0_outside,S1_full,215,0,0,0,0,0,0,0
099_Et_L_Me_H,S0_outside,gas_only,215,0,0,0,0,0,0,0
099_Et_L_Me_H,S0_outside,simple_OR,215,0,0,0,0,0,0,0
099_Et_L_Me_H,S0_outside,simple_AND,215,0,0,0,0,0,0,0
099_Et_L_Me_H,S0_outside,no_zone_gate,215,0,0,0,0,0,0,0
099_Et_L_Me_H,S0_outside,no_age_gate,215,0,0,0,0,0,0,0
099_Et_L_Me_H,S0_outside,hold_missing_gas_10s,215,0,0,0,0,0,0,0
099_Et_L_Me_H,S0_outside,hold_missing_person_10s,215,0,0,0,0,0,0,0
099_Et_L_Me_H,S1_early_background,S1_full,35,0,0,0,0,0,0,0
099_Et_L_Me_H,S1_early_background,gas_only,35,0,0,0,0,0,0,0
099_Et_L_Me_H,S1_early_background,simple_OR,35,0,0,0,0,0,0,0
099_Et_L_Me_H,S1_early_background,simple_AND,35,0,0,0,0,0,0,0
099_Et_L_Me_H,S1_early_background,no_zone_gate,35,0,0,0,0,0,0,0
099_Et_L_Me_H,S1_early_background,no_age_gate,35,0,0,0,0,0,0,0
099_Et_L_Me_H,S1_early_background,hold_missing_gas_10s,35,0,0,0,0,0,0,0
099_Et_L_Me_H,S1_early_background,hold_missing_person_10s,35,0,0,0,0,0,0,0
099_Et_L_Me_H,S2_possible_overlap,S1_full,215,0,47,0,10,0,0,0
099_Et_L_Me_H,S2_possible_overlap,gas_only,215,0,0,0,0,0,0,0
099_Et_L_Me_H,S2_possible_overlap,simple_OR,215,0,0,0,0,0,0,0
099_Et_L_Me_H,S2_possible_overlap,simple_AND,215,0,47,0,10,0,0,0
099_Et_L_Me_H,S2_possible_overlap,no_zone_gate,215,0,47,0,10,0,0,0
099_Et_L_Me_H,S2_possible_overlap,no_age_gate,215,0,47,0,10,0,0,0
099_Et_L_Me_H,S2_possible_overlap,hold_missing_gas_10s,215,0,47,0,10,0,0,0
099_Et_L_Me_H,S2_possible_overlap,hold_missing_person_10s,215,0,47,0,10,0,0,0
099_Et_L_Me_H,S3_separate_events,S1_full,215,0,0,0,0,0,0,0
099_Et_L_Me_H,S3_separate_events,gas_only,215,0,0,0,0,0,0,0
099_Et_L_Me_H,S3_separate_events,simple_OR,215,0,0,0,0,0,0,0
099_Et_L_Me_H,S3_separate_events,simple_AND,215,0,0,0,0,0,0,0
099_Et_L_Me_H,S3_separate_events,no_zone_gate,215,0,0,0,0,0,0,0
099_Et_L_Me_H,S3_separate_events,no_age_gate,215,0,0,0,0,0,0,0
099_Et_L_Me_H,S3_separate_events,hold_missing_gas_10s,215,0,0,0,0,0,0,0
099_Et_L_Me_H,S3_separate_events,hold_missing_person_10s,215,0,0,0,0,0,0,0
099_Et_L_Me_H,S4_gas_dropout,S1_full,215,10,35,0,0,0,10,0
099_Et_L_Me_H,S4_gas_dropout,gas_only,215,10,0,0,0,10,0,0
099_Et_L_Me_H,S4_gas_dropout,simple_OR,215,10,0,0,0,0,0,0
099_Et_L_Me_H,S4_gas_dropout,simple_AND,215,10,35,0,0,0,0,0
099_Et_L_Me_H,S4_gas_dropout,no_zone_gate,215,10,35,0,0,0,0,0
099_Et_L_Me_H,S4_gas_dropout,no_age_gate,215,10,35,0,0,0,0,0
099_Et_L_Me_H,S4_gas_dropout,hold_missing_gas_10s,215,10,45,10,10,0,0,0
099_Et_L_Me_H,S4_gas_dropout,hold_missing_person_10s,215,10,35,0,0,0,0,0
099_Et_L_Me_H,S4_person_dropout,S1_full,215,10,37,0,0,0,10,0
099_Et_L_Me_H,S4_person_dropout,gas_only,215,10,0,0,0,0,0,0
099_Et_L_Me_H,S4_person_dropout,simple_OR,215,10,0,0,0,0,0,0
099_Et_L_Me_H,S4_person_dropout,simple_AND,215,10,37,0,0,0,0,0
099_Et_L_Me_H,S4_person_dropout,no_zone_gate,215,10,37,0,0,0,0,0
099_Et_L_Me_H,S4_person_dropout,no_age_gate,215,10,37,0,0,0,0,0
099_Et_L_Me_H,S4_person_dropout,hold_missing_gas_10s,215,10,37,0,0,0,0,0
099_Et_L_Me_H,S4_person_dropout,hold_missing_person_10s,215,10,47,10,10,0,0,0
099_Et_L_Me_H,S4_wrong_zone,S1_full,215,10,37,0,0,0,10,0
099_Et_L_Me_H,S4_wrong_zone,gas_only,215,10,0,0,0,0,0,0
099_Et_L_Me_H,S4_wrong_zone,simple_OR,215,10,0,0,0,0,0,0
099_Et_L_Me_H,S4_wrong_zone,simple_AND,215,10,47,10,10,0,0,0
099_Et_L_Me_H,S4_wrong_zone,no_zone_gate,215,10,47,10,10,0,0,0
099_Et_L_Me_H,S4_wrong_zone,no_age_gate,215,10,37,0,0,0,0,0
099_Et_L_Me_H,S4_wrong_zone,hold_missing_gas_10s,215,10,37,0,0,0,0,0
099_Et_L_Me_H,S4_wrong_zone,hold_missing_person_10s,215,10,37,0,0,0,0,0
099_Et_L_Me_H,S4_stale_gas,S1_full,215,10,37,0,0,0,10,0
099_Et_L_Me_H,S4_stale_gas,gas_only,215,10,0,0,0,10,0,0
099_Et_L_Me_H,S4_stale_gas,simple_OR,215,10,0,0,0,0,0,0
099_Et_L_Me_H,S4_stale_gas,simple_AND,215,10,37,0,0,0,0,0
099_Et_L_Me_H,S4_stale_gas,no_zone_gate,215,10,37,0,0,0,0,0
099_Et_L_Me_H,S4_stale_gas,no_age_gate,215,10,47,10,10,0,0,0
099_Et_L_Me_H,S4_stale_gas,hold_missing_gas_10s,215,10,37,0,0,0,0,0
099_Et_L_Me_H,S4_stale_gas,hold_missing_person_10s,215,10,37,0,0,0,0,0
103_Et_L_Me_M,S0_outside,S1_full,215,0,0,0,0,0,0,0
103_Et_L_Me_M,S0_outside,gas_only,215,0,0,0,0,0,0,0
103_Et_L_Me_M,S0_outside,simple_OR,215,0,0,0,0,0,0,0
103_Et_L_Me_M,S0_outside,simple_AND,215,0,0,0,0,0,0,0
103_Et_L_Me_M,S0_outside,no_zone_gate,215,0,0,0,0,0,0,0
103_Et_L_Me_M,S0_outside,no_age_gate,215,0,0,0,0,0,0,0
103_Et_L_Me_M,S0_outside,hold_missing_gas_10s,215,0,0,0,0,0,0,0
103_Et_L_Me_M,S0_outside,hold_missing_person_10s,215,0,0,0,0,0,0,0
103_Et_L_Me_M,S1_early_background,S1_full,35,0,0,0,0,0,0,0
103_Et_L_Me_M,S1_early_background,gas_only,35,0,0,0,0,0,0,0
103_Et_L_Me_M,S1_early_background,simple_OR,35,0,0,0,0,0,0,0
103_Et_L_Me_M,S1_early_background,simple_AND,35,0,0,0,0,0,0,0
103_Et_L_Me_M,S1_early_background,no_zone_gate,35,0,0,0,0,0,0,0
103_Et_L_Me_M,S1_early_background,no_age_gate,35,0,0,0,0,0,0,0
103_Et_L_Me_M,S1_early_background,hold_missing_gas_10s,35,0,0,0,0,0,0,0
103_Et_L_Me_M,S1_early_background,hold_missing_person_10s,35,0,0,0,0,0,0,0
103_Et_L_Me_M,S2_possible_overlap,S1_full,215,0,38,0,10,0,0,0
103_Et_L_Me_M,S2_possible_overlap,gas_only,215,0,0,0,0,0,0,0
103_Et_L_Me_M,S2_possible_overlap,simple_OR,215,0,0,0,0,0,0,0
103_Et_L_Me_M,S2_possible_overlap,simple_AND,215,0,38,0,10,0,0,0
103_Et_L_Me_M,S2_possible_overlap,no_zone_gate,215,0,38,0,10,0,0,0
103_Et_L_Me_M,S2_possible_overlap,no_age_gate,215,0,38,0,10,0,0,0
103_Et_L_Me_M,S2_possible_overlap,hold_missing_gas_10s,215,0,38,0,10,0,0,0
103_Et_L_Me_M,S2_possible_overlap,hold_missing_person_10s,215,0,38,0,10,0,0,0
103_Et_L_Me_M,S3_separate_events,S1_full,215,0,0,0,0,0,0,0
103_Et_L_Me_M,S3_separate_events,gas_only,215,0,0,0,0,0,0,0
103_Et_L_Me_M,S3_separate_events,simple_OR,215,0,0,0,0,0,0,0
103_Et_L_Me_M,S3_separate_events,simple_AND,215,0,0,0,0,0,0,0
103_Et_L_Me_M,S3_separate_events,no_zone_gate,215,0,0,0,0,0,0,0
103_Et_L_Me_M,S3_separate_events,no_age_gate,215,0,0,0,0,0,0,0
103_Et_L_Me_M,S3_separate_events,hold_missing_gas_10s,215,0,0,0,0,0,0,0
103_Et_L_Me_M,S3_separate_events,hold_missing_person_10s,215,0,0,0,0,0,0,0
103_Et_L_Me_M,S4_gas_dropout,S1_full,215,10,26,0,0,0,10,0
103_Et_L_Me_M,S4_gas_dropout,gas_only,215,10,0,0,0,10,0,0
103_Et_L_Me_M,S4_gas_dropout,simple_OR,215,10,0,0,0,0,0,0
103_Et_L_Me_M,S4_gas_dropout,simple_AND,215,10,26,0,0,0,0,0
103_Et_L_Me_M,S4_gas_dropout,no_zone_gate,215,10,26,0,0,0,0,0
103_Et_L_Me_M,S4_gas_dropout,no_age_gate,215,10,26,0,0,0,0,0
103_Et_L_Me_M,S4_gas_dropout,hold_missing_gas_10s,215,10,36,10,10,0,0,0
103_Et_L_Me_M,S4_gas_dropout,hold_missing_person_10s,215,10,26,0,0,0,0,0
103_Et_L_Me_M,S4_person_dropout,S1_full,215,10,28,0,0,0,10,0
103_Et_L_Me_M,S4_person_dropout,gas_only,215,10,0,0,0,0,0,0
103_Et_L_Me_M,S4_person_dropout,simple_OR,215,10,0,0,0,0,0,0
103_Et_L_Me_M,S4_person_dropout,simple_AND,215,10,28,0,0,0,0,0
103_Et_L_Me_M,S4_person_dropout,no_zone_gate,215,10,28,0,0,0,0,0
103_Et_L_Me_M,S4_person_dropout,no_age_gate,215,10,28,0,0,0,0,0
103_Et_L_Me_M,S4_person_dropout,hold_missing_gas_10s,215,10,28,0,0,0,0,0
103_Et_L_Me_M,S4_person_dropout,hold_missing_person_10s,215,10,38,10,10,0,0,0
103_Et_L_Me_M,S4_wrong_zone,S1_full,215,10,28,0,0,0,10,0
103_Et_L_Me_M,S4_wrong_zone,gas_only,215,10,0,0,0,0,0,0
103_Et_L_Me_M,S4_wrong_zone,simple_OR,215,10,0,0,0,0,0,0
103_Et_L_Me_M,S4_wrong_zone,simple_AND,215,10,38,10,10,0,0,0
103_Et_L_Me_M,S4_wrong_zone,no_zone_gate,215,10,38,10,10,0,0,0
103_Et_L_Me_M,S4_wrong_zone,no_age_gate,215,10,28,0,0,0,0,0
103_Et_L_Me_M,S4_wrong_zone,hold_missing_gas_10s,215,10,28,0,0,0,0,0
103_Et_L_Me_M,S4_wrong_zone,hold_missing_person_10s,215,10,28,0,0,0,0,0
103_Et_L_Me_M,S4_stale_gas,S1_full,215,10,28,0,0,0,10,0
103_Et_L_Me_M,S4_stale_gas,gas_only,215,10,0,0,0,10,0,0
103_Et_L_Me_M,S4_stale_gas,simple_OR,215,10,0,0,0,0,0,0
103_Et_L_Me_M,S4_stale_gas,simple_AND,215,10,28,0,0,0,0,0
103_Et_L_Me_M,S4_stale_gas,no_zone_gate,215,10,28,0,0,0,0,0
103_Et_L_Me_M,S4_stale_gas,no_age_gate,215,10,38,10,10,0,0,0
103_Et_L_Me_M,S4_stale_gas,hold_missing_gas_10s,215,10,28,0,0,0,0,0
103_Et_L_Me_M,S4_stale_gas,hold_missing_person_10s,215,10,28,0,0,0,0,0
109_Et_H_Me_L,S0_outside,S1_full,215,0,0,0,0,0,0,0
109_Et_H_Me_L,S0_outside,gas_only,215,0,0,0,0,0,0,0
109_Et_H_Me_L,S0_outside,simple_OR,215,0,0,0,0,0,0,0
109_Et_H_Me_L,S0_outside,simple_AND,215,0,0,0,0,0,0,0
109_Et_H_Me_L,S0_outside,no_zone_gate,215,0,0,0,0,0,0,0
109_Et_H_Me_L,S0_outside,no_age_gate,215,0,0,0,0,0,0,0
109_Et_H_Me_L,S0_outside,hold_missing_gas_10s,215,0,0,0,0,0,0,0
109_Et_H_Me_L,S0_outside,hold_missing_person_10s,215,0,0,0,0,0,0,0
109_Et_H_Me_L,S1_early_background,S1_full,35,0,0,0,0,0,0,0
109_Et_H_Me_L,S1_early_background,gas_only,35,0,0,0,0,0,0,0
109_Et_H_Me_L,S1_early_background,simple_OR,35,0,0,0,0,0,0,0
109_Et_H_Me_L,S1_early_background,simple_AND,35,0,0,0,0,0,0,0
109_Et_H_Me_L,S1_early_background,no_zone_gate,35,0,0,0,0,0,0,0
109_Et_H_Me_L,S1_early_background,no_age_gate,35,0,0,0,0,0,0,0
109_Et_H_Me_L,S1_early_background,hold_missing_gas_10s,35,0,0,0,0,0,0,0
109_Et_H_Me_L,S1_early_background,hold_missing_person_10s,35,0,0,0,0,0,0,0
109_Et_H_Me_L,S2_possible_overlap,S1_full,215,0,49,0,10,0,0,0
109_Et_H_Me_L,S2_possible_overlap,gas_only,215,0,0,0,0,0,0,0
109_Et_H_Me_L,S2_possible_overlap,simple_OR,215,0,0,0,0,0,0,0
109_Et_H_Me_L,S2_possible_overlap,simple_AND,215,0,49,0,10,0,0,0
109_Et_H_Me_L,S2_possible_overlap,no_zone_gate,215,0,49,0,10,0,0,0
109_Et_H_Me_L,S2_possible_overlap,no_age_gate,215,0,49,0,10,0,0,0
109_Et_H_Me_L,S2_possible_overlap,hold_missing_gas_10s,215,0,49,0,10,0,0,0
109_Et_H_Me_L,S2_possible_overlap,hold_missing_person_10s,215,0,49,0,10,0,0,0
109_Et_H_Me_L,S3_separate_events,S1_full,215,0,0,0,0,0,0,0
109_Et_H_Me_L,S3_separate_events,gas_only,215,0,0,0,0,0,0,0
109_Et_H_Me_L,S3_separate_events,simple_OR,215,0,0,0,0,0,0,0
109_Et_H_Me_L,S3_separate_events,simple_AND,215,0,0,0,0,0,0,0
109_Et_H_Me_L,S3_separate_events,no_zone_gate,215,0,0,0,0,0,0,0
109_Et_H_Me_L,S3_separate_events,no_age_gate,215,0,0,0,0,0,0,0
109_Et_H_Me_L,S3_separate_events,hold_missing_gas_10s,215,0,0,0,0,0,0,0
109_Et_H_Me_L,S3_separate_events,hold_missing_person_10s,215,0,0,0,0,0,0,0
109_Et_H_Me_L,S4_gas_dropout,S1_full,215,10,37,0,0,0,10,0
109_Et_H_Me_L,S4_gas_dropout,gas_only,215,10,0,0,0,10,0,0
109_Et_H_Me_L,S4_gas_dropout,simple_OR,215,10,0,0,0,0,0,0
109_Et_H_Me_L,S4_gas_dropout,simple_AND,215,10,37,0,0,0,0,0
109_Et_H_Me_L,S4_gas_dropout,no_zone_gate,215,10,37,0,0,0,0,0
109_Et_H_Me_L,S4_gas_dropout,no_age_gate,215,10,37,0,0,0,0,0
109_Et_H_Me_L,S4_gas_dropout,hold_missing_gas_10s,215,10,47,10,10,0,0,0
109_Et_H_Me_L,S4_gas_dropout,hold_missing_person_10s,215,10,37,0,0,0,0,0
109_Et_H_Me_L,S4_person_dropout,S1_full,215,10,39,0,0,0,10,0
109_Et_H_Me_L,S4_person_dropout,gas_only,215,10,0,0,0,0,0,0
109_Et_H_Me_L,S4_person_dropout,simple_OR,215,10,0,0,0,0,0,0
109_Et_H_Me_L,S4_person_dropout,simple_AND,215,10,39,0,0,0,0,0
109_Et_H_Me_L,S4_person_dropout,no_zone_gate,215,10,39,0,0,0,0,0
109_Et_H_Me_L,S4_person_dropout,no_age_gate,215,10,39,0,0,0,0,0
109_Et_H_Me_L,S4_person_dropout,hold_missing_gas_10s,215,10,39,0,0,0,0,0
109_Et_H_Me_L,S4_person_dropout,hold_missing_person_10s,215,10,49,10,10,0,0,0
109_Et_H_Me_L,S4_wrong_zone,S1_full,215,10,39,0,0,0,10,0
109_Et_H_Me_L,S4_wrong_zone,gas_only,215,10,0,0,0,0,0,0
109_Et_H_Me_L,S4_wrong_zone,simple_OR,215,10,0,0,0,0,0,0
109_Et_H_Me_L,S4_wrong_zone,simple_AND,215,10,49,10,10,0,0,0
109_Et_H_Me_L,S4_wrong_zone,no_zone_gate,215,10,49,10,10,0,0,0
109_Et_H_Me_L,S4_wrong_zone,no_age_gate,215,10,39,0,0,0,0,0
109_Et_H_Me_L,S4_wrong_zone,hold_missing_gas_10s,215,10,39,0,0,0,0,0
109_Et_H_Me_L,S4_wrong_zone,hold_missing_person_10s,215,10,39,0,0,0,0,0
109_Et_H_Me_L,S4_stale_gas,S1_full,215,10,39,0,0,0,10,0
109_Et_H_Me_L,S4_stale_gas,gas_only,215,10,0,0,0,10,0,0
109_Et_H_Me_L,S4_stale_gas,simple_OR,215,10,0,0,0,0,0,0
109_Et_H_Me_L,S4_stale_gas,simple_AND,215,10,39,0,0,0,0,0
109_Et_H_Me_L,S4_stale_gas,no_zone_gate,215,10,39,0,0,0,0,0
109_Et_H_Me_L,S4_stale_gas,no_age_gate,215,10,49,10,10,0,0,0
109_Et_H_Me_L,S4_stale_gas,hold_missing_gas_10s,215,10,39,0,0,0,0,0
109_Et_H_Me_L,S4_stale_gas,hold_missing_person_10s,215,10,39,0,0,0,0,0
110_Et_M_CO_n,S0_outside,S1_full,215,0,0,0,0,0,0,0
110_Et_M_CO_n,S0_outside,gas_only,215,0,0,0,0,0,0,0
110_Et_M_CO_n,S0_outside,simple_OR,215,0,0,0,0,0,0,0
110_Et_M_CO_n,S0_outside,simple_AND,215,0,0,0,0,0,0,0
110_Et_M_CO_n,S0_outside,no_zone_gate,215,0,0,0,0,0,0,0
110_Et_M_CO_n,S0_outside,no_age_gate,215,0,0,0,0,0,0,0
110_Et_M_CO_n,S0_outside,hold_missing_gas_10s,215,0,0,0,0,0,0,0
110_Et_M_CO_n,S0_outside,hold_missing_person_10s,215,0,0,0,0,0,0,0
110_Et_M_CO_n,S1_early_background,S1_full,35,0,0,0,0,0,0,0
110_Et_M_CO_n,S1_early_background,gas_only,35,0,0,0,0,0,0,0
110_Et_M_CO_n,S1_early_background,simple_OR,35,0,0,0,0,0,0,0
110_Et_M_CO_n,S1_early_background,simple_AND,35,0,0,0,0,0,0,0
110_Et_M_CO_n,S1_early_background,no_zone_gate,35,0,0,0,0,0,0,0
110_Et_M_CO_n,S1_early_background,no_age_gate,35,0,0,0,0,0,0,0
110_Et_M_CO_n,S1_early_background,hold_missing_gas_10s,35,0,0,0,0,0,0,0
110_Et_M_CO_n,S1_early_background,hold_missing_person_10s,35,0,0,0,0,0,0,0
110_Et_M_CO_n,S2_possible_overlap,S1_full,215,0,49,0,10,0,0,0
110_Et_M_CO_n,S2_possible_overlap,gas_only,215,0,0,0,0,0,0,0
110_Et_M_CO_n,S2_possible_overlap,simple_OR,215,0,0,0,0,0,0,0
110_Et_M_CO_n,S2_possible_overlap,simple_AND,215,0,49,0,10,0,0,0
110_Et_M_CO_n,S2_possible_overlap,no_zone_gate,215,0,49,0,10,0,0,0
110_Et_M_CO_n,S2_possible_overlap,no_age_gate,215,0,49,0,10,0,0,0
110_Et_M_CO_n,S2_possible_overlap,hold_missing_gas_10s,215,0,49,0,10,0,0,0
110_Et_M_CO_n,S2_possible_overlap,hold_missing_person_10s,215,0,49,0,10,0,0,0
110_Et_M_CO_n,S3_separate_events,S1_full,215,0,0,0,0,0,0,0
110_Et_M_CO_n,S3_separate_events,gas_only,215,0,0,0,0,0,0,0
110_Et_M_CO_n,S3_separate_events,simple_OR,215,0,0,0,0,0,0,0
110_Et_M_CO_n,S3_separate_events,simple_AND,215,0,0,0,0,0,0,0
110_Et_M_CO_n,S3_separate_events,no_zone_gate,215,0,0,0,0,0,0,0
110_Et_M_CO_n,S3_separate_events,no_age_gate,215,0,0,0,0,0,0,0
110_Et_M_CO_n,S3_separate_events,hold_missing_gas_10s,215,0,0,0,0,0,0,0
110_Et_M_CO_n,S3_separate_events,hold_missing_person_10s,215,0,0,0,0,0,0,0
110_Et_M_CO_n,S4_gas_dropout,S1_full,215,10,37,0,0,0,10,0
110_Et_M_CO_n,S4_gas_dropout,gas_only,215,10,0,0,0,10,0,0
110_Et_M_CO_n,S4_gas_dropout,simple_OR,215,10,0,0,0,0,0,0
110_Et_M_CO_n,S4_gas_dropout,simple_AND,215,10,37,0,0,0,0,0
110_Et_M_CO_n,S4_gas_dropout,no_zone_gate,215,10,37,0,0,0,0,0
110_Et_M_CO_n,S4_gas_dropout,no_age_gate,215,10,37,0,0,0,0,0
110_Et_M_CO_n,S4_gas_dropout,hold_missing_gas_10s,215,10,47,10,10,0,0,0
110_Et_M_CO_n,S4_gas_dropout,hold_missing_person_10s,215,10,37,0,0,0,0,0
110_Et_M_CO_n,S4_person_dropout,S1_full,215,10,39,0,0,0,10,0
110_Et_M_CO_n,S4_person_dropout,gas_only,215,10,0,0,0,0,0,0
110_Et_M_CO_n,S4_person_dropout,simple_OR,215,10,0,0,0,0,0,0
110_Et_M_CO_n,S4_person_dropout,simple_AND,215,10,39,0,0,0,0,0
110_Et_M_CO_n,S4_person_dropout,no_zone_gate,215,10,39,0,0,0,0,0
110_Et_M_CO_n,S4_person_dropout,no_age_gate,215,10,39,0,0,0,0,0
110_Et_M_CO_n,S4_person_dropout,hold_missing_gas_10s,215,10,39,0,0,0,0,0
110_Et_M_CO_n,S4_person_dropout,hold_missing_person_10s,215,10,49,10,10,0,0,0
110_Et_M_CO_n,S4_wrong_zone,S1_full,215,10,39,0,0,0,10,0
110_Et_M_CO_n,S4_wrong_zone,gas_only,215,10,0,0,0,0,0,0
110_Et_M_CO_n,S4_wrong_zone,simple_OR,215,10,0,0,0,0,0,0
110_Et_M_CO_n,S4_wrong_zone,simple_AND,215,10,49,10,10,0,0,0
110_Et_M_CO_n,S4_wrong_zone,no_zone_gate,215,10,49,10,10,0,0,0
110_Et_M_CO_n,S4_wrong_zone,no_age_gate,215,10,39,0,0,0,0,0
110_Et_M_CO_n,S4_wrong_zone,hold_missing_gas_10s,215,10,39,0,0,0,0,0
110_Et_M_CO_n,S4_wrong_zone,hold_missing_person_10s,215,10,39,0,0,0,0,0
110_Et_M_CO_n,S4_stale_gas,S1_full,215,10,39,0,0,0,10,0
110_Et_M_CO_n,S4_stale_gas,gas_only,215,10,0,0,0,10,0,0
110_Et_M_CO_n,S4_stale_gas,simple_OR,215,10,0,0,0,0,0,0
110_Et_M_CO_n,S4_stale_gas,simple_AND,215,10,39,0,0,0,0,0
110_Et_M_CO_n,S4_stale_gas,no_zone_gate,215,10,39,0,0,0,0,0
110_Et_M_CO_n,S4_stale_gas,no_age_gate,215,10,49,10,10,0,0,0
110_Et_M_CO_n,S4_stale_gas,hold_missing_gas_10s,215,10,39,0,0,0,0,0
110_Et_M_CO_n,S4_stale_gas,hold_missing_person_10s,215,10,39,0,0,0,0,0
116_Et_L_CO_L,S0_outside,S1_full,215,0,0,0,0,0,0,0
116_Et_L_CO_L,S0_outside,gas_only,215,0,0,0,0,0,0,0
116_Et_L_CO_L,S0_outside,simple_OR,215,0,0,0,0,0,0,0
116_Et_L_CO_L,S0_outside,simple_AND,215,0,0,0,0,0,0,0
116_Et_L_CO_L,S0_outside,no_zone_gate,215,0,0,0,0,0,0,0
116_Et_L_CO_L,S0_outside,no_age_gate,215,0,0,0,0,0,0,0
116_Et_L_CO_L,S0_outside,hold_missing_gas_10s,215,0,0,0,0,0,0,0
116_Et_L_CO_L,S0_outside,hold_missing_person_10s,215,0,0,0,0,0,0,0
116_Et_L_CO_L,S1_early_background,S1_full,35,0,0,0,0,0,0,0
116_Et_L_CO_L,S1_early_background,gas_only,35,0,0,0,0,0,0,0
116_Et_L_CO_L,S1_early_background,simple_OR,35,0,0,0,0,0,0,0
116_Et_L_CO_L,S1_early_background,simple_AND,35,0,0,0,0,0,0,0
116_Et_L_CO_L,S1_early_background,no_zone_gate,35,0,0,0,0,0,0,0
116_Et_L_CO_L,S1_early_background,no_age_gate,35,0,0,0,0,0,0,0
116_Et_L_CO_L,S1_early_background,hold_missing_gas_10s,35,0,0,0,0,0,0,0
116_Et_L_CO_L,S1_early_background,hold_missing_person_10s,35,0,0,0,0,0,0,0
116_Et_L_CO_L,S2_possible_overlap,S1_full,215,0,49,0,10,0,0,0
116_Et_L_CO_L,S2_possible_overlap,gas_only,215,0,0,0,0,0,0,0
116_Et_L_CO_L,S2_possible_overlap,simple_OR,215,0,0,0,0,0,0,0
116_Et_L_CO_L,S2_possible_overlap,simple_AND,215,0,49,0,10,0,0,0
116_Et_L_CO_L,S2_possible_overlap,no_zone_gate,215,0,49,0,10,0,0,0
116_Et_L_CO_L,S2_possible_overlap,no_age_gate,215,0,49,0,10,0,0,0
116_Et_L_CO_L,S2_possible_overlap,hold_missing_gas_10s,215,0,49,0,10,0,0,0
116_Et_L_CO_L,S2_possible_overlap,hold_missing_person_10s,215,0,49,0,10,0,0,0
116_Et_L_CO_L,S3_separate_events,S1_full,215,0,0,0,0,0,0,0
116_Et_L_CO_L,S3_separate_events,gas_only,215,0,0,0,0,0,0,0
116_Et_L_CO_L,S3_separate_events,simple_OR,215,0,0,0,0,0,0,0
116_Et_L_CO_L,S3_separate_events,simple_AND,215,0,0,0,0,0,0,0
116_Et_L_CO_L,S3_separate_events,no_zone_gate,215,0,0,0,0,0,0,0
116_Et_L_CO_L,S3_separate_events,no_age_gate,215,0,0,0,0,0,0,0
116_Et_L_CO_L,S3_separate_events,hold_missing_gas_10s,215,0,0,0,0,0,0,0
116_Et_L_CO_L,S3_separate_events,hold_missing_person_10s,215,0,0,0,0,0,0,0
116_Et_L_CO_L,S4_gas_dropout,S1_full,215,10,37,0,0,0,10,0
116_Et_L_CO_L,S4_gas_dropout,gas_only,215,10,0,0,0,10,0,0
116_Et_L_CO_L,S4_gas_dropout,simple_OR,215,10,0,0,0,0,0,0
116_Et_L_CO_L,S4_gas_dropout,simple_AND,215,10,37,0,0,0,0,0
116_Et_L_CO_L,S4_gas_dropout,no_zone_gate,215,10,37,0,0,0,0,0
116_Et_L_CO_L,S4_gas_dropout,no_age_gate,215,10,37,0,0,0,0,0
116_Et_L_CO_L,S4_gas_dropout,hold_missing_gas_10s,215,10,47,10,10,0,0,0
116_Et_L_CO_L,S4_gas_dropout,hold_missing_person_10s,215,10,37,0,0,0,0,0
116_Et_L_CO_L,S4_person_dropout,S1_full,215,10,39,0,0,0,10,0
116_Et_L_CO_L,S4_person_dropout,gas_only,215,10,0,0,0,0,0,0
116_Et_L_CO_L,S4_person_dropout,simple_OR,215,10,0,0,0,0,0,0
116_Et_L_CO_L,S4_person_dropout,simple_AND,215,10,39,0,0,0,0,0
116_Et_L_CO_L,S4_person_dropout,no_zone_gate,215,10,39,0,0,0,0,0
116_Et_L_CO_L,S4_person_dropout,no_age_gate,215,10,39,0,0,0,0,0
116_Et_L_CO_L,S4_person_dropout,hold_missing_gas_10s,215,10,39,0,0,0,0,0
116_Et_L_CO_L,S4_person_dropout,hold_missing_person_10s,215,10,49,10,10,0,0,0
116_Et_L_CO_L,S4_wrong_zone,S1_full,215,10,39,0,0,0,10,0
116_Et_L_CO_L,S4_wrong_zone,gas_only,215,10,0,0,0,0,0,0
116_Et_L_CO_L,S4_wrong_zone,simple_OR,215,10,0,0,0,0,0,0
116_Et_L_CO_L,S4_wrong_zone,simple_AND,215,10,49,10,10,0,0,0
116_Et_L_CO_L,S4_wrong_zone,no_zone_gate,215,10,49,10,10,0,0,0
116_Et_L_CO_L,S4_wrong_zone,no_age_gate,215,10,39,0,0,0,0,0
116_Et_L_CO_L,S4_wrong_zone,hold_missing_gas_10s,215,10,39,0,0,0,0,0
116_Et_L_CO_L,S4_wrong_zone,hold_missing_person_10s,215,10,39,0,0,0,0,0
116_Et_L_CO_L,S4_stale_gas,S1_full,215,10,39,0,0,0,10,0
116_Et_L_CO_L,S4_stale_gas,gas_only,215,10,0,0,0,10,0,0
116_Et_L_CO_L,S4_stale_gas,simple_OR,215,10,0,0,0,0,0,0
116_Et_L_CO_L,S4_stale_gas,simple_AND,215,10,39,0,0,0,0,0
116_Et_L_CO_L,S4_stale_gas,no_zone_gate,215,10,39,0,0,0,0,0
116_Et_L_CO_L,S4_stale_gas,no_age_gate,215,10,49,10,10,0,0,0
116_Et_L_CO_L,S4_stale_gas,hold_missing_gas_10s,215,10,39,0,0,0,0,0
116_Et_L_CO_L,S4_stale_gas,hold_missing_person_10s,215,10,39,0,0,0,0,0
118_Et_L_CO_M,S0_outside,S1_full,215,0,0,0,0,0,0,0
118_Et_L_CO_M,S0_outside,gas_only,215,0,0,0,0,0,0,0
118_Et_L_CO_M,S0_outside,simple_OR,215,0,0,0,0,0,0,0
118_Et_L_CO_M,S0_outside,simple_AND,215,0,0,0,0,0,0,0
118_Et_L_CO_M,S0_outside,no_zone_gate,215,0,0,0,0,0,0,0
118_Et_L_CO_M,S0_outside,no_age_gate,215,0,0,0,0,0,0,0
118_Et_L_CO_M,S0_outside,hold_missing_gas_10s,215,0,0,0,0,0,0,0
118_Et_L_CO_M,S0_outside,hold_missing_person_10s,215,0,0,0,0,0,0,0
118_Et_L_CO_M,S1_early_background,S1_full,35,0,0,0,0,0,0,0
118_Et_L_CO_M,S1_early_background,gas_only,35,0,0,0,0,0,0,0
118_Et_L_CO_M,S1_early_background,simple_OR,35,0,0,0,0,0,0,0
118_Et_L_CO_M,S1_early_background,simple_AND,35,0,0,0,0,0,0,0
118_Et_L_CO_M,S1_early_background,no_zone_gate,35,0,0,0,0,0,0,0
118_Et_L_CO_M,S1_early_background,no_age_gate,35,0,0,0,0,0,0,0
118_Et_L_CO_M,S1_early_background,hold_missing_gas_10s,35,0,0,0,0,0,0,0
118_Et_L_CO_M,S1_early_background,hold_missing_person_10s,35,0,0,0,0,0,0,0
118_Et_L_CO_M,S2_possible_overlap,S1_full,215,0,47,0,10,0,0,0
118_Et_L_CO_M,S2_possible_overlap,gas_only,215,0,0,0,0,0,0,0
118_Et_L_CO_M,S2_possible_overlap,simple_OR,215,0,0,0,0,0,0,0
118_Et_L_CO_M,S2_possible_overlap,simple_AND,215,0,47,0,10,0,0,0
118_Et_L_CO_M,S2_possible_overlap,no_zone_gate,215,0,47,0,10,0,0,0
118_Et_L_CO_M,S2_possible_overlap,no_age_gate,215,0,47,0,10,0,0,0
118_Et_L_CO_M,S2_possible_overlap,hold_missing_gas_10s,215,0,47,0,10,0,0,0
118_Et_L_CO_M,S2_possible_overlap,hold_missing_person_10s,215,0,47,0,10,0,0,0
118_Et_L_CO_M,S3_separate_events,S1_full,215,0,0,0,0,0,0,0
118_Et_L_CO_M,S3_separate_events,gas_only,215,0,0,0,0,0,0,0
118_Et_L_CO_M,S3_separate_events,simple_OR,215,0,0,0,0,0,0,0
118_Et_L_CO_M,S3_separate_events,simple_AND,215,0,0,0,0,0,0,0
118_Et_L_CO_M,S3_separate_events,no_zone_gate,215,0,0,0,0,0,0,0
118_Et_L_CO_M,S3_separate_events,no_age_gate,215,0,0,0,0,0,0,0
118_Et_L_CO_M,S3_separate_events,hold_missing_gas_10s,215,0,0,0,0,0,0,0
118_Et_L_CO_M,S3_separate_events,hold_missing_person_10s,215,0,0,0,0,0,0,0
118_Et_L_CO_M,S4_gas_dropout,S1_full,215,10,35,0,0,0,10,0
118_Et_L_CO_M,S4_gas_dropout,gas_only,215,10,0,0,0,10,0,0
118_Et_L_CO_M,S4_gas_dropout,simple_OR,215,10,0,0,0,0,0,0
118_Et_L_CO_M,S4_gas_dropout,simple_AND,215,10,35,0,0,0,0,0
118_Et_L_CO_M,S4_gas_dropout,no_zone_gate,215,10,35,0,0,0,0,0
118_Et_L_CO_M,S4_gas_dropout,no_age_gate,215,10,35,0,0,0,0,0
118_Et_L_CO_M,S4_gas_dropout,hold_missing_gas_10s,215,10,45,10,10,0,0,0
118_Et_L_CO_M,S4_gas_dropout,hold_missing_person_10s,215,10,35,0,0,0,0,0
118_Et_L_CO_M,S4_person_dropout,S1_full,215,10,37,0,0,0,10,0
118_Et_L_CO_M,S4_person_dropout,gas_only,215,10,0,0,0,0,0,0
118_Et_L_CO_M,S4_person_dropout,simple_OR,215,10,0,0,0,0,0,0
118_Et_L_CO_M,S4_person_dropout,simple_AND,215,10,37,0,0,0,0,0
118_Et_L_CO_M,S4_person_dropout,no_zone_gate,215,10,37,0,0,0,0,0
118_Et_L_CO_M,S4_person_dropout,no_age_gate,215,10,37,0,0,0,0,0
118_Et_L_CO_M,S4_person_dropout,hold_missing_gas_10s,215,10,37,0,0,0,0,0
118_Et_L_CO_M,S4_person_dropout,hold_missing_person_10s,215,10,47,10,10,0,0,0
118_Et_L_CO_M,S4_wrong_zone,S1_full,215,10,37,0,0,0,10,0
118_Et_L_CO_M,S4_wrong_zone,gas_only,215,10,0,0,0,0,0,0
118_Et_L_CO_M,S4_wrong_zone,simple_OR,215,10,0,0,0,0,0,0
118_Et_L_CO_M,S4_wrong_zone,simple_AND,215,10,47,10,10,0,0,0
118_Et_L_CO_M,S4_wrong_zone,no_zone_gate,215,10,47,10,10,0,0,0
118_Et_L_CO_M,S4_wrong_zone,no_age_gate,215,10,37,0,0,0,0,0
118_Et_L_CO_M,S4_wrong_zone,hold_missing_gas_10s,215,10,37,0,0,0,0,0
118_Et_L_CO_M,S4_wrong_zone,hold_missing_person_10s,215,10,37,0,0,0,0,0
118_Et_L_CO_M,S4_stale_gas,S1_full,215,10,37,0,0,0,10,0
118_Et_L_CO_M,S4_stale_gas,gas_only,215,10,0,0,0,10,0,0
118_Et_L_CO_M,S4_stale_gas,simple_OR,215,10,0,0,0,0,0,0
118_Et_L_CO_M,S4_stale_gas,simple_AND,215,10,37,0,0,0,0,0
118_Et_L_CO_M,S4_stale_gas,no_zone_gate,215,10,37,0,0,0,0,0
118_Et_L_CO_M,S4_stale_gas,no_age_gate,215,10,47,10,10,0,0,0
118_Et_L_CO_M,S4_stale_gas,hold_missing_gas_10s,215,10,37,0,0,0,0,0
118_Et_L_CO_M,S4_stale_gas,hold_missing_person_10s,215,10,37,0,0,0,0,0
125_Et_M_Me_M,S0_outside,S1_full,215,0,0,0,0,0,0,0
125_Et_M_Me_M,S0_outside,gas_only,215,0,0,0,0,0,0,0
125_Et_M_Me_M,S0_outside,simple_OR,215,0,0,0,0,0,0,0
125_Et_M_Me_M,S0_outside,simple_AND,215,0,0,0,0,0,0,0
125_Et_M_Me_M,S0_outside,no_zone_gate,215,0,0,0,0,0,0,0
125_Et_M_Me_M,S0_outside,no_age_gate,215,0,0,0,0,0,0,0
125_Et_M_Me_M,S0_outside,hold_missing_gas_10s,215,0,0,0,0,0,0,0
125_Et_M_Me_M,S0_outside,hold_missing_person_10s,215,0,0,0,0,0,0,0
125_Et_M_Me_M,S1_early_background,S1_full,35,0,0,0,0,0,0,0
125_Et_M_Me_M,S1_early_background,gas_only,35,0,0,0,0,0,0,0
125_Et_M_Me_M,S1_early_background,simple_OR,35,0,0,0,0,0,0,0
125_Et_M_Me_M,S1_early_background,simple_AND,35,0,0,0,0,0,0,0
125_Et_M_Me_M,S1_early_background,no_zone_gate,35,0,0,0,0,0,0,0
125_Et_M_Me_M,S1_early_background,no_age_gate,35,0,0,0,0,0,0,0
125_Et_M_Me_M,S1_early_background,hold_missing_gas_10s,35,0,0,0,0,0,0,0
125_Et_M_Me_M,S1_early_background,hold_missing_person_10s,35,0,0,0,0,0,0,0
125_Et_M_Me_M,S2_possible_overlap,S1_full,215,0,48,0,10,0,0,0
125_Et_M_Me_M,S2_possible_overlap,gas_only,215,0,0,0,0,0,0,0
125_Et_M_Me_M,S2_possible_overlap,simple_OR,215,0,0,0,0,0,0,0
125_Et_M_Me_M,S2_possible_overlap,simple_AND,215,0,48,0,10,0,0,0
125_Et_M_Me_M,S2_possible_overlap,no_zone_gate,215,0,48,0,10,0,0,0
125_Et_M_Me_M,S2_possible_overlap,no_age_gate,215,0,48,0,10,0,0,0
125_Et_M_Me_M,S2_possible_overlap,hold_missing_gas_10s,215,0,48,0,10,0,0,0
125_Et_M_Me_M,S2_possible_overlap,hold_missing_person_10s,215,0,48,0,10,0,0,0
125_Et_M_Me_M,S3_separate_events,S1_full,215,0,0,0,0,0,0,0
125_Et_M_Me_M,S3_separate_events,gas_only,215,0,0,0,0,0,0,0
125_Et_M_Me_M,S3_separate_events,simple_OR,215,0,0,0,0,0,0,0
125_Et_M_Me_M,S3_separate_events,simple_AND,215,0,0,0,0,0,0,0
125_Et_M_Me_M,S3_separate_events,no_zone_gate,215,0,0,0,0,0,0,0
125_Et_M_Me_M,S3_separate_events,no_age_gate,215,0,0,0,0,0,0,0
125_Et_M_Me_M,S3_separate_events,hold_missing_gas_10s,215,0,0,0,0,0,0,0
125_Et_M_Me_M,S3_separate_events,hold_missing_person_10s,215,0,0,0,0,0,0,0
125_Et_M_Me_M,S4_gas_dropout,S1_full,215,10,36,0,0,0,10,0
125_Et_M_Me_M,S4_gas_dropout,gas_only,215,10,0,0,0,10,0,0
125_Et_M_Me_M,S4_gas_dropout,simple_OR,215,10,0,0,0,0,0,0
125_Et_M_Me_M,S4_gas_dropout,simple_AND,215,10,36,0,0,0,0,0
125_Et_M_Me_M,S4_gas_dropout,no_zone_gate,215,10,36,0,0,0,0,0
125_Et_M_Me_M,S4_gas_dropout,no_age_gate,215,10,36,0,0,0,0,0
125_Et_M_Me_M,S4_gas_dropout,hold_missing_gas_10s,215,10,46,10,10,0,0,0
125_Et_M_Me_M,S4_gas_dropout,hold_missing_person_10s,215,10,36,0,0,0,0,0
125_Et_M_Me_M,S4_person_dropout,S1_full,215,10,38,0,0,0,10,0
125_Et_M_Me_M,S4_person_dropout,gas_only,215,10,0,0,0,0,0,0
125_Et_M_Me_M,S4_person_dropout,simple_OR,215,10,0,0,0,0,0,0
125_Et_M_Me_M,S4_person_dropout,simple_AND,215,10,38,0,0,0,0,0
125_Et_M_Me_M,S4_person_dropout,no_zone_gate,215,10,38,0,0,0,0,0
125_Et_M_Me_M,S4_person_dropout,no_age_gate,215,10,38,0,0,0,0,0
125_Et_M_Me_M,S4_person_dropout,hold_missing_gas_10s,215,10,38,0,0,0,0,0
125_Et_M_Me_M,S4_person_dropout,hold_missing_person_10s,215,10,48,10,10,0,0,0
125_Et_M_Me_M,S4_wrong_zone,S1_full,215,10,38,0,0,0,10,0
125_Et_M_Me_M,S4_wrong_zone,gas_only,215,10,0,0,0,0,0,0
125_Et_M_Me_M,S4_wrong_zone,simple_OR,215,10,0,0,0,0,0,0
125_Et_M_Me_M,S4_wrong_zone,simple_AND,215,10,48,10,10,0,0,0
125_Et_M_Me_M,S4_wrong_zone,no_zone_gate,215,10,48,10,10,0,0,0
125_Et_M_Me_M,S4_wrong_zone,no_age_gate,215,10,38,0,0,0,0,0
125_Et_M_Me_M,S4_wrong_zone,hold_missing_gas_10s,215,10,38,0,0,0,0,0
125_Et_M_Me_M,S4_wrong_zone,hold_missing_person_10s,215,10,38,0,0,0,0,0
125_Et_M_Me_M,S4_stale_gas,S1_full,215,10,38,0,0,0,10,0
125_Et_M_Me_M,S4_stale_gas,gas_only,215,10,0,0,0,10,0,0
125_Et_M_Me_M,S4_stale_gas,simple_OR,215,10,0,0,0,0,0,0
125_Et_M_Me_M,S4_stale_gas,simple_AND,215,10,38,0,0,0,0,0
125_Et_M_Me_M,S4_stale_gas,no_zone_gate,215,10,38,0,0,0,0,0
125_Et_M_Me_M,S4_stale_gas,no_age_gate,215,10,48,10,10,0,0,0
125_Et_M_Me_M,S4_stale_gas,hold_missing_gas_10s,215,10,38,0,0,0,0,0
125_Et_M_Me_M,S4_stale_gas,hold_missing_person_10s,215,10,38,0,0,0,0,0
128_Et_n_CO_L,S0_outside,S1_full,215,0,0,0,0,0,0,0
128_Et_n_CO_L,S0_outside,gas_only,215,0,0,0,0,0,0,0
128_Et_n_CO_L,S0_outside,simple_OR,215,0,0,0,0,0,0,0
128_Et_n_CO_L,S0_outside,simple_AND,215,0,0,0,0,0,0,0
128_Et_n_CO_L,S0_outside,no_zone_gate,215,0,0,0,0,0,0,0
128_Et_n_CO_L,S0_outside,no_age_gate,215,0,0,0,0,0,0,0
128_Et_n_CO_L,S0_outside,hold_missing_gas_10s,215,0,0,0,0,0,0,0
128_Et_n_CO_L,S0_outside,hold_missing_person_10s,215,0,0,0,0,0,0,0
128_Et_n_CO_L,S1_early_background,S1_full,35,0,0,0,0,0,0,0
128_Et_n_CO_L,S1_early_background,gas_only,35,0,0,0,0,0,0,0
128_Et_n_CO_L,S1_early_background,simple_OR,35,0,0,0,0,0,0,0
128_Et_n_CO_L,S1_early_background,simple_AND,35,0,0,0,0,0,0,0
128_Et_n_CO_L,S1_early_background,no_zone_gate,35,0,0,0,0,0,0,0
128_Et_n_CO_L,S1_early_background,no_age_gate,35,0,0,0,0,0,0,0
128_Et_n_CO_L,S1_early_background,hold_missing_gas_10s,35,0,0,0,0,0,0,0
128_Et_n_CO_L,S1_early_background,hold_missing_person_10s,35,0,0,0,0,0,0,0
128_Et_n_CO_L,S2_possible_overlap,S1_full,215,0,37,0,10,0,0,0
128_Et_n_CO_L,S2_possible_overlap,gas_only,215,0,0,0,0,0,0,0
128_Et_n_CO_L,S2_possible_overlap,simple_OR,215,0,0,0,0,0,0,0
128_Et_n_CO_L,S2_possible_overlap,simple_AND,215,0,37,0,10,0,0,0
128_Et_n_CO_L,S2_possible_overlap,no_zone_gate,215,0,37,0,10,0,0,0
128_Et_n_CO_L,S2_possible_overlap,no_age_gate,215,0,37,0,10,0,0,0
128_Et_n_CO_L,S2_possible_overlap,hold_missing_gas_10s,215,0,37,0,10,0,0,0
128_Et_n_CO_L,S2_possible_overlap,hold_missing_person_10s,215,0,37,0,10,0,0,0
128_Et_n_CO_L,S3_separate_events,S1_full,215,0,0,0,0,0,0,0
128_Et_n_CO_L,S3_separate_events,gas_only,215,0,0,0,0,0,0,0
128_Et_n_CO_L,S3_separate_events,simple_OR,215,0,0,0,0,0,0,0
128_Et_n_CO_L,S3_separate_events,simple_AND,215,0,0,0,0,0,0,0
128_Et_n_CO_L,S3_separate_events,no_zone_gate,215,0,0,0,0,0,0,0
128_Et_n_CO_L,S3_separate_events,no_age_gate,215,0,0,0,0,0,0,0
128_Et_n_CO_L,S3_separate_events,hold_missing_gas_10s,215,0,0,0,0,0,0,0
128_Et_n_CO_L,S3_separate_events,hold_missing_person_10s,215,0,0,0,0,0,0,0
128_Et_n_CO_L,S4_gas_dropout,S1_full,215,10,25,0,0,0,10,0
128_Et_n_CO_L,S4_gas_dropout,gas_only,215,10,0,0,0,10,0,0
128_Et_n_CO_L,S4_gas_dropout,simple_OR,215,10,0,0,0,0,0,0
128_Et_n_CO_L,S4_gas_dropout,simple_AND,215,10,25,0,0,0,0,0
128_Et_n_CO_L,S4_gas_dropout,no_zone_gate,215,10,25,0,0,0,0,0
128_Et_n_CO_L,S4_gas_dropout,no_age_gate,215,10,25,0,0,0,0,0
128_Et_n_CO_L,S4_gas_dropout,hold_missing_gas_10s,215,10,35,10,10,0,0,0
128_Et_n_CO_L,S4_gas_dropout,hold_missing_person_10s,215,10,25,0,0,0,0,0
128_Et_n_CO_L,S4_person_dropout,S1_full,215,10,27,0,0,0,10,0
128_Et_n_CO_L,S4_person_dropout,gas_only,215,10,0,0,0,0,0,0
128_Et_n_CO_L,S4_person_dropout,simple_OR,215,10,0,0,0,0,0,0
128_Et_n_CO_L,S4_person_dropout,simple_AND,215,10,27,0,0,0,0,0
128_Et_n_CO_L,S4_person_dropout,no_zone_gate,215,10,27,0,0,0,0,0
128_Et_n_CO_L,S4_person_dropout,no_age_gate,215,10,27,0,0,0,0,0
128_Et_n_CO_L,S4_person_dropout,hold_missing_gas_10s,215,10,27,0,0,0,0,0
128_Et_n_CO_L,S4_person_dropout,hold_missing_person_10s,215,10,37,10,10,0,0,0
128_Et_n_CO_L,S4_wrong_zone,S1_full,215,10,27,0,0,0,10,0
128_Et_n_CO_L,S4_wrong_zone,gas_only,215,10,0,0,0,0,0,0
128_Et_n_CO_L,S4_wrong_zone,simple_OR,215,10,0,0,0,0,0,0
128_Et_n_CO_L,S4_wrong_zone,simple_AND,215,10,37,10,10,0,0,0
128_Et_n_CO_L,S4_wrong_zone,no_zone_gate,215,10,37,10,10,0,0,0
128_Et_n_CO_L,S4_wrong_zone,no_age_gate,215,10,27,0,0,0,0,0
128_Et_n_CO_L,S4_wrong_zone,hold_missing_gas_10s,215,10,27,0,0,0,0,0
128_Et_n_CO_L,S4_wrong_zone,hold_missing_person_10s,215,10,27,0,0,0,0,0
128_Et_n_CO_L,S4_stale_gas,S1_full,215,10,27,0,0,0,10,0
128_Et_n_CO_L,S4_stale_gas,gas_only,215,10,0,0,0,10,0,0
128_Et_n_CO_L,S4_stale_gas,simple_OR,215,10,0,0,0,0,0,0
128_Et_n_CO_L,S4_stale_gas,simple_AND,215,10,27,0,0,0,0,0
128_Et_n_CO_L,S4_stale_gas,no_zone_gate,215,10,27,0,0,0,0,0
128_Et_n_CO_L,S4_stale_gas,no_age_gate,215,10,37,10,10,0,0,0
128_Et_n_CO_L,S4_stale_gas,hold_missing_gas_10s,215,10,27,0,0,0,0,0
128_Et_n_CO_L,S4_stale_gas,hold_missing_person_10s,215,10,27,0,0,0,0,0
129_Et_H_Me_M,S0_outside,S1_full,215,0,0,0,0,0,0,0
129_Et_H_Me_M,S0_outside,gas_only,215,0,0,0,0,0,0,0
129_Et_H_Me_M,S0_outside,simple_OR,215,0,0,0,0,0,0,0
129_Et_H_Me_M,S0_outside,simple_AND,215,0,0,0,0,0,0,0
129_Et_H_Me_M,S0_outside,no_zone_gate,215,0,0,0,0,0,0,0
129_Et_H_Me_M,S0_outside,no_age_gate,215,0,0,0,0,0,0,0
129_Et_H_Me_M,S0_outside,hold_missing_gas_10s,215,0,0,0,0,0,0,0
129_Et_H_Me_M,S0_outside,hold_missing_person_10s,215,0,0,0,0,0,0,0
129_Et_H_Me_M,S1_early_background,S1_full,35,0,0,0,0,0,0,0
129_Et_H_Me_M,S1_early_background,gas_only,35,0,0,0,0,0,0,0
129_Et_H_Me_M,S1_early_background,simple_OR,35,0,0,0,0,0,0,0
129_Et_H_Me_M,S1_early_background,simple_AND,35,0,0,0,0,0,0,0
129_Et_H_Me_M,S1_early_background,no_zone_gate,35,0,0,0,0,0,0,0
129_Et_H_Me_M,S1_early_background,no_age_gate,35,0,0,0,0,0,0,0
129_Et_H_Me_M,S1_early_background,hold_missing_gas_10s,35,0,0,0,0,0,0,0
129_Et_H_Me_M,S1_early_background,hold_missing_person_10s,35,0,0,0,0,0,0,0
129_Et_H_Me_M,S2_possible_overlap,S1_full,215,0,49,0,10,0,0,0
129_Et_H_Me_M,S2_possible_overlap,gas_only,215,0,0,0,0,0,0,0
129_Et_H_Me_M,S2_possible_overlap,simple_OR,215,0,0,0,0,0,0,0
129_Et_H_Me_M,S2_possible_overlap,simple_AND,215,0,49,0,10,0,0,0
129_Et_H_Me_M,S2_possible_overlap,no_zone_gate,215,0,49,0,10,0,0,0
129_Et_H_Me_M,S2_possible_overlap,no_age_gate,215,0,49,0,10,0,0,0
129_Et_H_Me_M,S2_possible_overlap,hold_missing_gas_10s,215,0,49,0,10,0,0,0
129_Et_H_Me_M,S2_possible_overlap,hold_missing_person_10s,215,0,49,0,10,0,0,0
129_Et_H_Me_M,S3_separate_events,S1_full,215,0,0,0,0,0,0,0
129_Et_H_Me_M,S3_separate_events,gas_only,215,0,0,0,0,0,0,0
129_Et_H_Me_M,S3_separate_events,simple_OR,215,0,0,0,0,0,0,0
129_Et_H_Me_M,S3_separate_events,simple_AND,215,0,0,0,0,0,0,0
129_Et_H_Me_M,S3_separate_events,no_zone_gate,215,0,0,0,0,0,0,0
129_Et_H_Me_M,S3_separate_events,no_age_gate,215,0,0,0,0,0,0,0
129_Et_H_Me_M,S3_separate_events,hold_missing_gas_10s,215,0,0,0,0,0,0,0
129_Et_H_Me_M,S3_separate_events,hold_missing_person_10s,215,0,0,0,0,0,0,0
129_Et_H_Me_M,S4_gas_dropout,S1_full,215,10,37,0,0,0,10,0
129_Et_H_Me_M,S4_gas_dropout,gas_only,215,10,0,0,0,10,0,0
129_Et_H_Me_M,S4_gas_dropout,simple_OR,215,10,0,0,0,0,0,0
129_Et_H_Me_M,S4_gas_dropout,simple_AND,215,10,37,0,0,0,0,0
129_Et_H_Me_M,S4_gas_dropout,no_zone_gate,215,10,37,0,0,0,0,0
129_Et_H_Me_M,S4_gas_dropout,no_age_gate,215,10,37,0,0,0,0,0
129_Et_H_Me_M,S4_gas_dropout,hold_missing_gas_10s,215,10,47,10,10,0,0,0
129_Et_H_Me_M,S4_gas_dropout,hold_missing_person_10s,215,10,37,0,0,0,0,0
129_Et_H_Me_M,S4_person_dropout,S1_full,215,10,39,0,0,0,10,0
129_Et_H_Me_M,S4_person_dropout,gas_only,215,10,0,0,0,0,0,0
129_Et_H_Me_M,S4_person_dropout,simple_OR,215,10,0,0,0,0,0,0
129_Et_H_Me_M,S4_person_dropout,simple_AND,215,10,39,0,0,0,0,0
129_Et_H_Me_M,S4_person_dropout,no_zone_gate,215,10,39,0,0,0,0,0
129_Et_H_Me_M,S4_person_dropout,no_age_gate,215,10,39,0,0,0,0,0
129_Et_H_Me_M,S4_person_dropout,hold_missing_gas_10s,215,10,39,0,0,0,0,0
129_Et_H_Me_M,S4_person_dropout,hold_missing_person_10s,215,10,49,10,10,0,0,0
129_Et_H_Me_M,S4_wrong_zone,S1_full,215,10,39,0,0,0,10,0
129_Et_H_Me_M,S4_wrong_zone,gas_only,215,10,0,0,0,0,0,0
129_Et_H_Me_M,S4_wrong_zone,simple_OR,215,10,0,0,0,0,0,0
129_Et_H_Me_M,S4_wrong_zone,simple_AND,215,10,49,10,10,0,0,0
129_Et_H_Me_M,S4_wrong_zone,no_zone_gate,215,10,49,10,10,0,0,0
129_Et_H_Me_M,S4_wrong_zone,no_age_gate,215,10,39,0,0,0,0,0
129_Et_H_Me_M,S4_wrong_zone,hold_missing_gas_10s,215,10,39,0,0,0,0,0
129_Et_H_Me_M,S4_wrong_zone,hold_missing_person_10s,215,10,39,0,0,0,0,0
129_Et_H_Me_M,S4_stale_gas,S1_full,215,10,39,0,0,0,10,0
129_Et_H_Me_M,S4_stale_gas,gas_only,215,10,0,0,0,10,0,0
129_Et_H_Me_M,S4_stale_gas,simple_OR,215,10,0,0,0,0,0,0
129_Et_H_Me_M,S4_stale_gas,simple_AND,215,10,39,0,0,0,0,0
129_Et_H_Me_M,S4_stale_gas,no_zone_gate,215,10,39,0,0,0,0,0
129_Et_H_Me_M,S4_stale_gas,no_age_gate,215,10,49,10,10,0,0,0
129_Et_H_Me_M,S4_stale_gas,hold_missing_gas_10s,215,10,39,0,0,0,0,0
129_Et_H_Me_M,S4_stale_gas,hold_missing_person_10s,215,10,39,0,0,0,0,0
132_Et_H_CO_n,S0_outside,S1_full,215,0,0,0,0,0,0,0
132_Et_H_CO_n,S0_outside,gas_only,215,0,0,0,0,0,0,0
132_Et_H_CO_n,S0_outside,simple_OR,215,0,0,0,0,0,0,0
132_Et_H_CO_n,S0_outside,simple_AND,215,0,0,0,0,0,0,0
132_Et_H_CO_n,S0_outside,no_zone_gate,215,0,0,0,0,0,0,0
132_Et_H_CO_n,S0_outside,no_age_gate,215,0,0,0,0,0,0,0
132_Et_H_CO_n,S0_outside,hold_missing_gas_10s,215,0,0,0,0,0,0,0
132_Et_H_CO_n,S0_outside,hold_missing_person_10s,215,0,0,0,0,0,0,0
132_Et_H_CO_n,S1_early_background,S1_full,35,0,0,0,0,0,0,0
132_Et_H_CO_n,S1_early_background,gas_only,35,0,0,0,0,0,0,0
132_Et_H_CO_n,S1_early_background,simple_OR,35,0,0,0,0,0,0,0
132_Et_H_CO_n,S1_early_background,simple_AND,35,0,0,0,0,0,0,0
132_Et_H_CO_n,S1_early_background,no_zone_gate,35,0,0,0,0,0,0,0
132_Et_H_CO_n,S1_early_background,no_age_gate,35,0,0,0,0,0,0,0
132_Et_H_CO_n,S1_early_background,hold_missing_gas_10s,35,0,0,0,0,0,0,0
132_Et_H_CO_n,S1_early_background,hold_missing_person_10s,35,0,0,0,0,0,0,0
132_Et_H_CO_n,S2_possible_overlap,S1_full,215,0,49,0,10,0,0,0
132_Et_H_CO_n,S2_possible_overlap,gas_only,215,0,0,0,0,0,0,0
132_Et_H_CO_n,S2_possible_overlap,simple_OR,215,0,0,0,0,0,0,0
132_Et_H_CO_n,S2_possible_overlap,simple_AND,215,0,49,0,10,0,0,0
132_Et_H_CO_n,S2_possible_overlap,no_zone_gate,215,0,49,0,10,0,0,0
132_Et_H_CO_n,S2_possible_overlap,no_age_gate,215,0,49,0,10,0,0,0
132_Et_H_CO_n,S2_possible_overlap,hold_missing_gas_10s,215,0,49,0,10,0,0,0
132_Et_H_CO_n,S2_possible_overlap,hold_missing_person_10s,215,0,49,0,10,0,0,0
132_Et_H_CO_n,S3_separate_events,S1_full,215,0,0,0,0,0,0,0
132_Et_H_CO_n,S3_separate_events,gas_only,215,0,0,0,0,0,0,0
132_Et_H_CO_n,S3_separate_events,simple_OR,215,0,0,0,0,0,0,0
132_Et_H_CO_n,S3_separate_events,simple_AND,215,0,0,0,0,0,0,0
132_Et_H_CO_n,S3_separate_events,no_zone_gate,215,0,0,0,0,0,0,0
132_Et_H_CO_n,S3_separate_events,no_age_gate,215,0,0,0,0,0,0,0
132_Et_H_CO_n,S3_separate_events,hold_missing_gas_10s,215,0,0,0,0,0,0,0
132_Et_H_CO_n,S3_separate_events,hold_missing_person_10s,215,0,0,0,0,0,0,0
132_Et_H_CO_n,S4_gas_dropout,S1_full,215,10,37,0,0,0,10,0
132_Et_H_CO_n,S4_gas_dropout,gas_only,215,10,0,0,0,10,0,0
132_Et_H_CO_n,S4_gas_dropout,simple_OR,215,10,0,0,0,0,0,0
132_Et_H_CO_n,S4_gas_dropout,simple_AND,215,10,37,0,0,0,0,0
132_Et_H_CO_n,S4_gas_dropout,no_zone_gate,215,10,37,0,0,0,0,0
132_Et_H_CO_n,S4_gas_dropout,no_age_gate,215,10,37,0,0,0,0,0
132_Et_H_CO_n,S4_gas_dropout,hold_missing_gas_10s,215,10,47,10,10,0,0,0
132_Et_H_CO_n,S4_gas_dropout,hold_missing_person_10s,215,10,37,0,0,0,0,0
132_Et_H_CO_n,S4_person_dropout,S1_full,215,10,39,0,0,0,10,0
132_Et_H_CO_n,S4_person_dropout,gas_only,215,10,0,0,0,0,0,0
132_Et_H_CO_n,S4_person_dropout,simple_OR,215,10,0,0,0,0,0,0
132_Et_H_CO_n,S4_person_dropout,simple_AND,215,10,39,0,0,0,0,0
132_Et_H_CO_n,S4_person_dropout,no_zone_gate,215,10,39,0,0,0,0,0
132_Et_H_CO_n,S4_person_dropout,no_age_gate,215,10,39,0,0,0,0,0
132_Et_H_CO_n,S4_person_dropout,hold_missing_gas_10s,215,10,39,0,0,0,0,0
132_Et_H_CO_n,S4_person_dropout,hold_missing_person_10s,215,10,49,10,10,0,0,0
132_Et_H_CO_n,S4_wrong_zone,S1_full,215,10,39,0,0,0,10,0
132_Et_H_CO_n,S4_wrong_zone,gas_only,215,10,0,0,0,0,0,0
132_Et_H_CO_n,S4_wrong_zone,simple_OR,215,10,0,0,0,0,0,0
132_Et_H_CO_n,S4_wrong_zone,simple_AND,215,10,49,10,10,0,0,0
132_Et_H_CO_n,S4_wrong_zone,no_zone_gate,215,10,49,10,10,0,0,0
132_Et_H_CO_n,S4_wrong_zone,no_age_gate,215,10,39,0,0,0,0,0
132_Et_H_CO_n,S4_wrong_zone,hold_missing_gas_10s,215,10,39,0,0,0,0,0
132_Et_H_CO_n,S4_wrong_zone,hold_missing_person_10s,215,10,39,0,0,0,0,0
132_Et_H_CO_n,S4_stale_gas,S1_full,215,10,39,0,0,0,10,0
132_Et_H_CO_n,S4_stale_gas,gas_only,215,10,0,0,0,10,0,0
132_Et_H_CO_n,S4_stale_gas,simple_OR,215,10,0,0,0,0,0,0
132_Et_H_CO_n,S4_stale_gas,simple_AND,215,10,39,0,0,0,0,0
132_Et_H_CO_n,S4_stale_gas,no_zone_gate,215,10,39,0,0,0,0,0
132_Et_H_CO_n,S4_stale_gas,no_age_gate,215,10,49,10,10,0,0,0
132_Et_H_CO_n,S4_stale_gas,hold_missing_gas_10s,215,10,39,0,0,0,0,0
132_Et_H_CO_n,S4_stale_gas,hold_missing_person_10s,215,10,39,0,0,0,0,0
135_Et_H_Me_n,S0_outside,S1_full,215,0,0,0,0,0,0,0
135_Et_H_Me_n,S0_outside,gas_only,215,0,0,0,0,0,0,0
135_Et_H_Me_n,S0_outside,simple_OR,215,0,0,0,0,0,0,0
135_Et_H_Me_n,S0_outside,simple_AND,215,0,0,0,0,0,0,0
135_Et_H_Me_n,S0_outside,no_zone_gate,215,0,0,0,0,0,0,0
135_Et_H_Me_n,S0_outside,no_age_gate,215,0,0,0,0,0,0,0
135_Et_H_Me_n,S0_outside,hold_missing_gas_10s,215,0,0,0,0,0,0,0
135_Et_H_Me_n,S0_outside,hold_missing_person_10s,215,0,0,0,0,0,0,0
135_Et_H_Me_n,S1_early_background,S1_full,35,0,0,0,0,0,0,0
135_Et_H_Me_n,S1_early_background,gas_only,35,0,0,0,0,0,0,0
135_Et_H_Me_n,S1_early_background,simple_OR,35,0,0,0,0,0,0,0
135_Et_H_Me_n,S1_early_background,simple_AND,35,0,0,0,0,0,0,0
135_Et_H_Me_n,S1_early_background,no_zone_gate,35,0,0,0,0,0,0,0
135_Et_H_Me_n,S1_early_background,no_age_gate,35,0,0,0,0,0,0,0
135_Et_H_Me_n,S1_early_background,hold_missing_gas_10s,35,0,0,0,0,0,0,0
135_Et_H_Me_n,S1_early_background,hold_missing_person_10s,35,0,0,0,0,0,0,0
135_Et_H_Me_n,S2_possible_overlap,S1_full,215,0,49,0,10,0,0,0
135_Et_H_Me_n,S2_possible_overlap,gas_only,215,0,0,0,0,0,0,0
135_Et_H_Me_n,S2_possible_overlap,simple_OR,215,0,0,0,0,0,0,0
135_Et_H_Me_n,S2_possible_overlap,simple_AND,215,0,49,0,10,0,0,0
135_Et_H_Me_n,S2_possible_overlap,no_zone_gate,215,0,49,0,10,0,0,0
135_Et_H_Me_n,S2_possible_overlap,no_age_gate,215,0,49,0,10,0,0,0
135_Et_H_Me_n,S2_possible_overlap,hold_missing_gas_10s,215,0,49,0,10,0,0,0
135_Et_H_Me_n,S2_possible_overlap,hold_missing_person_10s,215,0,49,0,10,0,0,0
135_Et_H_Me_n,S3_separate_events,S1_full,215,0,0,0,0,0,0,0
135_Et_H_Me_n,S3_separate_events,gas_only,215,0,0,0,0,0,0,0
135_Et_H_Me_n,S3_separate_events,simple_OR,215,0,0,0,0,0,0,0
135_Et_H_Me_n,S3_separate_events,simple_AND,215,0,0,0,0,0,0,0
135_Et_H_Me_n,S3_separate_events,no_zone_gate,215,0,0,0,0,0,0,0
135_Et_H_Me_n,S3_separate_events,no_age_gate,215,0,0,0,0,0,0,0
135_Et_H_Me_n,S3_separate_events,hold_missing_gas_10s,215,0,0,0,0,0,0,0
135_Et_H_Me_n,S3_separate_events,hold_missing_person_10s,215,0,0,0,0,0,0,0
135_Et_H_Me_n,S4_gas_dropout,S1_full,215,10,37,0,0,0,10,0
135_Et_H_Me_n,S4_gas_dropout,gas_only,215,10,0,0,0,10,0,0
135_Et_H_Me_n,S4_gas_dropout,simple_OR,215,10,0,0,0,0,0,0
135_Et_H_Me_n,S4_gas_dropout,simple_AND,215,10,37,0,0,0,0,0
135_Et_H_Me_n,S4_gas_dropout,no_zone_gate,215,10,37,0,0,0,0,0
135_Et_H_Me_n,S4_gas_dropout,no_age_gate,215,10,37,0,0,0,0,0
135_Et_H_Me_n,S4_gas_dropout,hold_missing_gas_10s,215,10,47,10,10,0,0,0
135_Et_H_Me_n,S4_gas_dropout,hold_missing_person_10s,215,10,37,0,0,0,0,0
135_Et_H_Me_n,S4_person_dropout,S1_full,215,10,39,0,0,0,10,0
135_Et_H_Me_n,S4_person_dropout,gas_only,215,10,0,0,0,0,0,0
135_Et_H_Me_n,S4_person_dropout,simple_OR,215,10,0,0,0,0,0,0
135_Et_H_Me_n,S4_person_dropout,simple_AND,215,10,39,0,0,0,0,0
135_Et_H_Me_n,S4_person_dropout,no_zone_gate,215,10,39,0,0,0,0,0
135_Et_H_Me_n,S4_person_dropout,no_age_gate,215,10,39,0,0,0,0,0
135_Et_H_Me_n,S4_person_dropout,hold_missing_gas_10s,215,10,39,0,0,0,0,0
135_Et_H_Me_n,S4_person_dropout,hold_missing_person_10s,215,10,49,10,10,0,0,0
135_Et_H_Me_n,S4_wrong_zone,S1_full,215,10,39,0,0,0,10,0
135_Et_H_Me_n,S4_wrong_zone,gas_only,215,10,0,0,0,0,0,0
135_Et_H_Me_n,S4_wrong_zone,simple_OR,215,10,0,0,0,0,0,0
135_Et_H_Me_n,S4_wrong_zone,simple_AND,215,10,49,10,10,0,0,0
135_Et_H_Me_n,S4_wrong_zone,no_zone_gate,215,10,49,10,10,0,0,0
135_Et_H_Me_n,S4_wrong_zone,no_age_gate,215,10,39,0,0,0,0,0
135_Et_H_Me_n,S4_wrong_zone,hold_missing_gas_10s,215,10,39,0,0,0,0,0
135_Et_H_Me_n,S4_wrong_zone,hold_missing_person_10s,215,10,39,0,0,0,0,0
135_Et_H_Me_n,S4_stale_gas,S1_full,215,10,39,0,0,0,10,0
135_Et_H_Me_n,S4_stale_gas,gas_only,215,10,0,0,0,10,0,0
135_Et_H_Me_n,S4_stale_gas,simple_OR,215,10,0,0,0,0,0,0
135_Et_H_Me_n,S4_stale_gas,simple_AND,215,10,39,0,0,0,0,0
135_Et_H_Me_n,S4_stale_gas,no_zone_gate,215,10,39,0,0,0,0,0
135_Et_H_Me_n,S4_stale_gas,no_age_gate,215,10,49,10,10,0,0,0
135_Et_H_Me_n,S4_stale_gas,hold_missing_gas_10s,215,10,39,0,0,0,0,0
135_Et_H_Me_n,S4_stale_gas,hold_missing_person_10s,215,10,39,0,0,0,0,0
138_Et_M_CO_M,S0_outside,S1_full,215,0,0,0,0,0,0,0
138_Et_M_CO_M,S0_outside,gas_only,215,0,0,0,0,0,0,0
138_Et_M_CO_M,S0_outside,simple_OR,215,0,0,0,0,0,0,0
138_Et_M_CO_M,S0_outside,simple_AND,215,0,0,0,0,0,0,0
138_Et_M_CO_M,S0_outside,no_zone_gate,215,0,0,0,0,0,0,0
138_Et_M_CO_M,S0_outside,no_age_gate,215,0,0,0,0,0,0,0
138_Et_M_CO_M,S0_outside,hold_missing_gas_10s,215,0,0,0,0,0,0,0
138_Et_M_CO_M,S0_outside,hold_missing_person_10s,215,0,0,0,0,0,0,0
138_Et_M_CO_M,S1_early_background,S1_full,35,0,0,0,0,0,0,0
138_Et_M_CO_M,S1_early_background,gas_only,35,0,0,0,0,0,0,0
138_Et_M_CO_M,S1_early_background,simple_OR,35,0,0,0,0,0,0,0
138_Et_M_CO_M,S1_early_background,simple_AND,35,0,0,0,0,0,0,0
138_Et_M_CO_M,S1_early_background,no_zone_gate,35,0,0,0,0,0,0,0
138_Et_M_CO_M,S1_early_background,no_age_gate,35,0,0,0,0,0,0,0
138_Et_M_CO_M,S1_early_background,hold_missing_gas_10s,35,0,0,0,0,0,0,0
138_Et_M_CO_M,S1_early_background,hold_missing_person_10s,35,0,0,0,0,0,0,0
138_Et_M_CO_M,S2_possible_overlap,S1_full,215,0,49,0,10,0,0,0
138_Et_M_CO_M,S2_possible_overlap,gas_only,215,0,0,0,0,0,0,0
138_Et_M_CO_M,S2_possible_overlap,simple_OR,215,0,0,0,0,0,0,0
138_Et_M_CO_M,S2_possible_overlap,simple_AND,215,0,49,0,10,0,0,0
138_Et_M_CO_M,S2_possible_overlap,no_zone_gate,215,0,49,0,10,0,0,0
138_Et_M_CO_M,S2_possible_overlap,no_age_gate,215,0,49,0,10,0,0,0
138_Et_M_CO_M,S2_possible_overlap,hold_missing_gas_10s,215,0,49,0,10,0,0,0
138_Et_M_CO_M,S2_possible_overlap,hold_missing_person_10s,215,0,49,0,10,0,0,0
138_Et_M_CO_M,S3_separate_events,S1_full,215,0,0,0,0,0,0,0
138_Et_M_CO_M,S3_separate_events,gas_only,215,0,0,0,0,0,0,0
138_Et_M_CO_M,S3_separate_events,simple_OR,215,0,0,0,0,0,0,0
138_Et_M_CO_M,S3_separate_events,simple_AND,215,0,0,0,0,0,0,0
138_Et_M_CO_M,S3_separate_events,no_zone_gate,215,0,0,0,0,0,0,0
138_Et_M_CO_M,S3_separate_events,no_age_gate,215,0,0,0,0,0,0,0
138_Et_M_CO_M,S3_separate_events,hold_missing_gas_10s,215,0,0,0,0,0,0,0
138_Et_M_CO_M,S3_separate_events,hold_missing_person_10s,215,0,0,0,0,0,0,0
138_Et_M_CO_M,S4_gas_dropout,S1_full,215,10,37,0,0,0,10,0
138_Et_M_CO_M,S4_gas_dropout,gas_only,215,10,0,0,0,10,0,0
138_Et_M_CO_M,S4_gas_dropout,simple_OR,215,10,0,0,0,0,0,0
138_Et_M_CO_M,S4_gas_dropout,simple_AND,215,10,37,0,0,0,0,0
138_Et_M_CO_M,S4_gas_dropout,no_zone_gate,215,10,37,0,0,0,0,0
138_Et_M_CO_M,S4_gas_dropout,no_age_gate,215,10,37,0,0,0,0,0
138_Et_M_CO_M,S4_gas_dropout,hold_missing_gas_10s,215,10,47,10,10,0,0,0
138_Et_M_CO_M,S4_gas_dropout,hold_missing_person_10s,215,10,37,0,0,0,0,0
138_Et_M_CO_M,S4_person_dropout,S1_full,215,10,39,0,0,0,10,0
138_Et_M_CO_M,S4_person_dropout,gas_only,215,10,0,0,0,0,0,0
138_Et_M_CO_M,S4_person_dropout,simple_OR,215,10,0,0,0,0,0,0
138_Et_M_CO_M,S4_person_dropout,simple_AND,215,10,39,0,0,0,0,0
138_Et_M_CO_M,S4_person_dropout,no_zone_gate,215,10,39,0,0,0,0,0
138_Et_M_CO_M,S4_person_dropout,no_age_gate,215,10,39,0,0,0,0,0
138_Et_M_CO_M,S4_person_dropout,hold_missing_gas_10s,215,10,39,0,0,0,0,0
138_Et_M_CO_M,S4_person_dropout,hold_missing_person_10s,215,10,49,10,10,0,0,0
138_Et_M_CO_M,S4_wrong_zone,S1_full,215,10,39,0,0,0,10,0
138_Et_M_CO_M,S4_wrong_zone,gas_only,215,10,0,0,0,0,0,0
138_Et_M_CO_M,S4_wrong_zone,simple_OR,215,10,0,0,0,0,0,0
138_Et_M_CO_M,S4_wrong_zone,simple_AND,215,10,49,10,10,0,0,0
138_Et_M_CO_M,S4_wrong_zone,no_zone_gate,215,10,49,10,10,0,0,0
138_Et_M_CO_M,S4_wrong_zone,no_age_gate,215,10,39,0,0,0,0,0
138_Et_M_CO_M,S4_wrong_zone,hold_missing_gas_10s,215,10,39,0,0,0,0,0
138_Et_M_CO_M,S4_wrong_zone,hold_missing_person_10s,215,10,39,0,0,0,0,0
138_Et_M_CO_M,S4_stale_gas,S1_full,215,10,39,0,0,0,10,0
138_Et_M_CO_M,S4_stale_gas,gas_only,215,10,0,0,0,10,0,0
138_Et_M_CO_M,S4_stale_gas,simple_OR,215,10,0,0,0,0,0,0
138_Et_M_CO_M,S4_stale_gas,simple_AND,215,10,39,0,0,0,0,0
138_Et_M_CO_M,S4_stale_gas,no_zone_gate,215,10,39,0,0,0,0,0
138_Et_M_CO_M,S4_stale_gas,no_age_gate,215,10,49,10,10,0,0,0
138_Et_M_CO_M,S4_stale_gas,hold_missing_gas_10s,215,10,39,0,0,0,0,0
138_Et_M_CO_M,S4_stale_gas,hold_missing_person_10s,215,10,39,0,0,0,0,0
145_Et_L_Me_n,S0_outside,S1_full,215,0,0,0,0,0,0,0
145_Et_L_Me_n,S0_outside,gas_only,215,0,0,0,0,0,0,0
145_Et_L_Me_n,S0_outside,simple_OR,215,0,0,0,0,0,0,0
145_Et_L_Me_n,S0_outside,simple_AND,215,0,0,0,0,0,0,0
145_Et_L_Me_n,S0_outside,no_zone_gate,215,0,0,0,0,0,0,0
145_Et_L_Me_n,S0_outside,no_age_gate,215,0,0,0,0,0,0,0
145_Et_L_Me_n,S0_outside,hold_missing_gas_10s,215,0,0,0,0,0,0,0
145_Et_L_Me_n,S0_outside,hold_missing_person_10s,215,0,0,0,0,0,0,0
145_Et_L_Me_n,S1_early_background,S1_full,35,0,0,0,0,0,0,0
145_Et_L_Me_n,S1_early_background,gas_only,35,0,0,0,0,0,0,0
145_Et_L_Me_n,S1_early_background,simple_OR,35,0,0,0,0,0,0,0
145_Et_L_Me_n,S1_early_background,simple_AND,35,0,0,0,0,0,0,0
145_Et_L_Me_n,S1_early_background,no_zone_gate,35,0,0,0,0,0,0,0
145_Et_L_Me_n,S1_early_background,no_age_gate,35,0,0,0,0,0,0,0
145_Et_L_Me_n,S1_early_background,hold_missing_gas_10s,35,0,0,0,0,0,0,0
145_Et_L_Me_n,S1_early_background,hold_missing_person_10s,35,0,0,0,0,0,0,0
145_Et_L_Me_n,S2_possible_overlap,S1_full,215,0,26,0,2,0,0,0
145_Et_L_Me_n,S2_possible_overlap,gas_only,215,0,0,0,0,0,0,0
145_Et_L_Me_n,S2_possible_overlap,simple_OR,215,0,0,0,0,0,0,0
145_Et_L_Me_n,S2_possible_overlap,simple_AND,215,0,26,0,2,0,0,0
145_Et_L_Me_n,S2_possible_overlap,no_zone_gate,215,0,26,0,2,0,0,0
145_Et_L_Me_n,S2_possible_overlap,no_age_gate,215,0,26,0,2,0,0,0
145_Et_L_Me_n,S2_possible_overlap,hold_missing_gas_10s,215,0,26,0,2,0,0,0
145_Et_L_Me_n,S2_possible_overlap,hold_missing_person_10s,215,0,26,0,2,0,0,0
145_Et_L_Me_n,S3_separate_events,S1_full,215,0,0,0,0,0,0,0
145_Et_L_Me_n,S3_separate_events,gas_only,215,0,0,0,0,0,0,0
145_Et_L_Me_n,S3_separate_events,simple_OR,215,0,0,0,0,0,0,0
145_Et_L_Me_n,S3_separate_events,simple_AND,215,0,0,0,0,0,0,0
145_Et_L_Me_n,S3_separate_events,no_zone_gate,215,0,0,0,0,0,0,0
145_Et_L_Me_n,S3_separate_events,no_age_gate,215,0,0,0,0,0,0,0
145_Et_L_Me_n,S3_separate_events,hold_missing_gas_10s,215,0,0,0,0,0,0,0
145_Et_L_Me_n,S3_separate_events,hold_missing_person_10s,215,0,0,0,0,0,0,0
145_Et_L_Me_n,S4_gas_dropout,S1_full,215,10,22,0,0,0,10,0
145_Et_L_Me_n,S4_gas_dropout,gas_only,215,10,0,0,0,10,0,0
145_Et_L_Me_n,S4_gas_dropout,simple_OR,215,10,0,0,0,0,0,0
145_Et_L_Me_n,S4_gas_dropout,simple_AND,215,10,22,0,0,0,0,0
145_Et_L_Me_n,S4_gas_dropout,no_zone_gate,215,10,22,0,0,0,0,0
145_Et_L_Me_n,S4_gas_dropout,no_age_gate,215,10,22,0,0,0,0,0
145_Et_L_Me_n,S4_gas_dropout,hold_missing_gas_10s,215,10,22,0,0,0,0,0
145_Et_L_Me_n,S4_gas_dropout,hold_missing_person_10s,215,10,22,0,0,0,0,0
145_Et_L_Me_n,S4_person_dropout,S1_full,215,10,24,0,0,0,10,0
145_Et_L_Me_n,S4_person_dropout,gas_only,215,10,0,0,0,0,0,0
145_Et_L_Me_n,S4_person_dropout,simple_OR,215,10,0,0,0,0,0,0
145_Et_L_Me_n,S4_person_dropout,simple_AND,215,10,24,0,0,0,0,0
145_Et_L_Me_n,S4_person_dropout,no_zone_gate,215,10,24,0,0,0,0,0
145_Et_L_Me_n,S4_person_dropout,no_age_gate,215,10,24,0,0,0,0,0
145_Et_L_Me_n,S4_person_dropout,hold_missing_gas_10s,215,10,24,0,0,0,0,0
145_Et_L_Me_n,S4_person_dropout,hold_missing_person_10s,215,10,26,2,2,0,0,0
145_Et_L_Me_n,S4_wrong_zone,S1_full,215,10,24,0,0,0,10,0
145_Et_L_Me_n,S4_wrong_zone,gas_only,215,10,0,0,0,0,0,0
145_Et_L_Me_n,S4_wrong_zone,simple_OR,215,10,0,0,0,0,0,0
145_Et_L_Me_n,S4_wrong_zone,simple_AND,215,10,26,2,2,0,0,0
145_Et_L_Me_n,S4_wrong_zone,no_zone_gate,215,10,26,2,2,0,0,0
145_Et_L_Me_n,S4_wrong_zone,no_age_gate,215,10,24,0,0,0,0,0
145_Et_L_Me_n,S4_wrong_zone,hold_missing_gas_10s,215,10,24,0,0,0,0,0
145_Et_L_Me_n,S4_wrong_zone,hold_missing_person_10s,215,10,24,0,0,0,0,0
145_Et_L_Me_n,S4_stale_gas,S1_full,215,10,24,0,0,0,10,0
145_Et_L_Me_n,S4_stale_gas,gas_only,215,10,0,0,0,10,0,0
145_Et_L_Me_n,S4_stale_gas,simple_OR,215,10,0,0,0,0,0,0
145_Et_L_Me_n,S4_stale_gas,simple_AND,215,10,24,0,0,0,0,0
145_Et_L_Me_n,S4_stale_gas,no_zone_gate,215,10,24,0,0,0,0,0
145_Et_L_Me_n,S4_stale_gas,no_age_gate,215,10,26,2,2,0,0,0
145_Et_L_Me_n,S4_stale_gas,hold_missing_gas_10s,215,10,24,0,0,0,0,0
145_Et_L_Me_n,S4_stale_gas,hold_missing_person_10s,215,10,24,0,0,0,0,0
147_Et_n_Me_M,S0_outside,S1_full,215,0,0,0,0,0,0,0
147_Et_n_Me_M,S0_outside,gas_only,215,0,0,0,0,0,0,0
147_Et_n_Me_M,S0_outside,simple_OR,215,0,0,0,0,0,0,0
147_Et_n_Me_M,S0_outside,simple_AND,215,0,0,0,0,0,0,0
147_Et_n_Me_M,S0_outside,no_zone_gate,215,0,0,0,0,0,0,0
147_Et_n_Me_M,S0_outside,no_age_gate,215,0,0,0,0,0,0,0
147_Et_n_Me_M,S0_outside,hold_missing_gas_10s,215,0,0,0,0,0,0,0
147_Et_n_Me_M,S0_outside,hold_missing_person_10s,215,0,0,0,0,0,0,0
147_Et_n_Me_M,S1_early_background,S1_full,35,0,0,0,0,0,0,0
147_Et_n_Me_M,S1_early_background,gas_only,35,0,0,0,0,0,0,0
147_Et_n_Me_M,S1_early_background,simple_OR,35,0,0,0,0,0,0,0
147_Et_n_Me_M,S1_early_background,simple_AND,35,0,0,0,0,0,0,0
147_Et_n_Me_M,S1_early_background,no_zone_gate,35,0,0,0,0,0,0,0
147_Et_n_Me_M,S1_early_background,no_age_gate,35,0,0,0,0,0,0,0
147_Et_n_Me_M,S1_early_background,hold_missing_gas_10s,35,0,0,0,0,0,0,0
147_Et_n_Me_M,S1_early_background,hold_missing_person_10s,35,0,0,0,0,0,0,0
147_Et_n_Me_M,S2_possible_overlap,S1_full,215,0,39,0,10,0,0,0
147_Et_n_Me_M,S2_possible_overlap,gas_only,215,0,0,0,0,0,0,0
147_Et_n_Me_M,S2_possible_overlap,simple_OR,215,0,0,0,0,0,0,0
147_Et_n_Me_M,S2_possible_overlap,simple_AND,215,0,39,0,10,0,0,0
147_Et_n_Me_M,S2_possible_overlap,no_zone_gate,215,0,39,0,10,0,0,0
147_Et_n_Me_M,S2_possible_overlap,no_age_gate,215,0,39,0,10,0,0,0
147_Et_n_Me_M,S2_possible_overlap,hold_missing_gas_10s,215,0,39,0,10,0,0,0
147_Et_n_Me_M,S2_possible_overlap,hold_missing_person_10s,215,0,39,0,10,0,0,0
147_Et_n_Me_M,S3_separate_events,S1_full,215,0,0,0,0,0,0,0
147_Et_n_Me_M,S3_separate_events,gas_only,215,0,0,0,0,0,0,0
147_Et_n_Me_M,S3_separate_events,simple_OR,215,0,0,0,0,0,0,0
147_Et_n_Me_M,S3_separate_events,simple_AND,215,0,0,0,0,0,0,0
147_Et_n_Me_M,S3_separate_events,no_zone_gate,215,0,0,0,0,0,0,0
147_Et_n_Me_M,S3_separate_events,no_age_gate,215,0,0,0,0,0,0,0
147_Et_n_Me_M,S3_separate_events,hold_missing_gas_10s,215,0,0,0,0,0,0,0
147_Et_n_Me_M,S3_separate_events,hold_missing_person_10s,215,0,0,0,0,0,0,0
147_Et_n_Me_M,S4_gas_dropout,S1_full,215,10,27,0,0,0,10,0
147_Et_n_Me_M,S4_gas_dropout,gas_only,215,10,0,0,0,10,0,0
147_Et_n_Me_M,S4_gas_dropout,simple_OR,215,10,0,0,0,0,0,0
147_Et_n_Me_M,S4_gas_dropout,simple_AND,215,10,27,0,0,0,0,0
147_Et_n_Me_M,S4_gas_dropout,no_zone_gate,215,10,27,0,0,0,0,0
147_Et_n_Me_M,S4_gas_dropout,no_age_gate,215,10,27,0,0,0,0,0
147_Et_n_Me_M,S4_gas_dropout,hold_missing_gas_10s,215,10,37,10,10,0,0,0
147_Et_n_Me_M,S4_gas_dropout,hold_missing_person_10s,215,10,27,0,0,0,0,0
147_Et_n_Me_M,S4_person_dropout,S1_full,215,10,29,0,0,0,10,0
147_Et_n_Me_M,S4_person_dropout,gas_only,215,10,0,0,0,0,0,0
147_Et_n_Me_M,S4_person_dropout,simple_OR,215,10,0,0,0,0,0,0
147_Et_n_Me_M,S4_person_dropout,simple_AND,215,10,29,0,0,0,0,0
147_Et_n_Me_M,S4_person_dropout,no_zone_gate,215,10,29,0,0,0,0,0
147_Et_n_Me_M,S4_person_dropout,no_age_gate,215,10,29,0,0,0,0,0
147_Et_n_Me_M,S4_person_dropout,hold_missing_gas_10s,215,10,29,0,0,0,0,0
147_Et_n_Me_M,S4_person_dropout,hold_missing_person_10s,215,10,39,10,10,0,0,0
147_Et_n_Me_M,S4_wrong_zone,S1_full,215,10,29,0,0,0,10,0
147_Et_n_Me_M,S4_wrong_zone,gas_only,215,10,0,0,0,0,0,0
147_Et_n_Me_M,S4_wrong_zone,simple_OR,215,10,0,0,0,0,0,0
147_Et_n_Me_M,S4_wrong_zone,simple_AND,215,10,39,10,10,0,0,0
147_Et_n_Me_M,S4_wrong_zone,no_zone_gate,215,10,39,10,10,0,0,0
147_Et_n_Me_M,S4_wrong_zone,no_age_gate,215,10,29,0,0,0,0,0
147_Et_n_Me_M,S4_wrong_zone,hold_missing_gas_10s,215,10,29,0,0,0,0,0
147_Et_n_Me_M,S4_wrong_zone,hold_missing_person_10s,215,10,29,0,0,0,0,0
147_Et_n_Me_M,S4_stale_gas,S1_full,215,10,29,0,0,0,10,0
147_Et_n_Me_M,S4_stale_gas,gas_only,215,10,0,0,0,10,0,0
147_Et_n_Me_M,S4_stale_gas,simple_OR,215,10,0,0,0,0,0,0
147_Et_n_Me_M,S4_stale_gas,simple_AND,215,10,29,0,0,0,0,0
147_Et_n_Me_M,S4_stale_gas,no_zone_gate,215,10,29,0,0,0,0,0
147_Et_n_Me_M,S4_stale_gas,no_age_gate,215,10,39,10,10,0,0,0
147_Et_n_Me_M,S4_stale_gas,hold_missing_gas_10s,215,10,29,0,0,0,0,0
147_Et_n_Me_M,S4_stale_gas,hold_missing_person_10s,215,10,29,0,0,0,0,0
155_Et_H_Me_L,S0_outside,S1_full,215,0,0,0,0,0,0,0
155_Et_H_Me_L,S0_outside,gas_only,215,0,0,0,0,0,0,0
155_Et_H_Me_L,S0_outside,simple_OR,215,0,0,0,0,0,0,0
155_Et_H_Me_L,S0_outside,simple_AND,215,0,0,0,0,0,0,0
155_Et_H_Me_L,S0_outside,no_zone_gate,215,0,0,0,0,0,0,0
155_Et_H_Me_L,S0_outside,no_age_gate,215,0,0,0,0,0,0,0
155_Et_H_Me_L,S0_outside,hold_missing_gas_10s,215,0,0,0,0,0,0,0
155_Et_H_Me_L,S0_outside,hold_missing_person_10s,215,0,0,0,0,0,0,0
155_Et_H_Me_L,S1_early_background,S1_full,35,0,0,0,0,0,0,0
155_Et_H_Me_L,S1_early_background,gas_only,35,0,0,0,0,0,0,0
155_Et_H_Me_L,S1_early_background,simple_OR,35,0,0,0,0,0,0,0
155_Et_H_Me_L,S1_early_background,simple_AND,35,0,0,0,0,0,0,0
155_Et_H_Me_L,S1_early_background,no_zone_gate,35,0,0,0,0,0,0,0
155_Et_H_Me_L,S1_early_background,no_age_gate,35,0,0,0,0,0,0,0
155_Et_H_Me_L,S1_early_background,hold_missing_gas_10s,35,0,0,0,0,0,0,0
155_Et_H_Me_L,S1_early_background,hold_missing_person_10s,35,0,0,0,0,0,0,0
155_Et_H_Me_L,S2_possible_overlap,S1_full,215,0,48,0,10,0,0,0
155_Et_H_Me_L,S2_possible_overlap,gas_only,215,0,0,0,0,0,0,0
155_Et_H_Me_L,S2_possible_overlap,simple_OR,215,0,0,0,0,0,0,0
155_Et_H_Me_L,S2_possible_overlap,simple_AND,215,0,48,0,10,0,0,0
155_Et_H_Me_L,S2_possible_overlap,no_zone_gate,215,0,48,0,10,0,0,0
155_Et_H_Me_L,S2_possible_overlap,no_age_gate,215,0,48,0,10,0,0,0
155_Et_H_Me_L,S2_possible_overlap,hold_missing_gas_10s,215,0,48,0,10,0,0,0
155_Et_H_Me_L,S2_possible_overlap,hold_missing_person_10s,215,0,48,0,10,0,0,0
155_Et_H_Me_L,S3_separate_events,S1_full,215,0,0,0,0,0,0,0
155_Et_H_Me_L,S3_separate_events,gas_only,215,0,0,0,0,0,0,0
155_Et_H_Me_L,S3_separate_events,simple_OR,215,0,0,0,0,0,0,0
155_Et_H_Me_L,S3_separate_events,simple_AND,215,0,0,0,0,0,0,0
155_Et_H_Me_L,S3_separate_events,no_zone_gate,215,0,0,0,0,0,0,0
155_Et_H_Me_L,S3_separate_events,no_age_gate,215,0,0,0,0,0,0,0
155_Et_H_Me_L,S3_separate_events,hold_missing_gas_10s,215,0,0,0,0,0,0,0
155_Et_H_Me_L,S3_separate_events,hold_missing_person_10s,215,0,0,0,0,0,0,0
155_Et_H_Me_L,S4_gas_dropout,S1_full,215,10,36,0,0,0,10,0
155_Et_H_Me_L,S4_gas_dropout,gas_only,215,10,0,0,0,10,0,0
155_Et_H_Me_L,S4_gas_dropout,simple_OR,215,10,0,0,0,0,0,0
155_Et_H_Me_L,S4_gas_dropout,simple_AND,215,10,36,0,0,0,0,0
155_Et_H_Me_L,S4_gas_dropout,no_zone_gate,215,10,36,0,0,0,0,0
155_Et_H_Me_L,S4_gas_dropout,no_age_gate,215,10,36,0,0,0,0,0
155_Et_H_Me_L,S4_gas_dropout,hold_missing_gas_10s,215,10,46,10,10,0,0,0
155_Et_H_Me_L,S4_gas_dropout,hold_missing_person_10s,215,10,36,0,0,0,0,0
155_Et_H_Me_L,S4_person_dropout,S1_full,215,10,38,0,0,0,10,0
155_Et_H_Me_L,S4_person_dropout,gas_only,215,10,0,0,0,0,0,0
155_Et_H_Me_L,S4_person_dropout,simple_OR,215,10,0,0,0,0,0,0
155_Et_H_Me_L,S4_person_dropout,simple_AND,215,10,38,0,0,0,0,0
155_Et_H_Me_L,S4_person_dropout,no_zone_gate,215,10,38,0,0,0,0,0
155_Et_H_Me_L,S4_person_dropout,no_age_gate,215,10,38,0,0,0,0,0
155_Et_H_Me_L,S4_person_dropout,hold_missing_gas_10s,215,10,38,0,0,0,0,0
155_Et_H_Me_L,S4_person_dropout,hold_missing_person_10s,215,10,48,10,10,0,0,0
155_Et_H_Me_L,S4_wrong_zone,S1_full,215,10,38,0,0,0,10,0
155_Et_H_Me_L,S4_wrong_zone,gas_only,215,10,0,0,0,0,0,0
155_Et_H_Me_L,S4_wrong_zone,simple_OR,215,10,0,0,0,0,0,0
155_Et_H_Me_L,S4_wrong_zone,simple_AND,215,10,48,10,10,0,0,0
155_Et_H_Me_L,S4_wrong_zone,no_zone_gate,215,10,48,10,10,0,0,0
155_Et_H_Me_L,S4_wrong_zone,no_age_gate,215,10,38,0,0,0,0,0
155_Et_H_Me_L,S4_wrong_zone,hold_missing_gas_10s,215,10,38,0,0,0,0,0
155_Et_H_Me_L,S4_wrong_zone,hold_missing_person_10s,215,10,38,0,0,0,0,0
155_Et_H_Me_L,S4_stale_gas,S1_full,215,10,38,0,0,0,10,0
155_Et_H_Me_L,S4_stale_gas,gas_only,215,10,0,0,0,10,0,0
155_Et_H_Me_L,S4_stale_gas,simple_OR,215,10,0,0,0,0,0,0
155_Et_H_Me_L,S4_stale_gas,simple_AND,215,10,38,0,0,0,0,0
155_Et_H_Me_L,S4_stale_gas,no_zone_gate,215,10,38,0,0,0,0,0
155_Et_H_Me_L,S4_stale_gas,no_age_gate,215,10,48,10,10,0,0,0
155_Et_H_Me_L,S4_stale_gas,hold_missing_gas_10s,215,10,38,0,0,0,0,0
155_Et_H_Me_L,S4_stale_gas,hold_missing_person_10s,215,10,38,0,0,0,0,0
156_Et_n_CO_M,S0_outside,S1_full,215,0,0,0,0,0,0,0
156_Et_n_CO_M,S0_outside,gas_only,215,0,0,0,0,0,0,0
156_Et_n_CO_M,S0_outside,simple_OR,215,0,0,0,0,0,0,0
156_Et_n_CO_M,S0_outside,simple_AND,215,0,0,0,0,0,0,0
156_Et_n_CO_M,S0_outside,no_zone_gate,215,0,0,0,0,0,0,0
156_Et_n_CO_M,S0_outside,no_age_gate,215,0,0,0,0,0,0,0
156_Et_n_CO_M,S0_outside,hold_missing_gas_10s,215,0,0,0,0,0,0,0
156_Et_n_CO_M,S0_outside,hold_missing_person_10s,215,0,0,0,0,0,0,0
156_Et_n_CO_M,S1_early_background,S1_full,35,0,0,0,0,0,0,0
156_Et_n_CO_M,S1_early_background,gas_only,35,0,0,0,0,0,0,0
156_Et_n_CO_M,S1_early_background,simple_OR,35,0,0,0,0,0,0,0
156_Et_n_CO_M,S1_early_background,simple_AND,35,0,0,0,0,0,0,0
156_Et_n_CO_M,S1_early_background,no_zone_gate,35,0,0,0,0,0,0,0
156_Et_n_CO_M,S1_early_background,no_age_gate,35,0,0,0,0,0,0,0
156_Et_n_CO_M,S1_early_background,hold_missing_gas_10s,35,0,0,0,0,0,0,0
156_Et_n_CO_M,S1_early_background,hold_missing_person_10s,35,0,0,0,0,0,0,0
156_Et_n_CO_M,S2_possible_overlap,S1_full,215,0,25,0,1,0,0,0
156_Et_n_CO_M,S2_possible_overlap,gas_only,215,0,0,0,0,0,0,0
156_Et_n_CO_M,S2_possible_overlap,simple_OR,215,0,0,0,0,0,0,0
156_Et_n_CO_M,S2_possible_overlap,simple_AND,215,0,25,0,1,0,0,0
156_Et_n_CO_M,S2_possible_overlap,no_zone_gate,215,0,25,0,1,0,0,0
156_Et_n_CO_M,S2_possible_overlap,no_age_gate,215,0,25,0,1,0,0,0
156_Et_n_CO_M,S2_possible_overlap,hold_missing_gas_10s,215,0,25,0,1,0,0,0
156_Et_n_CO_M,S2_possible_overlap,hold_missing_person_10s,215,0,25,0,1,0,0,0
156_Et_n_CO_M,S3_separate_events,S1_full,215,0,0,0,0,0,0,0
156_Et_n_CO_M,S3_separate_events,gas_only,215,0,0,0,0,0,0,0
156_Et_n_CO_M,S3_separate_events,simple_OR,215,0,0,0,0,0,0,0
156_Et_n_CO_M,S3_separate_events,simple_AND,215,0,0,0,0,0,0,0
156_Et_n_CO_M,S3_separate_events,no_zone_gate,215,0,0,0,0,0,0,0
156_Et_n_CO_M,S3_separate_events,no_age_gate,215,0,0,0,0,0,0,0
156_Et_n_CO_M,S3_separate_events,hold_missing_gas_10s,215,0,0,0,0,0,0,0
156_Et_n_CO_M,S3_separate_events,hold_missing_person_10s,215,0,0,0,0,0,0,0
156_Et_n_CO_M,S4_gas_dropout,S1_full,215,10,22,0,0,0,10,0
156_Et_n_CO_M,S4_gas_dropout,gas_only,215,10,0,0,0,10,0,0
156_Et_n_CO_M,S4_gas_dropout,simple_OR,215,10,0,0,0,0,0,0
156_Et_n_CO_M,S4_gas_dropout,simple_AND,215,10,22,0,0,0,0,0
156_Et_n_CO_M,S4_gas_dropout,no_zone_gate,215,10,22,0,0,0,0,0
156_Et_n_CO_M,S4_gas_dropout,no_age_gate,215,10,22,0,0,0,0,0
156_Et_n_CO_M,S4_gas_dropout,hold_missing_gas_10s,215,10,22,0,0,0,0,0
156_Et_n_CO_M,S4_gas_dropout,hold_missing_person_10s,215,10,22,0,0,0,0,0
156_Et_n_CO_M,S4_person_dropout,S1_full,215,10,24,0,0,0,10,0
156_Et_n_CO_M,S4_person_dropout,gas_only,215,10,0,0,0,0,0,0
156_Et_n_CO_M,S4_person_dropout,simple_OR,215,10,0,0,0,0,0,0
156_Et_n_CO_M,S4_person_dropout,simple_AND,215,10,24,0,0,0,0,0
156_Et_n_CO_M,S4_person_dropout,no_zone_gate,215,10,24,0,0,0,0,0
156_Et_n_CO_M,S4_person_dropout,no_age_gate,215,10,24,0,0,0,0,0
156_Et_n_CO_M,S4_person_dropout,hold_missing_gas_10s,215,10,24,0,0,0,0,0
156_Et_n_CO_M,S4_person_dropout,hold_missing_person_10s,215,10,25,1,1,0,0,0
156_Et_n_CO_M,S4_wrong_zone,S1_full,215,10,24,0,0,0,10,0
156_Et_n_CO_M,S4_wrong_zone,gas_only,215,10,0,0,0,0,0,0
156_Et_n_CO_M,S4_wrong_zone,simple_OR,215,10,0,0,0,0,0,0
156_Et_n_CO_M,S4_wrong_zone,simple_AND,215,10,25,1,1,0,0,0
156_Et_n_CO_M,S4_wrong_zone,no_zone_gate,215,10,25,1,1,0,0,0
156_Et_n_CO_M,S4_wrong_zone,no_age_gate,215,10,24,0,0,0,0,0
156_Et_n_CO_M,S4_wrong_zone,hold_missing_gas_10s,215,10,24,0,0,0,0,0
156_Et_n_CO_M,S4_wrong_zone,hold_missing_person_10s,215,10,24,0,0,0,0,0
156_Et_n_CO_M,S4_stale_gas,S1_full,215,10,24,0,0,0,10,0
156_Et_n_CO_M,S4_stale_gas,gas_only,215,10,0,0,0,10,0,0
156_Et_n_CO_M,S4_stale_gas,simple_OR,215,10,0,0,0,0,0,0
156_Et_n_CO_M,S4_stale_gas,simple_AND,215,10,24,0,0,0,0,0
156_Et_n_CO_M,S4_stale_gas,no_zone_gate,215,10,24,0,0,0,0,0
156_Et_n_CO_M,S4_stale_gas,no_age_gate,215,10,25,1,1,0,0,0
156_Et_n_CO_M,S4_stale_gas,hold_missing_gas_10s,215,10,24,0,0,0,0,0
156_Et_n_CO_M,S4_stale_gas,hold_missing_person_10s,215,10,24,0,0,0,0,0
157_Et_n_Me_H,S0_outside,S1_full,215,0,0,0,0,0,0,0
157_Et_n_Me_H,S0_outside,gas_only,215,0,0,0,0,0,0,0
157_Et_n_Me_H,S0_outside,simple_OR,215,0,0,0,0,0,0,0
157_Et_n_Me_H,S0_outside,simple_AND,215,0,0,0,0,0,0,0
157_Et_n_Me_H,S0_outside,no_zone_gate,215,0,0,0,0,0,0,0
157_Et_n_Me_H,S0_outside,no_age_gate,215,0,0,0,0,0,0,0
157_Et_n_Me_H,S0_outside,hold_missing_gas_10s,215,0,0,0,0,0,0,0
157_Et_n_Me_H,S0_outside,hold_missing_person_10s,215,0,0,0,0,0,0,0
157_Et_n_Me_H,S1_early_background,S1_full,35,0,0,0,0,0,0,0
157_Et_n_Me_H,S1_early_background,gas_only,35,0,0,0,0,0,0,0
157_Et_n_Me_H,S1_early_background,simple_OR,35,0,0,0,0,0,0,0
157_Et_n_Me_H,S1_early_background,simple_AND,35,0,0,0,0,0,0,0
157_Et_n_Me_H,S1_early_background,no_zone_gate,35,0,0,0,0,0,0,0
157_Et_n_Me_H,S1_early_background,no_age_gate,35,0,0,0,0,0,0,0
157_Et_n_Me_H,S1_early_background,hold_missing_gas_10s,35,0,0,0,0,0,0,0
157_Et_n_Me_H,S1_early_background,hold_missing_person_10s,35,0,0,0,0,0,0,0
157_Et_n_Me_H,S2_possible_overlap,S1_full,215,0,39,0,10,0,0,0
157_Et_n_Me_H,S2_possible_overlap,gas_only,215,0,0,0,0,0,0,0
157_Et_n_Me_H,S2_possible_overlap,simple_OR,215,0,0,0,0,0,0,0
157_Et_n_Me_H,S2_possible_overlap,simple_AND,215,0,39,0,10,0,0,0
157_Et_n_Me_H,S2_possible_overlap,no_zone_gate,215,0,39,0,10,0,0,0
157_Et_n_Me_H,S2_possible_overlap,no_age_gate,215,0,39,0,10,0,0,0
157_Et_n_Me_H,S2_possible_overlap,hold_missing_gas_10s,215,0,39,0,10,0,0,0
157_Et_n_Me_H,S2_possible_overlap,hold_missing_person_10s,215,0,39,0,10,0,0,0
157_Et_n_Me_H,S3_separate_events,S1_full,215,0,0,0,0,0,0,0
157_Et_n_Me_H,S3_separate_events,gas_only,215,0,0,0,0,0,0,0
157_Et_n_Me_H,S3_separate_events,simple_OR,215,0,0,0,0,0,0,0
157_Et_n_Me_H,S3_separate_events,simple_AND,215,0,0,0,0,0,0,0
157_Et_n_Me_H,S3_separate_events,no_zone_gate,215,0,0,0,0,0,0,0
157_Et_n_Me_H,S3_separate_events,no_age_gate,215,0,0,0,0,0,0,0
157_Et_n_Me_H,S3_separate_events,hold_missing_gas_10s,215,0,0,0,0,0,0,0
157_Et_n_Me_H,S3_separate_events,hold_missing_person_10s,215,0,0,0,0,0,0,0
157_Et_n_Me_H,S4_gas_dropout,S1_full,215,10,27,0,0,0,10,0
157_Et_n_Me_H,S4_gas_dropout,gas_only,215,10,0,0,0,10,0,0
157_Et_n_Me_H,S4_gas_dropout,simple_OR,215,10,0,0,0,0,0,0
157_Et_n_Me_H,S4_gas_dropout,simple_AND,215,10,27,0,0,0,0,0
157_Et_n_Me_H,S4_gas_dropout,no_zone_gate,215,10,27,0,0,0,0,0
157_Et_n_Me_H,S4_gas_dropout,no_age_gate,215,10,27,0,0,0,0,0
157_Et_n_Me_H,S4_gas_dropout,hold_missing_gas_10s,215,10,37,10,10,0,0,0
157_Et_n_Me_H,S4_gas_dropout,hold_missing_person_10s,215,10,27,0,0,0,0,0
157_Et_n_Me_H,S4_person_dropout,S1_full,215,10,29,0,0,0,10,0
157_Et_n_Me_H,S4_person_dropout,gas_only,215,10,0,0,0,0,0,0
157_Et_n_Me_H,S4_person_dropout,simple_OR,215,10,0,0,0,0,0,0
157_Et_n_Me_H,S4_person_dropout,simple_AND,215,10,29,0,0,0,0,0
157_Et_n_Me_H,S4_person_dropout,no_zone_gate,215,10,29,0,0,0,0,0
157_Et_n_Me_H,S4_person_dropout,no_age_gate,215,10,29,0,0,0,0,0
157_Et_n_Me_H,S4_person_dropout,hold_missing_gas_10s,215,10,29,0,0,0,0,0
157_Et_n_Me_H,S4_person_dropout,hold_missing_person_10s,215,10,39,10,10,0,0,0
157_Et_n_Me_H,S4_wrong_zone,S1_full,215,10,29,0,0,0,10,0
157_Et_n_Me_H,S4_wrong_zone,gas_only,215,10,0,0,0,0,0,0
157_Et_n_Me_H,S4_wrong_zone,simple_OR,215,10,0,0,0,0,0,0
157_Et_n_Me_H,S4_wrong_zone,simple_AND,215,10,39,10,10,0,0,0
157_Et_n_Me_H,S4_wrong_zone,no_zone_gate,215,10,39,10,10,0,0,0
157_Et_n_Me_H,S4_wrong_zone,no_age_gate,215,10,29,0,0,0,0,0
157_Et_n_Me_H,S4_wrong_zone,hold_missing_gas_10s,215,10,29,0,0,0,0,0
157_Et_n_Me_H,S4_wrong_zone,hold_missing_person_10s,215,10,29,0,0,0,0,0
157_Et_n_Me_H,S4_stale_gas,S1_full,215,10,29,0,0,0,10,0
157_Et_n_Me_H,S4_stale_gas,gas_only,215,10,0,0,0,10,0,0
157_Et_n_Me_H,S4_stale_gas,simple_OR,215,10,0,0,0,0,0,0
157_Et_n_Me_H,S4_stale_gas,simple_AND,215,10,29,0,0,0,0,0
157_Et_n_Me_H,S4_stale_gas,no_zone_gate,215,10,29,0,0,0,0,0
157_Et_n_Me_H,S4_stale_gas,no_age_gate,215,10,39,10,10,0,0,0
157_Et_n_Me_H,S4_stale_gas,hold_missing_gas_10s,215,10,29,0,0,0,0,0
157_Et_n_Me_H,S4_stale_gas,hold_missing_person_10s,215,10,29,0,0,0,0,0
158_Et_M_CO_H,S0_outside,S1_full,215,0,0,0,0,0,0,0
158_Et_M_CO_H,S0_outside,gas_only,215,0,0,0,0,0,0,0
158_Et_M_CO_H,S0_outside,simple_OR,215,0,0,0,0,0,0,0
158_Et_M_CO_H,S0_outside,simple_AND,215,0,0,0,0,0,0,0
158_Et_M_CO_H,S0_outside,no_zone_gate,215,0,0,0,0,0,0,0
158_Et_M_CO_H,S0_outside,no_age_gate,215,0,0,0,0,0,0,0
158_Et_M_CO_H,S0_outside,hold_missing_gas_10s,215,0,0,0,0,0,0,0
158_Et_M_CO_H,S0_outside,hold_missing_person_10s,215,0,0,0,0,0,0,0
158_Et_M_CO_H,S1_early_background,S1_full,35,0,0,0,0,0,0,0
158_Et_M_CO_H,S1_early_background,gas_only,35,0,0,0,0,0,0,0
158_Et_M_CO_H,S1_early_background,simple_OR,35,0,0,0,0,0,0,0
158_Et_M_CO_H,S1_early_background,simple_AND,35,0,0,0,0,0,0,0
158_Et_M_CO_H,S1_early_background,no_zone_gate,35,0,0,0,0,0,0,0
158_Et_M_CO_H,S1_early_background,no_age_gate,35,0,0,0,0,0,0,0
158_Et_M_CO_H,S1_early_background,hold_missing_gas_10s,35,0,0,0,0,0,0,0
158_Et_M_CO_H,S1_early_background,hold_missing_person_10s,35,0,0,0,0,0,0,0
158_Et_M_CO_H,S2_possible_overlap,S1_full,215,0,49,0,10,0,0,0
158_Et_M_CO_H,S2_possible_overlap,gas_only,215,0,0,0,0,0,0,0
158_Et_M_CO_H,S2_possible_overlap,simple_OR,215,0,0,0,0,0,0,0
158_Et_M_CO_H,S2_possible_overlap,simple_AND,215,0,49,0,10,0,0,0
158_Et_M_CO_H,S2_possible_overlap,no_zone_gate,215,0,49,0,10,0,0,0
158_Et_M_CO_H,S2_possible_overlap,no_age_gate,215,0,49,0,10,0,0,0
158_Et_M_CO_H,S2_possible_overlap,hold_missing_gas_10s,215,0,49,0,10,0,0,0
158_Et_M_CO_H,S2_possible_overlap,hold_missing_person_10s,215,0,49,0,10,0,0,0
158_Et_M_CO_H,S3_separate_events,S1_full,215,0,0,0,0,0,0,0
158_Et_M_CO_H,S3_separate_events,gas_only,215,0,0,0,0,0,0,0
158_Et_M_CO_H,S3_separate_events,simple_OR,215,0,0,0,0,0,0,0
158_Et_M_CO_H,S3_separate_events,simple_AND,215,0,0,0,0,0,0,0
158_Et_M_CO_H,S3_separate_events,no_zone_gate,215,0,0,0,0,0,0,0
158_Et_M_CO_H,S3_separate_events,no_age_gate,215,0,0,0,0,0,0,0
158_Et_M_CO_H,S3_separate_events,hold_missing_gas_10s,215,0,0,0,0,0,0,0
158_Et_M_CO_H,S3_separate_events,hold_missing_person_10s,215,0,0,0,0,0,0,0
158_Et_M_CO_H,S4_gas_dropout,S1_full,215,10,37,0,0,0,10,0
158_Et_M_CO_H,S4_gas_dropout,gas_only,215,10,0,0,0,10,0,0
158_Et_M_CO_H,S4_gas_dropout,simple_OR,215,10,0,0,0,0,0,0
158_Et_M_CO_H,S4_gas_dropout,simple_AND,215,10,37,0,0,0,0,0
158_Et_M_CO_H,S4_gas_dropout,no_zone_gate,215,10,37,0,0,0,0,0
158_Et_M_CO_H,S4_gas_dropout,no_age_gate,215,10,37,0,0,0,0,0
158_Et_M_CO_H,S4_gas_dropout,hold_missing_gas_10s,215,10,47,10,10,0,0,0
158_Et_M_CO_H,S4_gas_dropout,hold_missing_person_10s,215,10,37,0,0,0,0,0
158_Et_M_CO_H,S4_person_dropout,S1_full,215,10,39,0,0,0,10,0
158_Et_M_CO_H,S4_person_dropout,gas_only,215,10,0,0,0,0,0,0
158_Et_M_CO_H,S4_person_dropout,simple_OR,215,10,0,0,0,0,0,0
158_Et_M_CO_H,S4_person_dropout,simple_AND,215,10,39,0,0,0,0,0
158_Et_M_CO_H,S4_person_dropout,no_zone_gate,215,10,39,0,0,0,0,0
158_Et_M_CO_H,S4_person_dropout,no_age_gate,215,10,39,0,0,0,0,0
158_Et_M_CO_H,S4_person_dropout,hold_missing_gas_10s,215,10,39,0,0,0,0,0
158_Et_M_CO_H,S4_person_dropout,hold_missing_person_10s,215,10,49,10,10,0,0,0
158_Et_M_CO_H,S4_wrong_zone,S1_full,215,10,39,0,0,0,10,0
158_Et_M_CO_H,S4_wrong_zone,gas_only,215,10,0,0,0,0,0,0
158_Et_M_CO_H,S4_wrong_zone,simple_OR,215,10,0,0,0,0,0,0
158_Et_M_CO_H,S4_wrong_zone,simple_AND,215,10,49,10,10,0,0,0
158_Et_M_CO_H,S4_wrong_zone,no_zone_gate,215,10,49,10,10,0,0,0
158_Et_M_CO_H,S4_wrong_zone,no_age_gate,215,10,39,0,0,0,0,0
158_Et_M_CO_H,S4_wrong_zone,hold_missing_gas_10s,215,10,39,0,0,0,0,0
158_Et_M_CO_H,S4_wrong_zone,hold_missing_person_10s,215,10,39,0,0,0,0,0
158_Et_M_CO_H,S4_stale_gas,S1_full,215,10,39,0,0,0,10,0
158_Et_M_CO_H,S4_stale_gas,gas_only,215,10,0,0,0,10,0,0
158_Et_M_CO_H,S4_stale_gas,simple_OR,215,10,0,0,0,0,0,0
158_Et_M_CO_H,S4_stale_gas,simple_AND,215,10,39,0,0,0,0,0
158_Et_M_CO_H,S4_stale_gas,no_zone_gate,215,10,39,0,0,0,0,0
158_Et_M_CO_H,S4_stale_gas,no_age_gate,215,10,49,10,10,0,0,0
158_Et_M_CO_H,S4_stale_gas,hold_missing_gas_10s,215,10,39,0,0,0,0,0
158_Et_M_CO_H,S4_stale_gas,hold_missing_person_10s,215,10,39,0,0,0,0,0
163_Et_H_Me_M,S0_outside,S1_full,215,0,0,0,0,0,0,0
163_Et_H_Me_M,S0_outside,gas_only,215,0,0,0,0,0,0,0
163_Et_H_Me_M,S0_outside,simple_OR,215,0,0,0,0,0,0,0
163_Et_H_Me_M,S0_outside,simple_AND,215,0,0,0,0,0,0,0
163_Et_H_Me_M,S0_outside,no_zone_gate,215,0,0,0,0,0,0,0
163_Et_H_Me_M,S0_outside,no_age_gate,215,0,0,0,0,0,0,0
163_Et_H_Me_M,S0_outside,hold_missing_gas_10s,215,0,0,0,0,0,0,0
163_Et_H_Me_M,S0_outside,hold_missing_person_10s,215,0,0,0,0,0,0,0
163_Et_H_Me_M,S1_early_background,S1_full,35,0,0,0,0,0,0,0
163_Et_H_Me_M,S1_early_background,gas_only,35,0,0,0,0,0,0,0
163_Et_H_Me_M,S1_early_background,simple_OR,35,0,0,0,0,0,0,0
163_Et_H_Me_M,S1_early_background,simple_AND,35,0,0,0,0,0,0,0
163_Et_H_Me_M,S1_early_background,no_zone_gate,35,0,0,0,0,0,0,0
163_Et_H_Me_M,S1_early_background,no_age_gate,35,0,0,0,0,0,0,0
163_Et_H_Me_M,S1_early_background,hold_missing_gas_10s,35,0,0,0,0,0,0,0
163_Et_H_Me_M,S1_early_background,hold_missing_person_10s,35,0,0,0,0,0,0,0
163_Et_H_Me_M,S2_possible_overlap,S1_full,215,0,49,0,10,0,0,0
163_Et_H_Me_M,S2_possible_overlap,gas_only,215,0,0,0,0,0,0,0
163_Et_H_Me_M,S2_possible_overlap,simple_OR,215,0,0,0,0,0,0,0
163_Et_H_Me_M,S2_possible_overlap,simple_AND,215,0,49,0,10,0,0,0
163_Et_H_Me_M,S2_possible_overlap,no_zone_gate,215,0,49,0,10,0,0,0
163_Et_H_Me_M,S2_possible_overlap,no_age_gate,215,0,49,0,10,0,0,0
163_Et_H_Me_M,S2_possible_overlap,hold_missing_gas_10s,215,0,49,0,10,0,0,0
163_Et_H_Me_M,S2_possible_overlap,hold_missing_person_10s,215,0,49,0,10,0,0,0
163_Et_H_Me_M,S3_separate_events,S1_full,215,0,0,0,0,0,0,0
163_Et_H_Me_M,S3_separate_events,gas_only,215,0,0,0,0,0,0,0
163_Et_H_Me_M,S3_separate_events,simple_OR,215,0,0,0,0,0,0,0
163_Et_H_Me_M,S3_separate_events,simple_AND,215,0,0,0,0,0,0,0
163_Et_H_Me_M,S3_separate_events,no_zone_gate,215,0,0,0,0,0,0,0
163_Et_H_Me_M,S3_separate_events,no_age_gate,215,0,0,0,0,0,0,0
163_Et_H_Me_M,S3_separate_events,hold_missing_gas_10s,215,0,0,0,0,0,0,0
163_Et_H_Me_M,S3_separate_events,hold_missing_person_10s,215,0,0,0,0,0,0,0
163_Et_H_Me_M,S4_gas_dropout,S1_full,215,10,37,0,0,0,10,0
163_Et_H_Me_M,S4_gas_dropout,gas_only,215,10,0,0,0,10,0,0
163_Et_H_Me_M,S4_gas_dropout,simple_OR,215,10,0,0,0,0,0,0
163_Et_H_Me_M,S4_gas_dropout,simple_AND,215,10,37,0,0,0,0,0
163_Et_H_Me_M,S4_gas_dropout,no_zone_gate,215,10,37,0,0,0,0,0
163_Et_H_Me_M,S4_gas_dropout,no_age_gate,215,10,37,0,0,0,0,0
163_Et_H_Me_M,S4_gas_dropout,hold_missing_gas_10s,215,10,47,10,10,0,0,0
163_Et_H_Me_M,S4_gas_dropout,hold_missing_person_10s,215,10,37,0,0,0,0,0
163_Et_H_Me_M,S4_person_dropout,S1_full,215,10,39,0,0,0,10,0
163_Et_H_Me_M,S4_person_dropout,gas_only,215,10,0,0,0,0,0,0
163_Et_H_Me_M,S4_person_dropout,simple_OR,215,10,0,0,0,0,0,0
163_Et_H_Me_M,S4_person_dropout,simple_AND,215,10,39,0,0,0,0,0
163_Et_H_Me_M,S4_person_dropout,no_zone_gate,215,10,39,0,0,0,0,0
163_Et_H_Me_M,S4_person_dropout,no_age_gate,215,10,39,0,0,0,0,0
163_Et_H_Me_M,S4_person_dropout,hold_missing_gas_10s,215,10,39,0,0,0,0,0
163_Et_H_Me_M,S4_person_dropout,hold_missing_person_10s,215,10,49,10,10,0,0,0
163_Et_H_Me_M,S4_wrong_zone,S1_full,215,10,39,0,0,0,10,0
163_Et_H_Me_M,S4_wrong_zone,gas_only,215,10,0,0,0,0,0,0
163_Et_H_Me_M,S4_wrong_zone,simple_OR,215,10,0,0,0,0,0,0
163_Et_H_Me_M,S4_wrong_zone,simple_AND,215,10,49,10,10,0,0,0
163_Et_H_Me_M,S4_wrong_zone,no_zone_gate,215,10,49,10,10,0,0,0
163_Et_H_Me_M,S4_wrong_zone,no_age_gate,215,10,39,0,0,0,0,0
163_Et_H_Me_M,S4_wrong_zone,hold_missing_gas_10s,215,10,39,0,0,0,0,0
163_Et_H_Me_M,S4_wrong_zone,hold_missing_person_10s,215,10,39,0,0,0,0,0
163_Et_H_Me_M,S4_stale_gas,S1_full,215,10,39,0,0,0,10,0
163_Et_H_Me_M,S4_stale_gas,gas_only,215,10,0,0,0,10,0,0
163_Et_H_Me_M,S4_stale_gas,simple_OR,215,10,0,0,0,0,0,0
163_Et_H_Me_M,S4_stale_gas,simple_AND,215,10,39,0,0,0,0,0
163_Et_H_Me_M,S4_stale_gas,no_zone_gate,215,10,39,0,0,0,0,0
163_Et_H_Me_M,S4_stale_gas,no_age_gate,215,10,49,10,10,0,0,0
163_Et_H_Me_M,S4_stale_gas,hold_missing_gas_10s,215,10,39,0,0,0,0,0
163_Et_H_Me_M,S4_stale_gas,hold_missing_person_10s,215,10,39,0,0,0,0,0
164_Et_H_CO_n,S0_outside,S1_full,215,0,0,0,0,0,0,0
164_Et_H_CO_n,S0_outside,gas_only,215,0,0,0,0,0,0,0
164_Et_H_CO_n,S0_outside,simple_OR,215,0,0,0,0,0,0,0
164_Et_H_CO_n,S0_outside,simple_AND,215,0,0,0,0,0,0,0
164_Et_H_CO_n,S0_outside,no_zone_gate,215,0,0,0,0,0,0,0
164_Et_H_CO_n,S0_outside,no_age_gate,215,0,0,0,0,0,0,0
164_Et_H_CO_n,S0_outside,hold_missing_gas_10s,215,0,0,0,0,0,0,0
164_Et_H_CO_n,S0_outside,hold_missing_person_10s,215,0,0,0,0,0,0,0
164_Et_H_CO_n,S1_early_background,S1_full,35,0,0,0,0,0,0,0
164_Et_H_CO_n,S1_early_background,gas_only,35,0,0,0,0,0,0,0
164_Et_H_CO_n,S1_early_background,simple_OR,35,0,0,0,0,0,0,0
164_Et_H_CO_n,S1_early_background,simple_AND,35,0,0,0,0,0,0,0
164_Et_H_CO_n,S1_early_background,no_zone_gate,35,0,0,0,0,0,0,0
164_Et_H_CO_n,S1_early_background,no_age_gate,35,0,0,0,0,0,0,0
164_Et_H_CO_n,S1_early_background,hold_missing_gas_10s,35,0,0,0,0,0,0,0
164_Et_H_CO_n,S1_early_background,hold_missing_person_10s,35,0,0,0,0,0,0,0
164_Et_H_CO_n,S2_possible_overlap,S1_full,215,0,49,0,10,0,0,0
164_Et_H_CO_n,S2_possible_overlap,gas_only,215,0,0,0,0,0,0,0
164_Et_H_CO_n,S2_possible_overlap,simple_OR,215,0,0,0,0,0,0,0
164_Et_H_CO_n,S2_possible_overlap,simple_AND,215,0,49,0,10,0,0,0
164_Et_H_CO_n,S2_possible_overlap,no_zone_gate,215,0,49,0,10,0,0,0
164_Et_H_CO_n,S2_possible_overlap,no_age_gate,215,0,49,0,10,0,0,0
164_Et_H_CO_n,S2_possible_overlap,hold_missing_gas_10s,215,0,49,0,10,0,0,0
164_Et_H_CO_n,S2_possible_overlap,hold_missing_person_10s,215,0,49,0,10,0,0,0
164_Et_H_CO_n,S3_separate_events,S1_full,215,0,0,0,0,0,0,0
164_Et_H_CO_n,S3_separate_events,gas_only,215,0,0,0,0,0,0,0
164_Et_H_CO_n,S3_separate_events,simple_OR,215,0,0,0,0,0,0,0
164_Et_H_CO_n,S3_separate_events,simple_AND,215,0,0,0,0,0,0,0
164_Et_H_CO_n,S3_separate_events,no_zone_gate,215,0,0,0,0,0,0,0
164_Et_H_CO_n,S3_separate_events,no_age_gate,215,0,0,0,0,0,0,0
164_Et_H_CO_n,S3_separate_events,hold_missing_gas_10s,215,0,0,0,0,0,0,0
164_Et_H_CO_n,S3_separate_events,hold_missing_person_10s,215,0,0,0,0,0,0,0
164_Et_H_CO_n,S4_gas_dropout,S1_full,215,10,37,0,0,0,10,0
164_Et_H_CO_n,S4_gas_dropout,gas_only,215,10,0,0,0,10,0,0
164_Et_H_CO_n,S4_gas_dropout,simple_OR,215,10,0,0,0,0,0,0
164_Et_H_CO_n,S4_gas_dropout,simple_AND,215,10,37,0,0,0,0,0
164_Et_H_CO_n,S4_gas_dropout,no_zone_gate,215,10,37,0,0,0,0,0
164_Et_H_CO_n,S4_gas_dropout,no_age_gate,215,10,37,0,0,0,0,0
164_Et_H_CO_n,S4_gas_dropout,hold_missing_gas_10s,215,10,47,10,10,0,0,0
164_Et_H_CO_n,S4_gas_dropout,hold_missing_person_10s,215,10,37,0,0,0,0,0
164_Et_H_CO_n,S4_person_dropout,S1_full,215,10,39,0,0,0,10,0
164_Et_H_CO_n,S4_person_dropout,gas_only,215,10,0,0,0,0,0,0
164_Et_H_CO_n,S4_person_dropout,simple_OR,215,10,0,0,0,0,0,0
164_Et_H_CO_n,S4_person_dropout,simple_AND,215,10,39,0,0,0,0,0
164_Et_H_CO_n,S4_person_dropout,no_zone_gate,215,10,39,0,0,0,0,0
164_Et_H_CO_n,S4_person_dropout,no_age_gate,215,10,39,0,0,0,0,0
164_Et_H_CO_n,S4_person_dropout,hold_missing_gas_10s,215,10,39,0,0,0,0,0
164_Et_H_CO_n,S4_person_dropout,hold_missing_person_10s,215,10,49,10,10,0,0,0
164_Et_H_CO_n,S4_wrong_zone,S1_full,215,10,39,0,0,0,10,0
164_Et_H_CO_n,S4_wrong_zone,gas_only,215,10,0,0,0,0,0,0
164_Et_H_CO_n,S4_wrong_zone,simple_OR,215,10,0,0,0,0,0,0
164_Et_H_CO_n,S4_wrong_zone,simple_AND,215,10,49,10,10,0,0,0
164_Et_H_CO_n,S4_wrong_zone,no_zone_gate,215,10,49,10,10,0,0,0
164_Et_H_CO_n,S4_wrong_zone,no_age_gate,215,10,39,0,0,0,0,0
164_Et_H_CO_n,S4_wrong_zone,hold_missing_gas_10s,215,10,39,0,0,0,0,0
164_Et_H_CO_n,S4_wrong_zone,hold_missing_person_10s,215,10,39,0,0,0,0,0
164_Et_H_CO_n,S4_stale_gas,S1_full,215,10,39,0,0,0,10,0
164_Et_H_CO_n,S4_stale_gas,gas_only,215,10,0,0,0,10,0,0
164_Et_H_CO_n,S4_stale_gas,simple_OR,215,10,0,0,0,0,0,0
164_Et_H_CO_n,S4_stale_gas,simple_AND,215,10,39,0,0,0,0,0
164_Et_H_CO_n,S4_stale_gas,no_zone_gate,215,10,39,0,0,0,0,0
164_Et_H_CO_n,S4_stale_gas,no_age_gate,215,10,49,10,10,0,0,0
164_Et_H_CO_n,S4_stale_gas,hold_missing_gas_10s,215,10,39,0,0,0,0,0
164_Et_H_CO_n,S4_stale_gas,hold_missing_person_10s,215,10,39,0,0,0,0,0
166_Et_H_CO_H,S0_outside,S1_full,215,0,0,0,0,0,0,0
166_Et_H_CO_H,S0_outside,gas_only,215,0,0,0,0,0,0,0
166_Et_H_CO_H,S0_outside,simple_OR,215,0,0,0,0,0,0,0
166_Et_H_CO_H,S0_outside,simple_AND,215,0,0,0,0,0,0,0
166_Et_H_CO_H,S0_outside,no_zone_gate,215,0,0,0,0,0,0,0
166_Et_H_CO_H,S0_outside,no_age_gate,215,0,0,0,0,0,0,0
166_Et_H_CO_H,S0_outside,hold_missing_gas_10s,215,0,0,0,0,0,0,0
166_Et_H_CO_H,S0_outside,hold_missing_person_10s,215,0,0,0,0,0,0,0
166_Et_H_CO_H,S1_early_background,S1_full,35,0,0,0,0,0,0,0
166_Et_H_CO_H,S1_early_background,gas_only,35,0,0,0,0,0,0,0
166_Et_H_CO_H,S1_early_background,simple_OR,35,0,0,0,0,0,0,0
166_Et_H_CO_H,S1_early_background,simple_AND,35,0,0,0,0,0,0,0
166_Et_H_CO_H,S1_early_background,no_zone_gate,35,0,0,0,0,0,0,0
166_Et_H_CO_H,S1_early_background,no_age_gate,35,0,0,0,0,0,0,0
166_Et_H_CO_H,S1_early_background,hold_missing_gas_10s,35,0,0,0,0,0,0,0
166_Et_H_CO_H,S1_early_background,hold_missing_person_10s,35,0,0,0,0,0,0,0
166_Et_H_CO_H,S2_possible_overlap,S1_full,215,0,49,0,10,0,0,0
166_Et_H_CO_H,S2_possible_overlap,gas_only,215,0,0,0,0,0,0,0
166_Et_H_CO_H,S2_possible_overlap,simple_OR,215,0,0,0,0,0,0,0
166_Et_H_CO_H,S2_possible_overlap,simple_AND,215,0,49,0,10,0,0,0
166_Et_H_CO_H,S2_possible_overlap,no_zone_gate,215,0,49,0,10,0,0,0
166_Et_H_CO_H,S2_possible_overlap,no_age_gate,215,0,49,0,10,0,0,0
166_Et_H_CO_H,S2_possible_overlap,hold_missing_gas_10s,215,0,49,0,10,0,0,0
166_Et_H_CO_H,S2_possible_overlap,hold_missing_person_10s,215,0,49,0,10,0,0,0
166_Et_H_CO_H,S3_separate_events,S1_full,215,0,0,0,0,0,0,0
166_Et_H_CO_H,S3_separate_events,gas_only,215,0,0,0,0,0,0,0
166_Et_H_CO_H,S3_separate_events,simple_OR,215,0,0,0,0,0,0,0
166_Et_H_CO_H,S3_separate_events,simple_AND,215,0,0,0,0,0,0,0
166_Et_H_CO_H,S3_separate_events,no_zone_gate,215,0,0,0,0,0,0,0
166_Et_H_CO_H,S3_separate_events,no_age_gate,215,0,0,0,0,0,0,0
166_Et_H_CO_H,S3_separate_events,hold_missing_gas_10s,215,0,0,0,0,0,0,0
166_Et_H_CO_H,S3_separate_events,hold_missing_person_10s,215,0,0,0,0,0,0,0
166_Et_H_CO_H,S4_gas_dropout,S1_full,215,10,37,0,0,0,10,0
166_Et_H_CO_H,S4_gas_dropout,gas_only,215,10,0,0,0,10,0,0
166_Et_H_CO_H,S4_gas_dropout,simple_OR,215,10,0,0,0,0,0,0
166_Et_H_CO_H,S4_gas_dropout,simple_AND,215,10,37,0,0,0,0,0
166_Et_H_CO_H,S4_gas_dropout,no_zone_gate,215,10,37,0,0,0,0,0
166_Et_H_CO_H,S4_gas_dropout,no_age_gate,215,10,37,0,0,0,0,0
166_Et_H_CO_H,S4_gas_dropout,hold_missing_gas_10s,215,10,47,10,10,0,0,0
166_Et_H_CO_H,S4_gas_dropout,hold_missing_person_10s,215,10,37,0,0,0,0,0
166_Et_H_CO_H,S4_person_dropout,S1_full,215,10,39,0,0,0,10,0
166_Et_H_CO_H,S4_person_dropout,gas_only,215,10,0,0,0,0,0,0
166_Et_H_CO_H,S4_person_dropout,simple_OR,215,10,0,0,0,0,0,0
166_Et_H_CO_H,S4_person_dropout,simple_AND,215,10,39,0,0,0,0,0
166_Et_H_CO_H,S4_person_dropout,no_zone_gate,215,10,39,0,0,0,0,0
166_Et_H_CO_H,S4_person_dropout,no_age_gate,215,10,39,0,0,0,0,0
166_Et_H_CO_H,S4_person_dropout,hold_missing_gas_10s,215,10,39,0,0,0,0,0
166_Et_H_CO_H,S4_person_dropout,hold_missing_person_10s,215,10,49,10,10,0,0,0
166_Et_H_CO_H,S4_wrong_zone,S1_full,215,10,39,0,0,0,10,0
166_Et_H_CO_H,S4_wrong_zone,gas_only,215,10,0,0,0,0,0,0
166_Et_H_CO_H,S4_wrong_zone,simple_OR,215,10,0,0,0,0,0,0
166_Et_H_CO_H,S4_wrong_zone,simple_AND,215,10,49,10,10,0,0,0
166_Et_H_CO_H,S4_wrong_zone,no_zone_gate,215,10,49,10,10,0,0,0
166_Et_H_CO_H,S4_wrong_zone,no_age_gate,215,10,39,0,0,0,0,0
166_Et_H_CO_H,S4_wrong_zone,hold_missing_gas_10s,215,10,39,0,0,0,0,0
166_Et_H_CO_H,S4_wrong_zone,hold_missing_person_10s,215,10,39,0,0,0,0,0
166_Et_H_CO_H,S4_stale_gas,S1_full,215,10,39,0,0,0,10,0
166_Et_H_CO_H,S4_stale_gas,gas_only,215,10,0,0,0,10,0,0
166_Et_H_CO_H,S4_stale_gas,simple_OR,215,10,0,0,0,0,0,0
166_Et_H_CO_H,S4_stale_gas,simple_AND,215,10,39,0,0,0,0,0
166_Et_H_CO_H,S4_stale_gas,no_zone_gate,215,10,39,0,0,0,0,0
166_Et_H_CO_H,S4_stale_gas,no_age_gate,215,10,49,10,10,0,0,0
166_Et_H_CO_H,S4_stale_gas,hold_missing_gas_10s,215,10,39,0,0,0,0,0
166_Et_H_CO_H,S4_stale_gas,hold_missing_person_10s,215,10,39,0,0,0,0,0
169_Et_L_Me_M,S0_outside,S1_full,215,0,0,0,0,0,0,0
169_Et_L_Me_M,S0_outside,gas_only,215,0,0,0,0,0,0,0
169_Et_L_Me_M,S0_outside,simple_OR,215,0,0,0,0,0,0,0
169_Et_L_Me_M,S0_outside,simple_AND,215,0,0,0,0,0,0,0
169_Et_L_Me_M,S0_outside,no_zone_gate,215,0,0,0,0,0,0,0
169_Et_L_Me_M,S0_outside,no_age_gate,215,0,0,0,0,0,0,0
169_Et_L_Me_M,S0_outside,hold_missing_gas_10s,215,0,0,0,0,0,0,0
169_Et_L_Me_M,S0_outside,hold_missing_person_10s,215,0,0,0,0,0,0,0
169_Et_L_Me_M,S1_early_background,S1_full,35,0,0,0,0,0,0,0
169_Et_L_Me_M,S1_early_background,gas_only,35,0,0,0,0,0,0,0
169_Et_L_Me_M,S1_early_background,simple_OR,35,0,0,0,0,0,0,0
169_Et_L_Me_M,S1_early_background,simple_AND,35,0,0,0,0,0,0,0
169_Et_L_Me_M,S1_early_background,no_zone_gate,35,0,0,0,0,0,0,0
169_Et_L_Me_M,S1_early_background,no_age_gate,35,0,0,0,0,0,0,0
169_Et_L_Me_M,S1_early_background,hold_missing_gas_10s,35,0,0,0,0,0,0,0
169_Et_L_Me_M,S1_early_background,hold_missing_person_10s,35,0,0,0,0,0,0,0
169_Et_L_Me_M,S2_possible_overlap,S1_full,215,0,49,0,10,0,0,0
169_Et_L_Me_M,S2_possible_overlap,gas_only,215,0,0,0,0,0,0,0
169_Et_L_Me_M,S2_possible_overlap,simple_OR,215,0,0,0,0,0,0,0
169_Et_L_Me_M,S2_possible_overlap,simple_AND,215,0,49,0,10,0,0,0
169_Et_L_Me_M,S2_possible_overlap,no_zone_gate,215,0,49,0,10,0,0,0
169_Et_L_Me_M,S2_possible_overlap,no_age_gate,215,0,49,0,10,0,0,0
169_Et_L_Me_M,S2_possible_overlap,hold_missing_gas_10s,215,0,49,0,10,0,0,0
169_Et_L_Me_M,S2_possible_overlap,hold_missing_person_10s,215,0,49,0,10,0,0,0
169_Et_L_Me_M,S3_separate_events,S1_full,215,0,0,0,0,0,0,0
169_Et_L_Me_M,S3_separate_events,gas_only,215,0,0,0,0,0,0,0
169_Et_L_Me_M,S3_separate_events,simple_OR,215,0,0,0,0,0,0,0
169_Et_L_Me_M,S3_separate_events,simple_AND,215,0,0,0,0,0,0,0
169_Et_L_Me_M,S3_separate_events,no_zone_gate,215,0,0,0,0,0,0,0
169_Et_L_Me_M,S3_separate_events,no_age_gate,215,0,0,0,0,0,0,0
169_Et_L_Me_M,S3_separate_events,hold_missing_gas_10s,215,0,0,0,0,0,0,0
169_Et_L_Me_M,S3_separate_events,hold_missing_person_10s,215,0,0,0,0,0,0,0
169_Et_L_Me_M,S4_gas_dropout,S1_full,215,10,37,0,0,0,10,0
169_Et_L_Me_M,S4_gas_dropout,gas_only,215,10,0,0,0,10,0,0
169_Et_L_Me_M,S4_gas_dropout,simple_OR,215,10,0,0,0,0,0,0
169_Et_L_Me_M,S4_gas_dropout,simple_AND,215,10,37,0,0,0,0,0
169_Et_L_Me_M,S4_gas_dropout,no_zone_gate,215,10,37,0,0,0,0,0
169_Et_L_Me_M,S4_gas_dropout,no_age_gate,215,10,37,0,0,0,0,0
169_Et_L_Me_M,S4_gas_dropout,hold_missing_gas_10s,215,10,47,10,10,0,0,0
169_Et_L_Me_M,S4_gas_dropout,hold_missing_person_10s,215,10,37,0,0,0,0,0
169_Et_L_Me_M,S4_person_dropout,S1_full,215,10,39,0,0,0,10,0
169_Et_L_Me_M,S4_person_dropout,gas_only,215,10,0,0,0,0,0,0
169_Et_L_Me_M,S4_person_dropout,simple_OR,215,10,0,0,0,0,0,0
169_Et_L_Me_M,S4_person_dropout,simple_AND,215,10,39,0,0,0,0,0
169_Et_L_Me_M,S4_person_dropout,no_zone_gate,215,10,39,0,0,0,0,0
169_Et_L_Me_M,S4_person_dropout,no_age_gate,215,10,39,0,0,0,0,0
169_Et_L_Me_M,S4_person_dropout,hold_missing_gas_10s,215,10,39,0,0,0,0,0
169_Et_L_Me_M,S4_person_dropout,hold_missing_person_10s,215,10,49,10,10,0,0,0
169_Et_L_Me_M,S4_wrong_zone,S1_full,215,10,39,0,0,0,10,0
169_Et_L_Me_M,S4_wrong_zone,gas_only,215,10,0,0,0,0,0,0
169_Et_L_Me_M,S4_wrong_zone,simple_OR,215,10,0,0,0,0,0,0
169_Et_L_Me_M,S4_wrong_zone,simple_AND,215,10,49,10,10,0,0,0
169_Et_L_Me_M,S4_wrong_zone,no_zone_gate,215,10,49,10,10,0,0,0
169_Et_L_Me_M,S4_wrong_zone,no_age_gate,215,10,39,0,0,0,0,0
169_Et_L_Me_M,S4_wrong_zone,hold_missing_gas_10s,215,10,39,0,0,0,0,0
169_Et_L_Me_M,S4_wrong_zone,hold_missing_person_10s,215,10,39,0,0,0,0,0
169_Et_L_Me_M,S4_stale_gas,S1_full,215,10,39,0,0,0,10,0
169_Et_L_Me_M,S4_stale_gas,gas_only,215,10,0,0,0,10,0,0
169_Et_L_Me_M,S4_stale_gas,simple_OR,215,10,0,0,0,0,0,0
169_Et_L_Me_M,S4_stale_gas,simple_AND,215,10,39,0,0,0,0,0
169_Et_L_Me_M,S4_stale_gas,no_zone_gate,215,10,39,0,0,0,0,0
169_Et_L_Me_M,S4_stale_gas,no_age_gate,215,10,49,10,10,0,0,0
169_Et_L_Me_M,S4_stale_gas,hold_missing_gas_10s,215,10,39,0,0,0,0,0
169_Et_L_Me_M,S4_stale_gas,hold_missing_person_10s,215,10,39,0,0,0,0,0
170_Et_M_CO_M,S0_outside,S1_full,215,0,0,0,0,0,0,0
170_Et_M_CO_M,S0_outside,gas_only,215,0,0,0,0,0,0,0
170_Et_M_CO_M,S0_outside,simple_OR,215,0,0,0,0,0,0,0
170_Et_M_CO_M,S0_outside,simple_AND,215,0,0,0,0,0,0,0
170_Et_M_CO_M,S0_outside,no_zone_gate,215,0,0,0,0,0,0,0
170_Et_M_CO_M,S0_outside,no_age_gate,215,0,0,0,0,0,0,0
170_Et_M_CO_M,S0_outside,hold_missing_gas_10s,215,0,0,0,0,0,0,0
170_Et_M_CO_M,S0_outside,hold_missing_person_10s,215,0,0,0,0,0,0,0
170_Et_M_CO_M,S1_early_background,S1_full,35,0,0,0,0,0,0,0
170_Et_M_CO_M,S1_early_background,gas_only,35,0,0,0,0,0,0,0
170_Et_M_CO_M,S1_early_background,simple_OR,35,0,0,0,0,0,0,0
170_Et_M_CO_M,S1_early_background,simple_AND,35,0,0,0,0,0,0,0
170_Et_M_CO_M,S1_early_background,no_zone_gate,35,0,0,0,0,0,0,0
170_Et_M_CO_M,S1_early_background,no_age_gate,35,0,0,0,0,0,0,0
170_Et_M_CO_M,S1_early_background,hold_missing_gas_10s,35,0,0,0,0,0,0,0
170_Et_M_CO_M,S1_early_background,hold_missing_person_10s,35,0,0,0,0,0,0,0
170_Et_M_CO_M,S2_possible_overlap,S1_full,215,0,49,0,10,0,0,0
170_Et_M_CO_M,S2_possible_overlap,gas_only,215,0,0,0,0,0,0,0
170_Et_M_CO_M,S2_possible_overlap,simple_OR,215,0,0,0,0,0,0,0
170_Et_M_CO_M,S2_possible_overlap,simple_AND,215,0,49,0,10,0,0,0
170_Et_M_CO_M,S2_possible_overlap,no_zone_gate,215,0,49,0,10,0,0,0
170_Et_M_CO_M,S2_possible_overlap,no_age_gate,215,0,49,0,10,0,0,0
170_Et_M_CO_M,S2_possible_overlap,hold_missing_gas_10s,215,0,49,0,10,0,0,0
170_Et_M_CO_M,S2_possible_overlap,hold_missing_person_10s,215,0,49,0,10,0,0,0
170_Et_M_CO_M,S3_separate_events,S1_full,215,0,0,0,0,0,0,0
170_Et_M_CO_M,S3_separate_events,gas_only,215,0,0,0,0,0,0,0
170_Et_M_CO_M,S3_separate_events,simple_OR,215,0,0,0,0,0,0,0
170_Et_M_CO_M,S3_separate_events,simple_AND,215,0,0,0,0,0,0,0
170_Et_M_CO_M,S3_separate_events,no_zone_gate,215,0,0,0,0,0,0,0
170_Et_M_CO_M,S3_separate_events,no_age_gate,215,0,0,0,0,0,0,0
170_Et_M_CO_M,S3_separate_events,hold_missing_gas_10s,215,0,0,0,0,0,0,0
170_Et_M_CO_M,S3_separate_events,hold_missing_person_10s,215,0,0,0,0,0,0,0
170_Et_M_CO_M,S4_gas_dropout,S1_full,215,10,37,0,0,0,10,0
170_Et_M_CO_M,S4_gas_dropout,gas_only,215,10,0,0,0,10,0,0
170_Et_M_CO_M,S4_gas_dropout,simple_OR,215,10,0,0,0,0,0,0
170_Et_M_CO_M,S4_gas_dropout,simple_AND,215,10,37,0,0,0,0,0
170_Et_M_CO_M,S4_gas_dropout,no_zone_gate,215,10,37,0,0,0,0,0
170_Et_M_CO_M,S4_gas_dropout,no_age_gate,215,10,37,0,0,0,0,0
170_Et_M_CO_M,S4_gas_dropout,hold_missing_gas_10s,215,10,47,10,10,0,0,0
170_Et_M_CO_M,S4_gas_dropout,hold_missing_person_10s,215,10,37,0,0,0,0,0
170_Et_M_CO_M,S4_person_dropout,S1_full,215,10,39,0,0,0,10,0
170_Et_M_CO_M,S4_person_dropout,gas_only,215,10,0,0,0,0,0,0
170_Et_M_CO_M,S4_person_dropout,simple_OR,215,10,0,0,0,0,0,0
170_Et_M_CO_M,S4_person_dropout,simple_AND,215,10,39,0,0,0,0,0
170_Et_M_CO_M,S4_person_dropout,no_zone_gate,215,10,39,0,0,0,0,0
170_Et_M_CO_M,S4_person_dropout,no_age_gate,215,10,39,0,0,0,0,0
170_Et_M_CO_M,S4_person_dropout,hold_missing_gas_10s,215,10,39,0,0,0,0,0
170_Et_M_CO_M,S4_person_dropout,hold_missing_person_10s,215,10,49,10,10,0,0,0
170_Et_M_CO_M,S4_wrong_zone,S1_full,215,10,39,0,0,0,10,0
170_Et_M_CO_M,S4_wrong_zone,gas_only,215,10,0,0,0,0,0,0
170_Et_M_CO_M,S4_wrong_zone,simple_OR,215,10,0,0,0,0,0,0
170_Et_M_CO_M,S4_wrong_zone,simple_AND,215,10,49,10,10,0,0,0
170_Et_M_CO_M,S4_wrong_zone,no_zone_gate,215,10,49,10,10,0,0,0
170_Et_M_CO_M,S4_wrong_zone,no_age_gate,215,10,39,0,0,0,0,0
170_Et_M_CO_M,S4_wrong_zone,hold_missing_gas_10s,215,10,39,0,0,0,0,0
170_Et_M_CO_M,S4_wrong_zone,hold_missing_person_10s,215,10,39,0,0,0,0,0
170_Et_M_CO_M,S4_stale_gas,S1_full,215,10,39,0,0,0,10,0
170_Et_M_CO_M,S4_stale_gas,gas_only,215,10,0,0,0,10,0,0
170_Et_M_CO_M,S4_stale_gas,simple_OR,215,10,0,0,0,0,0,0
170_Et_M_CO_M,S4_stale_gas,simple_AND,215,10,39,0,0,0,0,0
170_Et_M_CO_M,S4_stale_gas,no_zone_gate,215,10,39,0,0,0,0,0
170_Et_M_CO_M,S4_stale_gas,no_age_gate,215,10,49,10,10,0,0,0
170_Et_M_CO_M,S4_stale_gas,hold_missing_gas_10s,215,10,39,0,0,0,0,0
170_Et_M_CO_M,S4_stale_gas,hold_missing_person_10s,215,10,39,0,0,0,0,0
176_Et_M_CO_n,S0_outside,S1_full,215,0,0,0,0,0,0,0
176_Et_M_CO_n,S0_outside,gas_only,215,0,0,0,0,0,0,0
176_Et_M_CO_n,S0_outside,simple_OR,215,0,0,0,0,0,0,0
176_Et_M_CO_n,S0_outside,simple_AND,215,0,0,0,0,0,0,0
176_Et_M_CO_n,S0_outside,no_zone_gate,215,0,0,0,0,0,0,0
176_Et_M_CO_n,S0_outside,no_age_gate,215,0,0,0,0,0,0,0
176_Et_M_CO_n,S0_outside,hold_missing_gas_10s,215,0,0,0,0,0,0,0
176_Et_M_CO_n,S0_outside,hold_missing_person_10s,215,0,0,0,0,0,0,0
176_Et_M_CO_n,S1_early_background,S1_full,35,0,0,0,0,0,0,0
176_Et_M_CO_n,S1_early_background,gas_only,35,0,0,0,0,0,0,0
176_Et_M_CO_n,S1_early_background,simple_OR,35,0,0,0,0,0,0,0
176_Et_M_CO_n,S1_early_background,simple_AND,35,0,0,0,0,0,0,0
176_Et_M_CO_n,S1_early_background,no_zone_gate,35,0,0,0,0,0,0,0
176_Et_M_CO_n,S1_early_background,no_age_gate,35,0,0,0,0,0,0,0
176_Et_M_CO_n,S1_early_background,hold_missing_gas_10s,35,0,0,0,0,0,0,0
176_Et_M_CO_n,S1_early_background,hold_missing_person_10s,35,0,0,0,0,0,0,0
176_Et_M_CO_n,S2_possible_overlap,S1_full,215,0,49,0,10,0,0,0
176_Et_M_CO_n,S2_possible_overlap,gas_only,215,0,0,0,0,0,0,0
176_Et_M_CO_n,S2_possible_overlap,simple_OR,215,0,0,0,0,0,0,0
176_Et_M_CO_n,S2_possible_overlap,simple_AND,215,0,49,0,10,0,0,0
176_Et_M_CO_n,S2_possible_overlap,no_zone_gate,215,0,49,0,10,0,0,0
176_Et_M_CO_n,S2_possible_overlap,no_age_gate,215,0,49,0,10,0,0,0
176_Et_M_CO_n,S2_possible_overlap,hold_missing_gas_10s,215,0,49,0,10,0,0,0
176_Et_M_CO_n,S2_possible_overlap,hold_missing_person_10s,215,0,49,0,10,0,0,0
176_Et_M_CO_n,S3_separate_events,S1_full,215,0,0,0,0,0,0,0
176_Et_M_CO_n,S3_separate_events,gas_only,215,0,0,0,0,0,0,0
176_Et_M_CO_n,S3_separate_events,simple_OR,215,0,0,0,0,0,0,0
176_Et_M_CO_n,S3_separate_events,simple_AND,215,0,0,0,0,0,0,0
176_Et_M_CO_n,S3_separate_events,no_zone_gate,215,0,0,0,0,0,0,0
176_Et_M_CO_n,S3_separate_events,no_age_gate,215,0,0,0,0,0,0,0
176_Et_M_CO_n,S3_separate_events,hold_missing_gas_10s,215,0,0,0,0,0,0,0
176_Et_M_CO_n,S3_separate_events,hold_missing_person_10s,215,0,0,0,0,0,0,0
176_Et_M_CO_n,S4_gas_dropout,S1_full,215,10,37,0,0,0,10,0
176_Et_M_CO_n,S4_gas_dropout,gas_only,215,10,0,0,0,10,0,0
176_Et_M_CO_n,S4_gas_dropout,simple_OR,215,10,0,0,0,0,0,0
176_Et_M_CO_n,S4_gas_dropout,simple_AND,215,10,37,0,0,0,0,0
176_Et_M_CO_n,S4_gas_dropout,no_zone_gate,215,10,37,0,0,0,0,0
176_Et_M_CO_n,S4_gas_dropout,no_age_gate,215,10,37,0,0,0,0,0
176_Et_M_CO_n,S4_gas_dropout,hold_missing_gas_10s,215,10,47,10,10,0,0,0
176_Et_M_CO_n,S4_gas_dropout,hold_missing_person_10s,215,10,37,0,0,0,0,0
176_Et_M_CO_n,S4_person_dropout,S1_full,215,10,39,0,0,0,10,0
176_Et_M_CO_n,S4_person_dropout,gas_only,215,10,0,0,0,0,0,0
176_Et_M_CO_n,S4_person_dropout,simple_OR,215,10,0,0,0,0,0,0
176_Et_M_CO_n,S4_person_dropout,simple_AND,215,10,39,0,0,0,0,0
176_Et_M_CO_n,S4_person_dropout,no_zone_gate,215,10,39,0,0,0,0,0
176_Et_M_CO_n,S4_person_dropout,no_age_gate,215,10,39,0,0,0,0,0
176_Et_M_CO_n,S4_person_dropout,hold_missing_gas_10s,215,10,39,0,0,0,0,0
176_Et_M_CO_n,S4_person_dropout,hold_missing_person_10s,215,10,49,10,10,0,0,0
176_Et_M_CO_n,S4_wrong_zone,S1_full,215,10,39,0,0,0,10,0
176_Et_M_CO_n,S4_wrong_zone,gas_only,215,10,0,0,0,0,0,0
176_Et_M_CO_n,S4_wrong_zone,simple_OR,215,10,0,0,0,0,0,0
176_Et_M_CO_n,S4_wrong_zone,simple_AND,215,10,49,10,10,0,0,0
176_Et_M_CO_n,S4_wrong_zone,no_zone_gate,215,10,49,10,10,0,0,0
176_Et_M_CO_n,S4_wrong_zone,no_age_gate,215,10,39,0,0,0,0,0
176_Et_M_CO_n,S4_wrong_zone,hold_missing_gas_10s,215,10,39,0,0,0,0,0
176_Et_M_CO_n,S4_wrong_zone,hold_missing_person_10s,215,10,39,0,0,0,0,0
176_Et_M_CO_n,S4_stale_gas,S1_full,215,10,39,0,0,0,10,0
176_Et_M_CO_n,S4_stale_gas,gas_only,215,10,0,0,0,10,0,0
176_Et_M_CO_n,S4_stale_gas,simple_OR,215,10,0,0,0,0,0,0
176_Et_M_CO_n,S4_stale_gas,simple_AND,215,10,39,0,0,0,0,0
176_Et_M_CO_n,S4_stale_gas,no_zone_gate,215,10,39,0,0,0,0,0
176_Et_M_CO_n,S4_stale_gas,no_age_gate,215,10,49,10,10,0,0,0
176_Et_M_CO_n,S4_stale_gas,hold_missing_gas_10s,215,10,39,0,0,0,0,0
176_Et_M_CO_n,S4_stale_gas,hold_missing_person_10s,215,10,39,0,0,0,0,0
177_Et_n_Me_L,S0_outside,S1_full,215,0,0,0,0,0,0,0
177_Et_n_Me_L,S0_outside,gas_only,215,0,0,0,0,0,0,0
177_Et_n_Me_L,S0_outside,simple_OR,215,0,0,0,0,0,0,0
177_Et_n_Me_L,S0_outside,simple_AND,215,0,0,0,0,0,0,0
177_Et_n_Me_L,S0_outside,no_zone_gate,215,0,0,0,0,0,0,0
177_Et_n_Me_L,S0_outside,no_age_gate,215,0,0,0,0,0,0,0
177_Et_n_Me_L,S0_outside,hold_missing_gas_10s,215,0,0,0,0,0,0,0
177_Et_n_Me_L,S0_outside,hold_missing_person_10s,215,0,0,0,0,0,0,0
177_Et_n_Me_L,S1_early_background,S1_full,35,0,0,0,0,0,0,0
177_Et_n_Me_L,S1_early_background,gas_only,35,0,0,0,0,0,0,0
177_Et_n_Me_L,S1_early_background,simple_OR,35,0,0,0,0,0,0,0
177_Et_n_Me_L,S1_early_background,simple_AND,35,0,0,0,0,0,0,0
177_Et_n_Me_L,S1_early_background,no_zone_gate,35,0,0,0,0,0,0,0
177_Et_n_Me_L,S1_early_background,no_age_gate,35,0,0,0,0,0,0,0
177_Et_n_Me_L,S1_early_background,hold_missing_gas_10s,35,0,0,0,0,0,0,0
177_Et_n_Me_L,S1_early_background,hold_missing_person_10s,35,0,0,0,0,0,0,0
177_Et_n_Me_L,S2_possible_overlap,S1_full,215,0,7,0,0,0,0,0
177_Et_n_Me_L,S2_possible_overlap,gas_only,215,0,0,0,0,0,0,0
177_Et_n_Me_L,S2_possible_overlap,simple_OR,215,0,0,0,0,0,0,0
177_Et_n_Me_L,S2_possible_overlap,simple_AND,215,0,7,0,0,0,0,0
177_Et_n_Me_L,S2_possible_overlap,no_zone_gate,215,0,7,0,0,0,0,0
177_Et_n_Me_L,S2_possible_overlap,no_age_gate,215,0,7,0,0,0,0,0
177_Et_n_Me_L,S2_possible_overlap,hold_missing_gas_10s,215,0,7,0,0,0,0,0
177_Et_n_Me_L,S2_possible_overlap,hold_missing_person_10s,215,0,7,0,0,0,0,0
177_Et_n_Me_L,S3_separate_events,S1_full,215,0,0,0,0,0,0,0
177_Et_n_Me_L,S3_separate_events,gas_only,215,0,0,0,0,0,0,0
177_Et_n_Me_L,S3_separate_events,simple_OR,215,0,0,0,0,0,0,0
177_Et_n_Me_L,S3_separate_events,simple_AND,215,0,0,0,0,0,0,0
177_Et_n_Me_L,S3_separate_events,no_zone_gate,215,0,0,0,0,0,0,0
177_Et_n_Me_L,S3_separate_events,no_age_gate,215,0,0,0,0,0,0,0
177_Et_n_Me_L,S3_separate_events,hold_missing_gas_10s,215,0,0,0,0,0,0,0
177_Et_n_Me_L,S3_separate_events,hold_missing_person_10s,215,0,0,0,0,0,0,0
177_Et_n_Me_L,S4_gas_dropout,S1_full,215,10,7,0,0,0,10,0
177_Et_n_Me_L,S4_gas_dropout,gas_only,215,10,0,0,0,10,0,0
177_Et_n_Me_L,S4_gas_dropout,simple_OR,215,10,0,0,0,0,0,0
177_Et_n_Me_L,S4_gas_dropout,simple_AND,215,10,7,0,0,0,0,0
177_Et_n_Me_L,S4_gas_dropout,no_zone_gate,215,10,7,0,0,0,0,0
177_Et_n_Me_L,S4_gas_dropout,no_age_gate,215,10,7,0,0,0,0,0
177_Et_n_Me_L,S4_gas_dropout,hold_missing_gas_10s,215,10,7,0,0,0,0,0
177_Et_n_Me_L,S4_gas_dropout,hold_missing_person_10s,215,10,7,0,0,0,0,0
177_Et_n_Me_L,S4_person_dropout,S1_full,215,10,7,0,0,0,10,0
177_Et_n_Me_L,S4_person_dropout,gas_only,215,10,0,0,0,0,0,0
177_Et_n_Me_L,S4_person_dropout,simple_OR,215,10,0,0,0,0,0,0
177_Et_n_Me_L,S4_person_dropout,simple_AND,215,10,7,0,0,0,0,0
177_Et_n_Me_L,S4_person_dropout,no_zone_gate,215,10,7,0,0,0,0,0
177_Et_n_Me_L,S4_person_dropout,no_age_gate,215,10,7,0,0,0,0,0
177_Et_n_Me_L,S4_person_dropout,hold_missing_gas_10s,215,10,7,0,0,0,0,0
177_Et_n_Me_L,S4_person_dropout,hold_missing_person_10s,215,10,7,0,0,0,0,0
177_Et_n_Me_L,S4_wrong_zone,S1_full,215,10,7,0,0,0,10,0
177_Et_n_Me_L,S4_wrong_zone,gas_only,215,10,0,0,0,0,0,0
177_Et_n_Me_L,S4_wrong_zone,simple_OR,215,10,0,0,0,0,0,0
177_Et_n_Me_L,S4_wrong_zone,simple_AND,215,10,7,0,0,0,0,0
177_Et_n_Me_L,S4_wrong_zone,no_zone_gate,215,10,7,0,0,0,0,0
177_Et_n_Me_L,S4_wrong_zone,no_age_gate,215,10,7,0,0,0,0,0
177_Et_n_Me_L,S4_wrong_zone,hold_missing_gas_10s,215,10,7,0,0,0,0,0
177_Et_n_Me_L,S4_wrong_zone,hold_missing_person_10s,215,10,7,0,0,0,0,0
177_Et_n_Me_L,S4_stale_gas,S1_full,215,10,7,0,0,0,10,0
177_Et_n_Me_L,S4_stale_gas,gas_only,215,10,0,0,0,10,0,0
177_Et_n_Me_L,S4_stale_gas,simple_OR,215,10,0,0,0,0,0,0
177_Et_n_Me_L,S4_stale_gas,simple_AND,215,10,7,0,0,0,0,0
177_Et_n_Me_L,S4_stale_gas,no_zone_gate,215,10,7,0,0,0,0,0
177_Et_n_Me_L,S4_stale_gas,no_age_gate,215,10,7,0,0,0,0,0
177_Et_n_Me_L,S4_stale_gas,hold_missing_gas_10s,215,10,7,0,0,0,0,0
177_Et_n_Me_L,S4_stale_gas,hold_missing_person_10s,215,10,7,0,0,0,0,0
