day,segment,source_kind,last_300_s_samples,co_reference_ppm,co_min_ppm,co_max_ppm,humidity_pct,temperature_c,heater_high_fraction,heater_high_n,heater_low_n,r1_high_mohm,r1_low_mohm,r8_high_mohm,r8_low_mohm
20160930_203718,0,UCI487_laboratory,981,20.0,15.56,20.0,42.49,26.54,0.23343527013251783,229,752,0.0882,1.28255,0.097,14.8609
20160930_203718,1,UCI487_laboratory,978,15.56,15.56,20.0,40.91,26.54,0.2331288343558282,228,750,0.0883,1.8568,0.0981,19.8616
20160930_203718,2,UCI487_laboratory,980,20.0,4.44,20.0,59.83,26.62,0.2316326530612245,227,753,0.0882,1.7466,0.0973,16.5136
20160930_203718,3,UCI487_laboratory,981,4.44,4.44,15.56,34.0,26.54,0.23547400611620795,231,750,0.0879,2.9415,0.1038,37.5627
20160930_203718,4,UCI487_laboratory,981,15.56,6.67,15.56,52.81,26.58,0.2324159021406728,228,753,0.08825,2.7237,0.0985,20.788
20160930_203718,5,UCI487_laboratory,976,6.67,2.22,6.67,32.39,26.54,0.2336065573770492,228,748,0.0881,4.147550000000001,0.1023,34.9816
20160930_203718,6,UCI487_laboratory,977,2.22,2.22,11.11,50.7642,26.58,0.23643807574206754,231,746,0.0879,5.691050000000001,0.1066,43.7627
20160930_203718,7,UCI487_laboratory,970,11.11,2.22,11.11,61.32,26.62,0.2309278350515464,224,746,0.0882,3.11685,0.1003,27.7504
20160930_203718,8,UCI487_laboratory,973,2.22,2.22,13.33,63.29,26.62,0.23329907502569372,227,746,0.0875,2.49825,0.1067,41.4854
20160930_203718,9,UCI487_laboratory,972,13.33,4.44,13.33,52.81,26.58,0.23148148148148148,225,747,0.0878,1.6573,0.0991,23.253
20160930_203718,10,UCI487_laboratory,973,4.44,4.44,6.67,27.49,26.46,0.23227132579650564,226,747,0.0878,2.6904,0.1046,41.4854
20160930_203718,11,UCI487_laboratory,971,6.67,0.0,6.67,53.3,26.5,0.23377960865087538,227,744,0.088,3.5887000000000002,0.1028,35.773250000000004
20160930_203718,12,UCI487_laboratory,974,0.0,0.0,15.56,52.29,26.5,0.23305954825462014,227,747,0.0876,3.6547,0.1115,51.0146
20160930_203718,13,UCI487_laboratory,974,15.56,8.89,15.56,48.19,26.46,0.23408624229979466,228,746,0.08835000000000001,2.3666,0.0987,21.1332
20160930_203718,14,UCI487_laboratory,971,8.89,8.89,15.56,39.31,26.42,0.23069001029866118,224,747,0.0883,3.3866,0.1013,32.3335
20160930_203718,15,UCI487_laboratory,980,15.56,13.33,15.56,49.21,26.42,0.23265306122448978,228,752,0.08865,3.1852,0.0987,21.5445
20160930_203718,16,UCI487_laboratory,975,13.33,13.33,15.56,33.99,26.38,0.23282051282051283,227,748,0.0887,4.1577,0.0996,25.431150000000002
20160930_203718,17,UCI487_laboratory,973,15.56,8.89,15.56,58.32,26.46,0.23535457348406988,229,744,0.0887,4.1274999999999995,0.0991,23.71495
20160930_203718,18,UCI487_laboratory,975,8.89,8.89,11.11,33.45,26.38,0.23384615384615384,228,747,0.0883,4.7176,0.1017,33.8494
20160930_203718,19,UCI487_laboratory,977,11.11,0.0,11.11,48.69,26.38,0.23029682702149437,225,752,0.0883,5.21645,0.1006,29.47365
20160930_203718,20,UCI487_laboratory,982,0.0,0.0,15.56,52.78,26.38,0.23319755600814665,229,753,0.0879,5.3552,0.1124,51.9752
20160930_203718,21,UCI487_laboratory,974,15.56,15.56,17.78,42.47,26.34,0.23203285420944558,226,748,0.08835000000000001,3.33765,0.099,22.1794
20160930_203718,22,UCI487_laboratory,974,17.78,11.11,17.78,48.69,26.34,0.23203285420944558,226,748,0.08835000000000001,3.2648,0.09845000000000001,19.83805
20160930_203718,23,UCI487_laboratory,980,11.11,0.0,11.11,67.15,26.38,0.23265306122448978,228,752,0.0879,2.7415000000000003,0.10025,26.8797
20160930_203718,24,UCI487_laboratory,976,0.0,0.0,11.11,55.31,26.34,0.23155737704918034,226,750,0.0873,2.5906,0.1124,52.3446
20160930_203718,25,UCI487_laboratory,971,11.11,11.11,13.33,58.8,26.34,0.23171987641606592,225,746,0.0878,1.7995,0.1008,29.363100000000003
20160930_203718,26,UCI487_laboratory,971,13.33,13.33,15.56,28.57,26.1991,0.22966014418125644,223,748,0.088,2.0405499999999996,0.0998,26.3334
20160930_203718,27,UCI487_laboratory,982,15.56,15.56,17.78,44.02,26.22,0.23319755600814665,229,753,0.0883,3.0175,0.0991,22.3084
20160930_203718,28,UCI487_laboratory,979,17.78,2.22,17.78,66.65,26.3,0.23391215526046988,229,750,0.088,2.2588999999999997,0.098,18.5531
20160930_203718,29,UCI487_laboratory,971,2.22,2.22,2.22,39.3,26.22,0.23274974253347064,226,745,0.0877,3.1327,0.108,50.0315
20160930_203718,30,UCI487_laboratory,971,2.22,2.22,8.89,49.7,26.22,0.23583934088568487,229,742,0.088,3.79515,0.1081,49.7495
20160930_203718,31,UCI487_laboratory,971,8.89,8.89,8.89,36.11,26.18,0.23069001029866118,224,747,0.0883,3.8854,0.1021,35.3657
20160930_203718,32,UCI487_laboratory,978,8.89,2.7826,8.89,66.64,26.26,0.2331288343558282,228,750,0.088,3.49435,0.1017,31.3033
20160930_203718,33,UCI487_laboratory,970,0.0,0.0,9.7257,28.56,26.14,0.23195876288659795,225,745,0.0875,4.211,0.1138,60.1664
20160930_203718,34,UCI487_laboratory,977,17.78,7.6549,17.78,30.73,26.14,0.2323439099283521,227,750,0.0887,5.43675,0.0987,20.2607
20160930_203718,35,UCI487_laboratory,979,4.44,4.44,8.5287,44.02,26.22,0.23186925434116445,227,752,0.0886,11.199950000000001,0.1056,45.2505
20160930_203718,36,UCI487_laboratory,975,11.11,11.11,11.11,50.73,26.26,0.23282051282051283,227,748,0.0889,6.6381,0.1012,31.5548
20160930_203718,37,UCI487_laboratory,983,11.11,11.11,15.072,24.18,26.18,0.23296032553407936,229,754,0.0888,9.0317,0.1016,31.6705
20160930_203718,38,UCI487_laboratory,970,17.78,9.149,17.78,63.72,26.26,0.2329896907216495,226,744,0.089,5.81625,0.09864999999999999,19.8145
20160930_203718,39,UCI487_laboratory,972,4.44,4.44,9.534,54.78,26.22,0.23148148148148148,225,747,0.0883,4.3462,0.106,45.7687
20160930_203718,40,UCI487_laboratory,982,13.33,13.33,15.5817,59.28,26.22,0.23319755600814665,229,753,0.088,2.5419,0.1006,27.3606
20160930_203718,41,UCI487_laboratory,981,17.78,13.7513,17.78,27.47,26.14,0.23343527013251783,229,752,0.0883,2.6027,0.0991,20.2607
20160930_203718,42,UCI487_laboratory,975,11.11,4.887,11.11,20.85,26.1,0.2317948717948718,226,749,0.0888,9.3338,0.1016,32.999
20160930_203718,43,UCI487_laboratory,983,2.22,2.22,9.1193,17.5,26.1,0.23194303153611392,228,755,0.0901,37.3412,0.11,57.2171
20160930_203718,44,UCI487_laboratory,975,13.33,13.33,13.33,31.81,26.1278,0.22974358974358974,224,751,0.09029999999999999,39.7569,0.1011,28.7735
20160930_203718,45,UCI487_laboratory,982,2.22,2.22,2.22,41.4,26.14,0.23319755600814665,229,753,0.0901,33.6595,0.1107,58.8889
20160930_203718,46,UCI487_laboratory,979,15.56,15.56,15.56,19.74,26.1012,0.23084780388151174,226,753,0.09015000000000001,30.523,0.1012,24.8162
20160930_203718,47,UCI487_laboratory,976,11.11,11.11,11.11,49.7,26.22,0.2346311475409836,229,747,0.0896,26.2618,0.1032,36.1896
20160930_203718,48,UCI487_laboratory,984,20.0,20.0,20.0,55.28,26.26,0.23272357723577236,229,755,0.0889,6.9912,0.1,19.0632
20160930_203718,49,UCI487_laboratory,978,20.0,20.0,20.0,41.40315,26.22,0.23006134969325154,225,753,0.0888,4.3843,0.0993,17.1537
20160930_203718,50,UCI487_laboratory,975,2.22,2.22,2.22,50.73,26.3,0.23076923076923078,225,750,0.088,6.96025,0.1105,57.5888
20160930_203718,51,UCI487_laboratory,978,20.0,20.0,20.0,43.51,26.3,0.2331288343558282,228,750,0.08865,3.4821,0.09905,17.33395
20160930_203718,52,UCI487_laboratory,975,6.67,6.67,6.67,46.63,26.38,0.23282051282051283,227,748,0.0882,5.558199999999999,0.1047,43.7627
20160930_203718,53,UCI487_laboratory,976,17.78,17.78,17.78,66.68,26.46,0.2305327868852459,225,751,0.0883,2.4795,0.0991,19.7583
20160930_203718,54,UCI487_laboratory,970,17.78,17.78,17.78,44.04,26.42,0.2329896907216495,226,744,0.08835000000000001,1.9661,0.09914999999999999,20.4535
20160930_203718,55,UCI487_laboratory,980,0.0,0.0,0.0,67.64,26.471449999999997,0.2316326530612245,227,753,0.0873,2.6995,0.1135,51.6712
20160930_203718,56,UCI487_laboratory,978,13.33,13.33,13.33,71.48,26.4692,0.23210633946830267,227,751,0.0879,1.3964,0.0998,24.1948
20160930_203718,57,UCI487_laboratory,980,6.67,6.67,6.67,55.82,26.42,0.2336734693877551,229,751,0.0873,1.4701,0.1035,36.3407
20160930_203718,58,UCI487_laboratory,984,20.0,20.0,20.0,50.75,26.46,0.23272357723577236,229,755,0.0878,1.0942,0.0979,17.1181
20160930_203718,59,UCI487_laboratory,975,0.0,0.0,0.0,61.3,26.46,0.23487179487179488,229,746,0.0871,1.67615,0.1125,51.0146
20160930_203718,60,UCI487_laboratory,979,8.89,8.89,8.89,28.58,26.38,0.23289070480081717,228,751,0.0881,1.7466,0.10214999999999999,33.8494
20160930_203718,61,UCI487_laboratory,977,4.44,4.44,4.44,32.91,26.38,0.2323439099283521,227,750,0.0876,3.49115,0.1053,44.2479
20160930_203718,62,UCI487_laboratory,971,13.33,13.33,13.33,59.81,26.46,0.23171987641606592,225,746,0.0883,3.11315,0.1003,27.9494
20160930_203718,63,UCI487_laboratory,971,2.22,2.22,2.22,26.39,26.38,0.23274974253347064,226,745,0.08805,5.1144,0.1087,54.4724
20160930_203718,64,UCI487_laboratory,974,20.0,20.0,20.0,46.13,26.46,0.23203285420944558,226,748,0.0887,4.5207999999999995,0.0981,17.7661
20160930_203718,65,UCI487_laboratory,971,6.67,6.67,6.67,60.32,26.54,0.23377960865087538,227,744,0.0883,4.5027,0.1038,40.4129
20160930_203718,66,UCI487_laboratory,977,15.56,15.56,15.56,62.79,26.58,0.23132036847492324,226,751,0.088,2.14,0.0996,24.3473
20160930_203718,67,UCI487_laboratory,977,4.44,4.44,4.44,28.59,26.5,0.23029682702149437,225,752,0.0879,3.0290999999999997,0.1057,45.7687
20160930_203718,68,UCI487_laboratory,978,0.0,0.0,0.0,52.81,26.58,0.2331288343558282,228,750,0.088,4.7759,0.1135,55.22
20160930_203718,69,UCI487_laboratory,977,8.89,8.89,8.89,45.63,26.62,0.2323439099283521,227,750,0.0882,3.5534,0.1022,34.075599999999994
20160930_203718,70,UCI487_laboratory,984,6.67,6.67,6.67,61.83,26.7,0.23170731707317074,228,756,0.08785000000000001,3.0627,0.10375000000000001,36.8637
20160930_203718,71,UCI487_laboratory,974,6.67,6.67,6.67,49.25,26.73345,0.22895277207392198,223,751,0.0878,2.4232,0.1033,37.922
20160930_203718,72,UCI487_laboratory,973,4.44,4.44,4.44,32.94,26.7365,0.2312435765673176,225,748,0.088,3.41275,0.1057,45.7687
20160930_203718,73,UCI487_laboratory,980,8.89,8.89,8.89,51.82,26.82,0.22959183673469388,225,755,0.0879,3.7079,0.1022,33.7179
20160930_203718,74,UCI487_laboratory,982,0.0,0.0,0.0,69.16,26.86,0.23014256619144602,226,756,0.0872,2.8364000000000003,0.1128,47.3955
20160930_203718,75,UCI487_laboratory,971,4.44,4.44,4.44,39.36,26.78,0.23480947476828012,228,743,0.08795,2.295,0.1055,44.4719
20160930_203718,76,UCI487_laboratory,972,8.89,8.89,8.89,51.31,26.78,0.23045267489711935,224,748,0.0879,2.44455,0.1021,34.1425
20160930_203718,77,UCI487_laboratory,972,11.11,11.11,11.11,34.02,26.78,0.23353909465020575,227,745,0.0882,2.9068,0.101,30.4421
20160930_203718,78,UCI487_laboratory,978,6.67,6.67,6.67,36.17,26.78,0.23006134969325154,225,753,0.0884,5.6246,0.1035,39.4289
20160930_203718,79,UCI487_laboratory,971,4.44,4.44,4.44,30.79,26.78,0.22966014418125644,223,748,0.0886,10.695699999999999,0.1058,48.09445
20160930_203718,80,UCI487_laboratory,974,11.11,11.11,11.11,65.29,26.9,0.23305954825462014,227,747,0.0883,5.2587,0.1008,28.987
20160930_203718,81,UCI487_laboratory,977,6.67,6.67,6.67,50.81,26.9,0.23336745138178097,228,749,0.08795,3.3303,0.1036,38.2881
20160930_203718,82,UCI487_laboratory,973,8.89,8.89,8.89,30.79,26.82,0.2302158273381295,224,749,0.0883,4.1086,0.1025,36.5236
20160930_203718,83,UCI487_laboratory,978,13.33,13.33,13.33,27.52,26.78,0.23210633946830267,227,751,0.0891,8.2864,0.1005,27.3606
20160930_203718,84,UCI487_laboratory,977,13.33,13.33,13.33,39.36,26.78,0.23439099283520984,229,748,0.0892,12.5222,0.1005,27.4483
20160930_203718,85,UCI487_laboratory,974,15.56,15.56,15.56,37.76,26.78,0.23408624229979466,228,746,0.08925,10.47515,0.0998,23.8281
20160930_203718,86,UCI487_laboratory,975,8.89,8.89,8.89,30.78,26.7,0.2317948717948718,226,749,0.0891,17.0279,0.103,38.833
20160930_203718,87,UCI487_laboratory,984,6.67,6.67,6.67,45.64,26.7,0.2306910569105691,227,757,0.0891,15.3964,0.1047,42.823
20160930_203718,88,UCI487_laboratory,983,2.22,2.22,2.22,27.51,26.66,0.23092573753814852,227,756,0.0888,18.7584,0.1109,58.8889
20160930_203718,89,UCI487_laboratory,973,0.0,0.0,0.0,64.79,26.78,0.23227132579650564,226,747,0.08810000000000001,10.6969,0.1158,61.0769
20160930_203718,90,UCI487_laboratory,973,4.44,4.44,4.44,43.55,26.7,0.22816032887975335,222,751,0.0878,4.9269,0.107,49.415
20160930_203718,91,UCI487_laboratory,972,0.0,0.0,0.0,55.85,26.7,0.2294238683127572,223,749,0.0873,4.6216,0.1156,61.0769
20160930_203718,92,UCI487_laboratory,976,20.0,20.0,20.0,34.01,26.62,0.23258196721311475,227,749,0.0883,2.8552,0.0989,17.0756
20160930_203718,93,UCI487_laboratory,970,20.0,20.0,20.0,20.88,26.58,0.23195876288659795,225,745,0.0891,7.1867,0.099,17.5998
20160930_203718,94,UCI487_laboratory,984,20.0,20.0,20.0,22.0,26.58,0.23170731707317074,228,756,0.09029999999999999,22.906100000000002,0.0993,17.45485
20160930_203718,95,UCI487_laboratory,981,17.78,17.78,17.78,22.0,26.58,0.23139653414882771,227,754,0.0914,40.8712,0.1005,20.6754
20160930_203718,96,UCI487_laboratory,978,17.78,17.78,17.78,47.7,26.62,0.2310838445807771,226,752,0.09045,24.07,0.10075,21.8575
20160930_203718,97,UCI487_laboratory,982,13.33,13.33,13.33,65.74,26.66,0.23217922606924643,228,754,0.0888,6.8275,0.1013,27.1697
20160930_203718,98,UCI487_laboratory,971,17.78,17.78,17.78,57.85,26.62,0.23171987641606592,225,746,0.0883,2.5985500000000004,0.0998,22.2086
20160930_203718,99,UCI487_laboratory,971,2.22,2.22,2.22,61.82,26.58,0.22966014418125644,223,748,0.0873,2.70045,0.1101,53.0355
20161001_231809,0,UCI487_laboratory,972,20.0,15.56,20.0,39.32,26.46,0.22016460905349794,214,758,0.0884,1.88545,0.0982,16.9422
20161001_231809,1,UCI487_laboratory,974,15.56,15.56,20.0,38.26,26.46,0.2166324435318275,211,763,0.0888,3.0643,0.0993,23.1766
20161001_231809,2,UCI487_laboratory,972,20.0,4.44,20.0,57.83995,26.5,0.2191358024691358,213,759,0.0886,2.7796,0.0985,19.4545
20161001_231809,3,UCI487_laboratory,977,4.44,4.44,15.56,31.84,26.42,0.21596724667349027,211,766,0.088,4.33845,0.1058,47.0913
20161001_231809,4,UCI487_laboratory,980,15.56,6.67,15.56,51.26,26.46,0.21836734693877552,214,766,0.08885000000000001,3.88875,0.0997,24.1948
20161001_231809,5,UCI487_laboratory,978,6.67,2.22,6.67,30.21,26.38,0.21779141104294478,213,765,0.0886,6.3916,0.1042,42.5736
20161001_231809,6,UCI487_laboratory,977,2.22,2.22,11.11,49.7297,26.46,0.21392016376663256,209,768,0.0882,7.9693000000000005,0.1093,53.7445
20161001_231809,7,UCI487_laboratory,971,11.11,2.22,11.11,60.32,26.5,0.21936148300720906,213,758,0.088,3.7487,0.1018,33.07475
20161001_231809,8,UCI487_laboratory,971,2.22,2.22,13.33,63.27,26.5,0.21730175077239958,211,760,0.0874,2.7254,0.1092,50.0315
20161001_231809,9,UCI487_laboratory,976,13.33,4.44,13.33,52.78,26.42,0.21413934426229508,209,767,0.0879,1.6597,0.1002,26.4311
20161001_231809,10,UCI487_laboratory,974,4.44,4.44,6.67,26.39,26.34,0.21765913757700206,212,762,0.0878,3.0862,0.1061,47.0913
20161001_231809,11,UCI487_laboratory,982,6.67,0.0,6.67,52.78,26.42,0.2158859470468432,212,770,0.08835000000000001,4.1333,0.104,39.0413
20161001_231809,12,UCI487_laboratory,981,0.0,0.0,15.56,51.77,26.42,0.21712538226299694,213,768,0.0879,3.82195,0.114,55.988
20161001_231809,13,UCI487_laboratory,980,15.56,8.89,15.56,47.67,26.42,0.2193877551020408,215,765,0.0883,2.3684,0.0996,22.6311
20161001_231809,14,UCI487_laboratory,970,8.89,8.89,15.56,38.26,26.38,0.2154639175257732,209,761,0.0883,3.4889,0.1022,36.1896
20161001_231809,15,UCI487_laboratory,975,15.56,13.33,15.56,48.69,26.38,0.2164102564102564,211,764,0.0884,3.38475,0.0995,23.8952
20161001_231809,16,UCI487_laboratory,971,13.33,13.33,15.56,32.91,26.34,0.21524201853759012,209,762,0.0886,4.4365,0.1003,28.1511
20161001_231809,17,UCI487_laboratory,974,15.56,8.89,15.56,58.32,26.44605,0.2166324435318275,211,763,0.0883,4.0573,0.0998,25.6375
20161001_231809,18,UCI487_laboratory,971,8.89,8.89,11.11,32.91,26.38,0.21833161688980432,212,759,0.08875,4.7354,0.1026,37.5627
20161001_231809,19,UCI487_laboratory,971,11.11,0.0,11.11,48.7,26.42,0.21421215242018538,208,763,0.0886,5.4224,0.1013,32.7247
20161001_231809,20,UCI487_laboratory,983,0.0,0.0,15.56,52.28,26.42,0.21973550356052898,216,767,0.08805,5.2368,0.1142,57.2171
20161001_231809,21,UCI487_laboratory,972,15.56,15.56,17.78,41.95,26.38,0.21810699588477367,212,760,0.0886,3.2687,0.0996,23.459
20161001_231809,22,UCI487_laboratory,975,17.78,11.11,17.78,48.7,26.42,0.2164102564102564,211,764,0.0886,3.0979,0.099,20.788
20161001_231809,23,UCI487_laboratory,973,11.11,0.0,11.11,67.65,26.5,0.21788283658787255,212,761,0.0884,2.453,0.1008,28.7735
20161001_231809,24,UCI487_laboratory,972,0.0,0.0,11.11,55.31,26.42,0.21604938271604937,210,762,0.08745,2.30975,0.1135,57.2171
20161001_231809,25,UCI487_laboratory,972,11.11,11.11,13.33,58.81675,26.44705,0.21604938271604937,210,762,0.0881,1.6316000000000002,0.1012,30.5716
20161001_231809,26,UCI487_laboratory,973,13.33,13.33,15.56,27.49,26.34,0.21788283658787255,212,761,0.08795,1.9367,0.1002,27.1697
20161001_231809,27,UCI487_laboratory,971,15.56,15.56,17.78,43.51,26.34,0.21627188465499486,210,761,0.0885,2.8585,0.0992,23.6027
20161001_231809,28,UCI487_laboratory,975,17.78,2.22,17.78,67.15,26.38,0.21743589743589745,212,763,0.0887,2.1056,0.0982,19.0632
20161001_231809,29,UCI487_laboratory,973,2.22,2.22,2.22,39.3,26.26,0.21788283658787255,212,761,0.08795,2.8274,0.1085,51.9752
20161001_231809,30,UCI487_laboratory,983,2.22,2.22,8.89,49.71,26.3,0.21770091556459817,214,769,0.0879,3.4103,0.1086,48.5445
20161001_231809,31,UCI487_laboratory,971,8.89,8.89,8.89,35.5787,26.22,0.21730175077239958,211,760,0.0882,3.66465,0.1025,36.8637
20161001_231809,32,UCI487_laboratory,981,8.89,3.0937,8.89,66.65,26.34,0.218144750254842,214,767,0.0882,3.2233,0.102,32.0699
20161001_231809,33,UCI487_laboratory,971,0.0,0.0,9.2278,28.56,26.18,0.21936148300720906,213,758,0.0882,4.09165,0.1143,62.9816
20161001_231809,34,UCI487_laboratory,973,17.78,10.6298,17.78,30.74,26.18,0.21685508735868447,211,762,0.0891,5.2834,0.099,20.87075
20161001_231809,35,UCI487_laboratory,971,4.44,4.44,8.2019,44.02,26.22,0.21833161688980432,212,759,0.08875,10.7882,0.1058,48.5445
20161001_231809,36,UCI487_laboratory,976,11.11,11.11,11.11,50.73,26.26,0.21721311475409835,212,764,0.0887,6.05825,0.1016,32.52815
20161001_231809,37,UCI487_laboratory,983,11.11,11.11,14.9853,23.63,26.18,0.21871820956256358,215,768,0.0895,8.60125,0.1018,32.394149999999996
20161001_231809,38,UCI487_laboratory,976,17.78,9.069,17.78,64.22,26.3,0.2151639344262295,210,766,0.089,5.228249999999999,0.0989,20.0712
20161001_231809,39,UCI487_laboratory,971,4.44,4.44,10.4941,55.29,26.2599,0.21627188465499486,210,761,0.088,3.8128,0.1062,47.6519
20161001_231809,40,UCI487_laboratory,980,13.33,13.33,15.9555,60.2795,26.26,0.2173469387755102,213,767,0.0883,2.234,0.1008,27.9494
20161001_231809,41,UCI487_laboratory,982,17.78,13.9047,17.78,27.47035,26.22,0.21690427698574338,213,769,0.0884,2.2653,0.0991,20.4535
20161001_231809,42,UCI487_laboratory,971,11.11,5.3671,11.11,20.86,26.22,0.21833161688980432,212,759,0.0891,8.5901,0.1016,34.0087
20161001_231809,43,UCI487_laboratory,977,2.22,2.22,9.9526,17.51,26.22,0.21494370522006143,210,767,0.0905,37.8193,0.1102,60.6597
20161001_231809,44,UCI487_laboratory,973,13.33,13.33,13.33,31.82,26.26,0.21788283658787255,212,761,0.09095,40.2975,0.1014,29.5241
20161001_231809,45,UCI487_laboratory,976,2.22,2.22,2.22,41.41,26.3,0.21618852459016394,211,765,0.0895,32.382,0.1112,62.0148
20161001_231809,46,UCI487_laboratory,977,15.56,15.56,15.56,19.19,26.26,0.21903787103377687,214,763,0.0907,29.3699,0.1015,24.9763
20161001_231809,47,UCI487_laboratory,975,11.11,11.11,11.11,50.4507,26.38,0.21846153846153846,213,762,0.09,23.8667,0.1036,36.6774
20161001_231809,48,UCI487_laboratory,971,20.0,20.0,20.0,55.81,26.42,0.21524201853759012,209,762,0.0886,5.7474,0.1001,19.7117
20161001_231809,49,UCI487_laboratory,972,20.0,20.0,20.0,41.95,26.38,0.21707818930041153,211,761,0.0888,3.8258,0.0993,17.3558
20161001_231809,50,UCI487_laboratory,978,2.22,2.22,2.22,51.26,26.42,0.21574642126789367,211,767,0.088,5.939,0.1106,56.7773
20161001_231809,51,UCI487_laboratory,970,20.0,20.0,20.0,44.2458,26.46,0.2175257731958763,211,759,0.0887,3.0014,0.0991,17.7204
20161001_231809,52,UCI487_laboratory,974,6.67,6.67,6.67,46.64,26.46,0.21560574948665298,210,764,0.08825,4.68375,0.1047,43.982
20161001_231809,53,UCI487_laboratory,983,17.78,17.78,17.78,67.66,26.54,0.21871820956256358,215,768,0.0882,2.128,0.099,19.531950000000002
20161001_231809,54,UCI487_laboratory,980,17.78,17.78,17.78,44.57,26.48735,0.2173469387755102,213,767,0.0882,1.7226,0.0991,20.1292
20161001_231809,55,UCI487_laboratory,973,0.0,0.0,0.0,68.62,26.54,0.2158273381294964,210,763,0.08754999999999999,2.276,0.1134,53.0355
20161001_231809,56,UCI487_laboratory,973,13.33,13.33,13.33,72.45,26.54,0.2158273381294964,210,763,0.088,1.2526,0.0998,24.3473
20161001_231809,57,UCI487_laboratory,982,6.67,6.67,6.67,56.83,26.48885,0.2189409368635438,215,767,0.0875,1.3034,0.1035,35.8615
20161001_231809,58,UCI487_laboratory,978,20.0,20.0,20.0,51.26,26.46,0.21574642126789367,211,767,0.0876,0.9831,0.0979,17.1537
20161001_231809,59,UCI487_laboratory,972,0.0,0.0,0.0,60.81,26.5,0.21810699588477367,212,760,0.0876,1.4836,0.1121,52.3446
20161001_231809,60,UCI487_laboratory,971,8.89,8.89,8.89,28.59,26.42,0.21524201853759012,209,762,0.0879,1.4908000000000001,0.102,35.052
20161001_231809,61,UCI487_laboratory,983,4.44,4.44,4.44,32.92,26.46,0.21770091556459817,214,769,0.0881,3.0806,0.1053,43.0331
20161001_231809,62,UCI487_laboratory,984,13.33,13.33,13.33,59.33,26.54,0.21544715447154472,212,772,0.0885,2.7323,0.1002,26.7955
20161001_231809,63,UCI487_laboratory,979,2.22,2.22,2.22,26.4,26.46,0.21756894790602654,213,766,0.088,4.6341,0.1086,51.4911
20161001_231809,64,UCI487_laboratory,971,20.0,20.0,20.0,46.13,26.54,0.21730175077239958,211,760,0.0891,4.06425,0.0981,17.997799999999998
20161001_231809,65,UCI487_laboratory,980,6.67,6.67,6.67,60.33,26.58,0.2163265306122449,212,768,0.0878,4.222250000000001,0.1037,38.833
20161001_231809,66,UCI487_laboratory,971,15.56,15.56,15.56,62.8,26.62,0.21833161688980432,212,759,0.08815,2.0018,0.0996,24.6579
20161001_231809,67,UCI487_laboratory,976,4.44,4.44,4.44,28.05,26.54,0.2151639344262295,210,766,0.08754999999999999,2.86165,0.1057,46.0081
20161001_231809,68,UCI487_laboratory,981,0.0,0.0,0.0,52.81,26.58,0.21712538226299694,213,768,0.0879,4.4363,0.1134,55.6363
20161001_231809,69,UCI487_laboratory,976,8.89,8.89,8.89,45.62,26.54,0.21721311475409835,212,764,0.08865,3.3781499999999998,0.1021,34.1425
20161001_231809,70,UCI487_laboratory,973,6.67,6.67,6.67,61.81,26.58,0.2199383350462487,214,759,0.088,2.8469,0.1038,38.6611
20161001_231809,71,UCI487_laboratory,972,6.67,6.67,6.67,49.23,26.54,0.21502057613168724,209,763,0.0879,2.2963,0.1035,38.6611
20161001_231809,72,UCI487_laboratory,978,4.44,4.44,4.44,32.92,26.5,0.2167689161554192,212,766,0.0881,3.2811500000000002,0.1057,44.9727
20161001_231809,73,UCI487_laboratory,982,8.89,8.89,8.89,52.23485,26.54,0.21792260692464357,214,768,0.0881,3.74615,0.1023,34.4405
20161001_231809,74,UCI487_laboratory,976,0.0,0.0,0.0,69.12,26.62,0.21618852459016394,211,765,0.0874,2.794,0.1129,50.6634
20161001_231809,75,UCI487_laboratory,983,4.44,4.44,4.44,39.33,26.5,0.21668362156663276,213,770,0.0878,2.2334,0.1056,41.9221
20161001_231809,76,UCI487_laboratory,977,8.89,8.89,8.89,51.27,26.5,0.21596724667349027,211,766,0.0882,2.4061000000000003,0.1021,34.0087
20161001_231809,77,UCI487_laboratory,982,11.11,11.11,11.11,34.0,26.46,0.2189409368635438,215,767,0.0886,2.8783,0.1011,29.9763
20161001_231809,78,UCI487_laboratory,979,6.67,6.67,6.67,36.14,26.46,0.21654749744637386,212,767,0.08865,5.9817,0.1037,39.8241
20161001_231809,79,UCI487_laboratory,979,4.44,4.44,4.44,30.76,26.46,0.21859039836567926,214,765,0.0889,11.3338,0.1061,47.3955
20161001_231809,80,UCI487_laboratory,979,11.11,11.11,11.11,65.72,26.54,0.21552604698672115,211,768,0.0886,5.32425,0.101,29.2035
20161001_231809,81,UCI487_laboratory,937,6.67,6.67,6.67,50.76,26.5,0.21451440768409819,201,736,0.0883,3.2363,0.1038,38.833
20161001_231809,82,UCI487_laboratory,974,8.89,8.89,8.89,30.76,26.46,0.21765913757700206,212,762,0.08875,4.196400000000001,0.1027,37.21
20161001_231809,83,UCI487_laboratory,974,13.33,13.33,13.33,27.49,26.46,0.2135523613963039,208,766,0.089,8.77735,0.1006,28.3556
20161001_231809,84,UCI487_laboratory,973,13.33,13.33,13.33,39.33,26.5,0.2158273381294964,210,763,0.0892,11.9863,0.10055,28.1511
20161001_231809,85,UCI487_laboratory,982,15.56,15.56,15.56,37.74,26.5,0.2158859470468432,212,770,0.08915000000000001,10.19295,0.0998,23.8281
20161001_231809,86,UCI487_laboratory,971,8.89,8.89,8.89,30.76,26.5,0.21524201853759012,209,762,0.0893,16.714100000000002,0.1032,40.0063
20161001_231809,87,UCI487_laboratory,975,6.67,6.67,6.67,45.61,26.5,0.2153846153846154,210,765,0.08954999999999999,15.4886,0.105,45.4846
20161001_231809,88,UCI487_laboratory,973,2.22,2.22,2.22,27.49,26.46,0.21685508735868447,211,762,0.0891,18.7621,0.1111,62.9816
20161001_231809,89,UCI487_laboratory,983,0.0,0.0,0.0,64.26,26.54,0.21668362156663276,213,770,0.0883,10.93515,0.1161,59.2824
20161001_231809,90,UCI487_laboratory,974,4.44,4.44,4.44,43.53,26.5,0.21971252566735114,214,760,0.08845,5.1315,0.1071,50.0315
20161001_231809,91,UCI487_laboratory,976,0.0,0.0,0.0,55.83,26.54,0.21721311475409835,212,764,0.08785000000000001,4.58385,0.1157,61.0769
20161001_231809,92,UCI487_laboratory,977,20.0,20.0,20.0,34.0,26.46,0.218014329580348,213,764,0.0887,2.7641,0.099,17.4364
20161001_231809,93,UCI487_laboratory,974,20.0,20.0,20.0,20.87,26.42,0.21560574948665298,210,764,0.08935,6.78655,0.0991,17.785200000000003
20161001_231809,94,UCI487_laboratory,971,20.0,20.0,20.0,21.99,26.42,0.21524201853759012,209,762,0.0906,22.594749999999998,0.0995,18.1953
20161001_231809,95,UCI487_laboratory,971,17.78,17.78,17.78,21.99,26.42,0.21627188465499486,210,761,0.0918,40.6776,0.1006,21.4895
20161001_231809,96,UCI487_laboratory,971,17.78,17.78,17.78,47.68,26.46,0.21627188465499486,210,761,0.09029999999999999,24.8607,0.1009,22.5706
20161001_231809,97,UCI487_laboratory,975,13.33,13.33,13.33,65.71,26.5,0.21435897435897436,209,766,0.0888,6.5616,0.1017,28.1511
20161001_231809,98,UCI487_laboratory,980,17.78,17.78,17.78,57.82,26.46,0.2153061224489796,211,769,0.0882,2.553,0.1,22.1794
20161001_231809,99,UCI487_laboratory,977,2.22,2.22,2.22,62.0991,26.4288,0.21494370522006143,210,767,0.0879,2.594,0.1102,53.0355
20161003_085624,0,UCI487_laboratory,975,20.0,15.56,20.0,39.31,26.34,0.21743589743589745,212,763,0.0891,2.3924,0.09815,16.6947
20161003_085624,1,UCI487_laboratory,978,15.56,15.56,20.0,37.71,26.26,0.2167689161554192,212,766,0.08885000000000001,3.9960999999999998,0.0992,22.7651
20161003_085624,2,UCI487_laboratory,976,20.0,4.44,20.0,56.79,26.26,0.21721311475409835,212,764,0.08875,3.233,0.0985,18.9677
20161003_085624,3,UCI487_laboratory,980,4.44,4.44,15.56,31.81,26.1,0.21428571428571427,210,770,0.0884,5.424849999999999,0.1057,46.42105
20161003_085624,4,UCI487_laboratory,975,15.56,6.67,15.56,50.71,26.14,0.21333333333333335,208,767,0.089,4.7499,0.0997,24.2777
20161003_085624,5,UCI487_laboratory,1008,6.67,2.22,6.67,30.19,26.1,0.2261904761904762,228,780,0.0892,7.56645,0.1041,41.2509
20161003_085624,6,UCI487_laboratory,971,2.22,2.22,11.11,49.1005,26.2241,0.22657054582904224,220,751,0.0887,10.6205,0.1091,55.988
20161003_085624,7,UCI487_laboratory,971,11.11,2.22,11.11,59.79,26.3,0.22966014418125644,223,748,0.0891,4.81155,0.102,33.1505
20161003_085624,8,UCI487_laboratory,972,2.22,2.22,13.33,62.26,26.34,0.2273662551440329,221,751,0.0883,3.4362,0.1088,51.0146
20161003_085624,9,UCI487_laboratory,984,13.33,4.44,13.33,52.2774,26.42,0.22764227642276422,224,760,0.0884,2.05495,0.10025,25.8081
20161003_085624,10,UCI487_laboratory,977,4.44,4.44,6.67,25.86,26.54,0.2262026612077789,221,756,0.0886,3.6968,0.1058,46.8407
20161003_085624,11,UCI487_laboratory,980,6.67,0.0,6.67,53.34,26.74,0.22755102040816327,223,757,0.0886,4.9269,0.1038,39.0413
20161003_085624,12,UCI487_laboratory,977,0.0,0.0,15.56,51.83,26.86,0.2262026612077789,221,756,0.0882,4.19365,0.1131,56.7773
20161003_085624,13,UCI487_laboratory,981,15.56,8.89,15.56,47.74,26.94,0.22833843017329256,224,757,0.0886,2.5601,0.0993,21.7335
20161003_085624,14,UCI487_laboratory,971,8.89,8.89,15.56,38.31,26.94,0.22657054582904224,220,751,0.08875,3.7696,0.102,35.3657
20161003_085624,15,UCI487_laboratory,971,15.56,13.33,15.56,49.281,26.98,0.2286302780638517,222,749,0.0888,3.4469,0.0993,23.253
20161003_085624,16,UCI487_laboratory,977,13.33,13.33,15.56,32.96,26.94,0.2262026612077789,221,756,0.0887,4.5599,0.1001,26.4311
20161003_085624,17,UCI487_laboratory,976,15.56,8.89,15.56,58.91,27.02,0.22848360655737704,223,753,0.0891,3.9577,0.0996,24.4313
20161003_085624,18,UCI487_laboratory,980,8.89,8.89,11.11,32.42,26.94,0.22551020408163266,221,759,0.0887,4.4562,0.1022,35.2224
20161003_085624,19,UCI487_laboratory,969,11.11,0.0,11.11,48.77,26.98,0.22703818369453044,220,749,0.08885000000000001,5.1896,0.1011,31.5548
20161003_085624,20,UCI487_laboratory,976,0.0,0.0,15.56,52.388,27.02,0.22848360655737704,223,753,0.0884,5.0898,0.113,58.4235
20161003_085624,21,UCI487_laboratory,981,15.56,15.56,17.78,42.02,27.02,0.2252803261977574,221,760,0.0889,3.0281000000000002,0.0993,22.2086
20161003_085624,22,UCI487_laboratory,978,17.78,11.11,17.78,47.75,27.02,0.22392638036809817,219,759,0.0888,3.012,0.0986,19.8145
20161003_085624,23,UCI487_laboratory,971,11.11,0.0,11.11,67.76,27.1,0.22451081359423275,218,753,0.08825,2.3659,0.1004,28.1511
20161003_085624,24,UCI487_laboratory,981,0.0,0.0,11.11,54.92,27.18,0.2273190621814475,223,758,0.0879,2.1858,0.1123,52.3446
20161003_085624,25,UCI487_laboratory,975,11.11,11.11,13.33,58.46,27.34,0.22666666666666666,221,754,0.0882,1.5586,0.1007,28.987
20161003_085624,26,UCI487_laboratory,983,13.33,13.33,15.56,27.56,27.26,0.2278738555442523,224,759,0.08865,1.8376,0.0999,25.3028
20161003_085624,27,UCI487_laboratory,971,15.56,15.56,17.78,43.63,27.34,0.22451081359423275,218,753,0.08875,2.8067,0.0989,22.3084
20161003_085624,28,UCI487_laboratory,973,17.78,2.22,17.78,67.33,27.42,0.22816032887975335,222,751,0.0884,1.9988,0.0979,18.1079
20161003_085624,29,UCI487_laboratory,970,2.22,2.22,2.22,38.88,27.34,0.2268041237113402,220,750,0.0879,2.5770999999999997,0.1075,50.3742
20161003_085624,30,UCI487_laboratory,972,2.22,2.22,8.89,49.85,27.34,0.2242798353909465,218,754,0.0879,3.0077,0.1076,49.1397
20161003_085624,31,UCI487_laboratory,977,8.89,8.89,8.89,35.15,27.3,0.22722620266120777,222,755,0.08845,3.2528,0.1018,33.5613
20161003_085624,32,UCI487_laboratory,976,8.89,0.0,8.89,66.84,27.42,0.22848360655737704,223,753,0.0884,2.7132,0.1013,30.5716
20161003_085624,33,UCI487_laboratory,976,0.0,0.0,17.78,27.56,27.26,0.22950819672131148,224,752,0.08825,3.59685,0.1128,58.8889
20161003_085624,34,UCI487_laboratory,973,17.78,4.44,17.78,30.29,27.3,0.2302158273381295,224,749,0.08954999999999999,5.4682,0.0986,19.7117
20161003_085624,35,UCI487_laboratory,982,4.44,4.44,11.11,44.15,27.34,0.22708757637474541,223,759,0.0889,9.8419,0.1051,44.2479
20161003_085624,36,UCI487_laboratory,971,11.11,11.11,11.11,50.87,27.34,0.2286302780638517,222,749,0.08925,5.2368,0.101,31.0556
20161003_085624,37,UCI487_laboratory,979,11.11,11.11,17.78,23.15,27.3,0.2257405515832482,221,758,0.0893,7.9247,0.1013,31.3033
20161003_085624,38,UCI487_laboratory,974,17.78,4.44,17.78,64.4,27.42,0.2299794661190965,224,750,0.08925,4.65215,0.09855,19.2126
20161003_085624,39,UCI487_laboratory,971,4.44,4.44,13.33,55.3271,27.34,0.2255406797116375,219,752,0.0883,3.1797500000000003,0.1055,45.1116
20161003_085624,40,UCI487_laboratory,982,13.33,13.33,17.78,59.95,27.34,0.22810590631364563,224,758,0.0881,1.9602499999999998,0.1002,26.5131
20161003_085624,41,UCI487_laboratory,971,17.78,11.11,17.78,27.01,27.22,0.2286302780638517,222,749,0.08845,2.1422,0.0987,20.0712
20161003_085624,42,UCI487_laboratory,971,11.11,2.22,11.11,19.8,27.18,0.2286302780638517,222,749,0.0896,8.5096,0.1011,32.3335
20161003_085624,43,UCI487_laboratory,975,2.22,2.22,13.33,16.43,27.14,0.2276923076923077,222,753,0.0914,39.3933,0.1095,60.1664
20161003_085624,44,UCI487_laboratory,977,13.33,2.22,13.33,31.36,27.1439,0.22722620266120777,222,755,0.09140000000000001,40.8879,0.1012,28.3556
20161003_085624,45,UCI487_laboratory,976,2.22,2.22,15.56,41.5,27.14,0.22848360655737704,223,753,0.0901,30.3051,0.1106,60.6597
20161003_085624,46,UCI487_laboratory,973,15.56,11.11,15.56,18.68,27.0325,0.22816032887975335,222,751,0.091,29.0583,0.10125,24.744
20161003_085624,47,UCI487_laboratory,976,11.11,11.11,20.0,50.33,27.1,0.22745901639344263,222,754,0.09015000000000001,22.752850000000002,0.1033,35.8615
20161003_085624,48,UCI487_laboratory,976,20.0,20.0,20.0,55.91,27.06,0.22643442622950818,221,755,0.0893,5.3821,0.0998,19.1156
20161003_085624,49,UCI487_laboratory,972,20.0,2.22,20.0,42.01,26.94,0.2273662551440329,221,751,0.0892,3.4776,0.0992,17.0756
20161003_085624,50,UCI487_laboratory,980,2.22,2.22,20.0,51.84,26.98,0.22857142857142856,224,756,0.08875,5.75295,0.1101,55.6363
20161003_085624,51,UCI487_laboratory,972,20.0,6.67,20.0,44.62,26.94,0.22633744855967078,220,752,0.0891,2.8478000000000003,0.099,17.5177
20161003_085624,52,UCI487_laboratory,975,6.67,6.67,17.78,46.7,26.9,0.22666666666666666,221,754,0.0887,4.5128,0.1043,43.2879
20161003_085624,53,UCI487_laboratory,979,17.78,17.78,17.78,67.24,26.94,0.22880490296220635,224,755,0.08875,2.1762,0.0989,19.6099
20161003_085624,54,UCI487_laboratory,980,17.78,0.0,17.78,44.61,26.82,0.22857142857142856,224,756,0.0887,1.7926,0.0989,19.9659
20161003_085624,55,UCI487_laboratory,983,0.0,0.0,13.33,68.68,26.86,0.2278738555442523,224,759,0.0881,2.3035,0.1128,50.0315
20161003_085624,56,UCI487_laboratory,974,13.33,6.67,13.33,72.51,26.86,0.22792607802874743,222,752,0.0881,1.2863,0.0996,24.16045
20161003_085624,57,UCI487_laboratory,972,6.67,6.67,20.0,56.87,26.78,0.2273662551440329,221,751,0.0876,1.3246,0.1031,37.3695
20161003_085624,58,UCI487_laboratory,971,20.0,0.0,20.0,51.3,26.74,0.22657054582904224,220,751,0.088,1.0238,0.09784999999999999,17.3121
20161003_085624,59,UCI487_laboratory,974,0.0,0.0,8.89,60.85,26.74,0.22792607802874743,222,752,0.08765,1.5755,0.1116,51.6712
20161003_085624,60,UCI487_laboratory,981,8.89,4.44,8.89,28.6,26.62,0.2273190621814475,223,758,0.0883,1.60805,0.1018,33.8494
20161003_085624,61,UCI487_laboratory,981,4.44,4.44,13.33,32.93,26.5839,0.2273190621814475,223,758,0.0882,3.3354999999999997,0.105,43.2879
20161003_085624,62,UCI487_laboratory,971,13.33,2.22,13.33,59.35,26.66,0.22760041194644695,221,750,0.0891,2.9981,0.1001,27.8405
20161003_085624,63,UCI487_laboratory,974,2.22,2.22,20.0,26.41,26.58,0.2268993839835729,221,753,0.0886,5.025,0.1083,54.073
20161003_085624,64,UCI487_laboratory,975,20.0,6.67,20.0,46.14,26.62,0.23076923076923078,225,750,0.0896,4.477449999999999,0.0981,17.7661
20161003_085624,65,UCI487_laboratory,974,6.67,6.67,15.56,59.84,26.66,0.22587268993839835,220,754,0.0886,4.59265,0.1036,39.8241
20161003_085624,66,UCI487_laboratory,977,15.56,4.44,15.56,62.31,26.62,0.2262026612077789,221,756,0.0888,2.1515,0.0996,24.2777
20161003_085624,67,UCI487_laboratory,974,4.44,0.0,4.44,27.5,26.5,0.22895277207392198,223,751,0.0887,3.3552,0.1056,46.8407
20161003_085624,68,UCI487_laboratory,972,0.0,0.0,8.89,52.29,26.54,0.23045267489711935,224,748,0.0883,5.11675,0.1131,58.8889
20161003_085624,69,UCI487_laboratory,980,8.89,6.67,8.89,45.61,26.5,0.22959183673469388,225,755,0.0887,4.0015,0.1022,34.6052
20161003_085624,70,UCI487_laboratory,980,6.67,6.67,6.67,61.31,26.54,0.22857142857142856,224,756,0.0884,3.37235,0.1037,38.6611
20161003_085624,71,UCI487_laboratory,981,6.67,4.44,6.67,48.71,26.46,0.22629969418960244,222,759,0.0884,2.6741,0.1035,38.2881
20161003_085624,72,UCI487_laboratory,979,4.44,4.44,8.89,32.92,26.42,0.22778345250255363,223,756,0.0888,3.89135,0.1057,45.4846
20161003_085624,73,UCI487_laboratory,974,8.89,0.0,8.89,51.77,26.46,0.2268993839835729,221,753,0.0886,4.3907,0.1023,35.685
20161003_085624,74,UCI487_laboratory,971,0.0,0.0,4.44,69.1,26.54,0.22966014418125644,223,748,0.0883,3.28245,0.1126,54.073
20161003_085624,75,UCI487_laboratory,982,4.44,4.44,8.89,39.32,26.46,0.22912423625254583,225,757,0.0878,2.7072,0.1055,43.2879
20161003_085624,76,UCI487_laboratory,972,8.89,8.89,11.11,50.76,26.5,0.2273662551440329,221,751,0.0886,2.7453,0.1022,34.7436
20161003_085624,77,UCI487_laboratory,977,11.11,6.67,11.11,33.99,26.4551,0.2292732855680655,224,753,0.0886,3.4668,0.101,30.6803
20161003_085624,78,UCI487_laboratory,973,6.67,4.44,6.67,36.1376,26.4503,0.22918807810894143,223,750,0.0891,6.775600000000001,0.1036,41.4854
20161003_085624,79,UCI487_laboratory,983,4.44,4.44,11.11,30.7596,26.4049,0.2268565615462869,223,760,0.0893,12.3803,0.1058,47.0913
20161003_085624,80,UCI487_laboratory,971,11.11,6.67,11.11,65.71,26.5,0.22657054582904224,220,751,0.08895,6.2382,0.101,30.4421
20161003_085624,81,UCI487_laboratory,973,6.67,6.67,8.89,50.75,26.46,0.2261048304213772,220,753,0.0889,3.7645,0.1038,40.8277
20161003_085624,82,UCI487_laboratory,977,8.89,8.89,13.33,30.75,26.38,0.22824974411463664,223,754,0.0886,4.8864,0.1026,37.0203
20161003_085624,83,UCI487_laboratory,971,13.33,13.33,13.33,27.49,26.38,0.22760041194644695,221,750,0.0899,10.0191,0.1006,28.987
20161003_085624,84,UCI487_laboratory,976,13.33,13.33,15.56,39.31,26.38,0.22848360655737704,223,753,0.09,13.6468,0.1006,28.2437
20161003_085624,85,UCI487_laboratory,970,15.56,8.89,15.56,37.299099999999996,26.34,0.2288659793814433,222,748,0.09,12.3124,0.1001,24.9763
20161003_085624,86,UCI487_laboratory,973,8.89,6.67,8.89,30.75,26.3,0.22816032887975335,222,751,0.09,18.932,0.1032,40.4129
20161003_085624,87,UCI487_laboratory,972,6.67,2.22,6.67,45.59,26.34,0.2273662551440329,221,751,0.0895,17.5861,0.1048,46.5435
20161003_085624,88,UCI487_laboratory,970,2.22,0.0,2.22,27.48,26.3,0.22783505154639175,221,749,0.0893,21.5074,0.1111,65.0072
20161003_085624,89,UCI487_laboratory,971,0.0,0.0,4.44,64.73,26.38,0.2255406797116375,219,752,0.0883,12.254000000000001,0.1159,65.0072
20161003_085624,90,UCI487_laboratory,972,4.44,0.0,4.44,44.03,26.3,0.2294238683127572,223,749,0.0887,5.9226,0.1071,51.6712
20161003_085624,91,UCI487_laboratory,975,0.0,0.0,20.0,55.8,26.3,0.22974358974358974,224,751,0.0884,5.2935,0.1157,62.5385
20161003_085624,92,UCI487_laboratory,971,20.0,20.0,20.0,33.98,26.26,0.23171987641606592,225,746,0.0892,3.25285,0.0991,17.9354
20161003_085624,93,UCI487_laboratory,973,20.0,20.0,20.0,20.86,26.2299,0.23227132579650564,226,747,0.08995,8.4501,0.09925,18.0605
20161003_085624,94,UCI487_laboratory,976,20.0,17.78,20.0,21.98,26.26,0.22950819672131148,224,752,0.09085,24.78125,0.0997,18.1714
20161003_085624,95,UCI487_laboratory,984,17.78,17.78,17.78,21.98,26.3,0.2266260162601626,223,761,0.0923,42.9193,0.1006,21.2507
20161003_085624,96,UCI487_laboratory,972,17.78,13.33,17.78,47.15,26.38,0.22839506172839505,222,750,0.0906,26.632350000000002,0.101,22.7651
20161003_085624,97,UCI487_laboratory,974,13.33,13.33,17.78,64.16,25.98,0.23203285420944558,226,748,0.08954999999999999,8.8247,0.1018,29.363100000000003
20161003_085624,98,UCI487_laboratory,983,17.78,2.22,17.78,57.68,25.58,0.2288911495422177,225,758,0.0891,3.6523,0.1005,22.9753
20161003_085624,99,UCI487_laboratory,972,2.22,0.0,2.22,61.62,25.42,0.22839506172839505,222,750,0.08815,3.7925,0.1109,58.0412
20161004_104124,0,UCI487_laboratory,982,20.0,15.56,20.0,40.25,25.3,0.22912423625254583,225,757,0.0889,2.2926,0.0989,17.8504
20161004_104124,1,UCI487_laboratory,970,15.56,15.56,20.0,38.16,25.46,0.22783505154639175,221,749,0.0893,3.8644,0.1,25.3028
20161004_104124,2,UCI487_laboratory,975,20.0,4.44,20.0,58.6899,25.62,0.23076923076923078,225,750,0.0891,3.60215,0.099,20.7572
20161004_104124,3,UCI487_laboratory,976,4.44,4.44,15.56,31.77,25.58,0.22950819672131148,224,752,0.08865,5.77545,0.1065,51.0146
20161004_104124,4,UCI487_laboratory,980,15.56,6.67,15.56,51.15,25.58,0.23265306122448978,228,752,0.08910000000000001,5.3932,0.1001,25.9809
20161004_104124,5,UCI487_laboratory,981,6.67,2.22,6.67,30.14,25.5,0.2273190621814475,223,758,0.0891,8.352599999999999,0.1047,44.9727
20161004_104124,6,UCI487_laboratory,979,2.22,2.22,11.11,49.61,25.5,0.23084780388151174,226,753,0.0892,11.9863,0.1101,57.2171
20161004_104124,7,UCI487_laboratory,981,11.11,2.22,11.11,59.67,25.54,0.22935779816513763,225,756,0.0893,5.7005,0.1023,34.4405
20161004_104124,8,UCI487_laboratory,972,2.22,2.22,13.33,62.13,25.5,0.2294238683127572,223,749,0.0884,4.0971,0.11,55.22
20161004_104124,9,UCI487_laboratory,981,13.33,4.44,13.33,51.63,25.42,0.23139653414882771,227,754,0.0888,2.5574,0.1007,28.1511
20161004_104124,10,UCI487_laboratory,983,4.44,4.44,6.67,26.32,25.34,0.2299084435401831,226,757,0.08875,4.7104,0.1067,49.1397
20161004_104124,11,UCI487_laboratory,975,6.67,0.0,6.67,51.62,25.34,0.22974358974358974,224,751,0.0891,7.128,0.1046,44.2479
20161004_104124,12,UCI487_laboratory,973,0.0,0.0,15.56,50.59,25.22,0.22713257965056527,221,752,0.0884,6.8633500000000005,0.1151,64.5356
20161004_104124,13,UCI487_laboratory,982,15.56,8.89,15.56,46.48,25.14,0.22708757637474541,223,759,0.0891,4.0939,0.1001,24.5017
20161004_104124,14,UCI487_laboratory,970,8.89,8.89,15.56,37.59,25.06,0.22783505154639175,221,749,0.0891,6.635,0.1031,40.2271
20161004_104124,15,UCI487_laboratory,971,15.56,13.33,15.56,48.01,25.06,0.23171987641606592,225,746,0.0895,6.44635,0.1002,26.2525
20161004_104124,16,UCI487_laboratory,981,13.33,13.33,15.56,32.79,25.02,0.23343527013251783,229,752,0.0896,8.7031,0.1011,29.6461
20161004_104124,17,UCI487_laboratory,975,15.56,8.89,15.56,57.62,25.14,0.23282051282051283,227,748,0.0897,7.6024,0.1006,28.2437
20161004_104124,18,UCI487_laboratory,973,8.89,8.89,11.11,32.26,25.1,0.22816032887975335,222,751,0.08940000000000001,8.2007,0.1033,41.0575
20161004_104124,19,UCI487_laboratory,978,11.11,0.0,11.11,48.03,25.18,0.2310838445807771,226,752,0.0896,9.7908,0.1021,34.9112
20161004_104124,20,UCI487_laboratory,975,0.0,0.0,15.56,51.6,25.18,0.22974358974358974,224,751,0.0887,9.0707,0.1153,65.5821
20161004_104124,21,UCI487_laboratory,971,15.56,15.56,17.78,41.29,25.18,0.23069001029866118,224,747,0.0892,5.5292,0.1002,25.3028
20161004_104124,22,UCI487_laboratory,972,17.78,11.11,17.78,48.03,25.18,0.23148148148148148,225,747,0.0895,5.3463,0.0995,22.4388
20161004_104124,23,UCI487_laboratory,972,11.11,0.0,11.11,66.94,25.22,0.23045267489711935,224,748,0.0888,4.2473,0.1015,32.4548
20161004_104124,24,UCI487_laboratory,982,0.0,0.0,11.11,54.63,25.18,0.22912423625254583,225,757,0.088,3.7824,0.1147,60.1664
20161004_104124,25,UCI487_laboratory,973,11.11,11.11,13.33,58.13,25.18,0.22713257965056527,221,752,0.0884,2.65115,0.1017,33.8494
20161004_104124,26,UCI487_laboratory,976,13.33,13.33,15.56,27.39,25.06,0.22950819672131148,224,752,0.0893,2.9875499999999997,0.1008,29.036
20161004_104124,27,UCI487_laboratory,974,15.56,15.56,17.78,43.37,25.1,0.23100616016427106,225,749,0.0893,5.0861,0.0998,25.3028
20161004_104124,28,UCI487_laboratory,979,17.78,2.22,17.78,66.45,25.14,0.23186925434116445,227,752,0.0889,3.6637500000000003,0.0989,20.788
20161004_104124,29,UCI487_laboratory,974,2.22,2.22,2.22,38.65,25.1,0.2299794661190965,224,750,0.08875,4.80555,0.1093,57.2171
20161004_104124,30,UCI487_laboratory,970,2.22,2.22,8.89,49.56,25.14,0.2309278350515464,224,746,0.08835000000000001,5.8943,0.1096,58.0412
20161004_104124,31,UCI487_laboratory,975,8.89,8.89,8.89,34.93,25.02,0.23076923076923078,225,750,0.0893,6.226649999999999,0.1031,39.6076
20161004_104124,32,UCI487_laboratory,973,8.89,4.3383,8.89,66.44,25.1,0.22816032887975335,222,751,0.08875,5.4732,0.1026,36.8637
20161004_104124,33,UCI487_laboratory,974,0.0,0.0,12.7305,28.47,24.94,0.22895277207392198,223,751,0.0889,6.8121,0.1156,67.7787
20161004_104124,34,UCI487_laboratory,970,17.78,10.1095,17.78,30.62,24.86,0.22989690721649483,223,747,0.0899,9.3812,0.0996,22.2378
20161004_104124,35,UCI487_laboratory,982,4.44,4.44,9.3825,43.33,24.78,0.22708757637474541,223,759,0.0896,18.2541,0.1068,51.6712
20161004_104124,36,UCI487_laboratory,979,11.11,11.11,11.11,50.01,24.66,0.22982635342185903,225,754,0.0896,11.486799999999999,0.1023,35.5392
20161004_104124,37,UCI487_laboratory,972,11.11,11.11,15.4522,22.97,24.5,0.23148148148148148,225,747,0.0899,15.7322,0.1027,36.8637
20161004_104124,38,UCI487_laboratory,975,17.78,7.5482,17.78,62.45,24.5,0.22974358974358974,224,751,0.08979999999999999,11.0534,0.0998,22.1794
20161004_104124,39,UCI487_laboratory,973,4.44,4.44,10.823,54.01,24.38,0.22816032887975335,222,751,0.08885000000000001,8.5699,0.1075,54.073
20161004_104124,40,UCI487_laboratory,980,13.33,13.33,16.4005,58.49,24.3,0.23061224489795917,226,754,0.0892,4.8881,0.10175000000000001,31.9278
20161004_104124,41,UCI487_laboratory,983,17.78,14.0715,17.78,27.32,24.14,0.23092573753814852,227,756,0.0891,5.101,0.1001,22.3674
20161004_104124,42,UCI487_laboratory,983,11.11,5.0115,11.11,20.73,24.02,0.2299084435401831,226,757,0.0902,18.1358,0.10275000000000001,36.6774
20161004_104124,43,UCI487_laboratory,970,2.22,2.22,7.8417,17.39,23.90595,0.2288659793814433,222,748,0.0926,52.4949,0.112,70.6812
20161004_104124,44,UCI487_laboratory,978,13.33,5.0197,13.33,30.54,23.86,0.23006134969325154,225,753,0.0933,55.5307,0.1027,32.0699
20161004_104124,45,UCI487_laboratory,982,2.22,2.22,2.22,40.61,23.78,0.23116089613034624,227,755,0.0922,50.9873,0.1133,68.2983
20161004_104124,46,UCI487_laboratory,976,15.56,15.56,15.56,19.04,23.66,0.22950819672131148,224,752,0.09215,46.1185,0.1027,27.4483
20161004_104124,47,UCI487_laboratory,975,11.11,11.11,11.11,48.86,23.66,0.23282051282051283,227,748,0.0917,45.0302,0.1051,41.0575
20161004_104124,48,UCI487_laboratory,977,20.0,20.0,20.0,53.91,23.66,0.23132036847492324,226,751,0.0905,16.9241,0.1015,21.5445
20161004_104124,49,UCI487_laboratory,971,20.0,20.0,20.0,41.11,23.54,0.23069001029866118,224,747,0.08990000000000001,11.4696,0.1007,18.8731
20161004_104124,50,UCI487_laboratory,972,2.22,2.22,2.22,49.85,23.46,0.23148148148148148,225,747,0.0895,17.8534,0.113,70.1254
20161004_104124,51,UCI487_laboratory,974,20.0,20.0,20.0,43.17,23.34,0.23100616016427106,225,749,0.0902,9.2068,0.1005,19.4093
20161004_104124,52,UCI487_laboratory,976,6.67,6.67,6.67,45.74,23.3,0.2305327868852459,225,751,0.0896,14.7436,0.1067,51.9752
20161004_104124,53,UCI487_laboratory,971,17.78,17.78,17.78,65.16,23.3,0.2286302780638517,222,749,0.08979999999999999,7.0845,0.1006,23.253
20161004_104124,54,UCI487_laboratory,982,17.78,17.78,17.78,43.67,23.18,0.23014256619144602,226,756,0.0893,5.3194,0.1006,22.7651
20161004_104124,55,UCI487_laboratory,980,0.0,0.0,0.0,66.59,23.18,0.22959183673469388,225,755,0.0882,7.8322,0.1167,65.5821
20161004_104124,56,UCI487_laboratory,972,13.33,13.33,13.33,70.38,23.1,0.23353909465020575,227,745,0.0893,3.619,0.1015,30.6803
20161004_104124,57,UCI487_laboratory,977,6.67,6.67,6.67,55.32,23.02,0.23132036847492324,226,751,0.08865,3.6713,0.10555,46.8407
20161004_104124,58,UCI487_laboratory,975,20.0,20.0,20.0,49.7803,22.94,0.2317948717948718,226,749,0.0893,2.5227,0.09955,20.2362
20161004_104124,59,UCI487_laboratory,971,0.0,0.0,0.0,58.77,22.9,0.2286302780638517,222,749,0.0885,4.5939,0.1158,67.7787
20161004_104124,60,UCI487_laboratory,977,8.89,8.89,8.89,28.3,22.78,0.23132036847492324,226,751,0.0893,4.8463,0.104,42.823
20161004_104124,61,UCI487_laboratory,984,4.44,4.44,4.44,32.58,22.7,0.22764227642276422,224,760,0.08935,10.865400000000001,0.1077,54.4724
20161004_104124,62,UCI487_laboratory,982,13.33,13.33,13.33,57.26,22.723300000000002,0.22912423625254583,225,757,0.0893,10.3454,0.102,34.3044
20161004_104124,63,UCI487_laboratory,975,2.22,2.22,2.22,26.11,22.58,0.23076923076923078,225,750,0.0896,16.5991,0.1118,66.6625
20161004_104124,64,UCI487_laboratory,971,20.0,20.0,20.0,45.14,22.58,0.22966014418125644,223,748,0.0901,14.5519,0.0998,21.04325
20161004_104124,65,UCI487_laboratory,984,6.67,6.67,6.67,58.22,22.54,0.23170731707317074,228,756,0.08945,16.423450000000003,0.1062,49.415
20161004_104124,66,UCI487_laboratory,977,15.56,15.56,15.56,60.67,22.5,0.23029682702149437,225,752,0.0899,8.07205,0.1015,30.62595
20161004_104124,67,UCI487_laboratory,980,4.44,4.44,4.44,28.26,22.38,0.22755102040816327,223,757,0.0892,11.4168,0.1085,57.2171
20161004_104124,68,UCI487_laboratory,971,0.0,0.0,0.0,51.22,22.38,0.23069001029866118,224,747,0.08929999999999999,17.9754,0.1176,75.335
20161004_104124,69,UCI487_laboratory,980,8.89,8.89,8.89,44.59,22.3,0.22959183673469388,225,755,0.0893,13.7421,0.1042,43.5025
20161004_104124,70,UCI487_laboratory,972,6.67,6.67,6.67,60.14,22.34,0.23045267489711935,224,748,0.0896,12.38065,0.1065,51.9752
20161004_104124,71,UCI487_laboratory,978,6.67,6.67,6.67,48.16,22.22,0.22903885480572597,224,754,0.08940000000000001,9.9587,0.106,49.415
20161004_104124,72,UCI487_laboratory,973,4.44,4.44,4.44,32.53,22.14,0.2312435765673176,225,748,0.0897,14.33995,0.1086,59.2824
20161004_104124,73,UCI487_laboratory,971,8.89,8.89,8.89,50.69,22.18,0.2286302780638517,222,749,0.09,15.3964,0.1047,46.2986
20161004_104124,74,UCI487_laboratory,978,0.0,0.0,0.0,67.37,22.22,0.22903885480572597,224,754,0.08925,12.68355,0.1174,67.1654
20161004_104124,75,UCI487_laboratory,984,4.44,4.44,4.44,38.87,22.1,0.2306910569105691,227,757,0.0892,10.0658,0.1083,55.22
20161004_104124,76,UCI487_laboratory,975,8.89,8.89,8.89,50.17,22.1072,0.22974358974358974,224,751,0.0892,10.4602,0.10439999999999999,44.4719
20161004_104124,77,UCI487_laboratory,970,11.11,11.11,11.11,33.59,22.0599,0.2309278350515464,224,746,0.08954999999999999,11.97815,0.1032,39.4289
20161004_104124,78,UCI487_laboratory,977,6.67,6.67,6.67,35.7,21.98,0.2323439099283521,227,750,0.09,21.346400000000003,0.1062,51.6712
20161004_104124,79,UCI487_laboratory,974,4.44,4.44,4.44,30.91,21.94,0.23203285420944558,226,748,0.09054999999999999,31.7242,0.1088,61.0769
20161004_104124,80,UCI487_laboratory,971,11.11,11.11,11.11,63.49,21.98,0.22966014418125644,223,748,0.0905,22.1453,0.1032,39.0413
20161004_104124,81,UCI487_laboratory,977,6.67,6.67,6.67,49.65,21.9,0.2292732855680655,224,753,0.08975,15.3964,0.1065,51.311
20161004_104124,82,UCI487_laboratory,975,8.89,8.89,8.89,30.38,21.9,0.2317948717948718,226,749,0.09029999999999999,17.4348,0.1051,46.2986
20161004_104124,83,UCI487_laboratory,980,13.33,13.33,13.33,28.23,21.9,0.23061224489795917,226,754,0.0905,26.678600000000003,0.1027,33.7179
20161004_104124,84,UCI487_laboratory,973,13.33,13.33,13.33,38.85,21.94,0.23227132579650564,226,747,0.0912,34.0744,0.1026,34.0087
20161004_104124,85,UCI487_laboratory,978,15.56,15.56,15.56,37.28,21.98,0.2310838445807771,226,752,0.09095,31.144399999999997,0.102,28.4496
20161004_104124,86,UCI487_laboratory,983,8.89,8.89,8.89,30.93,22.1,0.23092573753814852,227,756,0.091,40.127,0.1055,46.0081
20161004_104124,87,UCI487_laboratory,974,6.67,6.67,6.67,44.58,22.22,0.23203285420944558,226,748,0.0911,39.6573,0.1072,54.8097
20161004_104124,88,UCI487_laboratory,972,2.22,2.22,2.22,27.18,22.34,0.23251028806584362,226,746,0.09090000000000001,42.4974,0.1139,74.58
20161004_104124,89,UCI487_laboratory,978,0.0,0.0,0.0,63.1,22.54,0.23210633946830267,227,751,0.0902,32.1377,0.1194,73.9623
20161004_104124,90,UCI487_laboratory,970,4.44,4.44,4.44,43.08,22.58,0.2288659793814433,222,748,0.08915000000000001,18.9799,0.1092,62.0148
20161004_104124,91,UCI487_laboratory,978,0.0,0.0,0.0,54.77,22.7,0.2310838445807771,226,752,0.0889,16.7454,0.119,73.9623
20161004_104124,92,UCI487_laboratory,971,20.0,20.0,20.0,34.18,22.7031,0.23377960865087538,227,744,0.09,9.4719,0.1003,19.1156
20161004_104124,93,UCI487_laboratory,973,20.0,20.0,20.0,20.65,22.767,0.22918807810894143,223,750,0.0906,18.61035,0.1005,19.4818
20161004_104124,94,UCI487_laboratory,982,20.0,20.0,20.0,22.86,22.94,0.23217922606924643,228,754,0.09204999999999999,37.8193,0.1007,19.5548
20161004_104124,95,UCI487_laboratory,973,17.78,17.78,17.78,22.91,23.58,0.23227132579650564,226,747,0.09295,52.2091,0.1015,23.253
20161004_104124,96,UCI487_laboratory,975,17.78,17.78,17.78,48.93,24.26,0.23076923076923078,225,750,0.091,36.5323,0.1016,24.0441
20161004_104124,97,UCI487_laboratory,971,13.33,13.33,13.33,65.89,24.74,0.23274974253347064,226,745,0.08979999999999999,12.0441,0.1021,30.9222
20161004_104124,98,UCI487_laboratory,973,17.78,17.78,17.78,58.5896,24.94,0.23227132579650564,226,747,0.0888,4.3496,0.1003,23.9762
20161004_104124,99,UCI487_laboratory,976,2.22,2.22,2.22,63.08,25.34,0.23258196721311475,227,749,0.088,4.0486,0.1106,57.5888
20161005_140846,0,UCI487_laboratory,973,20.0,15.56,20.0,39.33,26.54,0.23227132579650564,226,747,0.08855,2.6844,0.09784999999999999,16.9631
20161005_140846,1,UCI487_laboratory,977,15.56,15.56,20.0,37.21,26.58,0.2323439099283521,227,750,0.0892,4.593999999999999,0.0989,23.1766
20161005_140846,2,UCI487_laboratory,976,20.0,4.44,20.0,57.86,26.7,0.23258196721311475,227,749,0.0886,3.7298,0.098,19.3553
20161005_140846,3,UCI487_laboratory,977,4.44,4.44,15.56,30.75,26.3,0.2323439099283521,227,750,0.0886,6.42545,0.1055,48.8133
20161005_140846,4,UCI487_laboratory,980,15.56,6.67,15.56,50.65,25.74,0.2336734693877551,229,751,0.0891,6.5712,0.0996,25.3028
20161005_140846,5,UCI487_laboratory,974,6.67,2.22,6.67,29.57,25.22,0.23305954825462014,227,747,0.0896,11.6084,0.1045,46.2986
20161005_140846,6,UCI487_laboratory,976,2.22,2.22,11.11,49.02,24.94,0.23258196721311475,227,749,0.0892,15.5764,0.11,59.2824
20161005_140846,7,UCI487_laboratory,971,11.11,2.22,11.11,60.05,24.78,0.23171987641606592,225,746,0.0893,7.7943999999999996,0.1022,37.0203
20161005_140846,8,UCI487_laboratory,980,2.22,2.22,13.33,62.97,24.62805,0.2336734693877551,229,751,0.0883,5.7934,0.1102,55.22
20161005_140846,9,UCI487_laboratory,972,13.33,4.44,13.33,53.58,24.9375,0.23148148148148148,225,747,0.0887,3.0227,0.1006,29.4232
20161005_140846,10,UCI487_laboratory,971,4.44,4.44,6.67,26.32,25.34,0.23274974253347064,226,745,0.0888,4.9774,0.1065,51.9752
20161005_140846,11,UCI487_laboratory,977,6.67,0.0,6.67,54.21,25.78,0.23541453428863868,230,747,0.0888,6.1974,0.104,42.5736
20161005_140846,12,UCI487_laboratory,971,0.0,0.0,15.56,52.73,26.02,0.23377960865087538,227,744,0.088,5.1415500000000005,0.1139,62.5385
20161005_140846,13,UCI487_laboratory,974,15.56,8.89,15.56,47.62,26.02,0.23305954825462014,227,747,0.0887,3.0974,0.0993,23.7481
20161005_140846,14,UCI487_laboratory,980,8.89,8.89,15.56,38.21,25.98,0.23469387755102042,230,750,0.08885000000000001,4.60105,0.1021,36.43215
20161005_140846,15,UCI487_laboratory,981,15.56,13.33,15.56,48.65,26.06,0.2324159021406728,228,753,0.089,4.4693,0.0993,24.0441
20161005_140846,16,UCI487_laboratory,984,13.33,13.33,15.56,32.89,26.14,0.2347560975609756,231,753,0.0892,5.8806,0.1001,27.5542
20161005_140846,17,UCI487_laboratory,973,15.56,8.89,15.56,58.3,26.34,0.23329907502569372,227,746,0.0893,5.3065999999999995,0.0996,26.156
20161005_140846,18,UCI487_laboratory,972,8.89,8.89,11.11,32.37,26.34,0.2345679012345679,228,744,0.08885000000000001,6.23035,0.1022,38.2881
20161005_140846,19,UCI487_laboratory,977,11.11,0.0,11.11,48.7,26.42,0.23336745138178097,228,749,0.0889,6.7792,0.101,32.4548
20161005_140846,20,UCI487_laboratory,971,0.0,0.0,15.56,52.28,26.46,0.23274974253347064,226,745,0.0882,6.5839,0.1135,63.9786
20161005_140846,21,UCI487_laboratory,975,15.56,15.56,17.78,41.96,26.46,0.23282051282051283,227,748,0.0891,3.8804,0.0993,23.6818
20161005_140846,22,UCI487_laboratory,971,17.78,11.11,17.78,48.19,26.46,0.23274974253347064,226,745,0.089,3.8361,0.0987,21.1864
20161005_140846,23,UCI487_laboratory,977,11.11,0.0,11.11,67.17,26.54,0.23439099283520984,229,748,0.0883,3.16025,0.1005,29.4232
20161005_140846,24,UCI487_laboratory,971,0.0,0.0,11.11,54.81,26.46,0.23274974253347064,226,745,0.088,2.821,0.1129,58.8889
20161005_140846,25,UCI487_laboratory,971,11.11,11.11,13.33,58.32,26.46,0.23377960865087538,227,744,0.0884,1.99145,0.1008,31.4172
20161005_140846,26,UCI487_laboratory,972,13.33,13.33,15.56,27.49,26.38,0.2345679012345679,228,744,0.0885,2.4302,0.1,27.7504
20161005_140846,27,UCI487_laboratory,979,15.56,15.56,17.78,42.99,26.38,0.23289070480081717,228,751,0.0888,3.8385,0.099,23.459
20161005_140846,28,UCI487_laboratory,974,17.78,2.22,17.78,66.18,26.42,0.2351129363449692,229,745,0.0888,2.6904,0.0981,19.4545
20161005_140846,29,UCI487_laboratory,971,2.22,2.22,2.22,38.25,26.34,0.23377960865087538,227,744,0.0883,3.6547,0.1081,54.4724
20161005_140846,30,UCI487_laboratory,975,2.22,2.22,8.89,49.2,26.34,0.23282051282051283,227,748,0.0883,4.47335,0.1082,52.3446
20161005_140846,31,UCI487_laboratory,982,8.89,8.89,8.89,35.05,26.3,0.23319755600814665,229,753,0.0889,4.7866,0.1022,36.0099
20161005_140846,32,UCI487_laboratory,971,8.89,0.0,8.89,65.69,26.38,0.23274974253347064,226,745,0.0884,4.146,0.1016,34.0087
20161005_140846,33,UCI487_laboratory,978,0.0,0.0,8.8544,27.48,26.26,0.2331288343558282,228,750,0.0882,5.152200000000001,0.114,62.0148
20161005_140846,34,UCI487_laboratory,971,17.78,11.2968,17.78,29.66,26.22,0.23480947476828012,228,743,0.08979999999999999,7.614,0.0989,21.2507
20161005_140846,35,UCI487_laboratory,980,4.44,4.44,8.8555,43.5,26.26,0.23265306122448978,228,752,0.08925,14.23605,0.1057,48.5445
20161005_140846,36,UCI487_laboratory,971,11.11,11.11,11.11,50.22,26.26,0.23377960865087538,227,744,0.0895,8.44055,0.1015,33.929050000000004
20161005_140846,37,UCI487_laboratory,980,11.11,11.11,15.0987,23.08,26.18,0.2316326530612245,227,753,0.0893,11.2009,0.1017,33.4318
20161005_140846,38,UCI487_laboratory,974,17.78,9.2958,17.78,63.23,26.26,0.23408624229979466,228,746,0.0897,7.2538,0.0988,20.5639
20161005_140846,39,UCI487_laboratory,972,4.44,4.44,9.4095,54.78,26.22,0.23353909465020575,227,745,0.0888,5.0455,0.106,49.415
20161005_140846,40,UCI487_laboratory,970,13.33,13.33,15.6574,59.28,26.22,0.23402061855670103,227,743,0.0886,2.9408,0.1006,29.7485
20161005_140846,41,UCI487_laboratory,977,17.78,12.6774,17.78,26.38,26.14,0.23132036847492324,226,751,0.08885000000000001,2.9545,0.09905,21.3045
20161005_140846,42,UCI487_laboratory,975,11.11,4.2558,11.11,20.1467,26.1,0.2317948717948718,226,749,0.0897,12.2135,0.1015,34.4405
20161005_140846,43,UCI487_laboratory,973,2.22,2.22,10.8525,16.38,26.1,0.2343268242548818,228,745,0.0913,44.2356,0.1102,65.0072
20161005_140846,44,UCI487_laboratory,976,13.33,5.0864,13.33,30.73,26.14,0.2336065573770492,228,748,0.0921,46.8426,0.1015,30.2074
20161005_140846,45,UCI487_laboratory,977,2.22,2.22,2.22,41.3937,26.14,0.23541453428863868,230,747,0.0909,37.4893,0.1112,64.5356
20161005_140846,46,UCI487_laboratory,978,15.56,15.56,15.56,18.62,26.06,0.2361963190184049,231,747,0.0914,34.1983,0.1016,25.7303
20161005_140846,47,UCI487_laboratory,977,11.11,11.11,11.11,49.69,26.14,0.2323439099283521,227,750,0.0904,29.2592,0.1037,37.922
20161005_140846,48,UCI487_laboratory,905,20.0,20.0,20.0,55.78,26.14,0.23204419889502761,210,695,0.08979999999999999,7.8589,0.1002,20.0232
20161005_140846,49,UCI487_laboratory,975,20.0,20.0,20.0,41.92,26.1,0.23384615384615384,228,747,0.08940000000000001,5.1355,0.09955,17.7661
20161005_140846,50,UCI487_laboratory,975,2.22,2.22,2.22,51.73,26.14,0.23384615384615384,228,747,0.0884,7.8244,0.1106,60.6597
20161005_140846,51,UCI487_laboratory,974,20.0,20.0,20.0,44.53,26.14,0.23100616016427106,225,749,0.0892,3.7796,0.0991,18.1953
20161005_140846,52,UCI487_laboratory,978,6.67,6.67,6.67,47.11,26.1,0.23517382413087934,230,748,0.08885000000000001,6.1741,0.1047,44.9727
20161005_140846,53,UCI487_laboratory,984,17.78,17.78,17.78,67.11,26.18,0.23373983739837398,230,754,0.08885000000000001,2.8028,0.099,20.3443
20161005_140846,54,UCI487_laboratory,973,17.78,17.78,17.78,44.53,26.1,0.23227132579650564,226,747,0.089,2.2157,0.09905,21.1864
20161005_140846,55,UCI487_laboratory,970,0.0,0.0,0.0,68.08035,26.18,0.23505154639175257,228,742,0.08785000000000001,3.09695,0.1133,58.0412
20161005_140846,56,UCI487_laboratory,973,13.33,13.33,13.33,71.9,26.18,0.2312435765673176,225,748,0.0883,1.50765,0.0996,25.6375
20161005_140846,57,UCI487_laboratory,977,6.67,6.67,6.67,56.27,26.1,0.23132036847492324,226,751,0.0882,1.5951,0.1033,38.6611
20161005_140846,58,UCI487_laboratory,975,20.0,20.0,20.0,50.7,26.06,0.23282051282051283,227,748,0.0882,1.21115,0.0978,17.9743
20161005_140846,59,UCI487_laboratory,971,0.0,0.0,0.0,60.25,26.1,0.23274974253347064,226,745,0.0875,1.9207,0.112,55.988
20161005_140846,60,UCI487_laboratory,974,8.89,8.89,8.89,28.55,25.98,0.23408624229979466,228,746,0.0884,1.96945,0.102,36.1896
20161005_140846,61,UCI487_laboratory,978,4.44,4.44,4.44,32.88,26.02,0.23517382413087934,230,748,0.08875,4.29315,0.1051,46.2986
20161005_140846,62,UCI487_laboratory,978,13.33,13.33,13.33,58.76,26.1,0.23415132924335377,229,749,0.0889,3.9119,0.1001,28.3556
20161005_140846,63,UCI487_laboratory,976,2.22,2.22,2.22,25.82,26.02,0.23258196721311475,227,749,0.0883,6.4037,0.1086,55.988
20161005_140846,64,UCI487_laboratory,983,20.0,20.0,20.0,45.55,26.0448,0.23296032553407936,229,754,0.0891,5.7935,0.098,18.1953
20161005_140846,65,UCI487_laboratory,975,6.67,6.67,6.67,59.26,26.06,0.23384615384615384,228,747,0.0889,5.971,0.10364999999999999,41.6828
20161005_140846,66,UCI487_laboratory,977,15.56,15.56,15.56,61.73,26.1,0.2323439099283521,227,750,0.0886,2.72075,0.0995,25.6375
20161005_140846,67,UCI487_laboratory,976,4.44,4.44,4.44,27.46,25.98,0.2336065573770492,228,748,0.0884,4.1258,0.1057,48.8133
20161005_140846,68,UCI487_laboratory,978,0.0,0.0,0.0,51.72,26.06,0.23517382413087934,230,748,0.0883,6.602449999999999,0.1134,59.7614
20161005_140846,69,UCI487_laboratory,971,8.89,8.89,8.89,44.51,25.94,0.23171987641606592,225,746,0.0886,5.041449999999999,0.1021,37.21
20161005_140846,70,UCI487_laboratory,972,6.67,6.67,6.67,60.2,25.78,0.23148148148148148,225,747,0.0886,4.546,0.104,42.3679
20161005_140846,71,UCI487_laboratory,971,6.67,6.67,6.67,48.59,25.58,0.23274974253347064,226,745,0.0887,3.7496,0.1037,42.5736
20161005_140846,72,UCI487_laboratory,983,4.44,4.44,4.44,32.83,25.42,0.23397761953204477,230,753,0.0888,5.6582,0.1061,48.2257
20161005_140846,73,UCI487_laboratory,982,8.89,8.89,8.89,51.63,25.42,0.23217922606924643,228,754,0.08954999999999999,6.5868,0.1027,37.3695
20161005_140846,74,UCI487_laboratory,973,0.0,0.0,0.0,66.43,25.06,0.23227132579650564,226,747,0.08795,5.3463,0.1138,59.7614
20161005_140846,75,UCI487_laboratory,979,4.44,4.44,4.44,38.07,24.5492,0.23186925434116445,227,752,0.0891,4.799799999999999,0.1063,49.7495
20161005_140846,76,UCI487_laboratory,980,8.89,8.89,8.89,49.44,24.3,0.2336734693877551,229,751,0.0891,5.567,0.1031,38.833
20161005_140846,77,UCI487_laboratory,982,11.11,11.11,11.11,33.24,24.02,0.23217922606924643,228,754,0.08925,7.2198,0.10189999999999999,34.3044
20161005_140846,78,UCI487_laboratory,973,6.67,6.67,6.67,35.89,23.9,0.23227132579650564,226,747,0.0895,14.879,0.1047,47.3955
20161005_140846,79,UCI487_laboratory,975,4.44,4.44,4.44,30.53,23.74,0.23487179487179488,229,746,0.0901,25.23545,0.1073,56.4158
20161005_140846,80,UCI487_laboratory,974,11.11,11.11,11.11,63.7885,23.7,0.2351129363449692,229,745,0.09,16.0763,0.1021,35.3657
20161005_140846,81,UCI487_laboratory,975,6.67,6.67,6.67,49.37,23.62,0.23384615384615384,228,747,0.08925,10.2582,0.1052,48.2257
20161005_140846,82,UCI487_laboratory,980,8.89,8.89,8.89,30.52,23.62,0.23469387755102042,230,750,0.0896,12.3415,0.104,42.3679
20161005_140846,83,UCI487_laboratory,977,13.33,13.33,13.33,27.8498,23.98,0.23336745138178097,228,749,0.09045,20.6468,0.1016,31.8103
20161005_140846,84,UCI487_laboratory,981,13.33,13.33,13.33,40.16,24.46,0.23037716615698267,226,755,0.09029999999999999,23.3204,0.1013,30.5716
20161005_140846,85,UCI487_laboratory,971,15.56,15.56,15.56,38.1,24.82,0.23274974253347064,226,745,0.09025,18.5028,0.1005,26.7955
20161005_140846,86,UCI487_laboratory,973,8.89,8.89,8.89,31.18,25.14,0.2343268242548818,228,745,0.09029999999999999,25.6208,0.1037,43.0331
20161005_140846,87,UCI487_laboratory,983,6.67,6.67,6.67,45.48,25.42,0.23296032553407936,229,754,0.0897,22.3186,0.1052,47.0913
20161005_140846,88,UCI487_laboratory,977,2.22,2.22,2.22,27.43,25.58,0.23439099283520984,229,748,0.0892,26.2618,0.1115,65.0072
20161005_140846,89,UCI487_laboratory,975,0.0,0.0,0.0,65.11,25.82,0.23282051282051283,227,748,0.0891,14.87925,0.1162,66.0689
20161005_140846,90,UCI487_laboratory,983,4.44,4.44,4.44,44.5,25.86,0.23499491353001017,231,752,0.0889,7.167999999999999,0.1071,50.6634
20161005_140846,91,UCI487_laboratory,977,0.0,0.0,0.0,56.25,25.98,0.23439099283520984,229,748,0.088,6.2036999999999995,0.1157,63.5216
20161005_140846,92,UCI487_laboratory,970,20.0,20.0,20.0,33.95,25.98,0.2329896907216495,226,744,0.0889,3.6595500000000003,0.0989,18.1714
20161005_140846,93,UCI487_laboratory,981,20.0,20.0,20.0,20.85,26.02,0.2344546381243629,230,751,0.08954999999999999,9.6496,0.099,18.1079
20161005_140846,94,UCI487_laboratory,971,20.0,20.0,20.0,21.96,26.0411,0.23274974253347064,226,745,0.0907,26.9345,0.0992,18.5035
20161005_140846,95,UCI487_laboratory,978,17.78,17.78,17.78,21.96,25.98,0.23210633946830267,227,751,0.0923,45.1578,0.1005,21.6108
20161005_140846,96,UCI487_laboratory,976,17.78,17.78,17.78,47.62,26.02,0.2336065573770492,228,748,0.09029999999999999,28.914,0.1009,23.0379
20161005_140846,97,UCI487_laboratory,976,13.33,13.33,13.33,64.66005,26.0574,0.23155737704918034,226,750,0.089,8.36845,0.1015,29.2035
20161005_140846,98,UCI487_laboratory,979,17.78,17.78,17.78,56.76,26.02,0.23289070480081717,228,751,0.0887,3.3303,0.0999,22.9007
20161005_140846,99,UCI487_laboratory,975,2.22,2.22,2.22,60.73,26.02,0.23282051282051283,227,748,0.088,3.4503,0.11,56.4158
20161006_182224,0,UCI487_laboratory,982,20.0,15.56,20.0,39.29,26.18,0.21792260692464357,214,768,0.08925,3.64755,0.098,17.3558
20161006_182224,1,UCI487_laboratory,976,15.56,15.56,20.0,37.17,26.18,0.21721311475409835,212,764,0.0895,6.43445,0.0991,23.9762
20161006_182224,2,UCI487_laboratory,983,20.0,4.44,20.0,56.78,26.18,0.21770091556459817,214,769,0.08915000000000001,5.0653,0.0982,19.8616
20161006_182224,3,UCI487_laboratory,976,4.44,4.44,15.56,31.27,26.06,0.21721311475409835,212,764,0.0892,8.6114,0.1056,49.8905
20161006_182224,4,UCI487_laboratory,974,15.56,6.67,15.56,50.7,26.06,0.21560574948665298,210,764,0.0889,7.21045,0.0996,25.8081
20161006_182224,5,UCI487_laboratory,979,6.67,2.22,6.67,29.64,25.98,0.21961184882533197,215,764,0.0897,12.254249999999999,0.1042,44.7437
20161006_182224,6,UCI487_laboratory,983,2.22,2.22,11.11,49.15,25.94,0.21566632756866735,212,771,0.0892,15.1362,0.1093,55.988
20161006_182224,7,UCI487_laboratory,972,11.11,2.22,11.11,59.73,25.9,0.21604938271604937,210,762,0.0887,6.82275,0.10175000000000001,35.3657
20161006_182224,8,UCI487_laboratory,977,2.22,2.22,13.33,62.19,25.9,0.21494370522006143,210,767,0.0884,4.8014,0.1093,53.7445
20161006_182224,9,UCI487_laboratory,978,13.33,4.44,13.33,51.69,25.781,0.2167689161554192,212,766,0.08875,2.88905,0.1004,28.0407
20161006_182224,10,UCI487_laboratory,974,4.44,4.44,6.67,26.34,25.66,0.21457905544147843,209,765,0.0884,5.7529,0.1062,51.311
20161006_182224,11,UCI487_laboratory,979,6.67,0.0,6.67,52.68,25.66,0.21654749744637386,212,767,0.08885000000000001,7.8589,0.1041,43.5025
20161006_182224,12,UCI487_laboratory,974,0.0,0.0,15.56,51.65,25.58,0.21868583162217659,213,761,0.088,7.1426,0.1143,63.5216
20161006_182224,13,UCI487_laboratory,979,15.56,8.89,15.56,47.56,25.54,0.21654749744637386,212,767,0.0888,4.4395,0.0996,24.744
20161006_182224,14,UCI487_laboratory,973,8.89,8.89,15.56,38.17,25.54,0.21788283658787255,212,761,0.089,6.9912,0.1025,39.0413
20161006_182224,15,UCI487_laboratory,979,15.56,13.33,15.56,49.1,25.54,0.21654749744637386,212,767,0.089,6.186,0.0996,25.3028
20161006_182224,16,UCI487_laboratory,971,13.33,13.33,15.56,32.83,25.4691,0.21524201853759012,209,762,0.0892,8.446349999999999,0.1006,30.1019
20161006_182224,17,UCI487_laboratory,972,15.56,8.89,15.56,58.67,25.5,0.21707818930041153,211,761,0.0895,7.6558,0.1,27.8405
20161006_182224,18,UCI487_laboratory,977,8.89,8.89,11.11,32.83,25.46,0.21699078812691913,212,765,0.08910000000000001,8.8401,0.1028,40.0063
20161006_182224,19,UCI487_laboratory,972,11.11,0.0,11.11,49.09,25.5,0.21502057613168724,209,763,0.0896,9.7137,0.1015,35.052
20161006_182224,20,UCI487_laboratory,975,0.0,0.0,15.56,52.66,25.5031,0.2153846153846154,210,765,0.0883,9.161,0.11445,63.9786
20161006_182224,21,UCI487_laboratory,972,15.56,15.56,17.78,42.37,25.5,0.21707818930041153,211,761,0.0891,5.6778,0.0997,25.4691
20161006_182224,22,UCI487_laboratory,971,17.78,11.11,17.78,48.58,25.5,0.21627188465499486,210,761,0.0893,5.5523,0.0991,22.6311
20161006_182224,23,UCI487_laboratory,971,11.11,0.0,11.11,68.304,25.54,0.21627188465499486,210,761,0.08865,4.2811,0.1009,32.0699
20161006_182224,24,UCI487_laboratory,982,0.0,0.0,11.11,55.68,25.5,0.2158859470468432,212,770,0.0882,3.9644,0.1138,58.4235
20161006_182224,25,UCI487_laboratory,971,11.11,11.11,13.33,59.66,25.5,0.21524201853759012,209,762,0.0887,2.74115,0.1013,33.6396
20161006_182224,26,UCI487_laboratory,982,13.33,13.33,15.56,28.5,25.42,0.21690427698574338,213,769,0.0891,3.0826,0.1005,28.2437
20161006_182224,27,UCI487_laboratory,972,15.56,15.56,17.78,43.93,25.42,0.21810699588477367,212,760,0.08915000000000001,5.1377,0.0993,25.2279
20161006_182224,28,UCI487_laboratory,972,17.78,2.22,17.78,67.47,25.5,0.2139917695473251,208,764,0.08885000000000001,3.49305,0.0983,20.9019
20161006_182224,29,UCI487_laboratory,972,2.22,2.22,2.22,39.21,25.42,0.21707818930041153,211,761,0.0883,4.7833,0.1086,56.4158
20161006_182224,30,UCI487_laboratory,981,2.22,2.22,8.89,50.11,25.46,0.2161060142711519,212,769,0.0882,5.6,0.1087,53.3555
20161006_182224,31,UCI487_laboratory,973,8.89,8.89,8.89,35.5,25.42,0.2158273381294964,210,763,0.089,6.1244,0.1025,39.0413
20161006_182224,32,UCI487_laboratory,974,8.89,4.0449,8.89,66.52,25.534750000000003,0.21765913757700206,212,762,0.08915000000000001,5.635400000000001,0.102,35.8615
20161006_182224,33,UCI487_laboratory,971,0.0,0.0,11.8237,28.5,25.42,0.21524201853759012,209,762,0.0883,6.69355,0.1144,67.7787
20161006_182224,34,UCI487_laboratory,972,17.78,8.9356,17.78,30.68,25.46,0.21810699588477367,212,760,0.08979999999999999,9.37605,0.0991,22.1794
20161006_182224,35,UCI487_laboratory,972,4.44,4.44,9.2424,44.45,25.5,0.21604938271604937,210,762,0.0895,16.730449999999998,0.1059,51.9752
20161006_182224,36,UCI487_laboratory,974,11.11,11.11,11.11,51.14,25.5,0.21560574948665298,210,764,0.0896,10.3869,0.1016,34.7436
20161006_182224,37,UCI487_laboratory,973,11.11,11.11,15.3921,23.58,25.46,0.21788283658787255,212,761,0.09004999999999999,13.959,0.1018,35.5392
20161006_182224,38,UCI487_laboratory,979,17.78,10.2029,17.78,63.61,25.58,0.21654749744637386,212,767,0.0895,9.2299,0.099,21.2507
20161006_182224,39,UCI487_laboratory,971,4.44,4.44,10.1118,55.19,25.58,0.21421215242018538,208,763,0.0889,6.8875,0.1062,51.311
20161006_182224,40,UCI487_laboratory,974,13.33,13.33,15.9466,59.68,25.62,0.2166324435318275,211,763,0.0888,3.8883,0.1007,30.6803
20161006_182224,41,UCI487_laboratory,975,17.78,13.111,17.78,27.42,25.5,0.2194871794871795,214,761,0.0895,4.0015,0.0993,22.1097
20161006_182224,42,UCI487_laboratory,975,11.11,6.3894,11.11,20.82,25.5,0.2153846153846154,210,765,0.0899,14.6349,0.1017,35.3657
20161006_182224,43,UCI487_laboratory,973,2.22,2.22,9.4082,17.47,25.5,0.2147995889003083,209,764,0.0918,46.72825,0.1105,65.5821
20161006_182224,44,UCI487_laboratory,978,13.33,8.0972,13.33,31.22,25.54,0.2167689161554192,212,766,0.09190000000000001,49.2563,0.1016,30.5716
20161006_182224,45,UCI487_laboratory,971,2.22,2.22,2.22,41.33,25.58,0.21833161688980432,212,759,0.0912,42.2707,0.1115,67.7787
20161006_182224,46,UCI487_laboratory,973,15.56,15.56,15.56,18.59,25.5,0.21685508735868447,211,762,0.0912,39.6573,0.1016,26.6951
20161006_182224,47,UCI487_laboratory,972,11.11,11.11,11.11,50.13,25.58,0.21810699588477367,212,760,0.09054999999999999,34.69025,0.1038,39.2166
20161006_182224,48,UCI487_laboratory,978,20.0,20.0,20.0,55.2,25.62,0.2147239263803681,210,768,0.08985,10.7349,0.1003,20.8396
20161006_182224,49,UCI487_laboratory,979,20.0,20.0,20.0,41.33,25.58,0.21654749744637386,212,767,0.08979999999999999,7.1134,0.09964999999999999,18.2353
20161006_182224,50,UCI487_laboratory,972,2.22,2.22,2.22,50.64,25.58,0.2139917695473251,208,764,0.0888,10.9439,0.111,63.9786
20161006_182224,51,UCI487_laboratory,975,20.0,20.0,20.0,43.42,25.58,0.2164102564102564,211,764,0.0896,5.7112,0.0993,18.8731
20161006_182224,52,UCI487_laboratory,970,6.67,6.67,6.67,46.53,25.58,0.2154639175257732,209,761,0.0889,8.6927,0.1051,48.5445
20161006_182224,53,UCI487_laboratory,971,17.78,17.78,17.78,67.98,25.66,0.21627188465499486,210,761,0.089,3.9577,0.0992,21.7897
20161006_182224,54,UCI487_laboratory,976,17.78,17.78,17.78,59.68,25.62,0.21721311475409835,212,764,0.08915000000000001,2.51825,0.0991,21.4239
20161006_182224,55,UCI487_laboratory,975,0.0,0.0,0.0,71.33,25.66,0.21333333333333335,208,767,0.08795,2.8633,0.1135,56.4158
20161006_182224,56,UCI487_laboratory,973,13.33,13.33,13.33,74.18,25.7,0.21685508735868447,211,762,0.0882,1.6550500000000001,0.0998,25.9809
20161006_182224,57,UCI487_laboratory,978,6.67,6.67,6.67,59.19,25.66,0.21779141104294478,213,765,0.0879,1.7138,0.1033,39.0413
20161006_182224,58,UCI487_laboratory,972,20.0,20.0,20.0,52.69,25.70645,0.21502057613168724,209,763,0.0883,1.236,0.0978,18.6446
20161006_182224,59,UCI487_laboratory,972,0.0,0.0,0.0,61.69,25.82,0.2191358024691358,213,759,0.0876,1.9058,0.112,55.6363
20161006_182224,60,UCI487_laboratory,971,8.89,8.89,8.89,31.77,25.62,0.21936148300720906,213,758,0.0886,1.9141,0.1018,36.5236
20161006_182224,61,UCI487_laboratory,983,4.44,4.44,4.44,34.45,25.54,0.21668362156663276,213,770,0.0886,3.51355,0.1051,44.7437
20161006_182224,62,UCI487_laboratory,971,13.33,13.33,13.33,59.68,25.62,0.21730175077239958,211,760,0.0887,3.5715000000000003,0.1,29.4232
20161006_182224,63,UCI487_laboratory,983,2.22,2.22,2.22,26.88,25.62,0.21668362156663276,213,770,0.0889,5.86775,0.1082,52.3446
20161006_182224,64,UCI487_laboratory,976,20.0,20.0,20.0,45.52,25.7,0.21618852459016394,211,765,0.0893,5.7129,0.098,18.7371
20161006_182224,65,UCI487_laboratory,977,6.67,6.67,6.67,59.22,25.82,0.21596724667349027,211,766,0.0888,6.2932500000000005,0.1035,41.2509
20161006_182224,66,UCI487_laboratory,974,15.56,15.56,15.56,61.21,25.94,0.21560574948665298,210,764,0.0889,3.269,0.0993,25.6375
20161006_182224,67,UCI487_laboratory,976,4.44,4.44,4.44,27.45,25.8999,0.21618852459016394,211,765,0.0889,5.0214,0.1055,47.9632
20161006_182224,68,UCI487_laboratory,982,0.0,0.0,0.0,51.72,26.06,0.21486761710794297,211,771,0.0887,7.7393,0.113,58.0412
20161006_182224,69,UCI487_laboratory,980,8.89,8.89,8.89,45.58,26.3,0.2173469387755102,213,767,0.0891,5.5429,0.1018,35.052
20161006_182224,70,UCI487_laboratory,970,6.67,6.67,6.67,61.31,26.54,0.2154639175257732,209,761,0.0884,4.4693,0.1035,40.6381
20161006_182224,71,UCI487_laboratory,973,6.67,6.67,6.67,48.73,26.66,0.21891058581706063,213,760,0.0887,3.48455,0.1031,39.71585
20161006_182224,72,UCI487_laboratory,975,4.44,4.44,4.44,32.93,26.62,0.2153846153846154,210,765,0.08825,4.9932,0.1052,46.8407
20161006_182224,73,UCI487_laboratory,976,8.89,8.89,8.89,51.301649999999995,26.7799,0.21618852459016394,211,765,0.0891,5.6733,0.1018,35.685
20161006_182224,74,UCI487_laboratory,975,0.0,0.0,0.0,68.2,26.9,0.2153846153846154,210,765,0.0879,3.9985,0.1119,53.3555
20161006_182224,75,UCI487_laboratory,971,4.44,4.44,4.44,38.83,26.86,0.21524201853759012,209,762,0.0883,3.1690500000000004,0.1048,45.62665
20161006_182224,76,UCI487_laboratory,977,8.89,8.89,8.89,50.3,26.9,0.218014329580348,213,764,0.0883,3.4688,0.1016,34.4405
20161006_182224,77,UCI487_laboratory,981,11.11,11.11,11.11,32.96,26.82,0.21508664627930682,211,770,0.0888,4.28515,0.1006,30.4421
20161006_182224,78,UCI487_laboratory,971,6.67,6.67,6.67,36.17,26.78,0.21524201853759012,209,762,0.0892,8.987,0.1031,41.9221
20161006_182224,79,UCI487_laboratory,977,4.44,4.44,4.44,30.78,26.7,0.21903787103377687,214,763,0.0895,16.1115,0.1055,48.5445
20161006_182224,80,UCI487_laboratory,972,11.11,11.11,11.11,64.79,26.78,0.21707818930041153,211,761,0.0892,7.956,0.1006,30.8118
20161006_182224,81,UCI487_laboratory,977,6.67,6.67,6.67,49.76,26.7,0.21903787103377687,214,763,0.0886,4.7321,0.1035,41.0575
20161006_182224,82,UCI487_laboratory,975,8.89,8.89,8.89,30.23,26.62,0.21846153846153846,213,762,0.0892,6.416499999999999,0.1023,37.5627
20161006_182224,83,UCI487_laboratory,978,13.33,13.33,13.33,27.51,26.66,0.2198364008179959,215,763,0.0899,13.621,0.1003,28.5631
20161006_182224,84,UCI487_laboratory,974,13.33,13.33,13.33,38.29,26.74,0.21971252566735114,214,760,0.09,17.6434,0.1003,28.4496
20161006_182224,85,UCI487_laboratory,977,15.56,15.56,15.56,37.23,26.78,0.2210849539406346,216,761,0.09029999999999999,15.8568,0.0997,24.5017
20161006_182224,86,UCI487_laboratory,982,8.89,8.89,8.89,30.79,26.86,0.21690427698574338,213,769,0.09,22.6283,0.1028,39.0413
20161006_182224,87,UCI487_laboratory,975,6.67,6.67,6.67,44.63,26.98,0.21846153846153846,213,762,0.0892,19.902,0.1045,45.7687
20161006_182224,88,UCI487_laboratory,983,2.22,2.22,2.22,26.44,27.02,0.21770091556459817,214,769,0.08954999999999999,24.4251,0.1107,60.6597
20161006_182224,89,UCI487_laboratory,976,0.0,0.0,0.0,63.87,27.18,0.21721311475409835,212,764,0.0884,13.2567,0.1156,63.7501
20161006_182224,90,UCI487_laboratory,971,4.44,4.44,4.44,43.08,27.1,0.21833161688980432,212,759,0.08865,6.4714,0.1067,51.6712
20161006_182224,91,UCI487_laboratory,971,0.0,0.0,0.0,55.41,27.1,0.21730175077239958,211,760,0.0882,5.8293,0.1152,64.5356
20161006_182224,92,UCI487_laboratory,971,20.0,20.0,20.0,33.5103,27.02,0.21730175077239958,211,760,0.0889,3.5994,0.0986,18.0409
20161006_182224,93,UCI487_laboratory,972,20.0,20.0,20.0,19.8,26.98,0.2191358024691358,213,759,0.0899,10.5612,0.0989,18.1953
20161006_182224,94,UCI487_laboratory,971,20.0,20.0,20.0,22.02,26.98,0.21627188465499486,210,761,0.0913,29.7827,0.0992,18.2835
20161006_182224,95,UCI487_laboratory,984,17.78,17.78,17.78,22.02,26.94,0.21747967479674796,214,770,0.09204999999999999,48.1649,0.1005,21.1864
20161006_182224,96,UCI487_laboratory,971,17.78,17.78,17.78,47.22,26.94,0.21936148300720906,213,758,0.0909,29.56585,0.101,22.9753
20161006_182224,97,UCI487_laboratory,971,13.33,13.33,13.33,64.81,26.9,0.21524201853759012,209,762,0.0891,7.8416,0.1015,29.2035
20161006_182224,98,UCI487_laboratory,975,17.78,17.78,17.78,57.38,26.82,0.21846153846153846,213,762,0.0889,3.2215,0.0998,23.07565
20161006_182224,99,UCI487_laboratory,977,2.22,2.22,2.22,61.35,26.78,0.218014329580348,213,764,0.0884,3.28835,0.1098,53.7445
20161007_210049,0,UCI487_laboratory,979,20.0,15.56,20.0,39.33,26.54,0.21450459652706844,210,769,0.08875,1.9216,0.0979,17.2326
20161007_210049,1,UCI487_laboratory,971,15.56,15.56,20.0,37.21,26.54,0.21421215242018538,208,763,0.089,3.372,0.0991,23.8281
20161007_210049,2,UCI487_laboratory,974,20.0,4.44,20.0,57.34,26.58,0.2166324435318275,211,763,0.0895,2.8099,0.0984,19.9659
20161007_210049,3,UCI487_laboratory,982,4.44,4.44,15.56,31.3,26.46,0.2158859470468432,212,770,0.0886,4.8881,0.1056,46.5435
20161007_210049,4,UCI487_laboratory,981,15.56,6.67,15.56,50.76,26.5,0.21508664627930682,211,770,0.0892,4.23865,0.0996,24.939799999999998
20161007_210049,5,UCI487_laboratory,977,6.67,2.22,6.67,29.67,26.42,0.21699078812691913,212,765,0.0889,7.0272,0.104,43.2879
20161007_210049,6,UCI487_laboratory,983,2.22,2.22,11.11,48.71,26.5,0.21566632756866735,212,771,0.0891,9.0261,0.1091,53.3555
20161007_210049,7,UCI487_laboratory,979,11.11,2.22,11.11,59.82,26.54,0.21756894790602654,213,766,0.0893,4.044549999999999,0.1017,33.2778
20161007_210049,8,UCI487_laboratory,973,2.22,2.22,13.33,62.29,26.5,0.21891058581706063,213,760,0.088,2.9185999999999996,0.109,51.6712
20161007_210049,9,UCI487_laboratory,977,13.33,4.44,13.33,51.77,26.46,0.21903787103377687,214,763,0.08865,1.8235,0.1002,27.0667
20161007_210049,10,UCI487_laboratory,970,4.44,4.44,6.67,25.3,26.34,0.2154639175257732,209,761,0.0883,3.3138,0.106,49.1397
20161007_210049,11,UCI487_laboratory,972,6.67,0.0,6.67,52.27,26.38,0.21604938271604937,210,762,0.089,4.7195,0.10389999999999999,41.9221
20161007_210049,12,UCI487_laboratory,978,0.0,0.0,15.56,50.74,26.38,0.21881390593047034,214,764,0.0883,4.4657,0.1139,58.8889
20161007_210049,13,UCI487_laboratory,972,15.56,8.89,15.56,46.63,26.38,0.21707818930041153,211,761,0.0889,2.6712,0.0993,24.0441
20161007_210049,14,UCI487_laboratory,978,8.89,8.89,15.56,37.19,26.34,0.2167689161554192,212,766,0.0888,4.1505,0.10214999999999999,36.1896
20161007_210049,15,UCI487_laboratory,975,15.56,13.33,15.56,48.18,26.34,0.21743589743589745,212,763,0.08915000000000001,3.8673,0.0995,24.5867
20161007_210049,16,UCI487_laboratory,974,13.33,13.33,15.56,32.36,26.26,0.21868583162217659,213,761,0.0895,5.524,0.1003,28.5631
20161007_210049,17,UCI487_laboratory,970,15.56,8.89,15.56,57.8046,26.34,0.21649484536082475,210,760,0.08954999999999999,4.7523,0.0998,26.837600000000002
20161007_210049,18,UCI487_laboratory,971,8.89,8.89,11.11,31.82,26.2572,0.21936148300720906,213,758,0.0892,5.53345,0.1026,39.0413
20161007_210049,19,UCI487_laboratory,984,11.11,0.0,11.11,47.66,26.3,0.21646341463414634,213,771,0.0895,6.3082,0.1013,32.1892
20161007_210049,20,UCI487_laboratory,978,0.0,0.0,15.56,51.75,26.26,0.21574642126789367,211,767,0.0888,6.1132,0.1142,61.585
20161007_210049,21,UCI487_laboratory,979,15.56,15.56,17.78,41.4,26.22,0.21859039836567926,214,765,0.08915000000000001,3.7324,0.09964999999999999,24.0441
20161007_210049,22,UCI487_laboratory,973,17.78,11.11,17.78,47.65,26.22,0.2147995889003083,209,764,0.0888,3.6304,0.099,21.5445
20161007_210049,23,UCI487_laboratory,970,11.11,0.0,11.11,67.13,26.3,0.21649484536082475,210,760,0.0887,2.8398000000000003,0.1007,30.9222
20161007_210049,24,UCI487_laboratory,972,0.0,0.0,11.11,54.77,26.18,0.21502057613168724,209,763,0.0882,2.5644,0.1135,60.1664
20161007_210049,25,UCI487_laboratory,973,11.11,11.11,13.33,58.77,26.14,0.21788283658787255,212,761,0.08875,1.7708,0.1012,32.0699
20161007_210049,26,UCI487_laboratory,972,13.33,13.33,15.56,27.46,26.06,0.21604938271604937,210,762,0.08885000000000001,2.0950499999999996,0.1002,28.197400000000002
20161007_210049,27,UCI487_laboratory,970,15.56,15.56,17.78,43.48,26.1,0.2175257731958763,211,759,0.0892,3.2728,0.0992,24.4313
20161007_210049,28,UCI487_laboratory,981,17.78,2.22,17.78,66.63,26.14,0.2161060142711519,212,769,0.08915000000000001,2.381,0.0984,19.8145
20161007_210049,29,UCI487_laboratory,977,2.22,2.22,2.22,38.8183,26.06,0.21699078812691913,212,765,0.0885,3.1327,0.1083,53.0355
20161007_210049,30,UCI487_laboratory,979,2.22,2.22,8.89,49.68,26.06,0.21654749744637386,212,767,0.08835000000000001,3.8207,0.1086,51.6712
20161007_210049,31,UCI487_laboratory,971,8.89,8.89,8.89,35.03,26.02,0.21627188465499486,210,761,0.089,4.0913,0.1023,37.5627
20161007_210049,32,UCI487_laboratory,971,8.89,4.365,8.89,66.61,26.1,0.21833161688980432,212,759,0.08875,3.6262,0.1018,34.6052
20161007_210049,33,UCI487_laboratory,971,0.0,0.0,11.0592,28.01,26.02,0.21524201853759012,209,762,0.0887,4.3403,0.1142,65.5821
20161007_210049,34,UCI487_laboratory,976,17.78,9.9494,17.78,30.18,26.02,0.2182377049180328,213,763,0.0899,6.3796,0.099,21.3695
20161007_210049,35,UCI487_laboratory,981,4.44,4.44,7.9751,44.52,26.06,0.21712538226299694,213,768,0.0891,12.512,0.1058,47.9632
20161007_210049,36,UCI487_laboratory,981,11.11,11.11,11.11,50.71,26.1,0.21712538226299694,213,768,0.0892,6.853400000000001,0.1015,33.1505
20161007_210049,37,UCI487_laboratory,977,11.11,11.11,14.9319,23.07,26.06,0.21699078812691913,212,765,0.08954999999999999,9.3574,0.10175000000000001,34.0087
20161007_210049,38,UCI487_laboratory,972,17.78,8.1218,17.78,63.7,26.14,0.21502057613168724,209,763,0.0896,5.9332,0.0989,21.1332
20161007_210049,39,UCI487_laboratory,974,4.44,4.44,10.2807,55.27,26.14,0.21560574948665298,210,764,0.0886,4.194850000000001,0.1062,48.5445
20161007_210049,40,UCI487_laboratory,973,13.33,13.33,16.0534,59.76,26.14,0.21788283658787255,212,761,0.08915000000000001,2.414,0.1007,29.5241
20161007_210049,41,UCI487_laboratory,978,17.78,14.2516,17.78,27.46,26.06,0.2147239263803681,210,768,0.08885000000000001,2.4544,0.0992,21.4895
20161007_210049,42,UCI487_laboratory,976,11.11,6.0427,11.11,20.85,26.06,0.21618852459016394,211,765,0.09,9.6747,0.1016,34.3044
20161007_210049,43,UCI487_laboratory,983,2.22,2.22,9.9526,16.94,26.06,0.21668362156663276,213,770,0.0918,41.6775,0.1103,60.1664
20161007_210049,44,UCI487_laboratory,975,13.33,4.8864,13.33,31.27,26.1,0.2153846153846154,210,765,0.0921,44.2356,0.1015,30.4421
20161007_210049,45,UCI487_laboratory,975,2.22,2.22,2.22,41.4,26.14,0.2164102564102564,211,764,0.0906,34.911100000000005,0.1115,65.0072
20161007_210049,46,UCI487_laboratory,972,15.56,15.56,15.56,18.62,26.06,0.21604938271604937,210,762,0.0911,31.60635,0.1016,26.2525
20161007_210049,47,UCI487_laboratory,974,11.11,11.11,11.11,50.2,26.14,0.21457905544147843,209,765,0.0902,26.594,0.1037,38.0876
20161007_210049,48,UCI487_laboratory,971,20.0,20.0,20.0,55.78,26.18,0.21833161688980432,212,759,0.08965000000000001,6.6152,0.1002,20.7264
20161007_210049,49,UCI487_laboratory,971,20.0,20.0,20.0,41.92,26.14,0.21730175077239958,211,760,0.0897,4.111800000000001,0.0996,18.1953
20161007_210049,50,UCI487_laboratory,973,2.22,2.22,2.22,51.73,26.14,0.2147995889003083,209,764,0.0887,6.6416,0.1107,60.6597
20161007_210049,51,UCI487_laboratory,972,20.0,20.0,20.0,44.53,26.14,0.21502057613168724,209,763,0.0891,3.2311,0.0991,18.5531
20161007_210049,52,UCI487_laboratory,978,6.67,6.67,6.67,47.12,26.14,0.21574642126789367,211,767,0.0888,5.0735,0.1048,44.7437
20161007_210049,53,UCI487_laboratory,978,17.78,17.78,17.78,67.6,26.22,0.21370143149284254,209,769,0.0891,2.2926,0.0991,20.788
20161007_210049,54,UCI487_laboratory,975,17.78,17.78,17.78,44.53,26.18,0.2153846153846154,210,765,0.0887,1.8457,0.0991,21.2507
20161007_210049,55,UCI487_laboratory,971,0.0,0.0,0.0,68.57,26.26,0.21524201853759012,209,762,0.0878,2.5263,0.1134,57.2171
20161007_210049,56,UCI487_laboratory,983,13.33,13.33,13.33,72.39,26.26,0.21566632756866735,212,771,0.0883,1.3217,0.0997,24.8162
20161007_210049,57,UCI487_laboratory,983,6.67,6.67,6.67,56.79,26.22,0.21770091556459817,214,769,0.08845,1.3883,0.1033,37.21
20161007_210049,58,UCI487_laboratory,974,20.0,20.0,20.0,51.23,26.22,0.21868583162217659,213,761,0.0887,1.0424,0.098,18.1079
20161007_210049,59,UCI487_laboratory,978,0.0,0.0,0.0,60.77,26.26,0.2167689161554192,212,766,0.0878,1.5947,0.1121,53.0355
20161007_210049,60,UCI487_laboratory,982,8.89,8.89,8.89,28.56,26.18,0.21690427698574338,213,769,0.0891,1.6002,0.102,34.0087
20161007_210049,61,UCI487_laboratory,981,4.44,4.44,4.44,32.9,26.22,0.21712538226299694,213,768,0.0886,3.38255,0.1052,44.11495
20161007_210049,62,UCI487_laboratory,971,13.33,13.33,13.33,59.29,26.3,0.21421215242018538,208,763,0.08915000000000001,3.068,0.1002,28.5631
20161007_210049,63,UCI487_laboratory,975,2.22,2.22,2.22,25.83,26.22,0.2164102564102564,211,764,0.0887,4.9473,0.1086,54.073
20161007_210049,64,UCI487_laboratory,979,20.0,20.0,20.0,45.59,26.26,0.21859039836567926,214,765,0.08954999999999999,4.6496,0.0981,18.3239
20161007_210049,65,UCI487_laboratory,974,6.67,6.67,6.67,59.79,26.34,0.21560574948665298,210,764,0.089,4.644500000000001,0.1037,40.8277
20161007_210049,66,UCI487_laboratory,979,15.56,15.56,15.56,62.27,26.38,0.21450459652706844,210,769,0.08905,2.1388,0.0995,25.1385
20161007_210049,67,UCI487_laboratory,974,4.44,4.44,4.44,27.48,26.3,0.21765913757700206,212,762,0.08865,3.194,0.10565,47.6519
20161007_210049,68,UCI487_laboratory,983,0.0,0.0,0.0,52.27,26.38,0.21871820956256358,215,768,0.0883,5.20885,0.1134,56.4158
20161007_210049,69,UCI487_laboratory,978,8.89,8.89,8.89,45.6,26.38,0.21881390593047034,214,764,0.08940000000000001,3.7028499999999998,0.1021,34.8274
20161007_210049,70,UCI487_laboratory,972,6.67,6.67,6.67,61.29,26.42,0.21604938271604937,210,762,0.08865,3.1234,0.1037,40.8277
20161007_210049,71,UCI487_laboratory,979,6.67,6.67,6.67,48.69,26.38,0.21552604698672115,211,768,0.0888,2.5757000000000003,0.1035,38.4568
20161007_210049,72,UCI487_laboratory,971,4.44,4.44,4.44,32.91,26.38,0.21627188465499486,210,761,0.0887,3.7052,0.1057,47.9632
20161007_210049,73,UCI487_laboratory,981,8.89,8.89,8.89,51.77,26.46,0.2161060142711519,212,769,0.089,4.1112,0.1022,35.2224
20161007_210049,74,UCI487_laboratory,970,0.0,0.0,0.0,68.13,26.5,0.21649484536082475,210,760,0.08865,3.1461,0.1128,54.8097
20161007_210049,75,UCI487_laboratory,970,4.44,4.44,4.44,38.79,26.42,0.21649484536082475,210,760,0.0887,2.5071,0.1055,45.7687
20161007_210049,76,UCI487_laboratory,982,8.89,8.89,8.89,50.24,26.46,0.21690427698574338,213,769,0.0888,2.6459,0.102,34.0087
20161007_210049,77,UCI487_laboratory,975,11.11,11.11,11.11,33.45,26.42,0.2164102564102564,211,764,0.0893,3.27935,0.101,31.4172
20161007_210049,78,UCI487_laboratory,978,6.67,6.67,6.67,36.13,26.42,0.2167689161554192,212,766,0.0893,7.00005,0.10355,41.0575
20161007_210049,79,UCI487_laboratory,971,4.44,4.44,4.44,30.76,26.42,0.21627188465499486,210,761,0.0897,13.2082,0.1058,50.0315
20161007_210049,80,UCI487_laboratory,971,11.11,11.11,11.11,64.74,26.54,0.21833161688980432,212,759,0.0892,6.3916,0.1008,30.9222
20161007_210049,81,UCI487_laboratory,976,6.67,6.67,6.67,49.73,26.46,0.2151639344262295,210,766,0.0888,3.709,0.1037,40.9426
20161007_210049,82,UCI487_laboratory,976,8.89,8.89,8.89,29.67,26.42,0.21721311475409835,212,764,0.08915000000000001,4.74125,0.10264999999999999,37.5627
20161007_210049,83,UCI487_laboratory,977,13.33,13.33,13.33,27.49,26.42,0.218014329580348,213,764,0.0896,10.91075,0.1006,28.7735
20161007_210049,84,UCI487_laboratory,984,13.33,13.33,13.33,39.32,26.42,0.21544715447154472,212,772,0.09015000000000001,14.39135,0.10055,28.2437
20161007_210049,85,UCI487_laboratory,979,15.56,15.56,15.56,37.2,26.42,0.21654749744637386,212,767,0.09015000000000001,12.5293,0.1,24.8162
20161007_210049,86,UCI487_laboratory,975,8.89,8.89,8.89,30.76,26.42,0.2194871794871795,214,761,0.09045,19.7109,0.1032,40.4129
20161007_210049,87,UCI487_laboratory,977,6.67,6.67,6.67,44.57,26.4599,0.218014329580348,213,764,0.0893,17.6627,0.105,46.0081
20161007_210049,88,UCI487_laboratory,974,2.22,2.22,2.22,26.94,26.38,0.21765913757700206,212,762,0.0895,21.59695,0.1112,64.5356
20161007_210049,89,UCI487_laboratory,975,0.0,0.0,0.0,63.76,26.5,0.2164102564102564,211,764,0.0887,12.1096,0.1163,65.0072
20161007_210049,90,UCI487_laboratory,975,4.44,4.44,4.44,43.53,26.46,0.21435897435897436,209,766,0.0887,5.5915,0.1071,51.311
20161007_210049,91,UCI487_laboratory,978,0.0,0.0,0.0,55.82,26.46,0.2167689161554192,212,766,0.08835000000000001,5.1393,0.1158,63.5216
20161007_210049,92,UCI487_laboratory,971,20.0,20.0,20.0,33.99,26.42,0.21730175077239958,211,760,0.0893,2.9674500000000004,0.099,18.4133
20161007_210049,93,UCI487_laboratory,978,20.0,20.0,20.0,20.87,26.38,0.2147239263803681,210,768,0.09029999999999999,8.05875,0.0991,18.3482
20161007_210049,94,UCI487_laboratory,977,20.0,20.0,20.0,21.98,26.38,0.22006141248720573,215,762,0.091,26.137050000000002,0.0996,18.6196
20161007_210049,95,UCI487_laboratory,971,17.78,17.78,17.78,21.98,26.38,0.21627188465499486,210,761,0.0929,45.1578,0.1008,22.1097
20161007_210049,96,UCI487_laboratory,981,17.78,17.78,17.78,47.68,26.46,0.21508664627930682,211,770,0.0909,26.58665,0.1011,22.9007
20161007_210049,97,UCI487_laboratory,976,13.33,13.33,13.33,64.75,26.5,0.21721311475409835,212,764,0.08915000000000001,6.82285,0.1016,29.303
20161007_210049,98,UCI487_laboratory,980,17.78,17.78,17.78,57.33,26.5,0.2163265306122449,212,768,0.08905,2.6177,0.1001,23.0379
20161007_210049,99,UCI487_laboratory,980,2.22,2.22,2.22,62.29,26.5,0.2163265306122449,212,768,0.0879,2.7539,0.1101,53.3555
20161008_234508,0,UCI487_laboratory,980,20.0,15.56,20.0,39.31,26.38,0.22448979591836735,220,760,0.08855,2.0446999999999997,0.0981,17.25425
20161008_234508,1,UCI487_laboratory,971,15.56,15.56,20.0,37.73,26.38,0.22760041194644695,221,750,0.0891,3.54285,0.0991,23.9762
20161008_234508,2,UCI487_laboratory,974,20.0,4.44,20.0,57.82,26.46,0.2268993839835729,221,753,0.0892,2.9476,0.0982,20.0232
20161008_234508,3,UCI487_laboratory,983,4.44,4.44,15.56,31.83,26.38,0.22482197355035605,221,762,0.0886,5.09615,0.1057,46.5435
20161008_234508,4,UCI487_laboratory,974,15.56,6.67,15.56,51.230199999999996,26.46,0.22484599589322382,219,755,0.0889,4.2445,0.0995,25.3932
20161008_234508,5,UCI487_laboratory,982,6.67,2.22,6.67,29.67,26.38,0.225050916496945,221,761,0.0893,7.0989,0.1041,42.5736
20161008_234508,6,UCI487_laboratory,977,2.22,2.22,11.11,48.7,26.42,0.2241555783009212,219,758,0.0883,9.2933,0.1092,55.22
20161008_234508,7,UCI487_laboratory,978,11.11,2.22,11.11,59.81,26.46,0.2249488752556237,220,758,0.0889,4.054399999999999,0.1017,33.4318
20161008_234508,8,UCI487_laboratory,972,2.22,2.22,13.33,61.79,26.46,0.22633744855967078,220,752,0.08785000000000001,3.0439,0.1091,52.3446
20161008_234508,9,UCI487_laboratory,976,13.33,4.44,13.33,51.77,26.42,0.2223360655737705,217,759,0.0883,1.8626,0.1001,27.2562
20161008_234508,10,UCI487_laboratory,975,4.44,4.44,6.67,25.8213,26.3534,0.22153846153846155,216,759,0.0884,3.4536,0.1059,48.2257
20161008_234508,11,UCI487_laboratory,973,6.67,0.0,6.67,51.77,26.42,0.2250770811921891,219,754,0.0889,4.8618,0.104,42.1236
20161008_234508,12,UCI487_laboratory,977,0.0,0.0,15.56,50.74,26.38,0.2262026612077789,221,756,0.0879,4.6270500000000006,0.1139,59.2824
20161008_234508,13,UCI487_laboratory,975,15.56,8.89,15.56,46.63,26.38,0.22564102564102564,220,755,0.0889,2.8436,0.09945,23.7481
20161008_234508,14,UCI487_laboratory,979,8.89,8.89,15.56,37.19,26.38,0.2236976506639428,219,760,0.0886,4.28725,0.1022,36.1896
20161008_234508,15,UCI487_laboratory,973,15.56,13.33,15.56,47.67,26.38,0.22713257965056527,221,752,0.0892,4.1156500000000005,0.0996,24.780099999999997
20161008_234508,16,UCI487_laboratory,975,13.33,13.33,15.56,32.37,26.34,0.22256410256410256,217,758,0.0891,5.6733,0.1002,28.4496
20161008_234508,17,UCI487_laboratory,974,15.56,8.89,15.56,57.31,26.38,0.22279260780287474,217,757,0.0892,4.9738,0.0998,26.6951
20161008_234508,18,UCI487_laboratory,974,8.89,8.89,11.11,31.83,26.3,0.22381930184804927,218,756,0.08915000000000001,5.85455,0.1026,38.6611
20161008_234508,19,UCI487_laboratory,978,11.11,0.0,11.11,47.66,26.34,0.2229038854805726,218,760,0.0892,6.5680499999999995,0.1013,33.1505
20161008_234508,20,UCI487_laboratory,972,0.0,0.0,15.56,51.25,26.38,0.2242798353909465,218,754,0.0881,6.39195,0.1143,64.5356
20161008_234508,21,UCI487_laboratory,976,15.56,15.56,17.78,41.41,26.3,0.22336065573770492,218,758,0.0888,3.8271,0.0997,24.1948
20161008_234508,22,UCI487_laboratory,983,17.78,11.11,17.78,47.66,26.34,0.22278738555442523,219,764,0.0893,3.7522,0.099,21.1864
20161008_234508,23,UCI487_laboratory,971,11.11,0.0,11.11,67.15,26.38,0.2255406797116375,219,752,0.0884,2.89445,0.1008,30.8118
20161008_234508,24,UCI487_laboratory,981,0.0,0.0,11.11,54.8,26.34,0.22324159021406728,219,762,0.0878,2.6426,0.1135,56.7773
20161008_234508,25,UCI487_laboratory,972,11.11,11.11,13.33,58.3,26.34,0.22530864197530864,219,753,0.0879,1.8295,0.1011,31.8103
20161008_234508,26,UCI487_laboratory,983,13.33,13.33,15.56,27.48,26.22,0.22380467955239064,220,763,0.08865,2.1541,0.10014999999999999,27.1697
20161008_234508,27,UCI487_laboratory,979,15.56,15.56,17.78,43.5,26.26,0.2226762002042901,218,761,0.0888,3.3198,0.09914999999999999,23.8952
20161008_234508,28,UCI487_laboratory,979,17.78,2.22,17.78,66.17,26.34,0.22676200204290092,222,757,0.0888,2.4001,0.0983,19.8145
20161008_234508,29,UCI487_laboratory,971,2.22,2.22,2.22,38.24,26.22,0.22142121524201855,215,756,0.0883,3.2488,0.1083,54.4724
20161008_234508,30,UCI487_laboratory,978,2.22,2.22,8.89,49.19,26.26,0.2249488752556237,220,758,0.08795,4.03335,0.1086,51.6712
20161008_234508,31,UCI487_laboratory,975,8.89,8.89,8.89,35.04,26.22,0.22564102564102564,220,755,0.0888,4.4723,0.10225000000000001,36.8637
20161008_234508,32,UCI487_laboratory,976,8.89,3.4049,8.89,65.68,26.3,0.22131147540983606,216,760,0.08835000000000001,3.5374499999999998,0.1018,34.1425
20161008_234508,33,UCI487_laboratory,975,0.0,0.0,13.4061,27.48,26.18,0.2235897435897436,218,757,0.08815,4.6324,0.1143,63.9786
20161008_234508,34,UCI487_laboratory,974,17.78,11.4035,17.78,29.66,26.22,0.22176591375770022,216,758,0.08945,6.7225,0.09895000000000001,21.3695
20161008_234508,35,UCI487_laboratory,978,4.44,4.44,9.0623,43.5,26.22,0.22188139059304704,217,761,0.0893,12.799,0.1058,49.1397
20161008_234508,36,UCI487_laboratory,979,11.11,11.11,11.11,50.21,26.22,0.2247191011235955,220,759,0.08915000000000001,7.2613,0.1016,33.1505
20161008_234508,37,UCI487_laboratory,976,11.11,11.11,14.5917,23.08,26.18,0.2223360655737705,217,759,0.0897,10.2863,0.1018,34.1425
20161008_234508,38,UCI487_laboratory,975,17.78,9.1223,17.78,63.24,26.3,0.22256410256410256,217,758,0.0896,6.4163,0.0989,21.0169
20161008_234508,39,UCI487_laboratory,971,4.44,4.44,11.2764,54.2885,26.2926,0.22245108135942326,216,755,0.08825,4.4759,0.10625000000000001,50.0315
20161008_234508,40,UCI487_laboratory,972,13.33,13.33,16.7343,58.8,26.3,0.22530864197530864,219,753,0.0886,2.516,0.1007,30.2074
20161008_234508,41,UCI487_laboratory,977,17.78,13.0043,17.78,26.38,26.22,0.2241555783009212,219,758,0.0888,2.6134,0.0991,21.4895
20161008_234508,42,UCI487_laboratory,980,11.11,4.8248,11.11,19.75,26.18,0.22346938775510203,219,761,0.0896,11.5386,0.1016,33.8494
20161008_234508,43,UCI487_laboratory,979,2.22,2.22,8.6416,16.39,26.18,0.2226762002042901,218,761,0.0922,45.3727,0.1106,62.0148
20161008_234508,44,UCI487_laboratory,975,13.33,13.33,13.33,30.74,26.22,0.2235897435897436,218,757,0.0922,46.1185,0.1017,30.4421
20161008_234508,45,UCI487_laboratory,971,2.22,2.22,2.22,40.88,26.26,0.2203913491246138,214,757,0.0906,36.5323,0.1118,67.7787
20161008_234508,46,UCI487_laboratory,971,15.56,15.56,15.56,18.63,26.22,0.22142121524201855,215,756,0.0914,33.6595,0.1017,26.3334
20161008_234508,47,UCI487_laboratory,982,11.11,11.11,11.11,49.2,26.3,0.225050916496945,221,761,0.0905,27.9071,0.104,37.3695
20161008_234508,48,UCI487_laboratory,971,20.0,20.0,20.0,54.7898,26.3,0.223480947476828,217,754,0.0893,6.9708000000000006,0.1002,20.6144
20161008_234508,49,UCI487_laboratory,972,20.0,20.0,20.0,40.89,26.26,0.22325102880658437,217,755,0.0891,4.6464,0.0996,18.1953
20161008_234508,50,UCI487_laboratory,971,2.22,2.22,2.22,50.22,26.3,0.22142121524201855,215,756,0.0884,7.2387999999999995,0.111,62.9816
20161008_234508,51,UCI487_laboratory,978,20.0,20.0,20.0,43.51,26.3,0.22188139059304704,217,761,0.0893,3.5222,0.0992,18.4133
20161008_234508,52,UCI487_laboratory,971,6.67,6.67,6.67,45.59,26.3,0.223480947476828,217,754,0.0886,5.796250000000001,0.105,47.0913
20161008_234508,53,UCI487_laboratory,984,17.78,17.78,17.78,67.15,26.38,0.2225609756097561,219,765,0.0887,2.4875,0.0991,20.788
20161008_234508,54,UCI487_laboratory,974,17.78,17.78,17.78,44.55,26.34,0.22279260780287474,217,757,0.0886,1.9095,0.0991,21.3045
20161008_234508,55,UCI487_laboratory,984,0.0,0.0,0.0,68.13,26.4201,0.22357723577235772,220,764,0.0877,2.5791500000000003,0.1135,53.7445
20161008_234508,56,UCI487_laboratory,973,13.33,13.33,13.33,71.96,26.46,0.22302158273381295,217,756,0.0879,1.36765,0.0997,25.5607
20161008_234508,57,UCI487_laboratory,973,6.67,6.67,6.67,56.32,26.42,0.22199383350462487,216,757,0.08805,1.3548,0.1033,38.833
20161008_234508,58,UCI487_laboratory,973,20.0,20.0,20.0,50.74,26.42,0.2250770811921891,219,754,0.0884,1.06565,0.0979,18.084200000000003
20161008_234508,59,UCI487_laboratory,980,0.0,0.0,0.0,59.81,26.46,0.22244897959183674,218,762,0.0877,1.6565500000000002,0.1121,52.3446
20161008_234508,60,UCI487_laboratory,971,8.89,8.89,8.89,28.58,26.34,0.22142121524201855,215,756,0.0882,1.6715,0.102,35.685
20161008_234508,61,UCI487_laboratory,970,4.44,4.44,4.44,32.91,26.38,0.22268041237113403,216,754,0.08845,3.5507,0.1052,46.42105
20161008_234508,62,UCI487_laboratory,971,13.33,13.33,13.33,58.82,26.46,0.22142121524201855,215,756,0.0887,3.22515,0.1001,28.7735
20161008_234508,63,UCI487_laboratory,982,2.22,2.22,2.22,25.3,26.38,0.2230142566191446,219,763,0.0886,5.1896,0.1086,53.0355
20161008_234508,64,UCI487_laboratory,972,20.0,20.0,20.0,45.6,26.42,0.2222222222222222,216,756,0.0899,4.83235,0.0981,18.6865
20161008_234508,65,UCI487_laboratory,970,6.67,6.67,6.67,59.32,26.46,0.22371134020618558,217,753,0.0888,4.9581,0.1037,41.9221
20161008_234508,66,UCI487_laboratory,977,15.56,15.56,15.56,61.79,26.46,0.2241555783009212,219,758,0.0883,2.2186500000000002,0.0996,25.2279
20161008_234508,67,UCI487_laboratory,981,4.44,4.44,4.44,27.49,26.38,0.22120285423037717,217,764,0.088,3.3386,0.1057,46.8407
20161008_234508,68,UCI487_laboratory,984,0.0,0.0,0.0,51.77,26.42,0.22357723577235772,220,764,0.08865,5.3662,0.1135,57.2171
20161008_234508,69,UCI487_laboratory,977,8.89,8.89,8.89,44.7206,26.38,0.22517911975435004,220,757,0.08865,4.0292,0.1021,35.8615
20161008_234508,70,UCI487_laboratory,974,6.67,6.67,6.67,60.8,26.46,0.22484599589322382,219,755,0.0886,3.4037,0.104,40.4129
20161008_234508,71,UCI487_laboratory,984,6.67,6.67,6.67,48.69,26.38,0.2225609756097561,219,765,0.0884,2.6874,0.1035,38.4568
20161008_234508,72,UCI487_laboratory,971,4.44,4.44,4.44,32.37,26.34,0.22142121524201855,215,756,0.0884,3.8974,0.1058,48.2257
20161008_234508,73,UCI487_laboratory,971,8.89,8.89,8.89,51.2496,26.38,0.22451081359423275,218,753,0.0888,4.6115,0.1022,37.21
20161008_234508,74,UCI487_laboratory,975,0.0,0.0,0.0,67.64,26.46,0.22153846153846155,216,759,0.08825,3.3469,0.113,54.4724
20161008_234508,75,UCI487_laboratory,978,4.44,4.44,4.44,38.26,26.34,0.2229038854805726,218,760,0.0885,2.6784499999999998,0.1056,45.1116
20161008_234508,76,UCI487_laboratory,983,8.89,8.89,8.89,49.72,26.38,0.22177009155645983,218,765,0.0885,2.9035,0.1021,34.0087
20161008_234508,77,UCI487_laboratory,977,11.11,11.11,11.11,32.91,26.3,0.22210849539406347,217,760,0.0889,3.5351,0.1011,31.5548
20161008_234508,78,UCI487_laboratory,978,6.67,6.67,6.67,36.12,26.3,0.2229038854805726,218,760,0.0892,7.5293,0.1037,41.4854
20161008_234508,79,UCI487_laboratory,975,4.44,4.44,4.44,30.75,26.3,0.22153846153846155,216,759,0.08979999999999999,13.7639,0.1061,49.7495
20161008_234508,80,UCI487_laboratory,976,11.11,11.11,11.11,64.23,26.38,0.22438524590163936,219,757,0.0895,6.9567,0.1011,31.0556
20161008_234508,81,UCI487_laboratory,972,6.67,6.67,6.67,49.21,26.34,0.2222222222222222,216,756,0.0885,4.0139,0.10389999999999999,42.5736
20161008_234508,82,UCI487_laboratory,971,8.89,8.89,8.89,29.66,26.3,0.22245108135942326,216,755,0.089,5.3463,0.1027,39.2166
20161008_234508,83,UCI487_laboratory,976,13.33,13.33,13.33,27.48,26.3,0.2223360655737705,217,759,0.0897,11.2489,0.1007,29.4232
20161008_234508,84,UCI487_laboratory,974,13.33,13.33,13.33,38.78,26.3,0.22073921971252566,215,759,0.09,15.1623,0.1007,29.303
20161008_234508,85,UCI487_laboratory,970,15.56,15.56,15.56,36.65,26.3,0.22268041237113403,216,754,0.0899,13.4702,0.1001,25.5991
20161008_234508,86,UCI487_laboratory,982,8.89,8.89,8.89,30.2,26.3,0.2219959266802444,218,764,0.09,21.177300000000002,0.1035,40.2271
20161008_234508,87,UCI487_laboratory,972,6.67,6.67,6.67,44.03,26.3,0.22119341563786007,215,757,0.0893,19.2891,0.1052,47.9632
20161008_234508,88,UCI487_laboratory,972,2.22,2.22,2.22,26.39,26.3,0.22530864197530864,219,753,0.09,23.8667,0.1116,66.6625
20161008_234508,89,UCI487_laboratory,977,0.0,0.0,0.0,63.3393,26.38,0.22210849539406347,217,760,0.0887,12.8933,0.1167,66.0689
20161008_234508,90,UCI487_laboratory,973,4.44,4.44,4.44,42.989,26.3,0.2199383350462487,214,759,0.0888,6.0082,0.1073,53.3555
20161008_234508,91,UCI487_laboratory,972,0.0,0.0,0.0,54.8,26.34,0.22119341563786007,215,757,0.0886,5.6733,0.1163,67.1654
20161008_234508,92,UCI487_laboratory,971,20.0,20.0,20.0,33.44,26.3,0.223480947476828,217,754,0.0892,3.3634,0.0991,18.4624
20161008_234508,93,UCI487_laboratory,971,20.0,20.0,20.0,20.31,26.22,0.22142121524201855,215,756,0.09,9.17255,0.0992,18.57385
20161008_234508,94,UCI487_laboratory,984,20.0,20.0,20.0,21.97,26.22,0.2225609756097561,219,765,0.0909,28.0928,0.0996,18.3239
20161008_234508,95,UCI487_laboratory,981,17.78,17.78,17.78,21.97,26.22,0.22426095820591233,220,761,0.0925,46.8426,0.101,21.8575
20161008_234508,96,UCI487_laboratory,971,17.78,17.78,17.78,47.14,26.3,0.2203913491246138,214,757,0.0906,28.1951,0.10114999999999999,23.317
20161008_234508,97,UCI487_laboratory,971,13.33,13.33,13.33,64.71,26.34,0.21936148300720906,213,758,0.0889,7.1175999999999995,0.1018,29.9763
20161008_234508,98,UCI487_laboratory,974,17.78,17.78,17.78,56.8,26.3,0.21971252566735114,214,760,0.08905,2.7773,0.1001,23.6027
20161008_234508,99,UCI487_laboratory,971,2.22,2.22,2.22,60.78,26.3,0.22245108135942326,216,755,0.0879,3.0175,0.1103,57.2171
20161010_095046,0,UCI487_laboratory,972,20.0,15.56,20.0,38.218050000000005,25.98,0.23148148148148148,225,747,0.0896,3.2831,0.0982,17.6373
20161010_095046,1,UCI487_laboratory,975,15.56,15.56,20.0,37.15,25.98,0.22974358974358974,224,751,0.08954999999999999,5.6931,0.0993,23.8281
20161010_095046,2,UCI487_laboratory,979,20.0,4.44,20.0,56.77,26.1,0.23084780388151174,226,753,0.0896,4.2996,0.0985,19.7117
20161010_095046,3,UCI487_laboratory,976,4.44,4.44,15.56,31.07315,26.06,0.2305327868852459,225,751,0.0889,6.9289,0.1058,49.415
20161010_095046,4,UCI487_laboratory,974,15.56,6.67,15.56,50.71,26.14,0.23408624229979466,228,746,0.08985,5.884,0.0997,25.3932
20161010_095046,5,UCI487_laboratory,978,6.67,2.22,6.67,29.65,26.09165,0.23210633946830267,227,751,0.0896,9.5148,0.1041,43.5025
20161010_095046,6,UCI487_laboratory,980,2.22,2.22,11.11,48.66,26.14,0.23265306122448978,228,752,0.0891,11.70485,0.1092,56.4158
20161010_095046,7,UCI487_laboratory,973,11.11,2.22,11.11,59.78,26.22,0.2312435765673176,225,748,0.0896,4.90945,0.1018,34.4405
20161010_095046,8,UCI487_laboratory,971,2.22,2.22,13.33,62.24,26.22,0.23171987641606592,225,746,0.0883,3.447,0.109,53.7445
20161010_095046,9,UCI487_laboratory,979,13.33,4.44,13.33,51.74,26.22,0.23084780388151174,226,753,0.0891,1.986,0.1001,26.7955
20161010_095046,10,UCI487_laboratory,971,4.44,4.44,6.67,25.83,26.18,0.23171987641606592,225,746,0.0889,3.93735,0.1058,49.8905
20161010_095046,11,UCI487_laboratory,971,6.67,0.0,6.67,52.26,26.26,0.23171987641606592,225,746,0.0889,5.3574,0.1038,42.24575
20161010_095046,12,UCI487_laboratory,979,0.0,0.0,15.56,51.24,26.26,0.23289070480081717,228,751,0.08885000000000001,4.8504,0.1136,59.7614
20161010_095046,13,UCI487_laboratory,976,15.56,8.89,15.56,46.6163,26.22,0.23155737704918034,226,750,0.0895,2.94765,0.0993,23.6027
20161010_095046,14,UCI487_laboratory,977,8.89,8.89,15.56,37.17,26.14,0.2323439099283521,227,750,0.0893,4.7629,0.1022,36.3407
20161010_095046,15,UCI487_laboratory,975,15.56,13.33,15.56,47.64,26.18,0.22974358974358974,224,751,0.08915000000000001,4.4106,0.0995,24.4313
20161010_095046,16,UCI487_laboratory,976,13.33,13.33,15.56,31.81,26.06,0.23155737704918034,226,750,0.0899,6.3286999999999995,0.1004,28.4496
20161010_095046,17,UCI487_laboratory,973,15.56,8.89,15.56,56.26,26.06,0.2302158273381295,224,749,0.08925,5.4682,0.0999,26.9813
20161010_095046,18,UCI487_laboratory,982,8.89,8.89,11.11,31.78,25.74,0.23014256619144602,226,756,0.08940000000000001,6.867850000000001,0.1027,38.0876
20161010_095046,19,UCI487_laboratory,971,11.11,0.0,11.11,46.54,25.62,0.22966014418125644,223,748,0.0899,8.1831,0.1016,34.6052
20161010_095046,20,UCI487_laboratory,970,0.0,0.0,15.56,50.63,25.54,0.2288659793814433,222,748,0.0888,8.500499999999999,0.1144,67.1654
20161010_095046,21,UCI487_laboratory,977,15.56,15.56,17.78,41.33,25.58,0.23336745138178097,228,749,0.0895,5.215,0.0998,24.6579
20161010_095046,22,UCI487_laboratory,984,17.78,11.11,17.78,47.6,25.82,0.2306910569105691,227,757,0.0897,4.7759,0.0991,21.4239
20161010_095046,23,UCI487_laboratory,979,11.11,0.0,11.11,67.09,26.06,0.23084780388151174,226,753,0.08875,3.5247,0.1008,30.4421
20161010_095046,24,UCI487_laboratory,983,0.0,0.0,11.11,54.76,26.06,0.2299084435401831,226,757,0.0885,2.9979,0.1135,56.7773
20161010_095046,25,UCI487_laboratory,978,11.11,11.11,13.33,58.27,26.14,0.2310838445807771,226,752,0.08865,2.0657,0.1011,31.7404
20161010_095046,26,UCI487_laboratory,984,13.33,13.33,15.56,27.46,26.06,0.23272357723577236,229,755,0.0888,2.4129,0.1002,27.2562
20161010_095046,27,UCI487_laboratory,975,15.56,15.56,17.78,42.44,26.14,0.23076923076923078,225,750,0.0893,3.9907,0.0992,24.1948
20161010_095046,28,UCI487_laboratory,974,17.78,2.22,17.78,65.66,26.22,0.23203285420944558,226,748,0.0891,2.73225,0.0981,20.1777
20161010_095046,29,UCI487_laboratory,976,2.22,2.22,2.22,38.23,26.14,0.22848360655737704,223,753,0.0887,3.7177,0.1082,53.7445
20161010_095046,30,UCI487_laboratory,973,2.22,2.22,8.89,48.67,26.22,0.22918807810894143,223,750,0.0888,4.4726,0.1083,54.073
20161010_095046,31,UCI487_laboratory,982,8.89,8.89,8.89,34.51,26.18,0.23014256619144602,226,756,0.08940000000000001,5.0599,0.1023,36.26515
20161010_095046,32,UCI487_laboratory,976,8.89,3.5115,8.89,65.19,26.26,0.22950819672131148,224,752,0.0889,4.0701,0.1018,34.3044
20161010_095046,33,UCI487_laboratory,979,0.0,0.0,9.8501,27.47,26.18,0.23084780388151174,226,753,0.0889,5.1189,0.114,62.5385
20161010_095046,34,UCI487_laboratory,971,17.78,11.03,17.78,29.65,26.18,0.23274974253347064,226,745,0.0897,8.0274,0.0989,21.5445
20161010_095046,35,UCI487_laboratory,982,4.44,4.44,8.5821,42.98,26.22,0.22912423625254583,225,757,0.0895,14.689,0.1057,48.5445
20161010_095046,36,UCI487_laboratory,981,11.11,11.11,11.11,49.69,26.18,0.2324159021406728,228,753,0.0899,8.4807,0.1016,33.4318
20161010_095046,37,UCI487_laboratory,975,11.11,11.11,14.8786,23.07,26.06,0.2317948717948718,226,749,0.08979999999999999,12.1369,0.1018,34.7436
20161010_095046,38,UCI487_laboratory,974,17.78,10.6031,17.78,62.72,26.14,0.23100616016427106,225,749,0.09,7.2232,0.099,21.0696
20161010_095046,39,UCI487_laboratory,981,4.44,4.44,9.1161,54.25,26.06,0.23343527013251783,229,752,0.0889,5.1624,0.1062,48.5445
20161010_095046,40,UCI487_laboratory,981,13.33,13.33,16.3382,58.76,26.06,0.23037716615698267,226,755,0.08865,2.8618,0.1007,29.6461
20161010_095046,41,UCI487_laboratory,976,17.78,14.3516,17.78,26.36,25.9,0.2305327868852459,225,751,0.0897,2.9339,0.0992,21.5445
20161010_095046,42,UCI487_laboratory,973,11.11,6.3894,11.11,19.73,25.9,0.2312435765673176,225,748,0.0897,13.32385,0.1017,35.1372
20161010_095046,43,UCI487_laboratory,977,2.22,2.22,10.7414,16.37,25.86,0.23132036847492324,226,751,0.0924,47.3535,0.1106,64.5356
20161010_095046,44,UCI487_laboratory,977,13.33,13.33,13.33,30.71,25.8601,0.2323439099283521,227,750,0.0925,48.5567,0.1018,30.6803
20161010_095046,45,UCI487_laboratory,974,2.22,2.22,2.22,41.36,25.86,0.23203285420944558,226,748,0.0914,39.1977,0.11185,66.0689
20161010_095046,46,UCI487_laboratory,976,15.56,15.56,15.56,18.61,25.82,0.23155737704918034,226,750,0.0915,35.3279,0.1018,25.9809
20161010_095046,47,UCI487_laboratory,977,11.11,11.11,11.11,50.16,25.86,0.23439099283520984,229,748,0.0913,29.4627,0.1041,38.6611
20161010_095046,48,UCI487_laboratory,974,20.0,20.0,20.0,55.23,25.9,0.22895277207392198,223,751,0.0899,7.7133,0.1005,20.7264
20161010_095046,49,UCI487_laboratory,976,20.0,20.0,20.0,41.36,25.84275,0.23155737704918034,226,750,0.08925,5.0882000000000005,0.0996,18.1953
20161010_095046,50,UCI487_laboratory,972,2.22,2.22,2.22,50.67,25.86,0.23045267489711935,224,748,0.0892,8.09905,0.111,63.5216
20161010_095046,51,UCI487_laboratory,978,20.0,20.0,20.0,43.45,25.82,0.2331288343558282,228,750,0.08954999999999999,4.109,0.0993,18.5946
20161010_095046,52,UCI487_laboratory,970,6.67,6.67,6.67,46.05,25.78,0.2309278350515464,224,746,0.08915000000000001,6.4955,0.105,48.2257
20161010_095046,53,UCI487_laboratory,983,17.78,17.78,17.78,66.57,25.82,0.2299084435401831,226,757,0.08935,2.9649,0.0992,21.1332
20161010_095046,54,UCI487_laboratory,975,17.78,17.78,17.78,43.97,25.74,0.22974358974358974,224,751,0.0888,2.3609,0.0992,21.6664
20161010_095046,55,UCI487_laboratory,976,0.0,0.0,0.0,67.53,25.82,0.22950819672131148,224,752,0.08815,3.2468500000000002,0.1138,58.8889
20161010_095046,56,UCI487_laboratory,975,13.33,13.33,13.33,71.36,25.82,0.23282051282051283,227,748,0.0884,1.66235,0.1,26.6121
20161010_095046,57,UCI487_laboratory,974,6.67,6.67,6.67,55.71,25.74,0.23100616016427106,225,749,0.0886,1.6651,0.1036,40.6381
20161010_095046,58,UCI487_laboratory,978,20.0,20.0,20.0,50.65,25.66,0.23006134969325154,225,753,0.0887,1.2305,0.0979,18.4133
20161010_095046,59,UCI487_laboratory,980,0.0,0.0,0.0,59.69,25.7,0.23061224489795917,226,754,0.08825,1.93625,0.11255000000000001,54.8097
20161010_095046,60,UCI487_laboratory,975,8.89,8.89,8.89,28.52,25.62,0.23076923076923078,225,750,0.0889,2.06905,0.1021,36.8637
20161010_095046,61,UCI487_laboratory,977,4.44,4.44,4.44,32.84,25.62,0.2292732855680655,224,753,0.08895,4.6077,0.1055,47.9632
20161010_095046,62,UCI487_laboratory,973,13.33,13.33,13.33,58.21,25.7,0.2312435765673176,225,748,0.0893,4.2627500000000005,0.1003,30.1019
20161010_095046,63,UCI487_laboratory,976,2.22,2.22,2.22,25.24,25.58,0.2305327868852459,225,751,0.0891,7.0989,0.109,57.2171
20161010_095046,64,UCI487_laboratory,973,20.0,20.0,20.0,44.99,25.62,0.22918807810894143,223,750,0.0899,6.3769,0.0984,19.4093
20161010_095046,65,UCI487_laboratory,977,6.67,6.67,6.67,58.7,25.66,0.2323439099283521,227,750,0.0892,6.64465,0.1041,43.5025
20161010_095046,66,UCI487_laboratory,982,15.56,15.56,15.56,61.18,25.66,0.23116089613034624,227,755,0.0888,3.0211,0.0997,26.3334
20161010_095046,67,UCI487_laboratory,972,4.44,4.44,4.44,27.43,25.58,0.23045267489711935,224,748,0.0888,4.42345,0.1061,51.162800000000004
20161010_095046,68,UCI487_laboratory,984,0.0,0.0,0.0,51.16,25.62,0.22764227642276422,224,760,0.08905,7.1537,0.1142,59.7614
20161010_095046,69,UCI487_laboratory,971,8.89,8.89,8.89,44.46,25.58,0.23069001029866118,224,747,0.0892,5.198,0.1025,38.4568
20161010_095046,70,UCI487_laboratory,975,6.67,6.67,6.67,60.18,25.62,0.23076923076923078,225,750,0.0889,4.60975,0.1042,43.0331
20161010_095046,71,UCI487_laboratory,971,6.67,6.67,6.67,48.0042,25.58,0.23274974253347064,226,745,0.08865,3.7645,0.1038,43.2879
20161010_095046,72,UCI487_laboratory,974,4.44,4.44,4.44,32.3,25.58,0.22895277207392198,223,751,0.0889,5.6778,0.1061,50.3742
20161010_095046,73,UCI487_laboratory,971,8.89,8.89,8.89,50.64,25.5801,0.2286302780638517,222,749,0.0891,5.9438,0.1026,39.2166
20161010_095046,74,UCI487_laboratory,974,0.0,0.0,0.0,67.5,25.66,0.2299794661190965,224,750,0.0886,4.468999999999999,0.1136,58.4235
20161010_095046,75,UCI487_laboratory,980,4.44,4.44,4.44,38.17,25.54,0.23061224489795917,226,754,0.0888,3.4844999999999997,0.106,47.3955
20161010_095046,76,UCI487_laboratory,977,8.89,8.89,8.89,49.61,25.54,0.23029682702149437,225,752,0.0891,3.79135,0.1025,37.11515
20161010_095046,77,UCI487_laboratory,976,11.11,11.11,11.11,32.83,25.5,0.2305327868852459,225,751,0.0895,4.7065,0.1013,33.1505
20161010_095046,78,UCI487_laboratory,983,6.67,6.67,6.67,36.04,25.5,0.23092573753814852,227,756,0.0893,9.93425,0.1041,42.823
20161010_095046,79,UCI487_laboratory,970,4.44,4.44,4.44,30.68,25.5,0.22989690721649483,223,747,0.0899,17.469,0.1065,53.3555
20161010_095046,80,UCI487_laboratory,972,11.11,11.11,11.11,64.1,25.58,0.23148148148148148,225,747,0.0899,8.8948,0.1013,32.999
20161010_095046,81,UCI487_laboratory,974,6.67,6.67,6.67,49.61,25.54,0.22895277207392198,223,751,0.0891,5.459,0.1042,44.2479
20161010_095046,82,UCI487_laboratory,976,8.89,8.89,8.89,29.59,25.46,0.23258196721311475,227,749,0.0896,6.915,0.1031,40.2271
20161010_095046,83,UCI487_laboratory,975,13.33,13.33,13.33,27.42,25.46,0.23076923076923078,225,750,0.0902,14.48425,0.1011,30.6803
20161010_095046,84,UCI487_laboratory,982,13.33,13.33,13.33,38.69,25.5,0.23014256619144602,226,756,0.0905,19.0685,0.101,29.7485
20161010_095046,85,UCI487_laboratory,976,15.56,15.56,15.56,37.11,25.5,0.23155737704918034,226,750,0.09029999999999999,16.5246,0.1005,26.1161
20161010_095046,86,UCI487_laboratory,970,8.89,8.89,8.89,30.14,25.5,0.22989690721649483,223,747,0.0901,24.7139,0.1037,43.2879
20161010_095046,87,UCI487_laboratory,981,6.67,6.67,6.67,43.94,25.5,0.22935779816513763,225,756,0.0901,23.621,0.1055,48.2257
20161010_095046,88,UCI487_laboratory,979,2.22,2.22,2.22,26.33,25.42,0.22982635342185903,225,754,0.0897,27.99995,0.112,65.0072
20161010_095046,89,UCI487_laboratory,971,0.0,0.0,0.0,63.11,25.54,0.2286302780638517,222,749,0.0896,16.8855,0.1171,71.3599
20161010_095046,90,UCI487_laboratory,977,4.44,4.44,4.44,42.89,25.5,0.2292732855680655,224,753,0.089,8.276,0.10765,54.073
20161010_095046,91,UCI487_laboratory,976,0.0,0.0,0.0,54.68,25.5,0.2346311475409836,229,747,0.0889,7.8589,0.1167,68.2983
20161010_095046,92,UCI487_laboratory,975,20.0,20.0,20.0,33.6913,25.46,0.22974358974358974,224,751,0.0895,4.3274,0.0993,18.7371
20161010_095046,93,UCI487_laboratory,973,20.0,20.0,20.0,20.81,25.3,0.22918807810894143,223,750,0.0902,11.0943,0.0995,18.8731
20161010_095046,94,UCI487_laboratory,979,20.0,20.0,20.0,21.9,25.14,0.23084780388151174,226,753,0.09185,31.3207,0.1,18.9245
20161010_095046,95,UCI487_laboratory,980,17.78,17.78,17.78,21.91,25.26,0.22653061224489796,222,758,0.09305,49.383700000000005,0.1011,22.4388
20161010_095046,96,UCI487_laboratory,975,17.78,17.78,17.78,47.55,25.42,0.22974358974358974,224,751,0.09135,32.6299,0.1015,23.8952
20161010_095046,97,UCI487_laboratory,973,13.33,13.33,13.33,65.55,25.54,0.2312435765673176,225,748,0.09,9.744900000000001,0.1021,30.867
20161010_095046,98,UCI487_laboratory,972,17.78,17.78,17.78,57.69,25.62,0.2294238683127572,223,749,0.0892,3.4889,0.1003,24.2777
20161010_095046,99,UCI487_laboratory,971,2.22,2.22,2.22,61.67,25.74,0.22966014418125644,223,748,0.0883,3.5383500000000003,0.1106,59.2824
20161011_113032,0,UCI487_laboratory,975,20.0,15.56,20.0,39.25,25.78,0.23282051282051283,227,748,0.0895,2.1163,0.0986,18.392899999999997
20161011_113032,1,UCI487_laboratory,971,15.56,15.56,20.0,37.67,25.86,0.23171987641606592,225,746,0.0895,3.6487,0.0996,25.3932
20161011_113032,2,UCI487_laboratory,976,20.0,4.44,20.0,57.25,25.98,0.23258196721311475,227,749,0.0893,3.2448,0.0986,20.954
20161011_113032,3,UCI487_laboratory,973,4.44,4.44,15.56,31.8,25.98,0.2312435765673176,225,748,0.0891,5.51515,0.1061,51.311
20161011_113032,4,UCI487_laboratory,970,15.56,6.67,15.56,50.7,26.06,0.2309278350515464,224,746,0.08954999999999999,4.9388000000000005,0.09975,26.6536
20161011_113032,5,UCI487_laboratory,981,6.67,2.22,6.67,29.64,25.98,0.22833843017329256,224,757,0.08915000000000001,8.0176,0.1043,44.7437
20161011_113032,6,UCI487_laboratory,971,2.22,2.22,11.11,48.65,26.06,0.23171987641606592,225,746,0.0895,10.865549999999999,0.1096,59.7614
20161011_113032,7,UCI487_laboratory,976,11.11,2.22,11.11,59.26,26.1,0.2336065573770492,228,748,0.08940000000000001,5.010199999999999,0.102,34.9112
20161011_113032,8,UCI487_laboratory,981,2.22,2.22,13.33,61.73,26.06,0.23037716615698267,226,755,0.0883,3.5267,0.1095,51.9752
20161011_113032,9,UCI487_laboratory,971,13.33,4.44,13.33,51.21,26.02,0.23480947476828012,228,743,0.08895,2.2432,0.1004,28.5631
20161011_113032,10,UCI487_laboratory,980,4.44,4.44,6.67,25.26,25.89155,0.2316326530612245,227,753,0.0887,4.1931,0.1062,49.1397
20161011_113032,11,UCI487_laboratory,971,6.67,0.0,6.67,51.9734,25.9,0.23274974253347064,226,745,0.08940000000000001,6.096,0.1042,44.2479
20161011_113032,12,UCI487_laboratory,971,0.0,0.0,15.56,50.67,25.86,0.23171987641606592,225,746,0.0888,5.55505,0.1145,65.29464999999999
20161011_113032,13,UCI487_laboratory,977,15.56,8.89,15.56,46.55,25.7,0.2292732855680655,224,753,0.089,3.4146,0.0996,24.5017
20161011_113032,14,UCI487_laboratory,984,8.89,8.89,15.56,37.13,25.66,0.23272357723577236,229,755,0.0895,5.5104,0.1025,37.21
20161011_113032,15,UCI487_laboratory,977,15.56,13.33,15.56,48.11,25.82,0.23132036847492324,226,751,0.08925,5.0698,0.0996,25.3932
20161011_113032,16,UCI487_laboratory,984,13.33,13.33,15.56,31.8,25.9,0.23170731707317074,228,756,0.0899,6.8471,0.1006,28.821849999999998
20161011_113032,17,UCI487_laboratory,978,15.56,8.89,15.56,57.76,26.06,0.23210633946830267,227,751,0.0895,5.8654,0.1,27.1697
20161011_113032,18,UCI487_laboratory,971,8.89,8.89,11.11,31.81,26.0322,0.23069001029866118,224,747,0.08925,6.6927,0.1027,40.2271
20161011_113032,19,UCI487_laboratory,971,11.11,0.0,11.11,47.63,26.1,0.23274974253347064,226,745,0.08965000000000001,7.4619,0.1015,34.7436
20161011_113032,20,UCI487_laboratory,971,0.0,0.0,15.56,51.22,26.14,0.23583934088568487,229,742,0.0891,7.349,0.1144,66.0689
20161011_113032,21,UCI487_laboratory,983,15.56,15.56,17.78,41.4,26.14,0.23296032553407936,229,754,0.0893,4.2993,0.0997,24.1261
20161011_113032,22,UCI487_laboratory,978,17.78,11.11,17.78,47.64,26.14,0.2310838445807771,226,752,0.0896,4.1202000000000005,0.099,21.8575
20161011_113032,23,UCI487_laboratory,971,11.11,0.0,11.11,67.12,26.22,0.23171987641606592,225,746,0.0889,3.1422,0.1007,31.4172
20161011_113032,24,UCI487_laboratory,973,0.0,0.0,11.11,54.77,26.14,0.2302158273381295,224,749,0.0883,2.86,0.1136,61.585
20161011_113032,25,UCI487_laboratory,978,11.11,11.11,13.33,58.2769,26.18,0.2310838445807771,226,752,0.0886,1.9792,0.1011,31.7404
20161011_113032,26,UCI487_laboratory,983,13.33,13.33,15.56,27.47,26.1,0.23296032553407936,229,754,0.0892,2.37415,0.1002,27.59865
20161011_113032,27,UCI487_laboratory,975,15.56,15.56,17.78,42.97,26.18,0.23282051282051283,227,748,0.0895,3.91785,0.0992,24.5017
20161011_113032,28,UCI487_laboratory,971,17.78,2.22,17.78,66.0824,26.22,0.23069001029866118,224,747,0.0892,2.553,0.0981,20.5639
20161011_113032,29,UCI487_laboratory,975,2.22,2.22,2.22,38.23,26.14,0.23282051282051283,227,748,0.0887,3.5694,0.1083,54.073
20161011_113032,30,UCI487_laboratory,984,2.22,2.22,8.89,49.17,26.1,0.23272357723577236,229,755,0.0889,4.43,0.1086,51.6712
20161011_113032,31,UCI487_laboratory,974,8.89,8.89,8.89,35.02,25.99525,0.23305954825462014,227,747,0.0895,5.1272,0.1023,37.922
20161011_113032,32,UCI487_laboratory,974,8.89,3.3871,8.89,65.15,26.02,0.23203285420944558,226,748,0.08925,4.23535,0.1018,35.5392
20161011_113032,33,UCI487_laboratory,971,0.0,0.0,8.8189,27.45,25.86,0.22966014418125644,223,748,0.0889,5.46475,0.1145,66.6625
20161011_113032,34,UCI487_laboratory,971,17.78,9.5092,17.78,29.62,25.82,0.23274974253347064,226,745,0.09025,7.8858,0.099,22.3084
20161011_113032,35,UCI487_laboratory,979,4.44,4.44,9.4825,43.45,25.82,0.23084780388151174,226,753,0.08945,15.2785,0.1061,50.0315
20161011_113032,36,UCI487_laboratory,979,11.11,11.11,11.11,50.16,25.82,0.22982635342185903,225,754,0.0895,8.44565,0.1016,34.4405
20161011_113032,37,UCI487_laboratory,976,11.11,11.11,15.2387,23.05,25.73545,0.2305327868852459,225,751,0.09,12.1369,0.102,35.3657
20161011_113032,38,UCI487_laboratory,971,17.78,9.4292,17.78,63.15,25.78,0.22966014418125644,223,748,0.0897,7.4183,0.0991,21.8236
20161011_113032,39,UCI487_laboratory,976,4.44,4.44,11.1075,54.7,25.7,0.23155737704918034,226,750,0.0888,5.4848,0.1065,50.5188
20161011_113032,40,UCI487_laboratory,971,13.33,13.33,16.0223,59.2,25.7056,0.23274974253347064,226,745,0.089,3.005,0.1008,31.1677
20161011_113032,41,UCI487_laboratory,971,17.78,13.2777,17.78,26.34,25.62,0.23274974253347064,226,745,0.08954999999999999,3.1214,0.0993,22.4985
20161011_113032,42,UCI487_laboratory,974,11.11,6.4427,11.11,19.71,25.62,0.23203285420944558,226,748,0.09004999999999999,13.4174,0.1018,35.8615
20161011_113032,43,UCI487_laboratory,971,2.22,2.22,8.7194,16.36,25.62,0.23069001029866118,224,747,0.092,46.6139,0.1109,66.6625
20161011_113032,44,UCI487_laboratory,971,13.33,5.8641,13.33,30.69,25.5822,0.23069001029866118,224,747,0.0927,49.2563,0.102,31.8103
20161011_113032,45,UCI487_laboratory,979,2.22,2.22,2.22,40.81,25.58,0.22982635342185903,225,754,0.0913,40.5908,0.112,66.0689
20161011_113032,46,UCI487_laboratory,978,15.56,15.56,15.56,18.59,25.5269,0.2331288343558282,228,750,0.092,37.9105,0.102,26.5131
20161011_113032,47,UCI487_laboratory,974,11.11,11.11,11.11,49.62,25.62,0.22895277207392198,223,751,0.0909,31.4259,0.1041,39.4289
20161011_113032,48,UCI487_laboratory,984,20.0,20.0,20.0,54.69,25.62,0.23170731707317074,228,756,0.08979999999999999,8.6309,0.1005,20.7264
20161011_113032,49,UCI487_laboratory,976,20.0,20.0,20.0,41.33,25.58,0.22950819672131148,224,752,0.08979999999999999,5.6366499999999995,0.0997,18.6446
20161011_113032,50,UCI487_laboratory,976,2.22,2.22,2.22,50.63,25.54,0.2305327868852459,225,751,0.0893,9.2404,0.1114,63.5216
20161011_113032,51,UCI487_laboratory,972,20.0,20.0,20.0,43.41,25.5,0.23251028806584362,226,746,0.08979999999999999,4.4922,0.0993,19.0632
20161011_113032,52,UCI487_laboratory,970,6.67,6.67,6.67,46.01,25.5,0.22989690721649483,223,747,0.0893,7.3752,0.1053,49.415
20161011_113032,53,UCI487_laboratory,973,17.78,17.78,17.78,66.52,25.54,0.2312435765673176,225,748,0.0893,3.28045,0.0993,22.1097
20161011_113032,54,UCI487_laboratory,977,17.78,17.78,17.78,43.93,25.46,0.2323439099283521,227,750,0.0889,2.57355,0.0995,22.1097
20161011_113032,55,UCI487_laboratory,974,0.0,0.0,0.0,67.47,25.5,0.23305954825462014,227,747,0.0886,3.5565,0.1144,62.0148
20161011_113032,56,UCI487_laboratory,971,13.33,13.33,13.33,71.29,25.46,0.23171987641606592,225,746,0.0887,1.76295,0.1001,27.6431
20161011_113032,57,UCI487_laboratory,971,6.67,6.67,6.67,55.66,25.34,0.23069001029866118,224,747,0.08845,1.8235,0.1037,42.3679
20161011_113032,58,UCI487_laboratory,975,20.0,20.0,20.0,50.6069,25.34,0.22974358974358974,224,751,0.0888,1.3457,0.0981,19.0632
20161011_113032,59,UCI487_laboratory,982,0.0,0.0,0.0,59.64,25.34,0.23014256619144602,226,756,0.088,2.1635,0.1131,55.988
20161011_113032,60,UCI487_laboratory,976,8.89,8.89,8.89,28.49,25.26,0.2305327868852459,225,751,0.0889,2.3425,0.1022,37.922
20161011_113032,61,UCI487_laboratory,977,4.44,4.44,4.44,32.81,25.26,0.23132036847492324,226,751,0.08875,5.1559,0.1057,48.8133
20161011_113032,62,UCI487_laboratory,971,13.33,13.33,13.33,58.15,25.3,0.22966014418125644,223,748,0.0893,4.80885,0.1005,31.1677
20161011_113032,63,UCI487_laboratory,976,2.22,2.22,2.22,25.21,25.14,0.23155737704918034,226,750,0.08905,7.524900000000001,0.1093,58.8889
20161011_113032,64,UCI487_laboratory,970,20.0,20.0,20.0,44.94,25.22,0.22989690721649483,223,747,0.0901,7.1134,0.0985,19.9659
20161011_113032,65,UCI487_laboratory,975,6.67,6.67,6.67,59.13,25.26,0.22974358974358974,224,751,0.08915000000000001,7.2232,0.1042,44.9727
20161011_113032,66,UCI487_laboratory,971,15.56,15.56,15.56,61.6,25.26,0.23171987641606592,225,746,0.0893,3.31905,0.0998,27.69675
20161011_113032,67,UCI487_laboratory,976,4.44,4.44,4.44,27.4,25.18,0.22950819672131148,224,752,0.0892,5.0235,0.1063,51.0146
20161011_113032,68,UCI487_laboratory,975,0.0,0.0,0.0,51.6,25.18,0.23076923076923078,225,750,0.0887,7.9115,0.1147,64.5356
20161011_113032,69,UCI487_laboratory,981,8.89,8.89,8.89,44.41,25.14,0.22935779816513763,225,756,0.0895,5.95205,0.1026,37.922
20161011_113032,70,UCI487_laboratory,975,6.67,6.67,6.67,60.11,25.18,0.22974358974358974,224,751,0.08925,5.1643,0.10439999999999999,44.4719
20161011_113032,71,UCI487_laboratory,975,6.67,6.67,6.67,48.03,25.18,0.23076923076923078,225,750,0.0889,4.0842,0.104,43.7627
20161011_113032,72,UCI487_laboratory,972,4.44,4.44,4.44,32.26,25.14,0.23045267489711935,224,748,0.0892,6.1551,0.1065,52.6564
20161011_113032,73,UCI487_laboratory,972,8.89,8.89,8.89,50.58,25.18,0.2294238683127572,223,749,0.0893,6.7853,0.1028,40.2271
20161011_113032,74,UCI487_laboratory,973,0.0,0.0,0.0,67.9,25.18,0.2312435765673176,225,748,0.0887,5.17825,0.1142,60.6597
20161011_113032,75,UCI487_laboratory,971,4.44,4.44,4.44,38.65,25.06,0.22966014418125644,223,748,0.0889,3.8805,0.1062,50.6634
20161011_113032,76,UCI487_laboratory,978,8.89,8.89,8.89,50.57,25.1,0.23006134969325154,225,753,0.0889,4.312,0.1025,37.922
20161011_113032,77,UCI487_laboratory,977,11.11,11.11,11.11,33.33,25.06,0.23132036847492324,226,751,0.08935,5.0816,0.1015,34.1425
20161011_113032,78,UCI487_laboratory,974,6.67,6.67,6.67,36.0,25.1,0.23305954825462014,227,747,0.09,10.2303,0.1042,45.2505
20161011_113032,79,UCI487_laboratory,979,4.44,4.44,4.44,30.65,25.1,0.22982635342185903,225,754,0.0896,17.79745,0.1066,52.6564
20161011_113032,80,UCI487_laboratory,974,11.11,11.11,11.11,64.51,25.14,0.23100616016427106,225,749,0.0896,9.6133,0.1013,33.7179
20161011_113032,81,UCI487_laboratory,971,6.67,6.67,6.67,49.55,25.06,0.22760041194644695,221,750,0.0892,5.80825,0.1043,46.0081
20161011_113032,82,UCI487_laboratory,978,8.89,8.89,8.89,30.1,25.02,0.23210633946830267,227,751,0.0896,7.3373,0.1032,40.8277
20161011_113032,83,UCI487_laboratory,980,13.33,13.33,13.33,27.38,25.02,0.2316326530612245,227,753,0.09,15.0478,0.1011,30.6803
20161011_113032,84,UCI487_laboratory,980,13.33,13.33,13.33,39.18,25.06,0.23061224489795917,226,754,0.0907,19.66375,0.101,30.335
20161011_113032,85,UCI487_laboratory,976,15.56,15.56,15.56,37.06,25.06,0.2305327868852459,225,751,0.0904,16.9241,0.1005,26.6951
20161011_113032,86,UCI487_laboratory,974,8.89,8.89,8.89,30.64,25.02,0.2299794661190965,224,750,0.09029999999999999,26.419600000000003,0.1038,43.982
20161011_113032,87,UCI487_laboratory,974,6.67,6.67,6.67,44.92,25.02,0.2299794661190965,224,750,0.0902,24.7139,0.1056,50.3742
20161011_113032,88,UCI487_laboratory,910,2.22,2.22,2.22,27.38,25.02,0.22417582417582418,204,706,0.09054999999999999,29.360950000000003,0.1121,65.5821
20161011_113032,89,UCI487_laboratory,973,0.0,0.0,0.0,64.99,25.1,0.22918807810894143,223,750,0.0892,18.31775,0.1174,71.3599
20161011_113032,90,UCI487_laboratory,971,4.44,4.44,4.44,43.88,25.06,0.23069001029866118,224,747,0.0892,8.5296,0.1077,56.4158
20161011_113032,91,UCI487_laboratory,978,0.0,0.0,0.0,56.12,25.1,0.23006134969325154,225,753,0.0887,7.4619,0.117,67.7787
20161011_113032,92,UCI487_laboratory,982,20.0,20.0,20.0,33.87,25.06,0.23116089613034624,227,755,0.0899,4.3715,0.0993,18.7794
20161011_113032,93,UCI487_laboratory,972,20.0,20.0,20.0,20.79,25.02,0.23251028806584362,226,746,0.09029999999999999,11.3323,0.0995,19.3105
20161011_113032,94,UCI487_laboratory,977,20.0,20.0,20.0,21.9,25.02,0.2323439099283521,227,750,0.0915,30.53335,0.0998,19.4545
20161011_113032,95,UCI487_laboratory,976,17.78,17.78,17.78,21.9,25.06,0.22950819672131148,224,752,0.0928,48.4088,0.101,23.1134
20161011_113032,96,UCI487_laboratory,971,17.78,17.78,17.78,47.51,25.1,0.23171987641606592,225,746,0.0914,34.0626,0.1013,24.744
20161011_113032,97,UCI487_laboratory,983,13.33,13.33,13.33,64.99,25.14,0.23092573753814852,227,756,0.0899,10.614,0.102,30.5716
20161011_113032,98,UCI487_laboratory,979,17.78,17.78,17.78,57.13,25.14,0.22982635342185903,225,754,0.0889,4.0195,0.1003,24.4665
20161011_113032,99,UCI487_laboratory,983,2.22,2.22,2.22,61.58,25.18,0.2299084435401831,226,757,0.08875,4.1904,0.111,57.2171
20161013_143355,0,UCI487_laboratory,976,20.0,15.56,20.0,54.65,25.3,0.2182377049180328,213,763,0.0882,0.5279,0.0947,12.4077
20161013_143355,1,UCI487_laboratory,973,15.56,15.56,20.0,51.11,25.34,0.2199383350462487,214,759,0.0881,0.5561,0.0959,15.776
20161013_143355,2,UCI487_laboratory,980,20.0,4.44,20.0,67.47,25.5,0.2163265306122449,212,768,0.0881,0.51875,0.0952,13.5445
20161013_143355,3,UCI487_laboratory,977,4.44,4.44,15.56,43.41,25.46,0.21903787103377687,214,763,0.08754999999999999,0.6383,0.1003,27.3606
20161013_143355,4,UCI487_laboratory,984,15.56,6.67,15.56,60.65,25.5,0.21646341463414634,213,771,0.0879,0.5527,0.0961,16.2584
20161013_143355,5,UCI487_laboratory,979,6.67,2.22,6.67,40.27,25.46,0.22063329928498468,216,763,0.0879,0.638,0.0995,25.5607
20161013_143355,6,UCI487_laboratory,971,2.22,2.22,11.11,57.68,25.5083,0.2203913491246138,214,757,0.08754999999999999,0.6704,0.1025,31.9278
20161013_143355,7,UCI487_laboratory,975,11.11,2.22,11.11,67.5,25.62,0.2164102564102564,211,764,0.0879,0.59935,0.0978,20.4535
20161013_143355,8,UCI487_laboratory,972,2.22,2.22,13.33,69.30485,25.66,0.21502057613168724,209,763,0.0874,0.6729,0.1025,30.5716
20161013_143355,9,UCI487_laboratory,981,13.33,4.44,13.33,59.19,25.62,0.21712538226299694,213,768,0.0882,0.611,0.0967,18.1475
20161013_143355,10,UCI487_laboratory,973,4.44,4.44,6.67,34.5867,25.54,0.2199383350462487,214,759,0.08835000000000001,0.7243,0.1012,30.6803
20161013_143355,11,UCI487_laboratory,972,6.67,0.0,6.67,59.19,25.62,0.21707818930041153,211,761,0.0882,0.6941,0.0998,26.5131
20161013_143355,12,UCI487_laboratory,978,0.0,0.0,15.56,57.7,25.62,0.2198364008179959,215,763,0.0879,0.7797,0.106,37.5627
20161013_143355,13,UCI487_laboratory,981,15.56,8.89,15.56,53.69,25.62,0.21712538226299694,213,768,0.0882,0.6570499999999999,0.0964,17.0756
20161013_143355,14,UCI487_laboratory,983,8.89,8.89,15.56,44.47,25.66,0.21770091556459817,214,769,0.08865,0.77,0.0987,23.6027
20161013_143355,15,UCI487_laboratory,981,15.56,13.33,15.56,54.7,25.7349,0.21712538226299694,213,768,0.0888,0.7196,0.0967,17.61855
20161013_143355,16,UCI487_laboratory,972,13.33,13.33,15.56,39.24,25.66,0.21810699588477367,212,760,0.08875,0.8139000000000001,0.0974,20.5337
20161013_143355,17,UCI487_laboratory,976,15.56,8.89,15.56,62.64,25.66,0.2192622950819672,214,762,0.0886,0.8574999999999999,0.097,18.87745
20161013_143355,18,UCI487_laboratory,977,8.89,8.89,11.11,38.17,25.5,0.22006141248720573,215,762,0.0887,1.07365,0.0992,25.9021
20161013_143355,19,UCI487_laboratory,972,11.11,0.0,11.11,53.66,25.46,0.2191358024691358,213,759,0.0889,1.1356,0.0984,23.1766
20161013_143355,20,UCI487_laboratory,975,0.0,0.0,15.56,57.17,25.42,0.2164102564102564,211,764,0.0886,1.52545,0.1071,41.2509
20161013_143355,21,UCI487_laboratory,978,15.56,15.56,17.78,47.02,25.34,0.2167689161554192,212,766,0.0889,1.1994,0.0967,18.6865
20161013_143355,22,UCI487_laboratory,979,17.78,11.11,17.78,53.63,25.26,0.21654749744637386,212,767,0.0895,1.2638,0.09655,17.1537
20161013_143355,23,UCI487_laboratory,974,11.11,0.0,11.11,71.26,25.26,0.2166324435318275,211,763,0.0892,1.4323,0.0982,22.4985
20161013_143355,24,UCI487_laboratory,975,0.0,0.0,11.11,59.61,25.1525,0.21846153846153846,213,762,0.0884,1.6667,0.1075,42.92805
20161013_143355,25,UCI487_laboratory,971,11.11,11.11,13.33,63.04,25.1,0.2203913491246138,214,757,0.08885000000000001,1.3276,0.0987,24.5017
20161013_143355,26,UCI487_laboratory,972,13.33,13.33,15.56,32.79,25.02,0.21810699588477367,212,760,0.089,1.3578999999999999,0.0981,22.9007
20161013_143355,27,UCI487_laboratory,978,15.56,15.56,17.78,48.01,25.06,0.21881390593047034,214,764,0.08945,1.6313,0.0974,20.1292
20161013_143355,28,UCI487_laboratory,976,17.78,2.22,17.78,70.28,25.1,0.21413934426229508,209,767,0.0891,1.452,0.0965,17.1181
20161013_143355,29,UCI487_laboratory,973,2.22,2.22,2.22,43.35,24.98,0.21788283658787255,212,761,0.0888,2.2179,0.1048,40.8277
20161013_143355,30,UCI487_laboratory,981,2.22,2.22,8.89,53.6,25.02,0.218144750254842,214,767,0.0889,2.3191,0.1048,38.833
20161013_143355,31,UCI487_laboratory,974,8.89,8.89,8.89,39.69,24.979750000000003,0.2166324435318275,211,763,0.0895,2.4001,0.1001,29.085
20161013_143355,32,UCI487_laboratory,973,8.89,0.0,8.89,68.84,25.06,0.21685508735868447,211,762,0.0888,2.2789,0.0997,27.4483
20161013_143355,33,UCI487_laboratory,978,0.0,0.0,17.78,32.25,24.94,0.21881390593047034,214,764,0.08885000000000001,3.0812999999999997,0.1095,48.5445
20161013_143355,34,UCI487_laboratory,971,17.78,4.44,17.78,34.39,24.98,0.21730175077239958,211,760,0.0899,3.0059,0.0971,19.2348
20161013_143355,35,UCI487_laboratory,977,4.44,4.44,11.11,48.0,24.98,0.21494370522006143,210,767,0.0896,6.1244,0.103,37.5627
20161013_143355,36,UCI487_laboratory,981,11.11,11.11,11.11,54.6,24.98,0.21712538226299694,213,768,0.0895,4.5141,0.0993,26.6121
20161013_143355,37,UCI487_laboratory,975,11.11,11.11,17.78,27.92,24.9,0.21743589743589745,212,763,0.08965000000000001,5.4918,0.0995,28.1511
20161013_143355,38,UCI487_laboratory,971,17.78,4.44,17.78,66.43,25.02,0.21421215242018538,208,763,0.08965000000000001,4.0125,0.097,18.7794
20161013_143355,39,UCI487_laboratory,978,4.44,4.44,13.33,58.1,25.02,0.21779141104294478,213,765,0.0892,3.7746,0.1032,36.8637
20161013_143355,40,UCI487_laboratory,974,13.33,13.33,17.78,62.53,24.9804,0.21868583162217659,213,761,0.0895,2.3229,0.0989,24.9033
20161013_143355,41,UCI487_laboratory,972,17.78,11.11,17.78,30.8838,24.94,0.2191358024691358,213,759,0.09,2.3022,0.0975,20.0232
20161013_143355,42,UCI487_laboratory,982,11.11,2.22,11.11,24.65,24.94,0.21792260692464357,214,768,0.08995,5.6171,0.0998,28.5631
20161013_143355,43,UCI487_laboratory,976,2.22,2.22,13.33,21.89,24.94,0.2151639344262295,210,766,0.09054999999999999,21.0443,0.1067,48.09445
20161013_143355,44,UCI487_laboratory,982,13.33,2.22,13.33,34.93,24.94,0.219959266802444,216,766,0.09154999999999999,25.1603,0.0991,25.9021
20161013_143355,45,UCI487_laboratory,984,2.22,2.22,15.56,44.91,24.94,0.21747967479674796,214,770,0.09040000000000001,24.6413,0.1065,45.888400000000004
20161013_143355,46,UCI487_laboratory,971,15.56,11.11,15.56,22.99,24.9,0.21936148300720906,213,758,0.0912,20.5718,0.0985,24.3473
20161013_143355,47,UCI487_laboratory,975,11.11,11.11,20.0,53.6,24.9604,0.2164102564102564,211,764,0.0905,19.6593,0.1002,30.6803
20161013_143355,48,UCI487_laboratory,974,20.0,20.0,20.0,58.1,24.98,0.21868583162217659,213,761,0.09,6.1633,0.0976,19.9183
20161013_143355,49,UCI487_laboratory,972,20.0,2.22,20.0,44.9,24.9,0.21604938271604937,210,762,0.08979999999999999,4.03055,0.0973,18.4133
20161013_143355,50,UCI487_laboratory,971,2.22,2.22,20.0,53.59,24.9,0.21730175077239958,211,760,0.0891,6.7394,0.1071,50.0315
20161013_143355,51,UCI487_laboratory,983,20.0,6.67,20.0,46.45,24.86,0.21566632756866735,212,771,0.0899,3.2193,0.0975,18.5035
20161013_143355,52,UCI487_laboratory,972,6.67,6.67,17.78,49.52,24.86,0.22016460905349794,214,758,0.08954999999999999,5.177849999999999,0.1028,39.4289
20161013_143355,53,UCI487_laboratory,971,17.78,17.78,17.78,69.76,24.9,0.21730175077239958,211,760,0.0895,2.57995,0.0979,20.8396
20161013_143355,54,UCI487_laboratory,971,17.78,0.0,17.78,47.47,24.78,0.21730175077239958,211,760,0.0893,2.1077000000000004,0.0981,21.4895
20161013_143355,55,UCI487_laboratory,975,0.0,0.0,6.4917,70.71,24.86,0.21846153846153846,213,762,0.0889,2.9528499999999998,0.1118,52.1599
20161013_143355,56,UCI487_laboratory,977,13.33,8.9411,13.33,74.47,24.8256,0.21903787103377687,214,763,0.08935,1.6047,0.0992,25.0646
20161013_143355,57,UCI487_laboratory,982,6.67,6.67,14.8546,59.06,24.78,0.21690427698574338,213,769,0.0889,1.641,0.1028,36.3407
20161013_143355,58,UCI487_laboratory,976,20.0,9.28,20.0,53.06,24.74,0.21413934426229508,209,767,0.0891,1.1728,0.0976,18.7371
20161013_143355,59,UCI487_laboratory,971,0.0,0.0,5.574,62.0,24.74,0.21627188465499486,210,761,0.0882,1.8403,0.112,54.4724
20161013_143355,60,UCI487_laboratory,973,8.89,6.2556,8.89,31.68,24.62,0.2158273381294964,210,763,0.08895,1.8033,0.1018,35.685
20161013_143355,61,UCI487_laboratory,971,4.44,4.44,10.9741,34.9737,24.62,0.21936148300720906,213,758,0.0892,3.18905,0.1052,46.0081
20161013_143355,62,UCI487_laboratory,984,13.33,5.2975,13.33,61.51,24.7,0.21544715447154472,212,772,0.0895,2.9067,0.1001,28.1511
20161013_143355,63,UCI487_laboratory,971,2.22,2.22,12.1768,28.43,24.46,0.21730175077239958,211,760,0.0892,4.7556,0.1083,54.073
20161013_143355,64,UCI487_laboratory,980,20.0,10.2424,20.0,47.92,24.3,0.21836734693877552,214,766,0.09004999999999999,4.46095,0.098,19.8145
20161013_143355,65,UCI487_laboratory,973,6.67,6.67,12.9286,61.44,24.3,0.2158273381294964,210,763,0.0899,5.524,0.1037,41.4854
20161013_143355,66,UCI487_laboratory,980,15.56,9.7887,15.56,63.88,24.3,0.2163265306122449,212,768,0.0893,2.8762,0.0995,26.4311
20161013_143355,67,UCI487_laboratory,982,4.44,1.8426,4.44,30.56,24.14,0.21792260692464357,214,768,0.08935,4.4024,0.1057,46.15335
20161013_143355,68,UCI487_laboratory,975,0.0,0.0,0.0,53.48,24.14,0.2194871794871795,214,761,0.0896,6.5267,0.114,60.1664
20161013_143355,69,UCI487_laboratory,971,8.89,8.89,8.89,47.38,24.1,0.21730175077239958,211,760,0.0893,5.06215,0.1022,37.922
20161013_143355,70,UCI487_laboratory,971,6.67,6.67,6.67,62.4,24.14,0.21627188465499486,210,761,0.08940000000000001,4.5497,0.1041,43.0331
20161013_143355,71,UCI487_laboratory,973,6.67,6.67,6.67,50.45,24.14,0.21685508735868447,211,762,0.0892,3.7056500000000003,0.1038,42.24575
20161013_143355,72,UCI487_laboratory,984,4.44,4.44,4.44,34.85,24.14,0.21646341463414634,213,771,0.0895,5.0054,0.1062,46.8407
20161013_143355,73,UCI487_laboratory,974,8.89,8.89,8.89,53.4987,24.3,0.21560574948665298,210,764,0.08979999999999999,5.34835,0.1026,38.4568
20161013_143355,74,UCI487_laboratory,982,0.0,0.0,0.0,70.15,24.42,0.21690427698574338,213,769,0.0889,4.546,0.1138,54.8097
20161013_143355,75,UCI487_laboratory,973,4.44,4.44,4.44,41.21,24.42,0.21685508735868447,211,762,0.0892,3.41035,0.1058,47.3955
20161013_143355,76,UCI487_laboratory,980,8.89,8.89,8.89,52.53,24.54,0.2163265306122449,212,768,0.08940000000000001,3.4703,0.1023,36.1896
20161013_143355,77,UCI487_laboratory,971,11.11,11.11,11.11,35.43,24.62,0.21524201853759012,209,762,0.0899,3.7584999999999997,0.1011,33.4318
20161013_143355,78,UCI487_laboratory,970,6.67,6.67,6.67,38.09,24.74,0.21649484536082475,210,760,0.08940000000000001,6.809,0.1037,43.5025
20161013_143355,79,UCI487_laboratory,982,4.44,4.44,4.44,32.78,24.86,0.2158859470468432,212,770,0.08979999999999999,11.642050000000001,0.106,47.6519
20161013_143355,80,UCI487_laboratory,971,11.11,11.11,11.11,68.83,25.02,0.21627188465499486,210,761,0.08985,6.0849,0.1007,31.6705
20161013_143355,81,UCI487_laboratory,977,6.67,6.67,6.67,72.19,25.18,0.21699078812691913,212,765,0.0887,2.8783,0.1032,37.922
20161013_143355,82,UCI487_laboratory,974,8.89,8.89,8.89,60.1,25.1,0.21765913757700206,212,762,0.08895,1.92915,0.102,34.7436
20161013_143355,83,UCI487_laboratory,981,13.33,13.33,13.33,50.57,25.1,0.21508664627930682,211,770,0.0889,1.62205,0.0998,27.2562
20161013_143355,84,UCI487_laboratory,970,13.33,13.33,13.33,53.6237,25.19495,0.21649484536082475,210,760,0.0888,1.6785,0.0997,27.6431
20161013_143355,85,UCI487_laboratory,975,15.56,15.56,15.56,50.59,25.26,0.2194871794871795,214,761,0.0895,1.7048,0.0989,24.1948
20161013_143355,86,UCI487_laboratory,973,8.89,8.89,8.89,42.87,25.26,0.21788283658787255,212,761,0.08915000000000001,2.3425,0.1018,36.1896
20161013_143355,87,UCI487_laboratory,971,6.67,6.67,6.67,54.15,25.34,0.21627188465499486,210,761,0.0892,2.8035,0.1032,40.2271
20161013_143355,88,UCI487_laboratory,982,2.22,2.22,2.22,39.19,25.22,0.2158859470468432,212,770,0.0887,3.63325,0.1085,50.3742
20161013_143355,89,UCI487_laboratory,976,0.0,0.0,0.0,69.36,25.3,0.2151639344262295,210,766,0.08875,3.4199,0.1131,54.4724
20161013_143355,90,UCI487_laboratory,977,4.44,4.44,4.44,52.61,25.18,0.21699078812691913,212,765,0.089,2.5051,0.10505,43.5025
20161013_143355,91,UCI487_laboratory,977,0.0,0.0,0.0,62.09,25.26,0.21392016376663256,209,768,0.0883,2.5241499999999997,0.1133,55.22
20161013_143355,92,UCI487_laboratory,975,20.0,20.0,20.0,43.38,25.18,0.2153846153846154,210,765,0.08925,1.532,0.0978,18.6446
20161013_143355,93,UCI487_laboratory,971,20.0,20.0,20.0,32.27,25.18,0.21627188465499486,210,761,0.08940000000000001,2.1963,0.0979,19.3105
20161013_143355,94,UCI487_laboratory,977,20.0,20.0,20.0,33.35,25.22,0.218014329580348,213,764,0.0901,4.04915,0.098,19.4545
20161013_143355,95,UCI487_laboratory,980,17.78,17.78,17.78,32.81,25.26,0.2173469387755102,213,767,0.0906,8.0999,0.0985,22.1794
20161013_143355,96,UCI487_laboratory,971,17.78,17.78,17.78,55.18,25.5,0.21627188465499486,210,761,0.08995,6.8738,0.0986,23.1766
20161013_143355,97,UCI487_laboratory,970,13.33,13.33,13.33,70.39,25.74,0.2154639175257732,209,761,0.0892,3.2608,0.0993,27.1697
20161013_143355,98,UCI487_laboratory,981,17.78,17.78,17.78,62.67,25.82,0.218144750254842,214,767,0.0892,1.7391,0.0985,21.9829
20161013_143355,99,UCI487_laboratory,975,2.22,2.22,2.22,65.6,25.82,0.2164102564102564,211,764,0.0886,1.9444,0.108,47.9632
20161014_184659,0,UCI487_laboratory,981,20.0,15.56,20.0,42.9,25.54,0.21508664627930682,211,770,0.0892,1.29615,0.0973,17.4364
20161014_184659,1,UCI487_laboratory,971,15.56,15.56,20.0,40.8,25.5,0.21627188465499486,210,761,0.08940000000000001,1.9235,0.0985,23.459
20161014_184659,2,UCI487_laboratory,979,20.0,4.44,20.0,60.16,25.54,0.21552604698672115,211,768,0.0893,1.9445000000000001,0.0976,19.83805
20161014_184659,3,UCI487_laboratory,972,4.44,4.44,15.56,34.45,25.5,0.21502057613168724,209,763,0.0888,3.3034,0.1046,43.982
20161014_184659,4,UCI487_laboratory,979,15.56,6.67,15.56,53.17,25.58,0.21756894790602654,213,766,0.0897,2.98135,0.0989,24.5017
20161014_184659,5,UCI487_laboratory,982,6.67,2.22,6.67,32.83,25.5,0.21690427698574338,213,769,0.0897,4.869,0.1031,39.6076
20161014_184659,6,UCI487_laboratory,981,2.22,2.22,11.11,50.63,25.5,0.21406727828746178,210,771,0.0896,6.7453,0.1078,49.415
20161014_184659,7,UCI487_laboratory,978,11.11,2.22,11.11,61.14,25.5,0.21574642126789367,211,767,0.0892,4.0181,0.1008,31.9278
20161014_184659,8,UCI487_laboratory,975,2.22,2.22,13.33,63.58,25.42,0.21846153846153846,213,762,0.0893,3.32125,0.108,49.415
20161014_184659,9,UCI487_laboratory,975,13.33,4.44,13.33,53.14,25.34,0.2164102564102564,211,764,0.0896,2.14705,0.0997,27.2562
20161014_184659,10,UCI487_laboratory,984,4.44,4.44,6.67,27.94,25.22,0.21747967479674796,214,770,0.089,3.78865,0.1055,45.2505
20161014_184659,11,UCI487_laboratory,978,6.67,0.0,6.67,53.62,25.18,0.2167689161554192,212,766,0.08979999999999999,5.10255,0.1036,40.8277
20161014_184659,12,UCI487_laboratory,976,0.0,0.0,15.56,52.6,25.1,0.21618852459016394,211,765,0.0891,5.2501,0.1136,58.4235
20161014_184659,13,UCI487_laboratory,979,15.56,8.89,15.56,48.52,25.02,0.21654749744637386,212,767,0.08979999999999999,3.3179,0.09914999999999999,24.6579
20161014_184659,14,UCI487_laboratory,980,8.89,8.89,15.56,39.16,24.94,0.2173469387755102,213,767,0.0897,4.869,0.1021,36.5236
20161014_184659,15,UCI487_laboratory,978,15.56,13.33,15.56,49.54,24.98,0.2147239263803681,210,768,0.09004999999999999,4.584849999999999,0.0993,25.4691
20161014_184659,16,UCI487_laboratory,976,13.33,13.33,15.56,33.86,24.94,0.21721311475409835,212,764,0.0899,6.19795,0.1002,29.6461
20161014_184659,17,UCI487_laboratory,977,15.56,8.89,15.56,59.58,24.94,0.218014329580348,213,764,0.09,5.9841999999999995,0.0997,27.7504
20161014_184659,18,UCI487_laboratory,978,8.89,8.89,11.11,33.85,24.86,0.21779141104294478,213,765,0.0904,6.9848,0.1025,38.833
20161014_184659,19,UCI487_laboratory,977,11.11,0.0,11.11,50.03,24.86,0.218014329580348,213,764,0.0904,7.74195,0.1013,34.1425
20161014_184659,20,UCI487_laboratory,980,0.0,0.0,15.56,53.58,24.86,0.2163265306122449,212,768,0.08995,8.2436,0.1144,61.585
20161014_184659,21,UCI487_laboratory,971,15.56,15.56,17.78,43.34,24.82,0.21730175077239958,211,760,0.0899,4.83575,0.0996,26.204250000000002
20161014_184659,22,UCI487_laboratory,980,17.78,11.11,17.78,49.52,24.86,0.2173469387755102,213,767,0.0901,4.5907,0.099,23.0379
20161014_184659,23,UCI487_laboratory,974,11.11,0.0,11.11,68.33,24.9,0.21868583162217659,213,761,0.09,3.9795,0.1008,32.7247
20161014_184659,24,UCI487_laboratory,973,0.0,0.0,11.11,56.09,24.8408,0.21685508735868447,211,762,0.0887,3.8128,0.1143,61.585
20161014_184659,25,UCI487_laboratory,977,11.11,11.11,13.33,59.56,24.86,0.218014329580348,213,764,0.0891,2.5792,0.1013,33.8494
20161014_184659,26,UCI487_laboratory,979,13.33,13.33,15.56,29.53,24.74,0.21450459652706844,210,769,0.08965000000000001,2.7876,0.1005,29.6461
20161014_184659,27,UCI487_laboratory,974,15.56,15.56,17.78,44.37,24.78,0.21868583162217659,213,761,0.09,4.1285,0.0996,26.2525
20161014_184659,28,UCI487_laboratory,971,17.78,2.22,17.78,67.84,24.82,0.21627188465499486,210,761,0.09,3.1805,0.0985,22.3084
20161014_184659,29,UCI487_laboratory,971,2.22,2.22,2.22,40.19,24.7,0.21627188465499486,210,761,0.08875,4.3462,0.109,57.2171
20161014_184659,30,UCI487_laboratory,984,2.22,2.22,8.89,51.03,24.7,0.21646341463414634,213,771,0.0892,4.9738,0.1093,53.0355
20161014_184659,31,UCI487_laboratory,983,8.89,8.89,8.89,36.49,24.66,0.21770091556459817,214,769,0.08995,5.2887,0.1027,38.2881
20161014_184659,32,UCI487_laboratory,979,8.89,3.0137,8.89,67.82,24.74,0.21552604698672115,211,768,0.0893,4.77225,0.1022,36.5236
20161014_184659,33,UCI487_laboratory,972,0.0,0.0,12.0726,29.52,24.62,0.21502057613168724,209,763,0.0887,5.9015,0.1156,67.7787
20161014_184659,34,UCI487_laboratory,978,17.78,10.4563,17.78,31.68,24.62,0.2147239263803681,210,768,0.0901,7.1134,0.0991,23.355600000000003
20161014_184659,35,UCI487_laboratory,972,4.44,4.44,9.149,45.39,24.62,0.21810699588477367,212,760,0.09045,14.122900000000001,0.1062,52.6564
20161014_184659,36,UCI487_laboratory,974,11.11,11.11,11.11,52.04,24.66,0.21560574948665298,210,764,0.0904,9.17255,0.1017,36.1896
20161014_184659,37,UCI487_laboratory,974,11.11,11.11,15.3788,25.17,24.58,0.21560574948665298,210,764,0.09029999999999999,10.99835,0.10205,36.6774
20161014_184659,38,UCI487_laboratory,972,17.78,7.7083,17.78,65.4,24.66,0.2191358024691358,213,759,0.0906,8.4897,0.099,23.459
20161014_184659,39,UCI487_laboratory,971,4.44,4.44,10.8141,56.05,24.62,0.21627188465499486,210,761,0.089,6.4224,0.10665,52.6564
20161014_184659,40,UCI487_laboratory,982,13.33,13.33,16.3872,60.51,24.62,0.21690427698574338,213,769,0.0895,3.7723,0.101,31.8103
20161014_184659,41,UCI487_laboratory,980,17.78,12.8775,17.78,28.44,24.58,0.21836734693877552,214,766,0.09004999999999999,3.5648,0.09955,23.4981
20161014_184659,42,UCI487_laboratory,971,11.11,5.0203,11.11,21.87,24.54,0.21524201853759012,209,762,0.0904,11.2414,0.102,37.922
20161014_184659,43,UCI487_laboratory,979,2.22,2.22,9.9859,18.54,24.54,0.21348314606741572,209,770,0.0915,38.9415,0.1109,62.9816
20161014_184659,44,UCI487_laboratory,971,13.33,5.953,13.33,32.22,24.58,0.21524201853759012,209,762,0.0923,43.889300000000006,0.1013,32.999
20161014_184659,45,UCI487_laboratory,979,2.22,2.22,2.22,42.27,24.62,0.21654749744637386,212,767,0.09129999999999999,40.504,0.1114,63.9786
20161014_184659,46,UCI487_laboratory,982,15.56,15.56,15.56,20.76,24.54,0.21792260692464357,214,768,0.0921,36.0852,0.1013,28.3556
20161014_184659,47,UCI487_laboratory,971,11.11,11.11,11.11,51.02,24.62,0.21627188465499486,210,761,0.0916,34.3482,0.1035,41.2509
20161014_184659,48,UCI487_laboratory,972,20.0,20.0,20.0,56.55,24.62,0.21604938271604937,210,762,0.0905,10.94215,0.10014999999999999,23.1134
20161014_184659,49,UCI487_laboratory,982,20.0,20.0,20.0,42.27,24.58,0.21486761710794297,211,771,0.0904,7.128,0.0997,19.8145
20161014_184659,50,UCI487_laboratory,984,2.22,2.22,2.22,52.03,24.62,0.21646341463414634,213,771,0.0899,11.4013,0.1116,61.585
20161014_184659,51,UCI487_laboratory,975,20.0,20.0,20.0,44.35,24.58,0.21743589743589745,212,763,0.09004999999999999,5.496,0.09955,20.6144
20161014_184659,52,UCI487_laboratory,974,6.67,6.67,6.67,47.44,24.58,0.21765913757700206,212,762,0.08990000000000001,8.8035,0.1056,50.0315
20161014_184659,53,UCI487_laboratory,977,17.78,17.78,17.78,66.85,24.62,0.21596724667349027,211,766,0.0901,4.0673,0.0996,23.5372
20161014_184659,54,UCI487_laboratory,971,17.78,17.78,17.78,44.86,24.54,0.21833161688980432,212,759,0.08975,3.2133,0.0997,24.0441
20161014_184659,55,UCI487_laboratory,971,0.0,0.0,0.0,67.8,24.62,0.21524201853759012,209,762,0.0889,4.4892,0.1157,66.0689
20161014_184659,56,UCI487_laboratory,977,13.33,13.33,13.33,71.61,24.62,0.21699078812691913,212,765,0.0891,2.2179,0.1005,29.2035
20161014_184659,57,UCI487_laboratory,971,6.67,6.67,6.67,56.05,24.62,0.21833161688980432,212,759,0.0891,2.318,0.1045,45.2505
20161014_184659,58,UCI487_laboratory,978,20.0,20.0,20.0,50.51,24.62,0.21881390593047034,214,764,0.0897,1.6778,0.0986,20.2607
20161014_184659,59,UCI487_laboratory,984,0.0,0.0,0.0,60.03,24.7,0.21443089430894308,211,773,0.0884,2.6185,0.1147,58.0412
20161014_184659,60,UCI487_laboratory,975,8.89,8.89,8.89,29.52,24.66,0.21743589743589745,212,763,0.08935,2.6995,0.1028,40.2271
20161014_184659,61,UCI487_laboratory,971,4.44,4.44,4.44,33.3,24.7,0.2203913491246138,214,757,0.0897,5.6097,0.1065,53.0355
20161014_184659,62,UCI487_laboratory,981,13.33,13.33,13.33,58.57,24.86,0.2161060142711519,212,769,0.0896,5.0214,0.1008,31.9278
20161014_184659,63,UCI487_laboratory,971,2.22,2.22,2.22,26.28,24.86,0.21627188465499486,210,761,0.0896,8.1265,0.1101,61.585
20161014_184659,64,UCI487_laboratory,970,20.0,20.0,20.0,45.43,25.02,0.2154639175257732,209,761,0.0902,7.0989,0.0986,20.954
20161014_184659,65,UCI487_laboratory,974,6.67,6.67,6.67,58.61,25.1,0.21560574948665298,210,764,0.09,7.82455,0.1045,46.2986
20161014_184659,66,UCI487_laboratory,972,15.56,15.56,15.56,60.6,25.18,0.21707818930041153,211,761,0.09,3.631,0.1001,28.7735
20161014_184659,67,UCI487_laboratory,975,4.44,4.44,4.44,27.94,25.14,0.21743589743589745,212,763,0.0892,5.4315,0.1067,53.3555
20161014_184659,68,UCI487_laboratory,982,0.0,0.0,0.0,51.1,25.26,0.2158859470468432,212,770,0.089,8.3337,0.1156,62.5385
20161014_184659,69,UCI487_laboratory,971,8.89,8.89,8.89,44.43,25.3,0.21524201853759012,209,762,0.0896,6.3109,0.1027,40.2271
20161014_184659,70,UCI487_laboratory,975,6.67,6.67,6.67,59.65,25.42,0.2164102564102564,211,764,0.0892,5.567,0.1046,44.9727
20161014_184659,71,UCI487_laboratory,978,6.67,6.67,6.67,47.54,25.38,0.21779141104294478,213,765,0.0891,4.337,0.1042,43.5025
20161014_184659,72,UCI487_laboratory,984,4.44,4.44,4.44,32.37525,25.38,0.21544715447154472,212,772,0.0896,6.2408,0.1067,49.7495
20161014_184659,73,UCI487_laboratory,983,8.89,8.89,8.89,50.11,25.46,0.21464903357070192,211,772,0.0895,6.9048,0.103,39.0413
20161014_184659,74,UCI487_laboratory,970,0.0,0.0,0.0,66.52,25.58,0.2154639175257732,209,761,0.0889,5.3326,0.1148,62.9816
20161014_184659,75,UCI487_laboratory,982,4.44,4.44,4.44,38.17,25.54,0.21486761710794297,211,771,0.0891,4.0095,0.1063,48.2257
20161014_184659,76,UCI487_laboratory,983,8.89,8.89,8.89,49.1,25.58,0.21668362156663276,213,770,0.0896,4.382,0.1026,37.7252
20161014_184659,77,UCI487_laboratory,972,11.11,11.11,11.11,32.84,25.54,0.2191358024691358,213,759,0.0901,5.6931,0.1015,34.9112
20161014_184659,78,UCI487_laboratory,973,6.67,6.67,6.67,35.51,25.54,0.21685508735868447,211,762,0.09,10.5613,0.1043,46.2986
20161014_184659,79,UCI487_laboratory,973,4.44,4.44,4.44,30.68,25.54,0.21377183967112023,208,765,0.0904,18.1726,0.1068,53.7445
20161014_184659,80,UCI487_laboratory,971,11.11,11.11,11.11,63.13,25.62,0.21730175077239958,211,760,0.0904,10.47345,0.1015,34.4405
20161014_184659,81,UCI487_laboratory,979,6.67,6.67,6.67,48.6,25.62,0.21961184882533197,215,764,0.0896,6.26745,0.1046,44.7437
20161014_184659,82,UCI487_laboratory,975,8.89,8.89,8.89,29.6,25.58,0.2153846153846154,210,765,0.08995,7.7731,0.1033,41.4854
20161014_184659,83,UCI487_laboratory,980,13.33,13.33,13.33,27.4288,25.58,0.2163265306122449,212,768,0.09085,15.472249999999999,0.1012,31.3033
20161014_184659,84,UCI487_laboratory,971,13.33,13.33,13.33,38.17,25.54,0.21936148300720906,213,758,0.0912,20.3408,0.1012,31.9278
20161014_184659,85,UCI487_laboratory,982,15.56,15.56,15.56,37.11,25.5,0.21690427698574338,213,769,0.0905,18.0918,0.1005,26.7955
20161014_184659,86,UCI487_laboratory,978,8.89,8.89,8.89,30.68,25.46,0.2147239263803681,210,768,0.09065000000000001,26.2546,0.1038,43.2879
20161014_184659,87,UCI487_laboratory,982,6.67,6.67,6.67,44.45,25.5,0.2158859470468432,212,770,0.0907,24.70745,0.1058,48.8133
20161014_184659,88,UCI487_laboratory,974,2.22,2.22,2.22,26.87,25.46,0.21457905544147843,209,765,0.0905,28.7709,0.1124,68.2983
20161014_184659,89,UCI487_laboratory,976,0.0,0.0,0.0,63.11,25.5,0.21413934426229508,209,767,0.0897,18.932,0.118,70.1254
20161014_184659,90,UCI487_laboratory,980,4.44,4.44,4.44,42.88,25.38,0.2173469387755102,213,767,0.0893,9.4662,0.1081,54.8097
20161014_184659,91,UCI487_laboratory,977,0.0,0.0,0.0,54.65,25.34,0.218014329580348,213,764,0.0893,8.9601,0.1179,69.4696
20161014_184659,92,UCI487_laboratory,978,20.0,20.0,20.0,33.88,25.2201,0.21881390593047034,214,764,0.09015000000000001,4.9192,0.0997,19.4093
20161014_184659,93,UCI487_laboratory,974,20.0,20.0,20.0,20.8,25.18,0.21868583162217659,213,761,0.0908,11.8028,0.0998,19.8616
20161014_184659,94,UCI487_laboratory,973,20.0,20.0,20.0,21.91,25.18,0.21685508735868447,211,762,0.0921,31.0916,0.1001,20.0472
20161014_184659,95,UCI487_laboratory,977,17.78,17.78,17.78,21.9,25.14,0.21596724667349027,211,766,0.0923,48.7046,0.1011,23.6027
20161014_184659,96,UCI487_laboratory,973,17.78,17.78,17.78,47.51,25.14,0.2158273381294964,210,763,0.0915,35.6216,0.1015,25.3028
20161014_184659,97,UCI487_laboratory,977,13.33,13.33,13.33,65.49,25.18,0.218014329580348,213,764,0.0904,12.37135,0.1023,32.0699
20161014_184659,98,UCI487_laboratory,972,17.78,17.78,17.78,57.62,25.1,0.21707818930041153,211,761,0.09,4.4856,0.1008,25.5607
20161014_184659,99,UCI487_laboratory,976,2.22,2.22,2.22,61.58,25.14,0.21618852459016394,211,765,0.0887,4.685,0.1118,61.585
20161016_053656,0,UCI487_laboratory,972,20.0,15.56,20.0,39.12,24.54,0.21604938271604937,210,762,0.08954999999999999,4.05985,0.0987,19.257
20161016_053656,1,UCI487_laboratory,970,15.56,15.56,20.0,38.07,24.54,0.21443298969072164,208,762,0.08995,6.84615,0.0998,26.4721
20161016_053656,2,UCI487_laboratory,978,20.0,4.44,20.0,57.55,24.62,0.21881390593047034,214,764,0.0899,5.75015,0.099,21.9257
20161016_053656,3,UCI487_laboratory,976,4.44,4.44,15.56,31.67,24.54,0.2182377049180328,213,763,0.09,9.3704,0.1067,53.3555
20161016_053656,4,UCI487_laboratory,976,15.56,6.67,15.56,51.52,24.58,0.2182377049180328,213,763,0.0904,7.4533,0.1002,27.8405
20161016_053656,5,UCI487_laboratory,974,6.67,2.22,6.67,30.6,24.54,0.21765913757700206,212,762,0.0899,11.6776,0.105,48.5445
20161016_053656,6,UCI487_laboratory,980,2.22,2.22,11.11,50.0,24.58,0.21428571428571427,210,770,0.0896,14.1733,0.1105,59.7614
20161016_053656,7,UCI487_laboratory,976,11.11,2.22,11.11,61.0,24.62,0.21721311475409835,212,764,0.09004999999999999,6.93965,0.1023,37.7252
20161016_053656,8,UCI487_laboratory,973,2.22,2.22,13.33,63.45,24.62,0.21377183967112023,208,765,0.08895,5.0331,0.1103,58.0412
20161016_053656,9,UCI487_laboratory,975,13.33,4.44,13.33,53.04,24.58,0.2153846153846154,210,765,0.08935,2.9084,0.1008,30.335
20161016_053656,10,UCI487_laboratory,971,4.44,4.44,6.67,27.34,24.5,0.21421215242018538,208,763,0.0891,5.0492,0.107,54.4724
20161016_053656,11,UCI487_laboratory,972,6.67,0.0,6.67,53.54,24.54,0.2191358024691358,213,759,0.0897,7.1134,0.1047,47.0913
20161016_053656,12,UCI487_laboratory,971,0.0,0.0,15.56,52.52,24.5,0.21524201853759012,209,762,0.0891,6.6255500000000005,0.1158,67.7787
20161016_053656,13,UCI487_laboratory,970,15.56,8.89,15.56,48.45,24.5,0.21855670103092784,212,758,0.08979999999999999,4.104100000000001,0.1,26.7955
20161016_053656,14,UCI487_laboratory,975,8.89,8.89,15.56,38.59,24.54,0.21846153846153846,213,762,0.0899,5.89625,0.103,40.6381
20161016_053656,15,UCI487_laboratory,970,15.56,13.33,15.56,48.98,24.62,0.21958762886597938,213,757,0.0901,5.6484,0.1,27.5542
20161016_053656,16,UCI487_laboratory,979,13.33,13.33,15.56,33.29,24.62,0.21450459652706844,210,769,0.09025,7.2313,0.1007,30.5716
20161016_053656,17,UCI487_laboratory,975,15.56,8.89,15.56,59.05,24.74,0.2153846153846154,210,765,0.08979999999999999,6.546,0.1002,28.987
20161016_053656,18,UCI487_laboratory,973,8.89,8.89,11.11,33.3,24.74,0.21377183967112023,208,765,0.0895,7.3527,0.10305,41.6828
20161016_053656,19,UCI487_laboratory,981,11.11,0.0,11.11,49.01,24.86,0.21508664627930682,211,770,0.0899,8.0501,0.1017,35.2224
20161016_053656,20,UCI487_laboratory,979,0.0,0.0,15.56,52.59,24.98,0.21654749744637386,212,767,0.08925,8.3719,0.1153,64.5356
20161016_053656,21,UCI487_laboratory,980,15.56,15.56,17.78,42.32,25.02,0.2163265306122449,212,768,0.0896,4.8979,0.0997,25.6375
20161016_053656,22,UCI487_laboratory,973,17.78,11.11,17.78,48.53,25.1,0.21891058581706063,213,760,0.0901,4.687749999999999,0.0992,23.253
20161016_053656,23,UCI487_laboratory,975,11.11,0.0,11.11,67.91,25.22,0.2153846153846154,210,765,0.08940000000000001,3.7374,0.101,32.8738
20161016_053656,24,UCI487_laboratory,971,0.0,0.0,11.11,55.64,25.26,0.21421215242018538,208,763,0.08865,3.4338,0.1144,64.5356
20161016_053656,25,UCI487_laboratory,983,11.11,11.11,13.33,59.14,25.34,0.21871820956256358,215,768,0.0889,2.27255,0.1012,32.7247
20161016_053656,26,UCI487_laboratory,973,13.33,13.33,15.56,28.4909,25.34,0.2158273381294964,210,763,0.08954999999999999,2.4821,0.1002,29.8723
20161016_053656,27,UCI487_laboratory,980,15.56,15.56,17.78,43.93,25.42,0.2173469387755102,213,767,0.0902,3.8156,0.0993,25.1385
20161016_053656,28,UCI487_laboratory,969,17.78,2.22,17.78,67.0,25.5,0.21671826625386997,210,759,0.08925,2.8195,0.09815,21.4895
20161016_053656,29,UCI487_laboratory,983,2.22,2.22,2.22,39.22,25.46,0.21770091556459817,214,769,0.08885000000000001,3.8385,0.1087,53.3555
20161016_053656,30,UCI487_laboratory,978,2.22,2.22,8.89,49.61,25.54,0.21574642126789367,211,767,0.0889,4.5392,0.1088,54.073
20161016_053656,31,UCI487_laboratory,975,8.89,8.89,8.89,35.51,25.5,0.2164102564102564,211,764,0.0901,4.5562000000000005,0.1023,38.6611
20161016_053656,32,UCI487_laboratory,980,8.89,3.8494,8.89,66.05,25.62,0.21836734693877552,214,766,0.0897,4.15085,0.1018,35.685
20161016_053656,33,UCI487_laboratory,973,0.0,0.0,8.9256,28.51,25.54,0.2158273381294964,210,763,0.08875,5.4182,0.1148,66.0689
20161016_053656,34,UCI487_laboratory,971,17.78,10.0828,17.78,30.68,25.5,0.21524201853759012,209,762,0.0899,6.748950000000001,0.0989,22.60085
20161016_053656,35,UCI487_laboratory,976,4.44,4.44,9.5292,43.94,25.54,0.21618852459016394,211,765,0.0899,14.0584,0.1058,51.311
20161016_053656,36,UCI487_laboratory,971,11.11,11.11,11.11,50.63,25.58,0.21627188465499486,210,761,0.09015000000000001,8.6309,0.1015,35.685
20161016_053656,37,UCI487_laboratory,979,11.11,11.11,15.8857,23.58,25.5,0.21552604698672115,211,768,0.0899,11.0726,0.1018,35.5392
20161016_053656,38,UCI487_laboratory,971,17.78,9.4025,17.78,63.13,25.66,0.2203913491246138,214,757,0.09035,7.6065,0.09895000000000001,22.4388
20161016_053656,39,UCI487_laboratory,971,4.44,4.44,9.7384,54.69,25.62,0.21627188465499486,210,761,0.0889,5.5713,0.1063,51.6712
20161016_053656,40,UCI487_laboratory,982,13.33,13.33,15.4527,59.18,25.62,0.2158859470468432,212,770,0.08954999999999999,3.0956,0.1008,30.8118
20161016_053656,41,UCI487_laboratory,970,17.78,13.9447,17.78,27.42,25.46,0.21649484536082475,210,760,0.08954999999999999,3.1469500000000004,0.0992,23.0379
20161016_053656,42,UCI487_laboratory,982,11.11,4.3536,11.11,20.81,25.42,0.21486761710794297,211,771,0.0905,12.1196,0.1017,35.052
20161016_053656,43,UCI487_laboratory,975,2.22,2.22,7.5195,17.47,25.38,0.21846153846153846,213,762,0.092,43.44865,0.1107,65.0072
20161016_053656,44,UCI487_laboratory,971,13.33,7.2973,13.33,31.21,25.42,0.21627188465499486,210,761,0.0925,46.6139,0.1015,32.3335
20161016_053656,45,UCI487_laboratory,971,2.22,2.22,2.22,41.32,25.42,0.21833161688980432,212,759,0.092,40.6776,0.1116,68.2983
20161016_053656,46,UCI487_laboratory,976,15.56,15.56,15.56,19.69,25.3,0.21721311475409835,212,764,0.0921,36.3914,0.1016,27.4483
20161016_053656,47,UCI487_laboratory,975,11.11,11.11,11.11,49.59,25.34,0.21743589743589745,212,763,0.0912,33.6595,0.1037,40.2271
20161016_053656,48,UCI487_laboratory,980,20.0,20.0,20.0,55.15,25.3,0.21836734693877552,214,766,0.0901,9.8811,0.1003,21.57765
20161016_053656,49,UCI487_laboratory,981,20.0,20.0,20.0,41.3,25.26,0.2161060142711519,212,769,0.08979999999999999,6.3318,0.0996,19.0196
20161016_053656,50,UCI487_laboratory,975,2.22,2.22,2.22,50.59,25.26,0.21846153846153846,213,762,0.0893,10.351849999999999,0.1115,64.5356
20161016_053656,51,UCI487_laboratory,977,20.0,20.0,20.0,43.38,25.22,0.218014329580348,213,764,0.09,5.09615,0.0995,19.6099
20161016_053656,52,UCI487_laboratory,983,6.67,6.67,6.67,46.49,25.18,0.21668362156663276,213,770,0.0892,7.942349999999999,0.1053,47.6519
20161016_053656,53,UCI487_laboratory,971,17.78,17.78,17.78,66.46,25.18,0.21627188465499486,210,761,0.08995,3.5795,0.09955,23.1766
20161016_053656,54,UCI487_laboratory,974,17.78,17.78,17.78,44.41,25.1,0.2166324435318275,211,763,0.0897,2.7827,0.0996,23.1134
20161016_053656,55,UCI487_laboratory,971,0.0,0.0,0.0,67.89,25.14,0.21627188465499486,210,761,0.0888,3.982,0.1151,66.0689
20161016_053656,56,UCI487_laboratory,971,13.33,13.33,13.33,71.24,25.18,0.21524201853759012,209,762,0.0891,1.8832,0.1002,28.987
20161016_053656,57,UCI487_laboratory,971,6.67,6.67,6.67,56.12,25.1,0.21627188465499486,210,761,0.089,1.9348,0.1041,43.982
20161016_053656,58,UCI487_laboratory,971,20.0,20.0,20.0,50.56,25.02,0.21524201853759012,209,762,0.0889,1.40565,0.0982,19.9183
20161016_053656,59,UCI487_laboratory,976,0.0,0.0,0.0,60.08,25.02,0.2151639344262295,210,766,0.0887,2.3289,0.1139,60.6597
20161016_053656,60,UCI487_laboratory,979,8.89,8.89,8.89,29.01,24.94,0.21654749744637386,212,767,0.08940000000000001,2.3823,0.1025,38.4568
20161016_053656,61,UCI487_laboratory,978,4.44,4.44,4.44,32.78,24.94,0.21574642126789367,211,767,0.0893,5.1189,0.1061,50.6634
20161016_053656,62,UCI487_laboratory,977,13.33,13.33,13.33,58.1,25.02,0.21494370522006143,210,767,0.08995,4.6889,0.1007,31.9278
20161016_053656,63,UCI487_laboratory,980,2.22,2.22,2.22,26.29,24.94,0.22040816326530613,216,764,0.08965000000000001,7.8724,0.1098,58.4235
20161016_053656,64,UCI487_laboratory,970,20.0,20.0,20.0,45.42,24.94,0.2154639175257732,209,761,0.09,6.8663,0.0986,20.6144
20161016_053656,65,UCI487_laboratory,981,6.67,6.67,6.67,59.09,24.98,0.21508664627930682,211,770,0.0897,7.7516,0.1045,44.9727
20161016_053656,66,UCI487_laboratory,972,15.56,15.56,15.56,68.82,24.98,0.21810699588477367,212,760,0.08954999999999999,3.3922999999999996,0.1,28.3556
20161016_053656,67,UCI487_laboratory,976,4.44,4.44,4.44,59.58,24.94,0.2182377049180328,213,763,0.0889,2.9893,0.106,47.9632
20161016_053656,68,UCI487_laboratory,978,0.0,0.0,0.0,63.01,24.94,0.21779141104294478,213,765,0.0883,2.7254,0.1147,59.2824
20161016_053656,69,UCI487_laboratory,971,8.89,8.89,8.89,57.09,24.9,0.21627188465499486,210,761,0.089,2.0118,0.1022,37.3695
20161016_053656,70,UCI487_laboratory,978,6.67,6.67,6.67,67.38,24.94,0.21779141104294478,213,765,0.0888,1.9454,0.104,41.2509
20161016_053656,71,UCI487_laboratory,978,6.67,6.67,6.67,57.58,24.86,0.2167689161554192,212,766,0.08865,1.7965,0.1035,40.0063
20161016_053656,72,UCI487_laboratory,972,4.44,4.44,4.44,39.67,24.78,0.21502057613168724,209,763,0.0889,2.0502,0.1058,48.2257
20161016_053656,73,UCI487_laboratory,973,8.89,8.89,8.89,55.58,24.82,0.2158273381294964,210,763,0.08915000000000001,2.1629,0.1022,37.3695
20161016_053656,74,UCI487_laboratory,974,0.0,0.0,0.0,71.66,24.9,0.2166324435318275,211,763,0.0884,2.3499,0.1131,55.22
20161016_053656,75,UCI487_laboratory,976,4.44,4.44,4.44,42.29,24.82,0.21721311475409835,212,764,0.08929999999999999,2.1356,0.1054,46.0081
20161016_053656,76,UCI487_laboratory,972,8.89,8.89,8.89,53.57,24.82,0.21707818930041153,211,761,0.0889,2.1729,0.102,36.8637
20161016_053656,77,UCI487_laboratory,981,11.11,11.11,11.11,35.97,24.74,0.21508664627930682,211,770,0.0897,2.49245,0.1008,32.3335
20161016_053656,78,UCI487_laboratory,979,6.67,6.67,6.67,38.09,24.74,0.21756894790602654,213,766,0.0893,4.6270500000000006,0.1033,41.9221
20161016_053656,79,UCI487_laboratory,979,4.44,4.44,4.44,32.7645,24.7,0.21654749744637386,212,767,0.08979999999999999,8.5205,0.1057,49.415
20161016_053656,80,UCI487_laboratory,976,11.11,11.11,11.11,66.88,24.8201,0.21721311475409835,212,764,0.08985,6.04005,0.1006,31.8103
20161016_053656,81,UCI487_laboratory,974,6.67,6.67,6.67,52.56,24.78,0.21560574948665298,210,764,0.08925,4.378399999999999,0.1035,42.3679
20161016_053656,82,UCI487_laboratory,977,8.89,8.89,8.89,32.23,24.74,0.21596724667349027,211,766,0.0896,4.9619,0.1025,39.0413
20161016_053656,83,UCI487_laboratory,972,13.33,13.33,13.33,29.53,24.7,0.2191358024691358,213,759,0.0904,9.1714,0.1005,30.9222
20161016_053656,84,UCI487_laboratory,974,13.33,13.33,13.33,40.71,24.7,0.21560574948665298,210,764,0.0907,13.7166,0.1002,30.2074
20161016_053656,85,UCI487_laboratory,983,15.56,15.56,15.56,39.14,24.7,0.21464903357070192,211,772,0.0905,12.9268,0.0996,26.156
20161016_053656,86,UCI487_laboratory,976,8.89,8.89,8.89,31.69,24.7,0.2182377049180328,213,763,0.091,20.3958,0.1028,41.2509
20161016_053656,87,UCI487_laboratory,974,6.67,6.67,6.67,46.43,24.7,0.21560574948665298,210,764,0.0902,20.5208,0.1045,47.6519
20161016_053656,88,UCI487_laboratory,973,2.22,2.22,2.22,28.44,24.66,0.21788283658787255,212,761,0.09035,24.928,0.1109,64.5356
20161016_053656,89,UCI487_laboratory,974,0.0,0.0,0.0,65.89,24.74,0.21971252566735114,214,760,0.09015000000000001,17.452849999999998,0.11615,67.7787
20161016_053656,90,UCI487_laboratory,979,4.44,4.44,4.44,45.39,24.66,0.21552604698672115,211,768,0.0895,8.45575,0.107,52.6564
20161016_053656,91,UCI487_laboratory,973,0.0,0.0,0.0,57.56,24.7,0.2158273381294964,210,763,0.0892,7.4375,0.1163,68.2983
20161016_053656,92,UCI487_laboratory,974,20.0,20.0,20.0,35.43,24.62,0.21765913757700206,212,762,0.09,4.25635,0.0991,20.0712
20161016_053656,93,UCI487_laboratory,977,20.0,20.0,20.0,21.87,24.5401,0.21699078812691913,212,765,0.0909,9.1157,0.0992,20.2362
20161016_053656,94,UCI487_laboratory,972,20.0,20.0,20.0,24.07,24.54,0.21604938271604937,210,762,0.0917,23.726399999999998,0.0993,20.954
20161016_053656,95,UCI487_laboratory,979,17.78,17.78,17.78,22.97,24.54,0.21756894790602654,213,766,0.0923,42.595,0.1003,24.2777
20161016_053656,96,UCI487_laboratory,977,17.78,17.78,17.78,48.46,24.58,0.218014329580348,213,764,0.0922,32.4494,0.1006,25.6375
20161016_053656,97,UCI487_laboratory,981,13.33,13.33,13.33,66.84,24.62,0.21508664627930682,211,770,0.0905,11.65165,0.1016,31.5548
20161016_053656,98,UCI487_laboratory,971,17.78,17.78,17.78,59.53,24.62,0.21833161688980432,212,759,0.0896,4.5596,0.1003,25.8081
20161016_053656,99,UCI487_laboratory,975,2.22,2.22,2.22,63.45,24.62,0.21743589743589745,212,763,0.0893,4.4657,0.1111,60.1664
